asset_id,cycle,component,health_score_proxy,risk_score_proxy,degradation_state_proxy,remaining_useful_life,failure_within_30_cycles
AC-003,1,engine_hpc,0.994,0.0,healthy,178,0
AC-003,2,engine_hpc,0.989,0.0,healthy,177,0
AC-003,3,engine_hpc,0.983,0.0,healthy,176,0
AC-003,4,engine_hpc,0.978,0.0,healthy,175,0
AC-003,5,engine_hpc,0.972,0.001,healthy,174,0
AC-003,6,engine_hpc,0.966,0.001,healthy,173,0
AC-003,7,engine_hpc,0.961,0.002,healthy,172,0
AC-003,8,engine_hpc,0.955,0.002,healthy,171,0
AC-003,9,engine_hpc,0.95,0.003,healthy,170,0
AC-003,10,engine_hpc,0.944,0.003,healthy,169,0
AC-003,11,engine_hpc,0.939,0.004,healthy,168,0
AC-003,12,engine_hpc,0.933,0.004,healthy,167,0
AC-003,13,engine_hpc,0.927,0.005,healthy,166,0
AC-003,14,engine_hpc,0.922,0.006,healthy,165,0
AC-003,15,engine_hpc,0.916,0.007,healthy,164,0
AC-003,16,engine_hpc,0.911,0.008,healthy,163,0
AC-003,17,engine_hpc,0.905,0.009,healthy,162,0
AC-003,18,engine_hpc,0.899,0.01,healthy,161,0
AC-003,19,engine_hpc,0.894,0.011,healthy,160,0
AC-003,20,engine_hpc,0.888,0.012,healthy,159,0
AC-003,21,engine_hpc,0.883,0.014,healthy,158,0
AC-003,22,engine_hpc,0.877,0.015,healthy,157,0
AC-003,23,engine_hpc,0.872,0.017,healthy,156,0
AC-003,24,engine_hpc,0.866,0.018,healthy,155,0
AC-003,25,engine_hpc,0.86,0.02,healthy,154,0
AC-003,26,engine_hpc,0.855,0.021,healthy,153,0
AC-003,27,engine_hpc,0.849,0.023,healthy,152,0
AC-003,28,engine_hpc,0.844,0.024,healthy,151,0
AC-003,29,engine_hpc,0.838,0.026,healthy,150,0
AC-003,30,engine_hpc,0.832,0.028,healthy,149,0
AC-003,31,engine_hpc,0.827,0.03,healthy,148,0
AC-003,32,engine_hpc,0.821,0.032,healthy,147,0
AC-003,33,engine_hpc,0.816,0.034,healthy,146,0
AC-003,34,engine_hpc,0.81,0.036,healthy,145,0
AC-003,35,engine_hpc,0.804,0.038,healthy,144,0
AC-003,36,engine_hpc,0.799,0.04,healthy,143,0
AC-003,37,engine_hpc,0.793,0.043,healthy,142,0
AC-003,38,engine_hpc,0.788,0.045,healthy,141,0
AC-003,39,engine_hpc,0.782,0.047,healthy,140,0
AC-003,40,engine_hpc,0.777,0.05,healthy,139,0
AC-003,41,engine_hpc,0.771,0.052,healthy,138,0
AC-003,42,engine_hpc,0.765,0.055,healthy,137,0
AC-003,43,engine_hpc,0.76,0.058,healthy,136,0
AC-003,44,engine_hpc,0.754,0.06,healthy,135,0
AC-003,45,engine_hpc,0.749,0.063,healthy,134,0
AC-003,46,engine_hpc,0.743,0.066,healthy,133,0
AC-003,47,engine_hpc,0.737,0.069,healthy,132,0
AC-003,48,engine_hpc,0.732,0.072,healthy,131,0
AC-003,49,engine_hpc,0.726,0.075,healthy,130,0
AC-003,50,engine_hpc,0.721,0.078,healthy,129,0
AC-003,51,engine_hpc,0.715,0.081,healthy,128,0
AC-003,52,engine_hpc,0.709,0.084,healthy,127,0
AC-003,53,engine_hpc,0.704,0.088,healthy,126,0
AC-003,54,engine_hpc,0.698,0.091,healthy,125,0
AC-003,55,engine_hpc,0.693,0.094,healthy,124,0
AC-003,56,engine_hpc,0.687,0.098,healthy,123,0
AC-003,57,engine_hpc,0.682,0.101,healthy,122,0
AC-003,58,engine_hpc,0.676,0.105,healthy,121,0
AC-003,59,engine_hpc,0.67,0.109,healthy,120,0
AC-003,60,engine_hpc,0.665,0.112,healthy,119,0
AC-003,61,engine_hpc,0.659,0.116,healthy,118,0
AC-003,62,engine_hpc,0.654,0.12,healthy,117,0
AC-003,63,engine_hpc,0.648,0.124,healthy,116,0
AC-003,64,engine_hpc,0.642,0.128,healthy,115,0
AC-003,65,engine_hpc,0.637,0.132,healthy,114,0
AC-003,66,engine_hpc,0.631,0.136,healthy,113,0
AC-003,67,engine_hpc,0.626,0.14,healthy,112,0
AC-003,68,engine_hpc,0.62,0.144,healthy,111,0
AC-003,69,engine_hpc,0.615,0.149,healthy,110,0
AC-003,70,engine_hpc,0.609,0.153,healthy,109,0
AC-003,71,engine_hpc,0.603,0.157,healthy,108,0
AC-003,72,engine_hpc,0.598,0.162,healthy,107,0
AC-003,73,engine_hpc,0.592,0.166,healthy,106,0
AC-003,74,engine_hpc,0.587,0.171,healthy,105,0
AC-003,75,engine_hpc,0.581,0.176,healthy,104,0
AC-003,76,engine_hpc,0.575,0.18,healthy,103,0
AC-003,77,engine_hpc,0.57,0.185,healthy,102,0
AC-003,78,engine_hpc,0.564,0.19,healthy,101,0
AC-003,79,engine_hpc,0.559,0.195,healthy,100,0
AC-003,80,engine_hpc,0.553,0.2,healthy,99,0
AC-003,81,engine_hpc,0.547,0.205,healthy,98,0
AC-003,82,engine_hpc,0.542,0.21,healthy,97,0
AC-003,83,engine_hpc,0.536,0.215,healthy,96,0
AC-003,84,engine_hpc,0.531,0.22,healthy,95,0
AC-003,85,engine_hpc,0.525,0.225,healthy,94,0
AC-003,86,engine_hpc,0.52,0.231,healthy,93,0
AC-003,87,engine_hpc,0.514,0.236,healthy,92,0
AC-003,88,engine_hpc,0.508,0.242,healthy,91,0
AC-003,89,engine_hpc,0.503,0.247,healthy,90,0
AC-003,90,engine_hpc,0.497,0.253,degraded,89,0
AC-003,91,engine_hpc,0.492,0.258,degraded,88,0
AC-003,92,engine_hpc,0.486,0.264,degraded,87,0
AC-003,93,engine_hpc,0.48,0.27,degraded,86,0
AC-003,94,engine_hpc,0.475,0.276,degraded,85,0
AC-003,95,engine_hpc,0.469,0.282,degraded,84,0
AC-003,96,engine_hpc,0.464,0.288,degraded,83,0
AC-003,97,engine_hpc,0.458,0.294,degraded,82,0
AC-003,98,engine_hpc,0.453,0.3,degraded,81,0
AC-003,99,engine_hpc,0.447,0.306,degraded,80,0
AC-003,100,engine_hpc,0.441,0.312,degraded,79,0
AC-003,101,engine_hpc,0.436,0.318,degraded,78,0
AC-003,102,engine_hpc,0.43,0.325,degraded,77,0
AC-003,103,engine_hpc,0.425,0.331,degraded,76,0
AC-003,104,engine_hpc,0.419,0.338,degraded,75,0
AC-003,105,engine_hpc,0.413,0.344,degraded,74,0
AC-003,106,engine_hpc,0.408,0.351,degraded,73,0
AC-003,107,engine_hpc,0.402,0.357,degraded,72,0
AC-003,108,engine_hpc,0.397,0.364,degraded,71,0
AC-003,109,engine_hpc,0.391,0.371,degraded,70,0
AC-003,110,engine_hpc,0.385,0.378,degraded,69,0
AC-003,111,engine_hpc,0.38,0.385,degraded,68,0
AC-003,112,engine_hpc,0.374,0.391,degraded,67,0
AC-003,113,engine_hpc,0.369,0.399,degraded,66,0
AC-003,114,engine_hpc,0.363,0.406,degraded,65,0
AC-003,115,engine_hpc,0.358,0.413,degraded,64,0
AC-003,116,engine_hpc,0.352,0.42,degraded,63,0
AC-003,117,engine_hpc,0.346,0.427,degraded,62,0
AC-003,118,engine_hpc,0.341,0.435,degraded,61,0
AC-003,119,engine_hpc,0.335,0.442,degraded,60,0
AC-003,120,engine_hpc,0.33,0.449,degraded,59,0
AC-003,121,engine_hpc,0.324,0.457,degraded,58,0
AC-003,122,engine_hpc,0.318,0.465,degraded,57,0
AC-003,123,engine_hpc,0.313,0.472,degraded,56,0
AC-003,124,engine_hpc,0.307,0.48,degraded,55,0
AC-003,125,engine_hpc,0.302,0.488,degraded,54,0
AC-003,126,engine_hpc,0.296,0.495,degraded,53,0
AC-003,127,engine_hpc,0.291,0.503,degraded,52,0
AC-003,128,engine_hpc,0.285,0.511,degraded,51,0
AC-003,129,engine_hpc,0.279,0.519,degraded,50,0
AC-003,130,engine_hpc,0.274,0.527,degraded,49,0
AC-003,131,engine_hpc,0.268,0.536,degraded,48,0
AC-003,132,engine_hpc,0.263,0.544,degraded,47,0
AC-003,133,engine_hpc,0.257,0.552,degraded,46,0
AC-003,134,engine_hpc,0.251,0.56,degraded,45,0
AC-003,135,engine_hpc,0.246,0.569,degraded,44,0
AC-003,136,engine_hpc,0.24,0.577,degraded,43,0
AC-003,137,engine_hpc,0.235,0.586,degraded,42,0
AC-003,138,engine_hpc,0.229,0.594,degraded,41,0
AC-003,139,engine_hpc,0.223,0.603,degraded,40,0
AC-003,140,engine_hpc,0.218,0.612,degraded,39,0
AC-003,141,engine_hpc,0.212,0.62,degraded,38,0
AC-003,142,engine_hpc,0.207,0.629,degraded,37,0
AC-003,143,engine_hpc,0.201,0.638,degraded,36,0
AC-003,144,engine_hpc,0.196,0.647,degraded,35,0
AC-003,145,engine_hpc,0.19,0.656,degraded,34,0
AC-003,146,engine_hpc,0.184,0.665,degraded,33,0
AC-003,147,engine_hpc,0.179,0.674,degraded,32,0
AC-003,148,engine_hpc,0.173,0.684,degraded,31,0
AC-003,149,engine_hpc,0.168,0.693,degraded,30,1
AC-003,150,engine_hpc,0.162,0.702,degraded,29,1
AC-003,151,engine_hpc,0.156,0.712,degraded,28,1
AC-003,152,engine_hpc,0.151,0.721,degraded,27,1
AC-003,153,engine_hpc,0.145,0.731,severe,26,1
AC-003,154,engine_hpc,0.14,0.74,severe,25,1
AC-003,155,engine_hpc,0.134,0.75,severe,24,1
AC-003,156,engine_hpc,0.128,0.76,severe,23,1
AC-003,157,engine_hpc,0.123,0.769,severe,22,1
AC-003,158,engine_hpc,0.117,0.779,severe,21,1
AC-003,159,engine_hpc,0.112,0.789,severe,20,1
AC-003,160,engine_hpc,0.106,0.799,severe,19,1
AC-003,161,engine_hpc,0.101,0.809,severe,18,1
AC-003,162,engine_hpc,0.095,0.819,severe,17,1
AC-003,163,engine_hpc,0.089,0.829,severe,16,1
AC-003,164,engine_hpc,0.084,0.839,severe,15,1
AC-003,165,engine_hpc,0.078,0.85,severe,14,1
AC-003,166,engine_hpc,0.073,0.86,severe,13,1
AC-003,167,engine_hpc,0.067,0.87,severe,12,1
AC-003,168,engine_hpc,0.061,0.881,severe,11,1
AC-003,169,engine_hpc,0.056,0.891,severe,10,1
AC-003,170,engine_hpc,0.05,0.902,severe,9,1
AC-003,171,engine_hpc,0.045,0.913,severe,8,1
AC-003,172,engine_hpc,0.039,0.923,severe,7,1
AC-003,173,engine_hpc,0.034,0.934,severe,6,1
AC-003,174,engine_hpc,0.028,0.945,severe,5,1
AC-003,175,engine_hpc,0.022,0.956,severe,4,1
AC-003,176,engine_hpc,0.017,0.967,severe,3,1
AC-003,177,engine_hpc,0.011,0.978,severe,2,1
AC-003,178,engine_hpc,0.006,0.989,severe,1,1
AC-003,179,engine_hpc,0.0,1.0,severe,0,1
AC-004,1,engine_hpc,0.995,0.0,healthy,188,0
AC-004,2,engine_hpc,0.989,0.0,healthy,187,0
AC-004,3,engine_hpc,0.984,0.0,healthy,186,0
AC-004,4,engine_hpc,0.979,0.0,healthy,185,0
AC-004,5,engine_hpc,0.974,0.001,healthy,184,0
AC-004,6,engine_hpc,0.968,0.001,healthy,183,0
AC-004,7,engine_hpc,0.963,0.001,healthy,182,0
AC-004,8,engine_hpc,0.958,0.002,healthy,181,0
AC-004,9,engine_hpc,0.952,0.002,healthy,180,0
AC-004,10,engine_hpc,0.947,0.003,healthy,179,0
AC-004,11,engine_hpc,0.942,0.003,healthy,178,0
AC-004,12,engine_hpc,0.937,0.004,healthy,177,0
AC-004,13,engine_hpc,0.931,0.005,healthy,176,0
AC-004,14,engine_hpc,0.926,0.005,healthy,175,0
AC-004,15,engine_hpc,0.921,0.006,healthy,174,0
AC-004,16,engine_hpc,0.915,0.007,healthy,173,0
AC-004,17,engine_hpc,0.91,0.008,healthy,172,0
AC-004,18,engine_hpc,0.905,0.009,healthy,171,0
AC-004,19,engine_hpc,0.899,0.01,healthy,170,0
AC-004,20,engine_hpc,0.894,0.011,healthy,169,0
AC-004,21,engine_hpc,0.889,0.012,healthy,168,0
AC-004,22,engine_hpc,0.884,0.014,healthy,167,0
AC-004,23,engine_hpc,0.878,0.015,healthy,166,0
AC-004,24,engine_hpc,0.873,0.016,healthy,165,0
AC-004,25,engine_hpc,0.868,0.017,healthy,164,0
AC-004,26,engine_hpc,0.862,0.019,healthy,163,0
AC-004,27,engine_hpc,0.857,0.02,healthy,162,0
AC-004,28,engine_hpc,0.852,0.022,healthy,161,0
AC-004,29,engine_hpc,0.847,0.024,healthy,160,0
AC-004,30,engine_hpc,0.841,0.025,healthy,159,0
AC-004,31,engine_hpc,0.836,0.027,healthy,158,0
AC-004,32,engine_hpc,0.831,0.029,healthy,157,0
AC-004,33,engine_hpc,0.825,0.03,healthy,156,0
AC-004,34,engine_hpc,0.82,0.032,healthy,155,0
AC-004,35,engine_hpc,0.815,0.034,healthy,154,0
AC-004,36,engine_hpc,0.81,0.036,healthy,153,0
AC-004,37,engine_hpc,0.804,0.038,healthy,152,0
AC-004,38,engine_hpc,0.799,0.04,healthy,151,0
AC-004,39,engine_hpc,0.794,0.043,healthy,150,0
AC-004,40,engine_hpc,0.788,0.045,healthy,149,0
AC-004,41,engine_hpc,0.783,0.047,healthy,148,0
AC-004,42,engine_hpc,0.778,0.049,healthy,147,0
AC-004,43,engine_hpc,0.772,0.052,healthy,146,0
AC-004,44,engine_hpc,0.767,0.054,healthy,145,0
AC-004,45,engine_hpc,0.762,0.057,healthy,144,0
AC-004,46,engine_hpc,0.757,0.059,healthy,143,0
AC-004,47,engine_hpc,0.751,0.062,healthy,142,0
AC-004,48,engine_hpc,0.746,0.064,healthy,141,0
AC-004,49,engine_hpc,0.741,0.067,healthy,140,0
AC-004,50,engine_hpc,0.735,0.07,healthy,139,0
AC-004,51,engine_hpc,0.73,0.073,healthy,138,0
AC-004,52,engine_hpc,0.725,0.076,healthy,137,0
AC-004,53,engine_hpc,0.72,0.079,healthy,136,0
AC-004,54,engine_hpc,0.714,0.082,healthy,135,0
AC-004,55,engine_hpc,0.709,0.085,healthy,134,0
AC-004,56,engine_hpc,0.704,0.088,healthy,133,0
AC-004,57,engine_hpc,0.698,0.091,healthy,132,0
AC-004,58,engine_hpc,0.693,0.094,healthy,131,0
AC-004,59,engine_hpc,0.688,0.097,healthy,130,0
AC-004,60,engine_hpc,0.683,0.101,healthy,129,0
AC-004,61,engine_hpc,0.677,0.104,healthy,128,0
AC-004,62,engine_hpc,0.672,0.108,healthy,127,0
AC-004,63,engine_hpc,0.667,0.111,healthy,126,0
AC-004,64,engine_hpc,0.661,0.115,healthy,125,0
AC-004,65,engine_hpc,0.656,0.118,healthy,124,0
AC-004,66,engine_hpc,0.651,0.122,healthy,123,0
AC-004,67,engine_hpc,0.646,0.126,healthy,122,0
AC-004,68,engine_hpc,0.64,0.129,healthy,121,0
AC-004,69,engine_hpc,0.635,0.133,healthy,120,0
AC-004,70,engine_hpc,0.63,0.137,healthy,119,0
AC-004,71,engine_hpc,0.624,0.141,healthy,118,0
AC-004,72,engine_hpc,0.619,0.145,healthy,117,0
AC-004,73,engine_hpc,0.614,0.149,healthy,116,0
AC-004,74,engine_hpc,0.608,0.153,healthy,115,0
AC-004,75,engine_hpc,0.603,0.157,healthy,114,0
AC-004,76,engine_hpc,0.598,0.162,healthy,113,0
AC-004,77,engine_hpc,0.593,0.166,healthy,112,0
AC-004,78,engine_hpc,0.587,0.17,healthy,111,0
AC-004,79,engine_hpc,0.582,0.175,healthy,110,0
AC-004,80,engine_hpc,0.577,0.179,healthy,109,0
AC-004,81,engine_hpc,0.571,0.184,healthy,108,0
AC-004,82,engine_hpc,0.566,0.188,healthy,107,0
AC-004,83,engine_hpc,0.561,0.193,healthy,106,0
AC-004,84,engine_hpc,0.556,0.198,healthy,105,0
AC-004,85,engine_hpc,0.55,0.202,healthy,104,0
AC-004,86,engine_hpc,0.545,0.207,healthy,103,0
AC-004,87,engine_hpc,0.54,0.212,healthy,102,0
AC-004,88,engine_hpc,0.534,0.217,healthy,101,0
AC-004,89,engine_hpc,0.529,0.222,healthy,100,0
AC-004,90,engine_hpc,0.524,0.227,healthy,99,0
AC-004,91,engine_hpc,0.519,0.232,healthy,98,0
AC-004,92,engine_hpc,0.513,0.237,healthy,97,0
AC-004,93,engine_hpc,0.508,0.242,healthy,96,0
AC-004,94,engine_hpc,0.503,0.247,healthy,95,0
AC-004,95,engine_hpc,0.497,0.253,degraded,94,0
AC-004,96,engine_hpc,0.492,0.258,degraded,93,0
AC-004,97,engine_hpc,0.487,0.263,degraded,92,0
AC-004,98,engine_hpc,0.481,0.269,degraded,91,0
AC-004,99,engine_hpc,0.476,0.274,degraded,90,0
AC-004,100,engine_hpc,0.471,0.28,degraded,89,0
AC-004,101,engine_hpc,0.466,0.286,degraded,88,0
AC-004,102,engine_hpc,0.46,0.291,degraded,87,0
AC-004,103,engine_hpc,0.455,0.297,degraded,86,0
AC-004,104,engine_hpc,0.45,0.303,degraded,85,0
AC-004,105,engine_hpc,0.444,0.309,degraded,84,0
AC-004,106,engine_hpc,0.439,0.315,degraded,83,0
AC-004,107,engine_hpc,0.434,0.321,degraded,82,0
AC-004,108,engine_hpc,0.429,0.327,degraded,81,0
AC-004,109,engine_hpc,0.423,0.333,degraded,80,0
AC-004,110,engine_hpc,0.418,0.339,degraded,79,0
AC-004,111,engine_hpc,0.413,0.345,degraded,78,0
AC-004,112,engine_hpc,0.407,0.351,degraded,77,0
AC-004,113,engine_hpc,0.402,0.357,degraded,76,0
AC-004,114,engine_hpc,0.397,0.364,degraded,75,0
AC-004,115,engine_hpc,0.392,0.37,degraded,74,0
AC-004,116,engine_hpc,0.386,0.377,degraded,73,0
AC-004,117,engine_hpc,0.381,0.383,degraded,72,0
AC-004,118,engine_hpc,0.376,0.39,degraded,71,0
AC-004,119,engine_hpc,0.37,0.396,degraded,70,0
AC-004,120,engine_hpc,0.365,0.403,degraded,69,0
AC-004,121,engine_hpc,0.36,0.41,degraded,68,0
AC-004,122,engine_hpc,0.354,0.417,degraded,67,0
AC-004,123,engine_hpc,0.349,0.424,degraded,66,0
AC-004,124,engine_hpc,0.344,0.43,degraded,65,0
AC-004,125,engine_hpc,0.339,0.437,degraded,64,0
AC-004,126,engine_hpc,0.333,0.444,degraded,63,0
AC-004,127,engine_hpc,0.328,0.452,degraded,62,0
AC-004,128,engine_hpc,0.323,0.459,degraded,61,0
AC-004,129,engine_hpc,0.317,0.466,degraded,60,0
AC-004,130,engine_hpc,0.312,0.473,degraded,59,0
AC-004,131,engine_hpc,0.307,0.48,degraded,58,0
AC-004,132,engine_hpc,0.302,0.488,degraded,57,0
AC-004,133,engine_hpc,0.296,0.495,degraded,56,0
AC-004,134,engine_hpc,0.291,0.503,degraded,55,0
AC-004,135,engine_hpc,0.286,0.51,degraded,54,0
AC-004,136,engine_hpc,0.28,0.518,degraded,53,0
AC-004,137,engine_hpc,0.275,0.525,degraded,52,0
AC-004,138,engine_hpc,0.27,0.533,degraded,51,0
AC-004,139,engine_hpc,0.265,0.541,degraded,50,0
AC-004,140,engine_hpc,0.259,0.549,degraded,49,0
AC-004,141,engine_hpc,0.254,0.557,degraded,48,0
AC-004,142,engine_hpc,0.249,0.564,degraded,47,0
AC-004,143,engine_hpc,0.243,0.572,degraded,46,0
AC-004,144,engine_hpc,0.238,0.58,degraded,45,0
AC-004,145,engine_hpc,0.233,0.589,degraded,44,0
AC-004,146,engine_hpc,0.228,0.597,degraded,43,0
AC-004,147,engine_hpc,0.222,0.605,degraded,42,0
AC-004,148,engine_hpc,0.217,0.613,degraded,41,0
AC-004,149,engine_hpc,0.212,0.622,degraded,40,0
AC-004,150,engine_hpc,0.206,0.63,degraded,39,0
AC-004,151,engine_hpc,0.201,0.638,degraded,38,0
AC-004,152,engine_hpc,0.196,0.647,degraded,37,0
AC-004,153,engine_hpc,0.19,0.655,degraded,36,0
AC-004,154,engine_hpc,0.185,0.664,degraded,35,0
AC-004,155,engine_hpc,0.18,0.673,degraded,34,0
AC-004,156,engine_hpc,0.175,0.681,degraded,33,0
AC-004,157,engine_hpc,0.169,0.69,degraded,32,0
AC-004,158,engine_hpc,0.164,0.699,degraded,31,0
AC-004,159,engine_hpc,0.159,0.708,degraded,30,1
AC-004,160,engine_hpc,0.153,0.717,degraded,29,1
AC-004,161,engine_hpc,0.148,0.726,severe,28,1
AC-004,162,engine_hpc,0.143,0.735,severe,27,1
AC-004,163,engine_hpc,0.138,0.744,severe,26,1
AC-004,164,engine_hpc,0.132,0.753,severe,25,1
AC-004,165,engine_hpc,0.127,0.762,severe,24,1
AC-004,166,engine_hpc,0.122,0.771,severe,23,1
AC-004,167,engine_hpc,0.116,0.781,severe,22,1
AC-004,168,engine_hpc,0.111,0.79,severe,21,1
AC-004,169,engine_hpc,0.106,0.8,severe,20,1
AC-004,170,engine_hpc,0.101,0.809,severe,19,1
AC-004,171,engine_hpc,0.095,0.819,severe,18,1
AC-004,172,engine_hpc,0.09,0.828,severe,17,1
AC-004,173,engine_hpc,0.085,0.838,severe,16,1
AC-004,174,engine_hpc,0.079,0.848,severe,15,1
AC-004,175,engine_hpc,0.074,0.857,severe,14,1
AC-004,176,engine_hpc,0.069,0.867,severe,13,1
AC-004,177,engine_hpc,0.063,0.877,severe,12,1
AC-004,178,engine_hpc,0.058,0.887,severe,11,1
AC-004,179,engine_hpc,0.053,0.897,severe,10,1
AC-004,180,engine_hpc,0.048,0.907,severe,9,1
AC-004,181,engine_hpc,0.042,0.917,severe,8,1
AC-004,182,engine_hpc,0.037,0.927,severe,7,1
AC-004,183,engine_hpc,0.032,0.938,severe,6,1
AC-004,184,engine_hpc,0.026,0.948,severe,5,1
AC-004,185,engine_hpc,0.021,0.958,severe,4,1
AC-004,186,engine_hpc,0.016,0.969,severe,3,1
AC-004,187,engine_hpc,0.011,0.979,severe,2,1
AC-004,188,engine_hpc,0.005,0.989,severe,1,1
AC-004,189,engine_hpc,0.0,1.0,severe,0,1
AC-006,1,engine_hpc,0.995,0.0,healthy,187,0
AC-006,2,engine_hpc,0.989,0.0,healthy,186,0
AC-006,3,engine_hpc,0.984,0.0,healthy,185,0
AC-006,4,engine_hpc,0.979,0.0,healthy,184,0
AC-006,5,engine_hpc,0.973,0.001,healthy,183,0
AC-006,6,engine_hpc,0.968,0.001,healthy,182,0
AC-006,7,engine_hpc,0.963,0.001,healthy,181,0
AC-006,8,engine_hpc,0.957,0.002,healthy,180,0
AC-006,9,engine_hpc,0.952,0.002,healthy,179,0
AC-006,10,engine_hpc,0.947,0.003,healthy,178,0
AC-006,11,engine_hpc,0.941,0.003,healthy,177,0
AC-006,12,engine_hpc,0.936,0.004,healthy,176,0
AC-006,13,engine_hpc,0.931,0.005,healthy,175,0
AC-006,14,engine_hpc,0.926,0.006,healthy,174,0
AC-006,15,engine_hpc,0.92,0.006,healthy,173,0
AC-006,16,engine_hpc,0.915,0.007,healthy,172,0
AC-006,17,engine_hpc,0.91,0.008,healthy,171,0
AC-006,18,engine_hpc,0.904,0.009,healthy,170,0
AC-006,19,engine_hpc,0.899,0.01,healthy,169,0
AC-006,20,engine_hpc,0.894,0.011,healthy,168,0
AC-006,21,engine_hpc,0.888,0.012,healthy,167,0
AC-006,22,engine_hpc,0.883,0.014,healthy,166,0
AC-006,23,engine_hpc,0.878,0.015,healthy,165,0
AC-006,24,engine_hpc,0.872,0.016,healthy,164,0
AC-006,25,engine_hpc,0.867,0.018,healthy,163,0
AC-006,26,engine_hpc,0.862,0.019,healthy,162,0
AC-006,27,engine_hpc,0.856,0.021,healthy,161,0
AC-006,28,engine_hpc,0.851,0.022,healthy,160,0
AC-006,29,engine_hpc,0.846,0.024,healthy,159,0
AC-006,30,engine_hpc,0.84,0.025,healthy,158,0
AC-006,31,engine_hpc,0.835,0.027,healthy,157,0
AC-006,32,engine_hpc,0.83,0.029,healthy,156,0
AC-006,33,engine_hpc,0.824,0.031,healthy,155,0
AC-006,34,engine_hpc,0.819,0.033,healthy,154,0
AC-006,35,engine_hpc,0.814,0.035,healthy,153,0
AC-006,36,engine_hpc,0.809,0.037,healthy,152,0
AC-006,37,engine_hpc,0.803,0.039,healthy,151,0
AC-006,38,engine_hpc,0.798,0.041,healthy,150,0
AC-006,39,engine_hpc,0.793,0.043,healthy,149,0
AC-006,40,engine_hpc,0.787,0.045,healthy,148,0
AC-006,41,engine_hpc,0.782,0.048,healthy,147,0
AC-006,42,engine_hpc,0.777,0.05,healthy,146,0
AC-006,43,engine_hpc,0.771,0.052,healthy,145,0
AC-006,44,engine_hpc,0.766,0.055,healthy,144,0
AC-006,45,engine_hpc,0.761,0.057,healthy,143,0
AC-006,46,engine_hpc,0.755,0.06,healthy,142,0
AC-006,47,engine_hpc,0.75,0.062,healthy,141,0
AC-006,48,engine_hpc,0.745,0.065,healthy,140,0
AC-006,49,engine_hpc,0.739,0.068,healthy,139,0
AC-006,50,engine_hpc,0.734,0.071,healthy,138,0
AC-006,51,engine_hpc,0.729,0.074,healthy,137,0
AC-006,52,engine_hpc,0.723,0.077,healthy,136,0
AC-006,53,engine_hpc,0.718,0.079,healthy,135,0
AC-006,54,engine_hpc,0.713,0.083,healthy,134,0
AC-006,55,engine_hpc,0.707,0.086,healthy,133,0
AC-006,56,engine_hpc,0.702,0.089,healthy,132,0
AC-006,57,engine_hpc,0.697,0.092,healthy,131,0
AC-006,58,engine_hpc,0.691,0.095,healthy,130,0
AC-006,59,engine_hpc,0.686,0.098,healthy,129,0
AC-006,60,engine_hpc,0.681,0.102,healthy,128,0
AC-006,61,engine_hpc,0.676,0.105,healthy,127,0
AC-006,62,engine_hpc,0.67,0.109,healthy,126,0
AC-006,63,engine_hpc,0.665,0.112,healthy,125,0
AC-006,64,engine_hpc,0.66,0.116,healthy,124,0
AC-006,65,engine_hpc,0.654,0.12,healthy,123,0
AC-006,66,engine_hpc,0.649,0.123,healthy,122,0
AC-006,67,engine_hpc,0.644,0.127,healthy,121,0
AC-006,68,engine_hpc,0.638,0.131,healthy,120,0
AC-006,69,engine_hpc,0.633,0.135,healthy,119,0
AC-006,70,engine_hpc,0.628,0.139,healthy,118,0
AC-006,71,engine_hpc,0.622,0.143,healthy,117,0
AC-006,72,engine_hpc,0.617,0.147,healthy,116,0
AC-006,73,engine_hpc,0.612,0.151,healthy,115,0
AC-006,74,engine_hpc,0.606,0.155,healthy,114,0
AC-006,75,engine_hpc,0.601,0.159,healthy,113,0
AC-006,76,engine_hpc,0.596,0.163,healthy,112,0
AC-006,77,engine_hpc,0.59,0.168,healthy,111,0
AC-006,78,engine_hpc,0.585,0.172,healthy,110,0
AC-006,79,engine_hpc,0.58,0.177,healthy,109,0
AC-006,80,engine_hpc,0.574,0.181,healthy,108,0
AC-006,81,engine_hpc,0.569,0.186,healthy,107,0
AC-006,82,engine_hpc,0.564,0.19,healthy,106,0
AC-006,83,engine_hpc,0.559,0.195,healthy,105,0
AC-006,84,engine_hpc,0.553,0.2,healthy,104,0
AC-006,85,engine_hpc,0.548,0.204,healthy,103,0
AC-006,86,engine_hpc,0.543,0.209,healthy,102,0
AC-006,87,engine_hpc,0.537,0.214,healthy,101,0
AC-006,88,engine_hpc,0.532,0.219,healthy,100,0
AC-006,89,engine_hpc,0.527,0.224,healthy,99,0
AC-006,90,engine_hpc,0.521,0.229,healthy,98,0
AC-006,91,engine_hpc,0.516,0.234,healthy,97,0
AC-006,92,engine_hpc,0.511,0.239,healthy,96,0
AC-006,93,engine_hpc,0.505,0.245,healthy,95,0
AC-006,94,engine_hpc,0.5,0.25,degraded,94,0
AC-006,95,engine_hpc,0.495,0.255,degraded,93,0
AC-006,96,engine_hpc,0.489,0.261,degraded,92,0
AC-006,97,engine_hpc,0.484,0.266,degraded,91,0
AC-006,98,engine_hpc,0.479,0.272,degraded,90,0
AC-006,99,engine_hpc,0.473,0.277,degraded,89,0
AC-006,100,engine_hpc,0.468,0.283,degraded,88,0
AC-006,101,engine_hpc,0.463,0.289,degraded,87,0
AC-006,102,engine_hpc,0.457,0.294,degraded,86,0
AC-006,103,engine_hpc,0.452,0.3,degraded,85,0
AC-006,104,engine_hpc,0.447,0.306,degraded,84,0
AC-006,105,engine_hpc,0.441,0.312,degraded,83,0
AC-006,106,engine_hpc,0.436,0.318,degraded,82,0
AC-006,107,engine_hpc,0.431,0.324,degraded,81,0
AC-006,108,engine_hpc,0.426,0.33,degraded,80,0
AC-006,109,engine_hpc,0.42,0.336,degraded,79,0
AC-006,110,engine_hpc,0.415,0.342,degraded,78,0
AC-006,111,engine_hpc,0.41,0.349,degraded,77,0
AC-006,112,engine_hpc,0.404,0.355,degraded,76,0
AC-006,113,engine_hpc,0.399,0.361,degraded,75,0
AC-006,114,engine_hpc,0.394,0.368,degraded,74,0
AC-006,115,engine_hpc,0.388,0.374,degraded,73,0
AC-006,116,engine_hpc,0.383,0.381,degraded,72,0
AC-006,117,engine_hpc,0.378,0.387,degraded,71,0
AC-006,118,engine_hpc,0.372,0.394,degraded,70,0
AC-006,119,engine_hpc,0.367,0.401,degraded,69,0
AC-006,120,engine_hpc,0.362,0.407,degraded,68,0
AC-006,121,engine_hpc,0.356,0.414,degraded,67,0
AC-006,122,engine_hpc,0.351,0.421,degraded,66,0
AC-006,123,engine_hpc,0.346,0.428,degraded,65,0
AC-006,124,engine_hpc,0.34,0.435,degraded,64,0
AC-006,125,engine_hpc,0.335,0.442,degraded,63,0
AC-006,126,engine_hpc,0.33,0.449,degraded,62,0
AC-006,127,engine_hpc,0.324,0.456,degraded,61,0
AC-006,128,engine_hpc,0.319,0.464,degraded,60,0
AC-006,129,engine_hpc,0.314,0.471,degraded,59,0
AC-006,130,engine_hpc,0.309,0.478,degraded,58,0
AC-006,131,engine_hpc,0.303,0.486,degraded,57,0
AC-006,132,engine_hpc,0.298,0.493,degraded,56,0
AC-006,133,engine_hpc,0.293,0.5,degraded,55,0
AC-006,134,engine_hpc,0.287,0.508,degraded,54,0
AC-006,135,engine_hpc,0.282,0.516,degraded,53,0
AC-006,136,engine_hpc,0.277,0.523,degraded,52,0
AC-006,137,engine_hpc,0.271,0.531,degraded,51,0
AC-006,138,engine_hpc,0.266,0.539,degraded,50,0
AC-006,139,engine_hpc,0.261,0.547,degraded,49,0
AC-006,140,engine_hpc,0.255,0.555,degraded,48,0
AC-006,141,engine_hpc,0.25,0.562,degraded,47,0
AC-006,142,engine_hpc,0.245,0.571,degraded,46,0
AC-006,143,engine_hpc,0.239,0.579,degraded,45,0
AC-006,144,engine_hpc,0.234,0.587,degraded,44,0
AC-006,145,engine_hpc,0.229,0.595,degraded,43,0
AC-006,146,engine_hpc,0.223,0.603,degraded,42,0
AC-006,147,engine_hpc,0.218,0.611,degraded,41,0
AC-006,148,engine_hpc,0.213,0.62,degraded,40,0
AC-006,149,engine_hpc,0.207,0.628,degraded,39,0
AC-006,150,engine_hpc,0.202,0.637,degraded,38,0
AC-006,151,engine_hpc,0.197,0.645,degraded,37,0
AC-006,152,engine_hpc,0.191,0.654,degraded,36,0
AC-006,153,engine_hpc,0.186,0.662,degraded,35,0
AC-006,154,engine_hpc,0.181,0.671,degraded,34,0
AC-006,155,engine_hpc,0.176,0.68,degraded,33,0
AC-006,156,engine_hpc,0.17,0.689,degraded,32,0
AC-006,157,engine_hpc,0.165,0.697,degraded,31,0
AC-006,158,engine_hpc,0.16,0.706,degraded,30,1
AC-006,159,engine_hpc,0.154,0.715,degraded,29,1
AC-006,160,engine_hpc,0.149,0.724,severe,28,1
AC-006,161,engine_hpc,0.144,0.733,severe,27,1
AC-006,162,engine_hpc,0.138,0.743,severe,26,1
AC-006,163,engine_hpc,0.133,0.752,severe,25,1
AC-006,164,engine_hpc,0.128,0.761,severe,24,1
AC-006,165,engine_hpc,0.122,0.77,severe,23,1
AC-006,166,engine_hpc,0.117,0.78,severe,22,1
AC-006,167,engine_hpc,0.112,0.789,severe,21,1
AC-006,168,engine_hpc,0.106,0.799,severe,20,1
AC-006,169,engine_hpc,0.101,0.808,severe,19,1
AC-006,170,engine_hpc,0.096,0.818,severe,18,1
AC-006,171,engine_hpc,0.09,0.827,severe,17,1
AC-006,172,engine_hpc,0.085,0.837,severe,16,1
AC-006,173,engine_hpc,0.08,0.847,severe,15,1
AC-006,174,engine_hpc,0.074,0.857,severe,14,1
AC-006,175,engine_hpc,0.069,0.866,severe,13,1
AC-006,176,engine_hpc,0.064,0.876,severe,12,1
AC-006,177,engine_hpc,0.059,0.886,severe,11,1
AC-006,178,engine_hpc,0.053,0.896,severe,10,1
AC-006,179,engine_hpc,0.048,0.907,severe,9,1
AC-006,180,engine_hpc,0.043,0.917,severe,8,1
AC-006,181,engine_hpc,0.037,0.927,severe,7,1
AC-006,182,engine_hpc,0.032,0.937,severe,6,1
AC-006,183,engine_hpc,0.027,0.948,severe,5,1
AC-006,184,engine_hpc,0.021,0.958,severe,4,1
AC-006,185,engine_hpc,0.016,0.968,severe,3,1
AC-006,186,engine_hpc,0.011,0.979,severe,2,1
AC-006,187,engine_hpc,0.005,0.989,severe,1,1
AC-006,188,engine_hpc,0.0,1.0,severe,0,1
AC-007,1,engine_hpc,0.996,0.0,healthy,258,0
AC-007,2,engine_hpc,0.992,0.0,healthy,257,0
AC-007,3,engine_hpc,0.988,0.0,healthy,256,0
AC-007,4,engine_hpc,0.985,0.0,healthy,255,0
AC-007,5,engine_hpc,0.981,0.0,healthy,254,0
AC-007,6,engine_hpc,0.977,0.001,healthy,253,0
AC-007,7,engine_hpc,0.973,0.001,healthy,252,0
AC-007,8,engine_hpc,0.969,0.001,healthy,251,0
AC-007,9,engine_hpc,0.965,0.001,healthy,250,0
AC-007,10,engine_hpc,0.961,0.001,healthy,249,0
AC-007,11,engine_hpc,0.958,0.002,healthy,248,0
AC-007,12,engine_hpc,0.954,0.002,healthy,247,0
AC-007,13,engine_hpc,0.95,0.003,healthy,246,0
AC-007,14,engine_hpc,0.946,0.003,healthy,245,0
AC-007,15,engine_hpc,0.942,0.003,healthy,244,0
AC-007,16,engine_hpc,0.938,0.004,healthy,243,0
AC-007,17,engine_hpc,0.934,0.004,healthy,242,0
AC-007,18,engine_hpc,0.931,0.005,healthy,241,0
AC-007,19,engine_hpc,0.927,0.005,healthy,240,0
AC-007,20,engine_hpc,0.923,0.006,healthy,239,0
AC-007,21,engine_hpc,0.919,0.007,healthy,238,0
AC-007,22,engine_hpc,0.915,0.007,healthy,237,0
AC-007,23,engine_hpc,0.911,0.008,healthy,236,0
AC-007,24,engine_hpc,0.907,0.009,healthy,235,0
AC-007,25,engine_hpc,0.903,0.009,healthy,234,0
AC-007,26,engine_hpc,0.9,0.01,healthy,233,0
AC-007,27,engine_hpc,0.896,0.011,healthy,232,0
AC-007,28,engine_hpc,0.892,0.012,healthy,231,0
AC-007,29,engine_hpc,0.888,0.013,healthy,230,0
AC-007,30,engine_hpc,0.884,0.013,healthy,229,0
AC-007,31,engine_hpc,0.88,0.014,healthy,228,0
AC-007,32,engine_hpc,0.876,0.015,healthy,227,0
AC-007,33,engine_hpc,0.873,0.016,healthy,226,0
AC-007,34,engine_hpc,0.869,0.017,healthy,225,0
AC-007,35,engine_hpc,0.865,0.018,healthy,224,0
AC-007,36,engine_hpc,0.861,0.019,healthy,223,0
AC-007,37,engine_hpc,0.857,0.02,healthy,222,0
AC-007,38,engine_hpc,0.853,0.022,healthy,221,0
AC-007,39,engine_hpc,0.849,0.023,healthy,220,0
AC-007,40,engine_hpc,0.846,0.024,healthy,219,0
AC-007,41,engine_hpc,0.842,0.025,healthy,218,0
AC-007,42,engine_hpc,0.838,0.026,healthy,217,0
AC-007,43,engine_hpc,0.834,0.028,healthy,216,0
AC-007,44,engine_hpc,0.83,0.029,healthy,215,0
AC-007,45,engine_hpc,0.826,0.03,healthy,214,0
AC-007,46,engine_hpc,0.822,0.032,healthy,213,0
AC-007,47,engine_hpc,0.819,0.033,healthy,212,0
AC-007,48,engine_hpc,0.815,0.034,healthy,211,0
AC-007,49,engine_hpc,0.811,0.036,healthy,210,0
AC-007,50,engine_hpc,0.807,0.037,healthy,209,0
AC-007,51,engine_hpc,0.803,0.039,healthy,208,0
AC-007,52,engine_hpc,0.799,0.04,healthy,207,0
AC-007,53,engine_hpc,0.795,0.042,healthy,206,0
AC-007,54,engine_hpc,0.792,0.043,healthy,205,0
AC-007,55,engine_hpc,0.788,0.045,healthy,204,0
AC-007,56,engine_hpc,0.784,0.047,healthy,203,0
AC-007,57,engine_hpc,0.78,0.048,healthy,202,0
AC-007,58,engine_hpc,0.776,0.05,healthy,201,0
AC-007,59,engine_hpc,0.772,0.052,healthy,200,0
AC-007,60,engine_hpc,0.768,0.054,healthy,199,0
AC-007,61,engine_hpc,0.764,0.055,healthy,198,0
AC-007,62,engine_hpc,0.761,0.057,healthy,197,0
AC-007,63,engine_hpc,0.757,0.059,healthy,196,0
AC-007,64,engine_hpc,0.753,0.061,healthy,195,0
AC-007,65,engine_hpc,0.749,0.063,healthy,194,0
AC-007,66,engine_hpc,0.745,0.065,healthy,193,0
AC-007,67,engine_hpc,0.741,0.067,healthy,192,0
AC-007,68,engine_hpc,0.737,0.069,healthy,191,0
AC-007,69,engine_hpc,0.734,0.071,healthy,190,0
AC-007,70,engine_hpc,0.73,0.073,healthy,189,0
AC-007,71,engine_hpc,0.726,0.075,healthy,188,0
AC-007,72,engine_hpc,0.722,0.077,healthy,187,0
AC-007,73,engine_hpc,0.718,0.079,healthy,186,0
AC-007,74,engine_hpc,0.714,0.082,healthy,185,0
AC-007,75,engine_hpc,0.71,0.084,healthy,184,0
AC-007,76,engine_hpc,0.707,0.086,healthy,183,0
AC-007,77,engine_hpc,0.703,0.088,healthy,182,0
AC-007,78,engine_hpc,0.699,0.091,healthy,181,0
AC-007,79,engine_hpc,0.695,0.093,healthy,180,0
AC-007,80,engine_hpc,0.691,0.095,healthy,179,0
AC-007,81,engine_hpc,0.687,0.098,healthy,178,0
AC-007,82,engine_hpc,0.683,0.1,healthy,177,0
AC-007,83,engine_hpc,0.68,0.103,healthy,176,0
AC-007,84,engine_hpc,0.676,0.105,healthy,175,0
AC-007,85,engine_hpc,0.672,0.108,healthy,174,0
AC-007,86,engine_hpc,0.668,0.11,healthy,173,0
AC-007,87,engine_hpc,0.664,0.113,healthy,172,0
AC-007,88,engine_hpc,0.66,0.115,healthy,171,0
AC-007,89,engine_hpc,0.656,0.118,healthy,170,0
AC-007,90,engine_hpc,0.653,0.121,healthy,169,0
AC-007,91,engine_hpc,0.649,0.123,healthy,168,0
AC-007,92,engine_hpc,0.645,0.126,healthy,167,0
AC-007,93,engine_hpc,0.641,0.129,healthy,166,0
AC-007,94,engine_hpc,0.637,0.132,healthy,165,0
AC-007,95,engine_hpc,0.633,0.135,healthy,164,0
AC-007,96,engine_hpc,0.629,0.137,healthy,163,0
AC-007,97,engine_hpc,0.625,0.14,healthy,162,0
AC-007,98,engine_hpc,0.622,0.143,healthy,161,0
AC-007,99,engine_hpc,0.618,0.146,healthy,160,0
AC-007,100,engine_hpc,0.614,0.149,healthy,159,0
AC-007,101,engine_hpc,0.61,0.152,healthy,158,0
AC-007,102,engine_hpc,0.606,0.155,healthy,157,0
AC-007,103,engine_hpc,0.602,0.158,healthy,156,0
AC-007,104,engine_hpc,0.598,0.161,healthy,155,0
AC-007,105,engine_hpc,0.595,0.164,healthy,154,0
AC-007,106,engine_hpc,0.591,0.167,healthy,153,0
AC-007,107,engine_hpc,0.587,0.171,healthy,152,0
AC-007,108,engine_hpc,0.583,0.174,healthy,151,0
AC-007,109,engine_hpc,0.579,0.177,healthy,150,0
AC-007,110,engine_hpc,0.575,0.18,healthy,149,0
AC-007,111,engine_hpc,0.571,0.184,healthy,148,0
AC-007,112,engine_hpc,0.568,0.187,healthy,147,0
AC-007,113,engine_hpc,0.564,0.19,healthy,146,0
AC-007,114,engine_hpc,0.56,0.194,healthy,145,0
AC-007,115,engine_hpc,0.556,0.197,healthy,144,0
AC-007,116,engine_hpc,0.552,0.201,healthy,143,0
AC-007,117,engine_hpc,0.548,0.204,healthy,142,0
AC-007,118,engine_hpc,0.544,0.208,healthy,141,0
AC-007,119,engine_hpc,0.541,0.211,healthy,140,0
AC-007,120,engine_hpc,0.537,0.215,healthy,139,0
AC-007,121,engine_hpc,0.533,0.218,healthy,138,0
AC-007,122,engine_hpc,0.529,0.222,healthy,137,0
AC-007,123,engine_hpc,0.525,0.226,healthy,136,0
AC-007,124,engine_hpc,0.521,0.229,healthy,135,0
AC-007,125,engine_hpc,0.517,0.233,healthy,134,0
AC-007,126,engine_hpc,0.514,0.237,healthy,133,0
AC-007,127,engine_hpc,0.51,0.24,healthy,132,0
AC-007,128,engine_hpc,0.506,0.244,healthy,131,0
AC-007,129,engine_hpc,0.502,0.248,healthy,130,0
AC-007,130,engine_hpc,0.498,0.252,degraded,129,0
AC-007,131,engine_hpc,0.494,0.256,degraded,128,0
AC-007,132,engine_hpc,0.49,0.26,degraded,127,0
AC-007,133,engine_hpc,0.486,0.264,degraded,126,0
AC-007,134,engine_hpc,0.483,0.268,degraded,125,0
AC-007,135,engine_hpc,0.479,0.272,degraded,124,0
AC-007,136,engine_hpc,0.475,0.276,degraded,123,0
AC-007,137,engine_hpc,0.471,0.28,degraded,122,0
AC-007,138,engine_hpc,0.467,0.284,degraded,121,0
AC-007,139,engine_hpc,0.463,0.288,degraded,120,0
AC-007,140,engine_hpc,0.459,0.292,degraded,119,0
AC-007,141,engine_hpc,0.456,0.296,degraded,118,0
AC-007,142,engine_hpc,0.452,0.301,degraded,117,0
AC-007,143,engine_hpc,0.448,0.305,degraded,116,0
AC-007,144,engine_hpc,0.444,0.309,degraded,115,0
AC-007,145,engine_hpc,0.44,0.313,degraded,114,0
AC-007,146,engine_hpc,0.436,0.318,degraded,113,0
AC-007,147,engine_hpc,0.432,0.322,degraded,112,0
AC-007,148,engine_hpc,0.429,0.327,degraded,111,0
AC-007,149,engine_hpc,0.425,0.331,degraded,110,0
AC-007,150,engine_hpc,0.421,0.335,degraded,109,0
AC-007,151,engine_hpc,0.417,0.34,degraded,108,0
AC-007,152,engine_hpc,0.413,0.344,degraded,107,0
AC-007,153,engine_hpc,0.409,0.349,degraded,106,0
AC-007,154,engine_hpc,0.405,0.354,degraded,105,0
AC-007,155,engine_hpc,0.402,0.358,degraded,104,0
AC-007,156,engine_hpc,0.398,0.363,degraded,103,0
AC-007,157,engine_hpc,0.394,0.367,degraded,102,0
AC-007,158,engine_hpc,0.39,0.372,degraded,101,0
AC-007,159,engine_hpc,0.386,0.377,degraded,100,0
AC-007,160,engine_hpc,0.382,0.382,degraded,99,0
AC-007,161,engine_hpc,0.378,0.386,degraded,98,0
AC-007,162,engine_hpc,0.375,0.391,degraded,97,0
AC-007,163,engine_hpc,0.371,0.396,degraded,96,0
AC-007,164,engine_hpc,0.367,0.401,degraded,95,0
AC-007,165,engine_hpc,0.363,0.406,degraded,94,0
AC-007,166,engine_hpc,0.359,0.411,degraded,93,0
AC-007,167,engine_hpc,0.355,0.416,degraded,92,0
AC-007,168,engine_hpc,0.351,0.421,degraded,91,0
AC-007,169,engine_hpc,0.347,0.426,degraded,90,0
AC-007,170,engine_hpc,0.344,0.431,degraded,89,0
AC-007,171,engine_hpc,0.34,0.436,degraded,88,0
AC-007,172,engine_hpc,0.336,0.441,degraded,87,0
AC-007,173,engine_hpc,0.332,0.446,degraded,86,0
AC-007,174,engine_hpc,0.328,0.451,degraded,85,0
AC-007,175,engine_hpc,0.324,0.457,degraded,84,0
AC-007,176,engine_hpc,0.32,0.462,degraded,83,0
AC-007,177,engine_hpc,0.317,0.467,degraded,82,0
AC-007,178,engine_hpc,0.313,0.472,degraded,81,0
AC-007,179,engine_hpc,0.309,0.478,degraded,80,0
AC-007,180,engine_hpc,0.305,0.483,degraded,79,0
AC-007,181,engine_hpc,0.301,0.488,degraded,78,0
AC-007,182,engine_hpc,0.297,0.494,degraded,77,0
AC-007,183,engine_hpc,0.293,0.499,degraded,76,0
AC-007,184,engine_hpc,0.29,0.505,degraded,75,0
AC-007,185,engine_hpc,0.286,0.51,degraded,74,0
AC-007,186,engine_hpc,0.282,0.516,degraded,73,0
AC-007,187,engine_hpc,0.278,0.521,degraded,72,0
AC-007,188,engine_hpc,0.274,0.527,degraded,71,0
AC-007,189,engine_hpc,0.27,0.533,degraded,70,0
AC-007,190,engine_hpc,0.266,0.538,degraded,69,0
AC-007,191,engine_hpc,0.263,0.544,degraded,68,0
AC-007,192,engine_hpc,0.259,0.55,degraded,67,0
AC-007,193,engine_hpc,0.255,0.555,degraded,66,0
AC-007,194,engine_hpc,0.251,0.561,degraded,65,0
AC-007,195,engine_hpc,0.247,0.567,degraded,64,0
AC-007,196,engine_hpc,0.243,0.573,degraded,63,0
AC-007,197,engine_hpc,0.239,0.579,degraded,62,0
AC-007,198,engine_hpc,0.236,0.584,degraded,61,0
AC-007,199,engine_hpc,0.232,0.59,degraded,60,0
AC-007,200,engine_hpc,0.228,0.596,degraded,59,0
AC-007,201,engine_hpc,0.224,0.602,degraded,58,0
AC-007,202,engine_hpc,0.22,0.608,degraded,57,0
AC-007,203,engine_hpc,0.216,0.614,degraded,56,0
AC-007,204,engine_hpc,0.212,0.62,degraded,55,0
AC-007,205,engine_hpc,0.208,0.626,degraded,54,0
AC-007,206,engine_hpc,0.205,0.633,degraded,53,0
AC-007,207,engine_hpc,0.201,0.639,degraded,52,0
AC-007,208,engine_hpc,0.197,0.645,degraded,51,0
AC-007,209,engine_hpc,0.193,0.651,degraded,50,0
AC-007,210,engine_hpc,0.189,0.657,degraded,49,0
AC-007,211,engine_hpc,0.185,0.664,degraded,48,0
AC-007,212,engine_hpc,0.181,0.67,degraded,47,0
AC-007,213,engine_hpc,0.178,0.676,degraded,46,0
AC-007,214,engine_hpc,0.174,0.683,degraded,45,0
AC-007,215,engine_hpc,0.17,0.689,degraded,44,0
AC-007,216,engine_hpc,0.166,0.696,degraded,43,0
AC-007,217,engine_hpc,0.162,0.702,degraded,42,0
AC-007,218,engine_hpc,0.158,0.708,degraded,41,0
AC-007,219,engine_hpc,0.154,0.715,degraded,40,0
AC-007,220,engine_hpc,0.151,0.722,degraded,39,0
AC-007,221,engine_hpc,0.147,0.728,severe,38,0
AC-007,222,engine_hpc,0.143,0.735,severe,37,0
AC-007,223,engine_hpc,0.139,0.741,severe,36,0
AC-007,224,engine_hpc,0.135,0.748,severe,35,0
AC-007,225,engine_hpc,0.131,0.755,severe,34,0
AC-007,226,engine_hpc,0.127,0.761,severe,33,0
AC-007,227,engine_hpc,0.124,0.768,severe,32,0
AC-007,228,engine_hpc,0.12,0.775,severe,31,0
AC-007,229,engine_hpc,0.116,0.782,severe,30,1
AC-007,230,engine_hpc,0.112,0.789,severe,29,1
AC-007,231,engine_hpc,0.108,0.795,severe,28,1
AC-007,232,engine_hpc,0.104,0.802,severe,27,1
AC-007,233,engine_hpc,0.1,0.809,severe,26,1
AC-007,234,engine_hpc,0.097,0.816,severe,25,1
AC-007,235,engine_hpc,0.093,0.823,severe,24,1
AC-007,236,engine_hpc,0.089,0.83,severe,23,1
AC-007,237,engine_hpc,0.085,0.837,severe,22,1
AC-007,238,engine_hpc,0.081,0.844,severe,21,1
AC-007,239,engine_hpc,0.077,0.852,severe,20,1
AC-007,240,engine_hpc,0.073,0.859,severe,19,1
AC-007,241,engine_hpc,0.069,0.866,severe,18,1
AC-007,242,engine_hpc,0.066,0.873,severe,17,1
AC-007,243,engine_hpc,0.062,0.88,severe,16,1
AC-007,244,engine_hpc,0.058,0.888,severe,15,1
AC-007,245,engine_hpc,0.054,0.895,severe,14,1
AC-007,246,engine_hpc,0.05,0.902,severe,13,1
AC-007,247,engine_hpc,0.046,0.909,severe,12,1
AC-007,248,engine_hpc,0.042,0.917,severe,11,1
AC-007,249,engine_hpc,0.039,0.924,severe,10,1
AC-007,250,engine_hpc,0.035,0.932,severe,9,1
AC-007,251,engine_hpc,0.031,0.939,severe,8,1
AC-007,252,engine_hpc,0.027,0.947,severe,7,1
AC-007,253,engine_hpc,0.023,0.954,severe,6,1
AC-007,254,engine_hpc,0.019,0.962,severe,5,1
AC-007,255,engine_hpc,0.015,0.969,severe,4,1
AC-007,256,engine_hpc,0.012,0.977,severe,3,1
AC-007,257,engine_hpc,0.008,0.985,severe,2,1
AC-007,258,engine_hpc,0.004,0.992,severe,1,1
AC-007,259,engine_hpc,0.0,1.0,severe,0,1
AC-012,1,engine_hpc,0.994,0.0,healthy,169,0
AC-012,2,engine_hpc,0.988,0.0,healthy,168,0
AC-012,3,engine_hpc,0.982,0.0,healthy,167,0
AC-012,4,engine_hpc,0.976,0.001,healthy,166,0
AC-012,5,engine_hpc,0.971,0.001,healthy,165,0
AC-012,6,engine_hpc,0.965,0.001,healthy,164,0
AC-012,7,engine_hpc,0.959,0.002,healthy,163,0
AC-012,8,engine_hpc,0.953,0.002,healthy,162,0
AC-012,9,engine_hpc,0.947,0.003,healthy,161,0
AC-012,10,engine_hpc,0.941,0.003,healthy,160,0
AC-012,11,engine_hpc,0.935,0.004,healthy,159,0
AC-012,12,engine_hpc,0.929,0.005,healthy,158,0
AC-012,13,engine_hpc,0.924,0.006,healthy,157,0
AC-012,14,engine_hpc,0.918,0.007,healthy,156,0
AC-012,15,engine_hpc,0.912,0.008,healthy,155,0
AC-012,16,engine_hpc,0.906,0.009,healthy,154,0
AC-012,17,engine_hpc,0.9,0.01,healthy,153,0
AC-012,18,engine_hpc,0.894,0.011,healthy,152,0
AC-012,19,engine_hpc,0.888,0.012,healthy,151,0
AC-012,20,engine_hpc,0.882,0.014,healthy,150,0
AC-012,21,engine_hpc,0.876,0.015,healthy,149,0
AC-012,22,engine_hpc,0.871,0.017,healthy,148,0
AC-012,23,engine_hpc,0.865,0.018,healthy,147,0
AC-012,24,engine_hpc,0.859,0.02,healthy,146,0
AC-012,25,engine_hpc,0.853,0.022,healthy,145,0
AC-012,26,engine_hpc,0.847,0.023,healthy,144,0
AC-012,27,engine_hpc,0.841,0.025,healthy,143,0
AC-012,28,engine_hpc,0.835,0.027,healthy,142,0
AC-012,29,engine_hpc,0.829,0.029,healthy,141,0
AC-012,30,engine_hpc,0.824,0.031,healthy,140,0
AC-012,31,engine_hpc,0.818,0.033,healthy,139,0
AC-012,32,engine_hpc,0.812,0.035,healthy,138,0
AC-012,33,engine_hpc,0.806,0.038,healthy,137,0
AC-012,34,engine_hpc,0.8,0.04,healthy,136,0
AC-012,35,engine_hpc,0.794,0.042,healthy,135,0
AC-012,36,engine_hpc,0.788,0.045,healthy,134,0
AC-012,37,engine_hpc,0.782,0.047,healthy,133,0
AC-012,38,engine_hpc,0.776,0.05,healthy,132,0
AC-012,39,engine_hpc,0.771,0.053,healthy,131,0
AC-012,40,engine_hpc,0.765,0.055,healthy,130,0
AC-012,41,engine_hpc,0.759,0.058,healthy,129,0
AC-012,42,engine_hpc,0.753,0.061,healthy,128,0
AC-012,43,engine_hpc,0.747,0.064,healthy,127,0
AC-012,44,engine_hpc,0.741,0.067,healthy,126,0
AC-012,45,engine_hpc,0.735,0.07,healthy,125,0
AC-012,46,engine_hpc,0.729,0.073,healthy,124,0
AC-012,47,engine_hpc,0.724,0.076,healthy,123,0
AC-012,48,engine_hpc,0.718,0.08,healthy,122,0
AC-012,49,engine_hpc,0.712,0.083,healthy,121,0
AC-012,50,engine_hpc,0.706,0.087,healthy,120,0
AC-012,51,engine_hpc,0.7,0.09,healthy,119,0
AC-012,52,engine_hpc,0.694,0.094,healthy,118,0
AC-012,53,engine_hpc,0.688,0.097,healthy,117,0
AC-012,54,engine_hpc,0.682,0.101,healthy,116,0
AC-012,55,engine_hpc,0.676,0.105,healthy,115,0
AC-012,56,engine_hpc,0.671,0.109,healthy,114,0
AC-012,57,engine_hpc,0.665,0.112,healthy,113,0
AC-012,58,engine_hpc,0.659,0.116,healthy,112,0
AC-012,59,engine_hpc,0.653,0.12,healthy,111,0
AC-012,60,engine_hpc,0.647,0.125,healthy,110,0
AC-012,61,engine_hpc,0.641,0.129,healthy,109,0
AC-012,62,engine_hpc,0.635,0.133,healthy,108,0
AC-012,63,engine_hpc,0.629,0.137,healthy,107,0
AC-012,64,engine_hpc,0.624,0.142,healthy,106,0
AC-012,65,engine_hpc,0.618,0.146,healthy,105,0
AC-012,66,engine_hpc,0.612,0.151,healthy,104,0
AC-012,67,engine_hpc,0.606,0.155,healthy,103,0
AC-012,68,engine_hpc,0.6,0.16,healthy,102,0
AC-012,69,engine_hpc,0.594,0.165,healthy,101,0
AC-012,70,engine_hpc,0.588,0.17,healthy,100,0
AC-012,71,engine_hpc,0.582,0.174,healthy,99,0
AC-012,72,engine_hpc,0.576,0.179,healthy,98,0
AC-012,73,engine_hpc,0.571,0.184,healthy,97,0
AC-012,74,engine_hpc,0.565,0.189,healthy,96,0
AC-012,75,engine_hpc,0.559,0.195,healthy,95,0
AC-012,76,engine_hpc,0.553,0.2,healthy,94,0
AC-012,77,engine_hpc,0.547,0.205,healthy,93,0
AC-012,78,engine_hpc,0.541,0.211,healthy,92,0
AC-012,79,engine_hpc,0.535,0.216,healthy,91,0
AC-012,80,engine_hpc,0.529,0.221,healthy,90,0
AC-012,81,engine_hpc,0.524,0.227,healthy,89,0
AC-012,82,engine_hpc,0.518,0.233,healthy,88,0
AC-012,83,engine_hpc,0.512,0.238,healthy,87,0
AC-012,84,engine_hpc,0.506,0.244,healthy,86,0
AC-012,85,engine_hpc,0.5,0.25,degraded,85,0
AC-012,86,engine_hpc,0.494,0.256,degraded,84,0
AC-012,87,engine_hpc,0.488,0.262,degraded,83,0
AC-012,88,engine_hpc,0.482,0.268,degraded,82,0
AC-012,89,engine_hpc,0.476,0.274,degraded,81,0
AC-012,90,engine_hpc,0.471,0.28,degraded,80,0
AC-012,91,engine_hpc,0.465,0.287,degraded,79,0
AC-012,92,engine_hpc,0.459,0.293,degraded,78,0
AC-012,93,engine_hpc,0.453,0.299,degraded,77,0
AC-012,94,engine_hpc,0.447,0.306,degraded,76,0
AC-012,95,engine_hpc,0.441,0.312,degraded,75,0
AC-012,96,engine_hpc,0.435,0.319,degraded,74,0
AC-012,97,engine_hpc,0.429,0.326,degraded,73,0
AC-012,98,engine_hpc,0.424,0.332,degraded,72,0
AC-012,99,engine_hpc,0.418,0.339,degraded,71,0
AC-012,100,engine_hpc,0.412,0.346,degraded,70,0
AC-012,101,engine_hpc,0.406,0.353,degraded,69,0
AC-012,102,engine_hpc,0.4,0.36,degraded,68,0
AC-012,103,engine_hpc,0.394,0.367,degraded,67,0
AC-012,104,engine_hpc,0.388,0.374,degraded,66,0
AC-012,105,engine_hpc,0.382,0.381,degraded,65,0
AC-012,106,engine_hpc,0.376,0.389,degraded,64,0
AC-012,107,engine_hpc,0.371,0.396,degraded,63,0
AC-012,108,engine_hpc,0.365,0.404,degraded,62,0
AC-012,109,engine_hpc,0.359,0.411,degraded,61,0
AC-012,110,engine_hpc,0.353,0.419,degraded,60,0
AC-012,111,engine_hpc,0.347,0.426,degraded,59,0
AC-012,112,engine_hpc,0.341,0.434,degraded,58,0
AC-012,113,engine_hpc,0.335,0.442,degraded,57,0
AC-012,114,engine_hpc,0.329,0.45,degraded,56,0
AC-012,115,engine_hpc,0.324,0.458,degraded,55,0
AC-012,116,engine_hpc,0.318,0.466,degraded,54,0
AC-012,117,engine_hpc,0.312,0.474,degraded,53,0
AC-012,118,engine_hpc,0.306,0.482,degraded,52,0
AC-012,119,engine_hpc,0.3,0.49,degraded,51,0
AC-012,120,engine_hpc,0.294,0.498,degraded,50,0
AC-012,121,engine_hpc,0.288,0.507,degraded,49,0
AC-012,122,engine_hpc,0.282,0.515,degraded,48,0
AC-012,123,engine_hpc,0.276,0.523,degraded,47,0
AC-012,124,engine_hpc,0.271,0.532,degraded,46,0
AC-012,125,engine_hpc,0.265,0.541,degraded,45,0
AC-012,126,engine_hpc,0.259,0.549,degraded,44,0
AC-012,127,engine_hpc,0.253,0.558,degraded,43,0
AC-012,128,engine_hpc,0.247,0.567,degraded,42,0
AC-012,129,engine_hpc,0.241,0.576,degraded,41,0
AC-012,130,engine_hpc,0.235,0.585,degraded,40,0
AC-012,131,engine_hpc,0.229,0.594,degraded,39,0
AC-012,132,engine_hpc,0.224,0.603,degraded,38,0
AC-012,133,engine_hpc,0.218,0.612,degraded,37,0
AC-012,134,engine_hpc,0.212,0.621,degraded,36,0
AC-012,135,engine_hpc,0.206,0.631,degraded,35,0
AC-012,136,engine_hpc,0.2,0.64,degraded,34,0
AC-012,137,engine_hpc,0.194,0.649,degraded,33,0
AC-012,138,engine_hpc,0.188,0.659,degraded,32,0
AC-012,139,engine_hpc,0.182,0.669,degraded,31,0
AC-012,140,engine_hpc,0.176,0.678,degraded,30,1
AC-012,141,engine_hpc,0.171,0.688,degraded,29,1
AC-012,142,engine_hpc,0.165,0.698,degraded,28,1
AC-012,143,engine_hpc,0.159,0.708,degraded,27,1
AC-012,144,engine_hpc,0.153,0.718,degraded,26,1
AC-012,145,engine_hpc,0.147,0.728,severe,25,1
AC-012,146,engine_hpc,0.141,0.738,severe,24,1
AC-012,147,engine_hpc,0.135,0.748,severe,23,1
AC-012,148,engine_hpc,0.129,0.758,severe,22,1
AC-012,149,engine_hpc,0.124,0.768,severe,21,1
AC-012,150,engine_hpc,0.118,0.779,severe,20,1
AC-012,151,engine_hpc,0.112,0.789,severe,19,1
AC-012,152,engine_hpc,0.106,0.799,severe,18,1
AC-012,153,engine_hpc,0.1,0.81,severe,17,1
AC-012,154,engine_hpc,0.094,0.821,severe,16,1
AC-012,155,engine_hpc,0.088,0.831,severe,15,1
AC-012,156,engine_hpc,0.082,0.842,severe,14,1
AC-012,157,engine_hpc,0.076,0.853,severe,13,1
AC-012,158,engine_hpc,0.071,0.864,severe,12,1
AC-012,159,engine_hpc,0.065,0.875,severe,11,1
AC-012,160,engine_hpc,0.059,0.886,severe,10,1
AC-012,161,engine_hpc,0.053,0.897,severe,9,1
AC-012,162,engine_hpc,0.047,0.908,severe,8,1
AC-012,163,engine_hpc,0.041,0.919,severe,7,1
AC-012,164,engine_hpc,0.035,0.931,severe,6,1
AC-012,165,engine_hpc,0.029,0.942,severe,5,1
AC-012,166,engine_hpc,0.024,0.953,severe,4,1
AC-012,167,engine_hpc,0.018,0.965,severe,3,1
AC-012,168,engine_hpc,0.012,0.977,severe,2,1
AC-012,169,engine_hpc,0.006,0.988,severe,1,1
AC-012,170,engine_hpc,0.0,1.0,severe,0,1
AC-013,1,engine_hpc,0.994,0.0,healthy,162,0
AC-013,2,engine_hpc,0.988,0.0,healthy,161,0
AC-013,3,engine_hpc,0.982,0.0,healthy,160,0
AC-013,4,engine_hpc,0.975,0.001,healthy,159,0
AC-013,5,engine_hpc,0.969,0.001,healthy,158,0
AC-013,6,engine_hpc,0.963,0.001,healthy,157,0
AC-013,7,engine_hpc,0.957,0.002,healthy,156,0
AC-013,8,engine_hpc,0.951,0.002,healthy,155,0
AC-013,9,engine_hpc,0.945,0.003,healthy,154,0
AC-013,10,engine_hpc,0.939,0.004,healthy,153,0
AC-013,11,engine_hpc,0.933,0.005,healthy,152,0
AC-013,12,engine_hpc,0.926,0.005,healthy,151,0
AC-013,13,engine_hpc,0.92,0.006,healthy,150,0
AC-013,14,engine_hpc,0.914,0.007,healthy,149,0
AC-013,15,engine_hpc,0.908,0.008,healthy,148,0
AC-013,16,engine_hpc,0.902,0.01,healthy,147,0
AC-013,17,engine_hpc,0.896,0.011,healthy,146,0
AC-013,18,engine_hpc,0.89,0.012,healthy,145,0
AC-013,19,engine_hpc,0.883,0.014,healthy,144,0
AC-013,20,engine_hpc,0.877,0.015,healthy,143,0
AC-013,21,engine_hpc,0.871,0.017,healthy,142,0
AC-013,22,engine_hpc,0.865,0.018,healthy,141,0
AC-013,23,engine_hpc,0.859,0.02,healthy,140,0
AC-013,24,engine_hpc,0.853,0.022,healthy,139,0
AC-013,25,engine_hpc,0.847,0.024,healthy,138,0
AC-013,26,engine_hpc,0.84,0.025,healthy,137,0
AC-013,27,engine_hpc,0.834,0.027,healthy,136,0
AC-013,28,engine_hpc,0.828,0.03,healthy,135,0
AC-013,29,engine_hpc,0.822,0.032,healthy,134,0
AC-013,30,engine_hpc,0.816,0.034,healthy,133,0
AC-013,31,engine_hpc,0.81,0.036,healthy,132,0
AC-013,32,engine_hpc,0.804,0.039,healthy,131,0
AC-013,33,engine_hpc,0.798,0.041,healthy,130,0
AC-013,34,engine_hpc,0.791,0.044,healthy,129,0
AC-013,35,engine_hpc,0.785,0.046,healthy,128,0
AC-013,36,engine_hpc,0.779,0.049,healthy,127,0
AC-013,37,engine_hpc,0.773,0.052,healthy,126,0
AC-013,38,engine_hpc,0.767,0.054,healthy,125,0
AC-013,39,engine_hpc,0.761,0.057,healthy,124,0
AC-013,40,engine_hpc,0.755,0.06,healthy,123,0
AC-013,41,engine_hpc,0.748,0.063,healthy,122,0
AC-013,42,engine_hpc,0.742,0.066,healthy,121,0
AC-013,43,engine_hpc,0.736,0.07,healthy,120,0
AC-013,44,engine_hpc,0.73,0.073,healthy,119,0
AC-013,45,engine_hpc,0.724,0.076,healthy,118,0
AC-013,46,engine_hpc,0.718,0.08,healthy,117,0
AC-013,47,engine_hpc,0.712,0.083,healthy,116,0
AC-013,48,engine_hpc,0.706,0.087,healthy,115,0
AC-013,49,engine_hpc,0.699,0.09,healthy,114,0
AC-013,50,engine_hpc,0.693,0.094,healthy,113,0
AC-013,51,engine_hpc,0.687,0.098,healthy,112,0
AC-013,52,engine_hpc,0.681,0.102,healthy,111,0
AC-013,53,engine_hpc,0.675,0.106,healthy,110,0
AC-013,54,engine_hpc,0.669,0.11,healthy,109,0
AC-013,55,engine_hpc,0.663,0.114,healthy,108,0
AC-013,56,engine_hpc,0.656,0.118,healthy,107,0
AC-013,57,engine_hpc,0.65,0.122,healthy,106,0
AC-013,58,engine_hpc,0.644,0.127,healthy,105,0
AC-013,59,engine_hpc,0.638,0.131,healthy,104,0
AC-013,60,engine_hpc,0.632,0.135,healthy,103,0
AC-013,61,engine_hpc,0.626,0.14,healthy,102,0
AC-013,62,engine_hpc,0.62,0.145,healthy,101,0
AC-013,63,engine_hpc,0.613,0.149,healthy,100,0
AC-013,64,engine_hpc,0.607,0.154,healthy,99,0
AC-013,65,engine_hpc,0.601,0.159,healthy,98,0
AC-013,66,engine_hpc,0.595,0.164,healthy,97,0
AC-013,67,engine_hpc,0.589,0.169,healthy,96,0
AC-013,68,engine_hpc,0.583,0.174,healthy,95,0
AC-013,69,engine_hpc,0.577,0.179,healthy,94,0
AC-013,70,engine_hpc,0.571,0.184,healthy,93,0
AC-013,71,engine_hpc,0.564,0.19,healthy,92,0
AC-013,72,engine_hpc,0.558,0.195,healthy,91,0
AC-013,73,engine_hpc,0.552,0.201,healthy,90,0
AC-013,74,engine_hpc,0.546,0.206,healthy,89,0
AC-013,75,engine_hpc,0.54,0.212,healthy,88,0
AC-013,76,engine_hpc,0.534,0.217,healthy,87,0
AC-013,77,engine_hpc,0.528,0.223,healthy,86,0
AC-013,78,engine_hpc,0.521,0.229,healthy,85,0
AC-013,79,engine_hpc,0.515,0.235,healthy,84,0
AC-013,80,engine_hpc,0.509,0.241,healthy,83,0
AC-013,81,engine_hpc,0.503,0.247,healthy,82,0
AC-013,82,engine_hpc,0.497,0.253,degraded,81,0
AC-013,83,engine_hpc,0.491,0.259,degraded,80,0
AC-013,84,engine_hpc,0.485,0.266,degraded,79,0
AC-013,85,engine_hpc,0.479,0.272,degraded,78,0
AC-013,86,engine_hpc,0.472,0.278,degraded,77,0
AC-013,87,engine_hpc,0.466,0.285,degraded,76,0
AC-013,88,engine_hpc,0.46,0.291,degraded,75,0
AC-013,89,engine_hpc,0.454,0.298,degraded,74,0
AC-013,90,engine_hpc,0.448,0.305,degraded,73,0
AC-013,91,engine_hpc,0.442,0.312,degraded,72,0
AC-013,92,engine_hpc,0.436,0.319,degraded,71,0
AC-013,93,engine_hpc,0.429,0.326,degraded,70,0
AC-013,94,engine_hpc,0.423,0.333,degraded,69,0
AC-013,95,engine_hpc,0.417,0.34,degraded,68,0
AC-013,96,engine_hpc,0.411,0.347,degraded,67,0
AC-013,97,engine_hpc,0.405,0.354,degraded,66,0
AC-013,98,engine_hpc,0.399,0.361,degraded,65,0
AC-013,99,engine_hpc,0.393,0.369,degraded,64,0
AC-013,100,engine_hpc,0.387,0.376,degraded,63,0
AC-013,101,engine_hpc,0.38,0.384,degraded,62,0
AC-013,102,engine_hpc,0.374,0.392,degraded,61,0
AC-013,103,engine_hpc,0.368,0.399,degraded,60,0
AC-013,104,engine_hpc,0.362,0.407,degraded,59,0
AC-013,105,engine_hpc,0.356,0.415,degraded,58,0
AC-013,106,engine_hpc,0.35,0.423,degraded,57,0
AC-013,107,engine_hpc,0.344,0.431,degraded,56,0
AC-013,108,engine_hpc,0.337,0.439,degraded,55,0
AC-013,109,engine_hpc,0.331,0.447,degraded,54,0
AC-013,110,engine_hpc,0.325,0.455,degraded,53,0
AC-013,111,engine_hpc,0.319,0.464,degraded,52,0
AC-013,112,engine_hpc,0.313,0.472,degraded,51,0
AC-013,113,engine_hpc,0.307,0.481,degraded,50,0
AC-013,114,engine_hpc,0.301,0.489,degraded,49,0
AC-013,115,engine_hpc,0.294,0.498,degraded,48,0
AC-013,116,engine_hpc,0.288,0.506,degraded,47,0
AC-013,117,engine_hpc,0.282,0.515,degraded,46,0
AC-013,118,engine_hpc,0.276,0.524,degraded,45,0
AC-013,119,engine_hpc,0.27,0.533,degraded,44,0
AC-013,120,engine_hpc,0.264,0.542,degraded,43,0
AC-013,121,engine_hpc,0.258,0.551,degraded,42,0
AC-013,122,engine_hpc,0.252,0.56,degraded,41,0
AC-013,123,engine_hpc,0.245,0.569,degraded,40,0
AC-013,124,engine_hpc,0.239,0.579,degraded,39,0
AC-013,125,engine_hpc,0.233,0.588,degraded,38,0
AC-013,126,engine_hpc,0.227,0.598,degraded,37,0
AC-013,127,engine_hpc,0.221,0.607,degraded,36,0
AC-013,128,engine_hpc,0.215,0.617,degraded,35,0
AC-013,129,engine_hpc,0.209,0.626,degraded,34,0
AC-013,130,engine_hpc,0.202,0.636,degraded,33,0
AC-013,131,engine_hpc,0.196,0.646,degraded,32,0
AC-013,132,engine_hpc,0.19,0.656,degraded,31,0
AC-013,133,engine_hpc,0.184,0.666,degraded,30,1
AC-013,134,engine_hpc,0.178,0.676,degraded,29,1
AC-013,135,engine_hpc,0.172,0.686,degraded,28,1
AC-013,136,engine_hpc,0.166,0.696,degraded,27,1
AC-013,137,engine_hpc,0.16,0.706,degraded,26,1
AC-013,138,engine_hpc,0.153,0.717,degraded,25,1
AC-013,139,engine_hpc,0.147,0.727,severe,24,1
AC-013,140,engine_hpc,0.141,0.738,severe,23,1
AC-013,141,engine_hpc,0.135,0.748,severe,22,1
AC-013,142,engine_hpc,0.129,0.759,severe,21,1
AC-013,143,engine_hpc,0.123,0.77,severe,20,1
AC-013,144,engine_hpc,0.117,0.78,severe,19,1
AC-013,145,engine_hpc,0.11,0.791,severe,18,1
AC-013,146,engine_hpc,0.104,0.802,severe,17,1
AC-013,147,engine_hpc,0.098,0.813,severe,16,1
AC-013,148,engine_hpc,0.092,0.824,severe,15,1
AC-013,149,engine_hpc,0.086,0.836,severe,14,1
AC-013,150,engine_hpc,0.08,0.847,severe,13,1
AC-013,151,engine_hpc,0.074,0.858,severe,12,1
AC-013,152,engine_hpc,0.067,0.87,severe,11,1
AC-013,153,engine_hpc,0.061,0.881,severe,10,1
AC-013,154,engine_hpc,0.055,0.893,severe,9,1
AC-013,155,engine_hpc,0.049,0.904,severe,8,1
AC-013,156,engine_hpc,0.043,0.916,severe,7,1
AC-013,157,engine_hpc,0.037,0.928,severe,6,1
AC-013,158,engine_hpc,0.031,0.94,severe,5,1
AC-013,159,engine_hpc,0.025,0.952,severe,4,1
AC-013,160,engine_hpc,0.018,0.964,severe,3,1
AC-013,161,engine_hpc,0.012,0.976,severe,2,1
AC-013,162,engine_hpc,0.006,0.988,severe,1,1
AC-013,163,engine_hpc,0.0,1.0,severe,0,1
AC-017,1,engine_hpc,0.996,0.0,healthy,275,0
AC-017,2,engine_hpc,0.993,0.0,healthy,274,0
AC-017,3,engine_hpc,0.989,0.0,healthy,273,0
AC-017,4,engine_hpc,0.986,0.0,healthy,272,0
AC-017,5,engine_hpc,0.982,0.0,healthy,271,0
AC-017,6,engine_hpc,0.978,0.0,healthy,270,0
AC-017,7,engine_hpc,0.975,0.001,healthy,269,0
AC-017,8,engine_hpc,0.971,0.001,healthy,268,0
AC-017,9,engine_hpc,0.967,0.001,healthy,267,0
AC-017,10,engine_hpc,0.964,0.001,healthy,266,0
AC-017,11,engine_hpc,0.96,0.002,healthy,265,0
AC-017,12,engine_hpc,0.957,0.002,healthy,264,0
AC-017,13,engine_hpc,0.953,0.002,healthy,263,0
AC-017,14,engine_hpc,0.949,0.003,healthy,262,0
AC-017,15,engine_hpc,0.946,0.003,healthy,261,0
AC-017,16,engine_hpc,0.942,0.003,healthy,260,0
AC-017,17,engine_hpc,0.938,0.004,healthy,259,0
AC-017,18,engine_hpc,0.935,0.004,healthy,258,0
AC-017,19,engine_hpc,0.931,0.005,healthy,257,0
AC-017,20,engine_hpc,0.928,0.005,healthy,256,0
AC-017,21,engine_hpc,0.924,0.006,healthy,255,0
AC-017,22,engine_hpc,0.92,0.006,healthy,254,0
AC-017,23,engine_hpc,0.917,0.007,healthy,253,0
AC-017,24,engine_hpc,0.913,0.008,healthy,252,0
AC-017,25,engine_hpc,0.909,0.008,healthy,251,0
AC-017,26,engine_hpc,0.906,0.009,healthy,250,0
AC-017,27,engine_hpc,0.902,0.01,healthy,249,0
AC-017,28,engine_hpc,0.899,0.01,healthy,248,0
AC-017,29,engine_hpc,0.895,0.011,healthy,247,0
AC-017,30,engine_hpc,0.891,0.012,healthy,246,0
AC-017,31,engine_hpc,0.888,0.013,healthy,245,0
AC-017,32,engine_hpc,0.884,0.013,healthy,244,0
AC-017,33,engine_hpc,0.88,0.014,healthy,243,0
AC-017,34,engine_hpc,0.877,0.015,healthy,242,0
AC-017,35,engine_hpc,0.873,0.016,healthy,241,0
AC-017,36,engine_hpc,0.87,0.017,healthy,240,0
AC-017,37,engine_hpc,0.866,0.018,healthy,239,0
AC-017,38,engine_hpc,0.862,0.019,healthy,238,0
AC-017,39,engine_hpc,0.859,0.02,healthy,237,0
AC-017,40,engine_hpc,0.855,0.021,healthy,236,0
AC-017,41,engine_hpc,0.851,0.022,healthy,235,0
AC-017,42,engine_hpc,0.848,0.023,healthy,234,0
AC-017,43,engine_hpc,0.844,0.024,healthy,233,0
AC-017,44,engine_hpc,0.841,0.025,healthy,232,0
AC-017,45,engine_hpc,0.837,0.027,healthy,231,0
AC-017,46,engine_hpc,0.833,0.028,healthy,230,0
AC-017,47,engine_hpc,0.83,0.029,healthy,229,0
AC-017,48,engine_hpc,0.826,0.03,healthy,228,0
AC-017,49,engine_hpc,0.822,0.032,healthy,227,0
AC-017,50,engine_hpc,0.819,0.033,healthy,226,0
AC-017,51,engine_hpc,0.815,0.034,healthy,225,0
AC-017,52,engine_hpc,0.812,0.035,healthy,224,0
AC-017,53,engine_hpc,0.808,0.037,healthy,223,0
AC-017,54,engine_hpc,0.804,0.038,healthy,222,0
AC-017,55,engine_hpc,0.801,0.04,healthy,221,0
AC-017,56,engine_hpc,0.797,0.041,healthy,220,0
AC-017,57,engine_hpc,0.793,0.043,healthy,219,0
AC-017,58,engine_hpc,0.79,0.044,healthy,218,0
AC-017,59,engine_hpc,0.786,0.046,healthy,217,0
AC-017,60,engine_hpc,0.783,0.047,healthy,216,0
AC-017,61,engine_hpc,0.779,0.049,healthy,215,0
AC-017,62,engine_hpc,0.775,0.05,healthy,214,0
AC-017,63,engine_hpc,0.772,0.052,healthy,213,0
AC-017,64,engine_hpc,0.768,0.054,healthy,212,0
AC-017,65,engine_hpc,0.764,0.055,healthy,211,0
AC-017,66,engine_hpc,0.761,0.057,healthy,210,0
AC-017,67,engine_hpc,0.757,0.059,healthy,209,0
AC-017,68,engine_hpc,0.754,0.061,healthy,208,0
AC-017,69,engine_hpc,0.75,0.062,healthy,207,0
AC-017,70,engine_hpc,0.746,0.064,healthy,206,0
AC-017,71,engine_hpc,0.743,0.066,healthy,205,0
AC-017,72,engine_hpc,0.739,0.068,healthy,204,0
AC-017,73,engine_hpc,0.736,0.07,healthy,203,0
AC-017,74,engine_hpc,0.732,0.072,healthy,202,0
AC-017,75,engine_hpc,0.728,0.074,healthy,201,0
AC-017,76,engine_hpc,0.725,0.076,healthy,200,0
AC-017,77,engine_hpc,0.721,0.078,healthy,199,0
AC-017,78,engine_hpc,0.717,0.08,healthy,198,0
AC-017,79,engine_hpc,0.714,0.082,healthy,197,0
AC-017,80,engine_hpc,0.71,0.084,healthy,196,0
AC-017,81,engine_hpc,0.707,0.086,healthy,195,0
AC-017,82,engine_hpc,0.703,0.088,healthy,194,0
AC-017,83,engine_hpc,0.699,0.09,healthy,193,0
AC-017,84,engine_hpc,0.696,0.093,healthy,192,0
AC-017,85,engine_hpc,0.692,0.095,healthy,191,0
AC-017,86,engine_hpc,0.688,0.097,healthy,190,0
AC-017,87,engine_hpc,0.685,0.099,healthy,189,0
AC-017,88,engine_hpc,0.681,0.102,healthy,188,0
AC-017,89,engine_hpc,0.678,0.104,healthy,187,0
AC-017,90,engine_hpc,0.674,0.106,healthy,186,0
AC-017,91,engine_hpc,0.67,0.109,healthy,185,0
AC-017,92,engine_hpc,0.667,0.111,healthy,184,0
AC-017,93,engine_hpc,0.663,0.114,healthy,183,0
AC-017,94,engine_hpc,0.659,0.116,healthy,182,0
AC-017,95,engine_hpc,0.656,0.118,healthy,181,0
AC-017,96,engine_hpc,0.652,0.121,healthy,180,0
AC-017,97,engine_hpc,0.649,0.124,healthy,179,0
AC-017,98,engine_hpc,0.645,0.126,healthy,178,0
AC-017,99,engine_hpc,0.641,0.129,healthy,177,0
AC-017,100,engine_hpc,0.638,0.131,healthy,176,0
AC-017,101,engine_hpc,0.634,0.134,healthy,175,0
AC-017,102,engine_hpc,0.63,0.137,healthy,174,0
AC-017,103,engine_hpc,0.627,0.139,healthy,173,0
AC-017,104,engine_hpc,0.623,0.142,healthy,172,0
AC-017,105,engine_hpc,0.62,0.145,healthy,171,0
AC-017,106,engine_hpc,0.616,0.148,healthy,170,0
AC-017,107,engine_hpc,0.612,0.15,healthy,169,0
AC-017,108,engine_hpc,0.609,0.153,healthy,168,0
AC-017,109,engine_hpc,0.605,0.156,healthy,167,0
AC-017,110,engine_hpc,0.601,0.159,healthy,166,0
AC-017,111,engine_hpc,0.598,0.162,healthy,165,0
AC-017,112,engine_hpc,0.594,0.165,healthy,164,0
AC-017,113,engine_hpc,0.591,0.168,healthy,163,0
AC-017,114,engine_hpc,0.587,0.171,healthy,162,0
AC-017,115,engine_hpc,0.583,0.174,healthy,161,0
AC-017,116,engine_hpc,0.58,0.177,healthy,160,0
AC-017,117,engine_hpc,0.576,0.18,healthy,159,0
AC-017,118,engine_hpc,0.572,0.183,healthy,158,0
AC-017,119,engine_hpc,0.569,0.186,healthy,157,0
AC-017,120,engine_hpc,0.565,0.189,healthy,156,0
AC-017,121,engine_hpc,0.562,0.192,healthy,155,0
AC-017,122,engine_hpc,0.558,0.195,healthy,154,0
AC-017,123,engine_hpc,0.554,0.199,healthy,153,0
AC-017,124,engine_hpc,0.551,0.202,healthy,152,0
AC-017,125,engine_hpc,0.547,0.205,healthy,151,0
AC-017,126,engine_hpc,0.543,0.208,healthy,150,0
AC-017,127,engine_hpc,0.54,0.212,healthy,149,0
AC-017,128,engine_hpc,0.536,0.215,healthy,148,0
AC-017,129,engine_hpc,0.533,0.218,healthy,147,0
AC-017,130,engine_hpc,0.529,0.222,healthy,146,0
AC-017,131,engine_hpc,0.525,0.225,healthy,145,0
AC-017,132,engine_hpc,0.522,0.229,healthy,144,0
AC-017,133,engine_hpc,0.518,0.232,healthy,143,0
AC-017,134,engine_hpc,0.514,0.236,healthy,142,0
AC-017,135,engine_hpc,0.511,0.239,healthy,141,0
AC-017,136,engine_hpc,0.507,0.243,healthy,140,0
AC-017,137,engine_hpc,0.504,0.246,healthy,139,0
AC-017,138,engine_hpc,0.5,0.25,degraded,138,0
AC-017,139,engine_hpc,0.496,0.254,degraded,137,0
AC-017,140,engine_hpc,0.493,0.257,degraded,136,0
AC-017,141,engine_hpc,0.489,0.261,degraded,135,0
AC-017,142,engine_hpc,0.486,0.265,degraded,134,0
AC-017,143,engine_hpc,0.482,0.268,degraded,133,0
AC-017,144,engine_hpc,0.478,0.272,degraded,132,0
AC-017,145,engine_hpc,0.475,0.276,degraded,131,0
AC-017,146,engine_hpc,0.471,0.28,degraded,130,0
AC-017,147,engine_hpc,0.467,0.284,degraded,129,0
AC-017,148,engine_hpc,0.464,0.288,degraded,128,0
AC-017,149,engine_hpc,0.46,0.291,degraded,127,0
AC-017,150,engine_hpc,0.457,0.295,degraded,126,0
AC-017,151,engine_hpc,0.453,0.299,degraded,125,0
AC-017,152,engine_hpc,0.449,0.303,degraded,124,0
AC-017,153,engine_hpc,0.446,0.307,degraded,123,0
AC-017,154,engine_hpc,0.442,0.311,degraded,122,0
AC-017,155,engine_hpc,0.438,0.315,degraded,121,0
AC-017,156,engine_hpc,0.435,0.319,degraded,120,0
AC-017,157,engine_hpc,0.431,0.324,degraded,119,0
AC-017,158,engine_hpc,0.428,0.328,degraded,118,0
AC-017,159,engine_hpc,0.424,0.332,degraded,117,0
AC-017,160,engine_hpc,0.42,0.336,degraded,116,0
AC-017,161,engine_hpc,0.417,0.34,degraded,115,0
AC-017,162,engine_hpc,0.413,0.345,degraded,114,0
AC-017,163,engine_hpc,0.409,0.349,degraded,113,0
AC-017,164,engine_hpc,0.406,0.353,degraded,112,0
AC-017,165,engine_hpc,0.402,0.357,degraded,111,0
AC-017,166,engine_hpc,0.399,0.362,degraded,110,0
AC-017,167,engine_hpc,0.395,0.366,degraded,109,0
AC-017,168,engine_hpc,0.391,0.371,degraded,108,0
AC-017,169,engine_hpc,0.388,0.375,degraded,107,0
AC-017,170,engine_hpc,0.384,0.379,degraded,106,0
AC-017,171,engine_hpc,0.38,0.384,degraded,105,0
AC-017,172,engine_hpc,0.377,0.388,degraded,104,0
AC-017,173,engine_hpc,0.373,0.393,degraded,103,0
AC-017,174,engine_hpc,0.37,0.397,degraded,102,0
AC-017,175,engine_hpc,0.366,0.402,degraded,101,0
AC-017,176,engine_hpc,0.362,0.407,degraded,100,0
AC-017,177,engine_hpc,0.359,0.411,degraded,99,0
AC-017,178,engine_hpc,0.355,0.416,degraded,98,0
AC-017,179,engine_hpc,0.351,0.421,degraded,97,0
AC-017,180,engine_hpc,0.348,0.425,degraded,96,0
AC-017,181,engine_hpc,0.344,0.43,degraded,95,0
AC-017,182,engine_hpc,0.341,0.435,degraded,94,0
AC-017,183,engine_hpc,0.337,0.44,degraded,93,0
AC-017,184,engine_hpc,0.333,0.444,degraded,92,0
AC-017,185,engine_hpc,0.33,0.449,degraded,91,0
AC-017,186,engine_hpc,0.326,0.454,degraded,90,0
AC-017,187,engine_hpc,0.322,0.459,degraded,89,0
AC-017,188,engine_hpc,0.319,0.464,degraded,88,0
AC-017,189,engine_hpc,0.315,0.469,degraded,87,0
AC-017,190,engine_hpc,0.312,0.474,degraded,86,0
AC-017,191,engine_hpc,0.308,0.479,degraded,85,0
AC-017,192,engine_hpc,0.304,0.484,degraded,84,0
AC-017,193,engine_hpc,0.301,0.489,degraded,83,0
AC-017,194,engine_hpc,0.297,0.494,degraded,82,0
AC-017,195,engine_hpc,0.293,0.499,degraded,81,0
AC-017,196,engine_hpc,0.29,0.504,degraded,80,0
AC-017,197,engine_hpc,0.286,0.509,degraded,79,0
AC-017,198,engine_hpc,0.283,0.515,degraded,78,0
AC-017,199,engine_hpc,0.279,0.52,degraded,77,0
AC-017,200,engine_hpc,0.275,0.525,degraded,76,0
AC-017,201,engine_hpc,0.272,0.53,degraded,75,0
AC-017,202,engine_hpc,0.268,0.536,degraded,74,0
AC-017,203,engine_hpc,0.264,0.541,degraded,73,0
AC-017,204,engine_hpc,0.261,0.546,degraded,72,0
AC-017,205,engine_hpc,0.257,0.552,degraded,71,0
AC-017,206,engine_hpc,0.254,0.557,degraded,70,0
AC-017,207,engine_hpc,0.25,0.562,degraded,69,0
AC-017,208,engine_hpc,0.246,0.568,degraded,68,0
AC-017,209,engine_hpc,0.243,0.573,degraded,67,0
AC-017,210,engine_hpc,0.239,0.579,degraded,66,0
AC-017,211,engine_hpc,0.236,0.584,degraded,65,0
AC-017,212,engine_hpc,0.232,0.59,degraded,64,0
AC-017,213,engine_hpc,0.228,0.596,degraded,63,0
AC-017,214,engine_hpc,0.225,0.601,degraded,62,0
AC-017,215,engine_hpc,0.221,0.607,degraded,61,0
AC-017,216,engine_hpc,0.217,0.612,degraded,60,0
AC-017,217,engine_hpc,0.214,0.618,degraded,59,0
AC-017,218,engine_hpc,0.21,0.624,degraded,58,0
AC-017,219,engine_hpc,0.207,0.63,degraded,57,0
AC-017,220,engine_hpc,0.203,0.635,degraded,56,0
AC-017,221,engine_hpc,0.199,0.641,degraded,55,0
AC-017,222,engine_hpc,0.196,0.647,degraded,54,0
AC-017,223,engine_hpc,0.192,0.653,degraded,53,0
AC-017,224,engine_hpc,0.188,0.659,degraded,52,0
AC-017,225,engine_hpc,0.185,0.665,degraded,51,0
AC-017,226,engine_hpc,0.181,0.67,degraded,50,0
AC-017,227,engine_hpc,0.178,0.676,degraded,49,0
AC-017,228,engine_hpc,0.174,0.682,degraded,48,0
AC-017,229,engine_hpc,0.17,0.688,degraded,47,0
AC-017,230,engine_hpc,0.167,0.694,degraded,46,0
AC-017,231,engine_hpc,0.163,0.7,degraded,45,0
AC-017,232,engine_hpc,0.159,0.707,degraded,44,0
AC-017,233,engine_hpc,0.156,0.713,degraded,43,0
AC-017,234,engine_hpc,0.152,0.719,degraded,42,0
AC-017,235,engine_hpc,0.149,0.725,severe,41,0
AC-017,236,engine_hpc,0.145,0.731,severe,40,0
AC-017,237,engine_hpc,0.141,0.737,severe,39,0
AC-017,238,engine_hpc,0.138,0.744,severe,38,0
AC-017,239,engine_hpc,0.134,0.75,severe,37,0
AC-017,240,engine_hpc,0.13,0.756,severe,36,0
AC-017,241,engine_hpc,0.127,0.762,severe,35,0
AC-017,242,engine_hpc,0.123,0.769,severe,34,0
AC-017,243,engine_hpc,0.12,0.775,severe,33,0
AC-017,244,engine_hpc,0.116,0.782,severe,32,0
AC-017,245,engine_hpc,0.112,0.788,severe,31,0
AC-017,246,engine_hpc,0.109,0.794,severe,30,1
AC-017,247,engine_hpc,0.105,0.801,severe,29,1
AC-017,248,engine_hpc,0.101,0.807,severe,28,1
AC-017,249,engine_hpc,0.098,0.814,severe,27,1
AC-017,250,engine_hpc,0.094,0.82,severe,26,1
AC-017,251,engine_hpc,0.091,0.827,severe,25,1
AC-017,252,engine_hpc,0.087,0.834,severe,24,1
AC-017,253,engine_hpc,0.083,0.84,severe,23,1
AC-017,254,engine_hpc,0.08,0.847,severe,22,1
AC-017,255,engine_hpc,0.076,0.854,severe,21,1
AC-017,256,engine_hpc,0.072,0.86,severe,20,1
AC-017,257,engine_hpc,0.069,0.867,severe,19,1
AC-017,258,engine_hpc,0.065,0.874,severe,18,1
AC-017,259,engine_hpc,0.062,0.881,severe,17,1
AC-017,260,engine_hpc,0.058,0.887,severe,16,1
AC-017,261,engine_hpc,0.054,0.894,severe,15,1
AC-017,262,engine_hpc,0.051,0.901,severe,14,1
AC-017,263,engine_hpc,0.047,0.908,severe,13,1
AC-017,264,engine_hpc,0.043,0.915,severe,12,1
AC-017,265,engine_hpc,0.04,0.922,severe,11,1
AC-017,266,engine_hpc,0.036,0.929,severe,10,1
AC-017,267,engine_hpc,0.033,0.936,severe,9,1
AC-017,268,engine_hpc,0.029,0.943,severe,8,1
AC-017,269,engine_hpc,0.025,0.95,severe,7,1
AC-017,270,engine_hpc,0.022,0.957,severe,6,1
AC-017,271,engine_hpc,0.018,0.964,severe,5,1
AC-017,272,engine_hpc,0.014,0.971,severe,4,1
AC-017,273,engine_hpc,0.011,0.978,severe,3,1
AC-017,274,engine_hpc,0.007,0.986,severe,2,1
AC-017,275,engine_hpc,0.004,0.993,severe,1,1
AC-017,276,engine_hpc,0.0,1.0,severe,0,1
AC-018,1,engine_hpc,0.995,0.0,healthy,194,0
AC-018,2,engine_hpc,0.99,0.0,healthy,193,0
AC-018,3,engine_hpc,0.985,0.0,healthy,192,0
AC-018,4,engine_hpc,0.979,0.0,healthy,191,0
AC-018,5,engine_hpc,0.974,0.001,healthy,190,0
AC-018,6,engine_hpc,0.969,0.001,healthy,189,0
AC-018,7,engine_hpc,0.964,0.001,healthy,188,0
AC-018,8,engine_hpc,0.959,0.002,healthy,187,0
AC-018,9,engine_hpc,0.954,0.002,healthy,186,0
AC-018,10,engine_hpc,0.949,0.003,healthy,185,0
AC-018,11,engine_hpc,0.944,0.003,healthy,184,0
AC-018,12,engine_hpc,0.938,0.004,healthy,183,0
AC-018,13,engine_hpc,0.933,0.004,healthy,182,0
AC-018,14,engine_hpc,0.928,0.005,healthy,181,0
AC-018,15,engine_hpc,0.923,0.006,healthy,180,0
AC-018,16,engine_hpc,0.918,0.007,healthy,179,0
AC-018,17,engine_hpc,0.913,0.008,healthy,178,0
AC-018,18,engine_hpc,0.908,0.009,healthy,177,0
AC-018,19,engine_hpc,0.903,0.009,healthy,176,0
AC-018,20,engine_hpc,0.897,0.011,healthy,175,0
AC-018,21,engine_hpc,0.892,0.012,healthy,174,0
AC-018,22,engine_hpc,0.887,0.013,healthy,173,0
AC-018,23,engine_hpc,0.882,0.014,healthy,172,0
AC-018,24,engine_hpc,0.877,0.015,healthy,171,0
AC-018,25,engine_hpc,0.872,0.016,healthy,170,0
AC-018,26,engine_hpc,0.867,0.018,healthy,169,0
AC-018,27,engine_hpc,0.862,0.019,healthy,168,0
AC-018,28,engine_hpc,0.856,0.021,healthy,167,0
AC-018,29,engine_hpc,0.851,0.022,healthy,166,0
AC-018,30,engine_hpc,0.846,0.024,healthy,165,0
AC-018,31,engine_hpc,0.841,0.025,healthy,164,0
AC-018,32,engine_hpc,0.836,0.027,healthy,163,0
AC-018,33,engine_hpc,0.831,0.029,healthy,162,0
AC-018,34,engine_hpc,0.826,0.03,healthy,161,0
AC-018,35,engine_hpc,0.821,0.032,healthy,160,0
AC-018,36,engine_hpc,0.815,0.034,healthy,159,0
AC-018,37,engine_hpc,0.81,0.036,healthy,158,0
AC-018,38,engine_hpc,0.805,0.038,healthy,157,0
AC-018,39,engine_hpc,0.8,0.04,healthy,156,0
AC-018,40,engine_hpc,0.795,0.042,healthy,155,0
AC-018,41,engine_hpc,0.79,0.044,healthy,154,0
AC-018,42,engine_hpc,0.785,0.046,healthy,153,0
AC-018,43,engine_hpc,0.779,0.049,healthy,152,0
AC-018,44,engine_hpc,0.774,0.051,healthy,151,0
AC-018,45,engine_hpc,0.769,0.053,healthy,150,0
AC-018,46,engine_hpc,0.764,0.056,healthy,149,0
AC-018,47,engine_hpc,0.759,0.058,healthy,148,0
AC-018,48,engine_hpc,0.754,0.061,healthy,147,0
AC-018,49,engine_hpc,0.749,0.063,healthy,146,0
AC-018,50,engine_hpc,0.744,0.066,healthy,145,0
AC-018,51,engine_hpc,0.738,0.068,healthy,144,0
AC-018,52,engine_hpc,0.733,0.071,healthy,143,0
AC-018,53,engine_hpc,0.728,0.074,healthy,142,0
AC-018,54,engine_hpc,0.723,0.077,healthy,141,0
AC-018,55,engine_hpc,0.718,0.08,healthy,140,0
AC-018,56,engine_hpc,0.713,0.082,healthy,139,0
AC-018,57,engine_hpc,0.708,0.085,healthy,138,0
AC-018,58,engine_hpc,0.703,0.088,healthy,137,0
AC-018,59,engine_hpc,0.697,0.092,healthy,136,0
AC-018,60,engine_hpc,0.692,0.095,healthy,135,0
AC-018,61,engine_hpc,0.687,0.098,healthy,134,0
AC-018,62,engine_hpc,0.682,0.101,healthy,133,0
AC-018,63,engine_hpc,0.677,0.104,healthy,132,0
AC-018,64,engine_hpc,0.672,0.108,healthy,131,0
AC-018,65,engine_hpc,0.667,0.111,healthy,130,0
AC-018,66,engine_hpc,0.662,0.115,healthy,129,0
AC-018,67,engine_hpc,0.656,0.118,healthy,128,0
AC-018,68,engine_hpc,0.651,0.122,healthy,127,0
AC-018,69,engine_hpc,0.646,0.125,healthy,126,0
AC-018,70,engine_hpc,0.641,0.129,healthy,125,0
AC-018,71,engine_hpc,0.636,0.133,healthy,124,0
AC-018,72,engine_hpc,0.631,0.136,healthy,123,0
AC-018,73,engine_hpc,0.626,0.14,healthy,122,0
AC-018,74,engine_hpc,0.621,0.144,healthy,121,0
AC-018,75,engine_hpc,0.615,0.148,healthy,120,0
AC-018,76,engine_hpc,0.61,0.152,healthy,119,0
AC-018,77,engine_hpc,0.605,0.156,healthy,118,0
AC-018,78,engine_hpc,0.6,0.16,healthy,117,0
AC-018,79,engine_hpc,0.595,0.164,healthy,116,0
AC-018,80,engine_hpc,0.59,0.168,healthy,115,0
AC-018,81,engine_hpc,0.585,0.173,healthy,114,0
AC-018,82,engine_hpc,0.579,0.177,healthy,113,0
AC-018,83,engine_hpc,0.574,0.181,healthy,112,0
AC-018,84,engine_hpc,0.569,0.186,healthy,111,0
AC-018,85,engine_hpc,0.564,0.19,healthy,110,0
AC-018,86,engine_hpc,0.559,0.195,healthy,109,0
AC-018,87,engine_hpc,0.554,0.199,healthy,108,0
AC-018,88,engine_hpc,0.549,0.204,healthy,107,0
AC-018,89,engine_hpc,0.544,0.208,healthy,106,0
AC-018,90,engine_hpc,0.538,0.213,healthy,105,0
AC-018,91,engine_hpc,0.533,0.218,healthy,104,0
AC-018,92,engine_hpc,0.528,0.223,healthy,103,0
AC-018,93,engine_hpc,0.523,0.227,healthy,102,0
AC-018,94,engine_hpc,0.518,0.232,healthy,101,0
AC-018,95,engine_hpc,0.513,0.237,healthy,100,0
AC-018,96,engine_hpc,0.508,0.242,healthy,99,0
AC-018,97,engine_hpc,0.503,0.247,healthy,98,0
AC-018,98,engine_hpc,0.497,0.253,degraded,97,0
AC-018,99,engine_hpc,0.492,0.258,degraded,96,0
AC-018,100,engine_hpc,0.487,0.263,degraded,95,0
AC-018,101,engine_hpc,0.482,0.268,degraded,94,0
AC-018,102,engine_hpc,0.477,0.274,degraded,93,0
AC-018,103,engine_hpc,0.472,0.279,degraded,92,0
AC-018,104,engine_hpc,0.467,0.284,degraded,91,0
AC-018,105,engine_hpc,0.462,0.29,degraded,90,0
AC-018,106,engine_hpc,0.456,0.295,degraded,89,0
AC-018,107,engine_hpc,0.451,0.301,degraded,88,0
AC-018,108,engine_hpc,0.446,0.307,degraded,87,0
AC-018,109,engine_hpc,0.441,0.312,degraded,86,0
AC-018,110,engine_hpc,0.436,0.318,degraded,85,0
AC-018,111,engine_hpc,0.431,0.324,degraded,84,0
AC-018,112,engine_hpc,0.426,0.33,degraded,83,0
AC-018,113,engine_hpc,0.421,0.336,degraded,82,0
AC-018,114,engine_hpc,0.415,0.342,degraded,81,0
AC-018,115,engine_hpc,0.41,0.348,degraded,80,0
AC-018,116,engine_hpc,0.405,0.354,degraded,79,0
AC-018,117,engine_hpc,0.4,0.36,degraded,78,0
AC-018,118,engine_hpc,0.395,0.366,degraded,77,0
AC-018,119,engine_hpc,0.39,0.372,degraded,76,0
AC-018,120,engine_hpc,0.385,0.379,degraded,75,0
AC-018,121,engine_hpc,0.379,0.385,degraded,74,0
AC-018,122,engine_hpc,0.374,0.391,degraded,73,0
AC-018,123,engine_hpc,0.369,0.398,degraded,72,0
AC-018,124,engine_hpc,0.364,0.404,degraded,71,0
AC-018,125,engine_hpc,0.359,0.411,degraded,70,0
AC-018,126,engine_hpc,0.354,0.418,degraded,69,0
AC-018,127,engine_hpc,0.349,0.424,degraded,68,0
AC-018,128,engine_hpc,0.344,0.431,degraded,67,0
AC-018,129,engine_hpc,0.338,0.438,degraded,66,0
AC-018,130,engine_hpc,0.333,0.444,degraded,65,0
AC-018,131,engine_hpc,0.328,0.451,degraded,64,0
AC-018,132,engine_hpc,0.323,0.458,degraded,63,0
AC-018,133,engine_hpc,0.318,0.465,degraded,62,0
AC-018,134,engine_hpc,0.313,0.472,degraded,61,0
AC-018,135,engine_hpc,0.308,0.479,degraded,60,0
AC-018,136,engine_hpc,0.303,0.486,degraded,59,0
AC-018,137,engine_hpc,0.297,0.494,degraded,58,0
AC-018,138,engine_hpc,0.292,0.501,degraded,57,0
AC-018,139,engine_hpc,0.287,0.508,degraded,56,0
AC-018,140,engine_hpc,0.282,0.515,degraded,55,0
AC-018,141,engine_hpc,0.277,0.523,degraded,54,0
AC-018,142,engine_hpc,0.272,0.53,degraded,53,0
AC-018,143,engine_hpc,0.267,0.538,degraded,52,0
AC-018,144,engine_hpc,0.262,0.545,degraded,51,0
AC-018,145,engine_hpc,0.256,0.553,degraded,50,0
AC-018,146,engine_hpc,0.251,0.561,degraded,49,0
AC-018,147,engine_hpc,0.246,0.568,degraded,48,0
AC-018,148,engine_hpc,0.241,0.576,degraded,47,0
AC-018,149,engine_hpc,0.236,0.584,degraded,46,0
AC-018,150,engine_hpc,0.231,0.592,degraded,45,0
AC-018,151,engine_hpc,0.226,0.6,degraded,44,0
AC-018,152,engine_hpc,0.221,0.608,degraded,43,0
AC-018,153,engine_hpc,0.215,0.616,degraded,42,0
AC-018,154,engine_hpc,0.21,0.624,degraded,41,0
AC-018,155,engine_hpc,0.205,0.632,degraded,40,0
AC-018,156,engine_hpc,0.2,0.64,degraded,39,0
AC-018,157,engine_hpc,0.195,0.648,degraded,38,0
AC-018,158,engine_hpc,0.19,0.657,degraded,37,0
AC-018,159,engine_hpc,0.185,0.665,degraded,36,0
AC-018,160,engine_hpc,0.179,0.673,degraded,35,0
AC-018,161,engine_hpc,0.174,0.682,degraded,34,0
AC-018,162,engine_hpc,0.169,0.69,degraded,33,0
AC-018,163,engine_hpc,0.164,0.699,degraded,32,0
AC-018,164,engine_hpc,0.159,0.707,degraded,31,0
AC-018,165,engine_hpc,0.154,0.716,degraded,30,1
AC-018,166,engine_hpc,0.149,0.725,severe,29,1
AC-018,167,engine_hpc,0.144,0.733,severe,28,1
AC-018,168,engine_hpc,0.138,0.742,severe,27,1
AC-018,169,engine_hpc,0.133,0.751,severe,26,1
AC-018,170,engine_hpc,0.128,0.76,severe,25,1
AC-018,171,engine_hpc,0.123,0.769,severe,24,1
AC-018,172,engine_hpc,0.118,0.778,severe,23,1
AC-018,173,engine_hpc,0.113,0.787,severe,22,1
AC-018,174,engine_hpc,0.108,0.796,severe,21,1
AC-018,175,engine_hpc,0.103,0.805,severe,20,1
AC-018,176,engine_hpc,0.097,0.815,severe,19,1
AC-018,177,engine_hpc,0.092,0.824,severe,18,1
AC-018,178,engine_hpc,0.087,0.833,severe,17,1
AC-018,179,engine_hpc,0.082,0.843,severe,16,1
AC-018,180,engine_hpc,0.077,0.852,severe,15,1
AC-018,181,engine_hpc,0.072,0.862,severe,14,1
AC-018,182,engine_hpc,0.067,0.871,severe,13,1
AC-018,183,engine_hpc,0.062,0.881,severe,12,1
AC-018,184,engine_hpc,0.056,0.89,severe,11,1
AC-018,185,engine_hpc,0.051,0.9,severe,10,1
AC-018,186,engine_hpc,0.046,0.91,severe,9,1
AC-018,187,engine_hpc,0.041,0.92,severe,8,1
AC-018,188,engine_hpc,0.036,0.929,severe,7,1
AC-018,189,engine_hpc,0.031,0.939,severe,6,1
AC-018,190,engine_hpc,0.026,0.949,severe,5,1
AC-018,191,engine_hpc,0.021,0.959,severe,4,1
AC-018,192,engine_hpc,0.015,0.969,severe,3,1
AC-018,193,engine_hpc,0.01,0.98,severe,2,1
AC-018,194,engine_hpc,0.005,0.99,severe,1,1
AC-018,195,engine_hpc,0.0,1.0,severe,0,1
AC-021,1,engine_hpc,0.995,0.0,healthy,194,0
AC-021,2,engine_hpc,0.99,0.0,healthy,193,0
AC-021,3,engine_hpc,0.985,0.0,healthy,192,0
AC-021,4,engine_hpc,0.979,0.0,healthy,191,0
AC-021,5,engine_hpc,0.974,0.001,healthy,190,0
AC-021,6,engine_hpc,0.969,0.001,healthy,189,0
AC-021,7,engine_hpc,0.964,0.001,healthy,188,0
AC-021,8,engine_hpc,0.959,0.002,healthy,187,0
AC-021,9,engine_hpc,0.954,0.002,healthy,186,0
AC-021,10,engine_hpc,0.949,0.003,healthy,185,0
AC-021,11,engine_hpc,0.944,0.003,healthy,184,0
AC-021,12,engine_hpc,0.938,0.004,healthy,183,0
AC-021,13,engine_hpc,0.933,0.004,healthy,182,0
AC-021,14,engine_hpc,0.928,0.005,healthy,181,0
AC-021,15,engine_hpc,0.923,0.006,healthy,180,0
AC-021,16,engine_hpc,0.918,0.007,healthy,179,0
AC-021,17,engine_hpc,0.913,0.008,healthy,178,0
AC-021,18,engine_hpc,0.908,0.009,healthy,177,0
AC-021,19,engine_hpc,0.903,0.009,healthy,176,0
AC-021,20,engine_hpc,0.897,0.011,healthy,175,0
AC-021,21,engine_hpc,0.892,0.012,healthy,174,0
AC-021,22,engine_hpc,0.887,0.013,healthy,173,0
AC-021,23,engine_hpc,0.882,0.014,healthy,172,0
AC-021,24,engine_hpc,0.877,0.015,healthy,171,0
AC-021,25,engine_hpc,0.872,0.016,healthy,170,0
AC-021,26,engine_hpc,0.867,0.018,healthy,169,0
AC-021,27,engine_hpc,0.862,0.019,healthy,168,0
AC-021,28,engine_hpc,0.856,0.021,healthy,167,0
AC-021,29,engine_hpc,0.851,0.022,healthy,166,0
AC-021,30,engine_hpc,0.846,0.024,healthy,165,0
AC-021,31,engine_hpc,0.841,0.025,healthy,164,0
AC-021,32,engine_hpc,0.836,0.027,healthy,163,0
AC-021,33,engine_hpc,0.831,0.029,healthy,162,0
AC-021,34,engine_hpc,0.826,0.03,healthy,161,0
AC-021,35,engine_hpc,0.821,0.032,healthy,160,0
AC-021,36,engine_hpc,0.815,0.034,healthy,159,0
AC-021,37,engine_hpc,0.81,0.036,healthy,158,0
AC-021,38,engine_hpc,0.805,0.038,healthy,157,0
AC-021,39,engine_hpc,0.8,0.04,healthy,156,0
AC-021,40,engine_hpc,0.795,0.042,healthy,155,0
AC-021,41,engine_hpc,0.79,0.044,healthy,154,0
AC-021,42,engine_hpc,0.785,0.046,healthy,153,0
AC-021,43,engine_hpc,0.779,0.049,healthy,152,0
AC-021,44,engine_hpc,0.774,0.051,healthy,151,0
AC-021,45,engine_hpc,0.769,0.053,healthy,150,0
AC-021,46,engine_hpc,0.764,0.056,healthy,149,0
AC-021,47,engine_hpc,0.759,0.058,healthy,148,0
AC-021,48,engine_hpc,0.754,0.061,healthy,147,0
AC-021,49,engine_hpc,0.749,0.063,healthy,146,0
AC-021,50,engine_hpc,0.744,0.066,healthy,145,0
AC-021,51,engine_hpc,0.738,0.068,healthy,144,0
AC-021,52,engine_hpc,0.733,0.071,healthy,143,0
AC-021,53,engine_hpc,0.728,0.074,healthy,142,0
AC-021,54,engine_hpc,0.723,0.077,healthy,141,0
AC-021,55,engine_hpc,0.718,0.08,healthy,140,0
AC-021,56,engine_hpc,0.713,0.082,healthy,139,0
AC-021,57,engine_hpc,0.708,0.085,healthy,138,0
AC-021,58,engine_hpc,0.703,0.088,healthy,137,0
AC-021,59,engine_hpc,0.697,0.092,healthy,136,0
AC-021,60,engine_hpc,0.692,0.095,healthy,135,0
AC-021,61,engine_hpc,0.687,0.098,healthy,134,0
AC-021,62,engine_hpc,0.682,0.101,healthy,133,0
AC-021,63,engine_hpc,0.677,0.104,healthy,132,0
AC-021,64,engine_hpc,0.672,0.108,healthy,131,0
AC-021,65,engine_hpc,0.667,0.111,healthy,130,0
AC-021,66,engine_hpc,0.662,0.115,healthy,129,0
AC-021,67,engine_hpc,0.656,0.118,healthy,128,0
AC-021,68,engine_hpc,0.651,0.122,healthy,127,0
AC-021,69,engine_hpc,0.646,0.125,healthy,126,0
AC-021,70,engine_hpc,0.641,0.129,healthy,125,0
AC-021,71,engine_hpc,0.636,0.133,healthy,124,0
AC-021,72,engine_hpc,0.631,0.136,healthy,123,0
AC-021,73,engine_hpc,0.626,0.14,healthy,122,0
AC-021,74,engine_hpc,0.621,0.144,healthy,121,0
AC-021,75,engine_hpc,0.615,0.148,healthy,120,0
AC-021,76,engine_hpc,0.61,0.152,healthy,119,0
AC-021,77,engine_hpc,0.605,0.156,healthy,118,0
AC-021,78,engine_hpc,0.6,0.16,healthy,117,0
AC-021,79,engine_hpc,0.595,0.164,healthy,116,0
AC-021,80,engine_hpc,0.59,0.168,healthy,115,0
AC-021,81,engine_hpc,0.585,0.173,healthy,114,0
AC-021,82,engine_hpc,0.579,0.177,healthy,113,0
AC-021,83,engine_hpc,0.574,0.181,healthy,112,0
AC-021,84,engine_hpc,0.569,0.186,healthy,111,0
AC-021,85,engine_hpc,0.564,0.19,healthy,110,0
AC-021,86,engine_hpc,0.559,0.195,healthy,109,0
AC-021,87,engine_hpc,0.554,0.199,healthy,108,0
AC-021,88,engine_hpc,0.549,0.204,healthy,107,0
AC-021,89,engine_hpc,0.544,0.208,healthy,106,0
AC-021,90,engine_hpc,0.538,0.213,healthy,105,0
AC-021,91,engine_hpc,0.533,0.218,healthy,104,0
AC-021,92,engine_hpc,0.528,0.223,healthy,103,0
AC-021,93,engine_hpc,0.523,0.227,healthy,102,0
AC-021,94,engine_hpc,0.518,0.232,healthy,101,0
AC-021,95,engine_hpc,0.513,0.237,healthy,100,0
AC-021,96,engine_hpc,0.508,0.242,healthy,99,0
AC-021,97,engine_hpc,0.503,0.247,healthy,98,0
AC-021,98,engine_hpc,0.497,0.253,degraded,97,0
AC-021,99,engine_hpc,0.492,0.258,degraded,96,0
AC-021,100,engine_hpc,0.487,0.263,degraded,95,0
AC-021,101,engine_hpc,0.482,0.268,degraded,94,0
AC-021,102,engine_hpc,0.477,0.274,degraded,93,0
AC-021,103,engine_hpc,0.472,0.279,degraded,92,0
AC-021,104,engine_hpc,0.467,0.284,degraded,91,0
AC-021,105,engine_hpc,0.462,0.29,degraded,90,0
AC-021,106,engine_hpc,0.456,0.295,degraded,89,0
AC-021,107,engine_hpc,0.451,0.301,degraded,88,0
AC-021,108,engine_hpc,0.446,0.307,degraded,87,0
AC-021,109,engine_hpc,0.441,0.312,degraded,86,0
AC-021,110,engine_hpc,0.436,0.318,degraded,85,0
AC-021,111,engine_hpc,0.431,0.324,degraded,84,0
AC-021,112,engine_hpc,0.426,0.33,degraded,83,0
AC-021,113,engine_hpc,0.421,0.336,degraded,82,0
AC-021,114,engine_hpc,0.415,0.342,degraded,81,0
AC-021,115,engine_hpc,0.41,0.348,degraded,80,0
AC-021,116,engine_hpc,0.405,0.354,degraded,79,0
AC-021,117,engine_hpc,0.4,0.36,degraded,78,0
AC-021,118,engine_hpc,0.395,0.366,degraded,77,0
AC-021,119,engine_hpc,0.39,0.372,degraded,76,0
AC-021,120,engine_hpc,0.385,0.379,degraded,75,0
AC-021,121,engine_hpc,0.379,0.385,degraded,74,0
AC-021,122,engine_hpc,0.374,0.391,degraded,73,0
AC-021,123,engine_hpc,0.369,0.398,degraded,72,0
AC-021,124,engine_hpc,0.364,0.404,degraded,71,0
AC-021,125,engine_hpc,0.359,0.411,degraded,70,0
AC-021,126,engine_hpc,0.354,0.418,degraded,69,0
AC-021,127,engine_hpc,0.349,0.424,degraded,68,0
AC-021,128,engine_hpc,0.344,0.431,degraded,67,0
AC-021,129,engine_hpc,0.338,0.438,degraded,66,0
AC-021,130,engine_hpc,0.333,0.444,degraded,65,0
AC-021,131,engine_hpc,0.328,0.451,degraded,64,0
AC-021,132,engine_hpc,0.323,0.458,degraded,63,0
AC-021,133,engine_hpc,0.318,0.465,degraded,62,0
AC-021,134,engine_hpc,0.313,0.472,degraded,61,0
AC-021,135,engine_hpc,0.308,0.479,degraded,60,0
AC-021,136,engine_hpc,0.303,0.486,degraded,59,0
AC-021,137,engine_hpc,0.297,0.494,degraded,58,0
AC-021,138,engine_hpc,0.292,0.501,degraded,57,0
AC-021,139,engine_hpc,0.287,0.508,degraded,56,0
AC-021,140,engine_hpc,0.282,0.515,degraded,55,0
AC-021,141,engine_hpc,0.277,0.523,degraded,54,0
AC-021,142,engine_hpc,0.272,0.53,degraded,53,0
AC-021,143,engine_hpc,0.267,0.538,degraded,52,0
AC-021,144,engine_hpc,0.262,0.545,degraded,51,0
AC-021,145,engine_hpc,0.256,0.553,degraded,50,0
AC-021,146,engine_hpc,0.251,0.561,degraded,49,0
AC-021,147,engine_hpc,0.246,0.568,degraded,48,0
AC-021,148,engine_hpc,0.241,0.576,degraded,47,0
AC-021,149,engine_hpc,0.236,0.584,degraded,46,0
AC-021,150,engine_hpc,0.231,0.592,degraded,45,0
AC-021,151,engine_hpc,0.226,0.6,degraded,44,0
AC-021,152,engine_hpc,0.221,0.608,degraded,43,0
AC-021,153,engine_hpc,0.215,0.616,degraded,42,0
AC-021,154,engine_hpc,0.21,0.624,degraded,41,0
AC-021,155,engine_hpc,0.205,0.632,degraded,40,0
AC-021,156,engine_hpc,0.2,0.64,degraded,39,0
AC-021,157,engine_hpc,0.195,0.648,degraded,38,0
AC-021,158,engine_hpc,0.19,0.657,degraded,37,0
AC-021,159,engine_hpc,0.185,0.665,degraded,36,0
AC-021,160,engine_hpc,0.179,0.673,degraded,35,0
AC-021,161,engine_hpc,0.174,0.682,degraded,34,0
AC-021,162,engine_hpc,0.169,0.69,degraded,33,0
AC-021,163,engine_hpc,0.164,0.699,degraded,32,0
AC-021,164,engine_hpc,0.159,0.707,degraded,31,0
AC-021,165,engine_hpc,0.154,0.716,degraded,30,1
AC-021,166,engine_hpc,0.149,0.725,severe,29,1
AC-021,167,engine_hpc,0.144,0.733,severe,28,1
AC-021,168,engine_hpc,0.138,0.742,severe,27,1
AC-021,169,engine_hpc,0.133,0.751,severe,26,1
AC-021,170,engine_hpc,0.128,0.76,severe,25,1
AC-021,171,engine_hpc,0.123,0.769,severe,24,1
AC-021,172,engine_hpc,0.118,0.778,severe,23,1
AC-021,173,engine_hpc,0.113,0.787,severe,22,1
AC-021,174,engine_hpc,0.108,0.796,severe,21,1
AC-021,175,engine_hpc,0.103,0.805,severe,20,1
AC-021,176,engine_hpc,0.097,0.815,severe,19,1
AC-021,177,engine_hpc,0.092,0.824,severe,18,1
AC-021,178,engine_hpc,0.087,0.833,severe,17,1
AC-021,179,engine_hpc,0.082,0.843,severe,16,1
AC-021,180,engine_hpc,0.077,0.852,severe,15,1
AC-021,181,engine_hpc,0.072,0.862,severe,14,1
AC-021,182,engine_hpc,0.067,0.871,severe,13,1
AC-021,183,engine_hpc,0.062,0.881,severe,12,1
AC-021,184,engine_hpc,0.056,0.89,severe,11,1
AC-021,185,engine_hpc,0.051,0.9,severe,10,1
AC-021,186,engine_hpc,0.046,0.91,severe,9,1
AC-021,187,engine_hpc,0.041,0.92,severe,8,1
AC-021,188,engine_hpc,0.036,0.929,severe,7,1
AC-021,189,engine_hpc,0.031,0.939,severe,6,1
AC-021,190,engine_hpc,0.026,0.949,severe,5,1
AC-021,191,engine_hpc,0.021,0.959,severe,4,1
AC-021,192,engine_hpc,0.015,0.969,severe,3,1
AC-021,193,engine_hpc,0.01,0.98,severe,2,1
AC-021,194,engine_hpc,0.005,0.99,severe,1,1
AC-021,195,engine_hpc,0.0,1.0,severe,0,1
AC-027,1,engine_hpc,0.994,0.0,healthy,155,0
AC-027,2,engine_hpc,0.987,0.0,healthy,154,0
AC-027,3,engine_hpc,0.981,0.0,healthy,153,0
AC-027,4,engine_hpc,0.974,0.001,healthy,152,0
AC-027,5,engine_hpc,0.968,0.001,healthy,151,0
AC-027,6,engine_hpc,0.962,0.001,healthy,150,0
AC-027,7,engine_hpc,0.955,0.002,healthy,149,0
AC-027,8,engine_hpc,0.949,0.003,healthy,148,0
AC-027,9,engine_hpc,0.942,0.003,healthy,147,0
AC-027,10,engine_hpc,0.936,0.004,healthy,146,0
AC-027,11,engine_hpc,0.929,0.005,healthy,145,0
AC-027,12,engine_hpc,0.923,0.006,healthy,144,0
AC-027,13,engine_hpc,0.917,0.007,healthy,143,0
AC-027,14,engine_hpc,0.91,0.008,healthy,142,0
AC-027,15,engine_hpc,0.904,0.009,healthy,141,0
AC-027,16,engine_hpc,0.897,0.011,healthy,140,0
AC-027,17,engine_hpc,0.891,0.012,healthy,139,0
AC-027,18,engine_hpc,0.885,0.013,healthy,138,0
AC-027,19,engine_hpc,0.878,0.015,healthy,137,0
AC-027,20,engine_hpc,0.872,0.016,healthy,136,0
AC-027,21,engine_hpc,0.865,0.018,healthy,135,0
AC-027,22,engine_hpc,0.859,0.02,healthy,134,0
AC-027,23,engine_hpc,0.853,0.022,healthy,133,0
AC-027,24,engine_hpc,0.846,0.024,healthy,132,0
AC-027,25,engine_hpc,0.84,0.026,healthy,131,0
AC-027,26,engine_hpc,0.833,0.028,healthy,130,0
AC-027,27,engine_hpc,0.827,0.03,healthy,129,0
AC-027,28,engine_hpc,0.821,0.032,healthy,128,0
AC-027,29,engine_hpc,0.814,0.035,healthy,127,0
AC-027,30,engine_hpc,0.808,0.037,healthy,126,0
AC-027,31,engine_hpc,0.801,0.039,healthy,125,0
AC-027,32,engine_hpc,0.795,0.042,healthy,124,0
AC-027,33,engine_hpc,0.788,0.045,healthy,123,0
AC-027,34,engine_hpc,0.782,0.048,healthy,122,0
AC-027,35,engine_hpc,0.776,0.05,healthy,121,0
AC-027,36,engine_hpc,0.769,0.053,healthy,120,0
AC-027,37,engine_hpc,0.763,0.056,healthy,119,0
AC-027,38,engine_hpc,0.756,0.059,healthy,118,0
AC-027,39,engine_hpc,0.75,0.062,healthy,117,0
AC-027,40,engine_hpc,0.744,0.066,healthy,116,0
AC-027,41,engine_hpc,0.737,0.069,healthy,115,0
AC-027,42,engine_hpc,0.731,0.072,healthy,114,0
AC-027,43,engine_hpc,0.724,0.076,healthy,113,0
AC-027,44,engine_hpc,0.718,0.08,healthy,112,0
AC-027,45,engine_hpc,0.712,0.083,healthy,111,0
AC-027,46,engine_hpc,0.705,0.087,healthy,110,0
AC-027,47,engine_hpc,0.699,0.091,healthy,109,0
AC-027,48,engine_hpc,0.692,0.095,healthy,108,0
AC-027,49,engine_hpc,0.686,0.099,healthy,107,0
AC-027,50,engine_hpc,0.679,0.103,healthy,106,0
AC-027,51,engine_hpc,0.673,0.107,healthy,105,0
AC-027,52,engine_hpc,0.667,0.111,healthy,104,0
AC-027,53,engine_hpc,0.66,0.115,healthy,103,0
AC-027,54,engine_hpc,0.654,0.12,healthy,102,0
AC-027,55,engine_hpc,0.647,0.124,healthy,101,0
AC-027,56,engine_hpc,0.641,0.129,healthy,100,0
AC-027,57,engine_hpc,0.635,0.134,healthy,99,0
AC-027,58,engine_hpc,0.628,0.138,healthy,98,0
AC-027,59,engine_hpc,0.622,0.143,healthy,97,0
AC-027,60,engine_hpc,0.615,0.148,healthy,96,0
AC-027,61,engine_hpc,0.609,0.153,healthy,95,0
AC-027,62,engine_hpc,0.603,0.158,healthy,94,0
AC-027,63,engine_hpc,0.596,0.163,healthy,93,0
AC-027,64,engine_hpc,0.59,0.168,healthy,92,0
AC-027,65,engine_hpc,0.583,0.174,healthy,91,0
AC-027,66,engine_hpc,0.577,0.179,healthy,90,0
AC-027,67,engine_hpc,0.571,0.184,healthy,89,0
AC-027,68,engine_hpc,0.564,0.19,healthy,88,0
AC-027,69,engine_hpc,0.558,0.196,healthy,87,0
AC-027,70,engine_hpc,0.551,0.201,healthy,86,0
AC-027,71,engine_hpc,0.545,0.207,healthy,85,0
AC-027,72,engine_hpc,0.538,0.213,healthy,84,0
AC-027,73,engine_hpc,0.532,0.219,healthy,83,0
AC-027,74,engine_hpc,0.526,0.225,healthy,82,0
AC-027,75,engine_hpc,0.519,0.231,healthy,81,0
AC-027,76,engine_hpc,0.513,0.237,healthy,80,0
AC-027,77,engine_hpc,0.506,0.244,healthy,79,0
AC-027,78,engine_hpc,0.5,0.25,degraded,78,0
AC-027,79,engine_hpc,0.494,0.256,degraded,77,0
AC-027,80,engine_hpc,0.487,0.263,degraded,76,0
AC-027,81,engine_hpc,0.481,0.27,degraded,75,0
AC-027,82,engine_hpc,0.474,0.276,degraded,74,0
AC-027,83,engine_hpc,0.468,0.283,degraded,73,0
AC-027,84,engine_hpc,0.462,0.29,degraded,72,0
AC-027,85,engine_hpc,0.455,0.297,degraded,71,0
AC-027,86,engine_hpc,0.449,0.304,degraded,70,0
AC-027,87,engine_hpc,0.442,0.311,degraded,69,0
AC-027,88,engine_hpc,0.436,0.318,degraded,68,0
AC-027,89,engine_hpc,0.429,0.325,degraded,67,0
AC-027,90,engine_hpc,0.423,0.333,degraded,66,0
AC-027,91,engine_hpc,0.417,0.34,degraded,65,0
AC-027,92,engine_hpc,0.41,0.348,degraded,64,0
AC-027,93,engine_hpc,0.404,0.355,degraded,63,0
AC-027,94,engine_hpc,0.397,0.363,degraded,62,0
AC-027,95,engine_hpc,0.391,0.371,degraded,61,0
AC-027,96,engine_hpc,0.385,0.379,degraded,60,0
AC-027,97,engine_hpc,0.378,0.387,degraded,59,0
AC-027,98,engine_hpc,0.372,0.395,degraded,58,0
AC-027,99,engine_hpc,0.365,0.403,degraded,57,0
AC-027,100,engine_hpc,0.359,0.411,degraded,56,0
AC-027,101,engine_hpc,0.353,0.419,degraded,55,0
AC-027,102,engine_hpc,0.346,0.428,degraded,54,0
AC-027,103,engine_hpc,0.34,0.436,degraded,53,0
AC-027,104,engine_hpc,0.333,0.444,degraded,52,0
AC-027,105,engine_hpc,0.327,0.453,degraded,51,0
AC-027,106,engine_hpc,0.321,0.462,degraded,50,0
AC-027,107,engine_hpc,0.314,0.47,degraded,49,0
AC-027,108,engine_hpc,0.308,0.479,degraded,48,0
AC-027,109,engine_hpc,0.301,0.488,degraded,47,0
AC-027,110,engine_hpc,0.295,0.497,degraded,46,0
AC-027,111,engine_hpc,0.288,0.506,degraded,45,0
AC-027,112,engine_hpc,0.282,0.515,degraded,44,0
AC-027,113,engine_hpc,0.276,0.525,degraded,43,0
AC-027,114,engine_hpc,0.269,0.534,degraded,42,0
AC-027,115,engine_hpc,0.263,0.543,degraded,41,0
AC-027,116,engine_hpc,0.256,0.553,degraded,40,0
AC-027,117,engine_hpc,0.25,0.562,degraded,39,0
AC-027,118,engine_hpc,0.244,0.572,degraded,38,0
AC-027,119,engine_hpc,0.237,0.582,degraded,37,0
AC-027,120,engine_hpc,0.231,0.592,degraded,36,0
AC-027,121,engine_hpc,0.224,0.602,degraded,35,0
AC-027,122,engine_hpc,0.218,0.612,degraded,34,0
AC-027,123,engine_hpc,0.212,0.622,degraded,33,0
AC-027,124,engine_hpc,0.205,0.632,degraded,32,0
AC-027,125,engine_hpc,0.199,0.642,degraded,31,0
AC-027,126,engine_hpc,0.192,0.652,degraded,30,1
AC-027,127,engine_hpc,0.186,0.663,degraded,29,1
AC-027,128,engine_hpc,0.179,0.673,degraded,28,1
AC-027,129,engine_hpc,0.173,0.684,degraded,27,1
AC-027,130,engine_hpc,0.167,0.694,degraded,26,1
AC-027,131,engine_hpc,0.16,0.705,degraded,25,1
AC-027,132,engine_hpc,0.154,0.716,degraded,24,1
AC-027,133,engine_hpc,0.147,0.727,severe,23,1
AC-027,134,engine_hpc,0.141,0.738,severe,22,1
AC-027,135,engine_hpc,0.135,0.749,severe,21,1
AC-027,136,engine_hpc,0.128,0.76,severe,20,1
AC-027,137,engine_hpc,0.122,0.771,severe,19,1
AC-027,138,engine_hpc,0.115,0.783,severe,18,1
AC-027,139,engine_hpc,0.109,0.794,severe,17,1
AC-027,140,engine_hpc,0.103,0.805,severe,16,1
AC-027,141,engine_hpc,0.096,0.817,severe,15,1
AC-027,142,engine_hpc,0.09,0.829,severe,14,1
AC-027,143,engine_hpc,0.083,0.84,severe,13,1
AC-027,144,engine_hpc,0.077,0.852,severe,12,1
AC-027,145,engine_hpc,0.071,0.864,severe,11,1
AC-027,146,engine_hpc,0.064,0.876,severe,10,1
AC-027,147,engine_hpc,0.058,0.888,severe,9,1
AC-027,148,engine_hpc,0.051,0.9,severe,8,1
AC-027,149,engine_hpc,0.045,0.912,severe,7,1
AC-027,150,engine_hpc,0.038,0.925,severe,6,1
AC-027,151,engine_hpc,0.032,0.937,severe,5,1
AC-027,152,engine_hpc,0.026,0.949,severe,4,1
AC-027,153,engine_hpc,0.019,0.962,severe,3,1
AC-027,154,engine_hpc,0.013,0.975,severe,2,1
AC-027,155,engine_hpc,0.006,0.987,severe,1,1
AC-027,156,engine_hpc,0.0,1.0,severe,0,1
AC-029,1,engine_hpc,0.994,0.0,healthy,162,0
AC-029,2,engine_hpc,0.988,0.0,healthy,161,0
AC-029,3,engine_hpc,0.982,0.0,healthy,160,0
AC-029,4,engine_hpc,0.975,0.001,healthy,159,0
AC-029,5,engine_hpc,0.969,0.001,healthy,158,0
AC-029,6,engine_hpc,0.963,0.001,healthy,157,0
AC-029,7,engine_hpc,0.957,0.002,healthy,156,0
AC-029,8,engine_hpc,0.951,0.002,healthy,155,0
AC-029,9,engine_hpc,0.945,0.003,healthy,154,0
AC-029,10,engine_hpc,0.939,0.004,healthy,153,0
AC-029,11,engine_hpc,0.933,0.005,healthy,152,0
AC-029,12,engine_hpc,0.926,0.005,healthy,151,0
AC-029,13,engine_hpc,0.92,0.006,healthy,150,0
AC-029,14,engine_hpc,0.914,0.007,healthy,149,0
AC-029,15,engine_hpc,0.908,0.008,healthy,148,0
AC-029,16,engine_hpc,0.902,0.01,healthy,147,0
AC-029,17,engine_hpc,0.896,0.011,healthy,146,0
AC-029,18,engine_hpc,0.89,0.012,healthy,145,0
AC-029,19,engine_hpc,0.883,0.014,healthy,144,0
AC-029,20,engine_hpc,0.877,0.015,healthy,143,0
AC-029,21,engine_hpc,0.871,0.017,healthy,142,0
AC-029,22,engine_hpc,0.865,0.018,healthy,141,0
AC-029,23,engine_hpc,0.859,0.02,healthy,140,0
AC-029,24,engine_hpc,0.853,0.022,healthy,139,0
AC-029,25,engine_hpc,0.847,0.024,healthy,138,0
AC-029,26,engine_hpc,0.84,0.025,healthy,137,0
AC-029,27,engine_hpc,0.834,0.027,healthy,136,0
AC-029,28,engine_hpc,0.828,0.03,healthy,135,0
AC-029,29,engine_hpc,0.822,0.032,healthy,134,0
AC-029,30,engine_hpc,0.816,0.034,healthy,133,0
AC-029,31,engine_hpc,0.81,0.036,healthy,132,0
AC-029,32,engine_hpc,0.804,0.039,healthy,131,0
AC-029,33,engine_hpc,0.798,0.041,healthy,130,0
AC-029,34,engine_hpc,0.791,0.044,healthy,129,0
AC-029,35,engine_hpc,0.785,0.046,healthy,128,0
AC-029,36,engine_hpc,0.779,0.049,healthy,127,0
AC-029,37,engine_hpc,0.773,0.052,healthy,126,0
AC-029,38,engine_hpc,0.767,0.054,healthy,125,0
AC-029,39,engine_hpc,0.761,0.057,healthy,124,0
AC-029,40,engine_hpc,0.755,0.06,healthy,123,0
AC-029,41,engine_hpc,0.748,0.063,healthy,122,0
AC-029,42,engine_hpc,0.742,0.066,healthy,121,0
AC-029,43,engine_hpc,0.736,0.07,healthy,120,0
AC-029,44,engine_hpc,0.73,0.073,healthy,119,0
AC-029,45,engine_hpc,0.724,0.076,healthy,118,0
AC-029,46,engine_hpc,0.718,0.08,healthy,117,0
AC-029,47,engine_hpc,0.712,0.083,healthy,116,0
AC-029,48,engine_hpc,0.706,0.087,healthy,115,0
AC-029,49,engine_hpc,0.699,0.09,healthy,114,0
AC-029,50,engine_hpc,0.693,0.094,healthy,113,0
AC-029,51,engine_hpc,0.687,0.098,healthy,112,0
AC-029,52,engine_hpc,0.681,0.102,healthy,111,0
AC-029,53,engine_hpc,0.675,0.106,healthy,110,0
AC-029,54,engine_hpc,0.669,0.11,healthy,109,0
AC-029,55,engine_hpc,0.663,0.114,healthy,108,0
AC-029,56,engine_hpc,0.656,0.118,healthy,107,0
AC-029,57,engine_hpc,0.65,0.122,healthy,106,0
AC-029,58,engine_hpc,0.644,0.127,healthy,105,0
AC-029,59,engine_hpc,0.638,0.131,healthy,104,0
AC-029,60,engine_hpc,0.632,0.135,healthy,103,0
AC-029,61,engine_hpc,0.626,0.14,healthy,102,0
AC-029,62,engine_hpc,0.62,0.145,healthy,101,0
AC-029,63,engine_hpc,0.613,0.149,healthy,100,0
AC-029,64,engine_hpc,0.607,0.154,healthy,99,0
AC-029,65,engine_hpc,0.601,0.159,healthy,98,0
AC-029,66,engine_hpc,0.595,0.164,healthy,97,0
AC-029,67,engine_hpc,0.589,0.169,healthy,96,0
AC-029,68,engine_hpc,0.583,0.174,healthy,95,0
AC-029,69,engine_hpc,0.577,0.179,healthy,94,0
AC-029,70,engine_hpc,0.571,0.184,healthy,93,0
AC-029,71,engine_hpc,0.564,0.19,healthy,92,0
AC-029,72,engine_hpc,0.558,0.195,healthy,91,0
AC-029,73,engine_hpc,0.552,0.201,healthy,90,0
AC-029,74,engine_hpc,0.546,0.206,healthy,89,0
AC-029,75,engine_hpc,0.54,0.212,healthy,88,0
AC-029,76,engine_hpc,0.534,0.217,healthy,87,0
AC-029,77,engine_hpc,0.528,0.223,healthy,86,0
AC-029,78,engine_hpc,0.521,0.229,healthy,85,0
AC-029,79,engine_hpc,0.515,0.235,healthy,84,0
AC-029,80,engine_hpc,0.509,0.241,healthy,83,0
AC-029,81,engine_hpc,0.503,0.247,healthy,82,0
AC-029,82,engine_hpc,0.497,0.253,degraded,81,0
AC-029,83,engine_hpc,0.491,0.259,degraded,80,0
AC-029,84,engine_hpc,0.485,0.266,degraded,79,0
AC-029,85,engine_hpc,0.479,0.272,degraded,78,0
AC-029,86,engine_hpc,0.472,0.278,degraded,77,0
AC-029,87,engine_hpc,0.466,0.285,degraded,76,0
AC-029,88,engine_hpc,0.46,0.291,degraded,75,0
AC-029,89,engine_hpc,0.454,0.298,degraded,74,0
AC-029,90,engine_hpc,0.448,0.305,degraded,73,0
AC-029,91,engine_hpc,0.442,0.312,degraded,72,0
AC-029,92,engine_hpc,0.436,0.319,degraded,71,0
AC-029,93,engine_hpc,0.429,0.326,degraded,70,0
AC-029,94,engine_hpc,0.423,0.333,degraded,69,0
AC-029,95,engine_hpc,0.417,0.34,degraded,68,0
AC-029,96,engine_hpc,0.411,0.347,degraded,67,0
AC-029,97,engine_hpc,0.405,0.354,degraded,66,0
AC-029,98,engine_hpc,0.399,0.361,degraded,65,0
AC-029,99,engine_hpc,0.393,0.369,degraded,64,0
AC-029,100,engine_hpc,0.387,0.376,degraded,63,0
AC-029,101,engine_hpc,0.38,0.384,degraded,62,0
AC-029,102,engine_hpc,0.374,0.392,degraded,61,0
AC-029,103,engine_hpc,0.368,0.399,degraded,60,0
AC-029,104,engine_hpc,0.362,0.407,degraded,59,0
AC-029,105,engine_hpc,0.356,0.415,degraded,58,0
AC-029,106,engine_hpc,0.35,0.423,degraded,57,0
AC-029,107,engine_hpc,0.344,0.431,degraded,56,0
AC-029,108,engine_hpc,0.337,0.439,degraded,55,0
AC-029,109,engine_hpc,0.331,0.447,degraded,54,0
AC-029,110,engine_hpc,0.325,0.455,degraded,53,0
AC-029,111,engine_hpc,0.319,0.464,degraded,52,0
AC-029,112,engine_hpc,0.313,0.472,degraded,51,0
AC-029,113,engine_hpc,0.307,0.481,degraded,50,0
AC-029,114,engine_hpc,0.301,0.489,degraded,49,0
AC-029,115,engine_hpc,0.294,0.498,degraded,48,0
AC-029,116,engine_hpc,0.288,0.506,degraded,47,0
AC-029,117,engine_hpc,0.282,0.515,degraded,46,0
AC-029,118,engine_hpc,0.276,0.524,degraded,45,0
AC-029,119,engine_hpc,0.27,0.533,degraded,44,0
AC-029,120,engine_hpc,0.264,0.542,degraded,43,0
AC-029,121,engine_hpc,0.258,0.551,degraded,42,0
AC-029,122,engine_hpc,0.252,0.56,degraded,41,0
AC-029,123,engine_hpc,0.245,0.569,degraded,40,0
AC-029,124,engine_hpc,0.239,0.579,degraded,39,0
AC-029,125,engine_hpc,0.233,0.588,degraded,38,0
AC-029,126,engine_hpc,0.227,0.598,degraded,37,0
AC-029,127,engine_hpc,0.221,0.607,degraded,36,0
AC-029,128,engine_hpc,0.215,0.617,degraded,35,0
AC-029,129,engine_hpc,0.209,0.626,degraded,34,0
AC-029,130,engine_hpc,0.202,0.636,degraded,33,0
AC-029,131,engine_hpc,0.196,0.646,degraded,32,0
AC-029,132,engine_hpc,0.19,0.656,degraded,31,0
AC-029,133,engine_hpc,0.184,0.666,degraded,30,1
AC-029,134,engine_hpc,0.178,0.676,degraded,29,1
AC-029,135,engine_hpc,0.172,0.686,degraded,28,1
AC-029,136,engine_hpc,0.166,0.696,degraded,27,1
AC-029,137,engine_hpc,0.16,0.706,degraded,26,1
AC-029,138,engine_hpc,0.153,0.717,degraded,25,1
AC-029,139,engine_hpc,0.147,0.727,severe,24,1
AC-029,140,engine_hpc,0.141,0.738,severe,23,1
AC-029,141,engine_hpc,0.135,0.748,severe,22,1
AC-029,142,engine_hpc,0.129,0.759,severe,21,1
AC-029,143,engine_hpc,0.123,0.77,severe,20,1
AC-029,144,engine_hpc,0.117,0.78,severe,19,1
AC-029,145,engine_hpc,0.11,0.791,severe,18,1
AC-029,146,engine_hpc,0.104,0.802,severe,17,1
AC-029,147,engine_hpc,0.098,0.813,severe,16,1
AC-029,148,engine_hpc,0.092,0.824,severe,15,1
AC-029,149,engine_hpc,0.086,0.836,severe,14,1
AC-029,150,engine_hpc,0.08,0.847,severe,13,1
AC-029,151,engine_hpc,0.074,0.858,severe,12,1
AC-029,152,engine_hpc,0.067,0.87,severe,11,1
AC-029,153,engine_hpc,0.061,0.881,severe,10,1
AC-029,154,engine_hpc,0.055,0.893,severe,9,1
AC-029,155,engine_hpc,0.049,0.904,severe,8,1
AC-029,156,engine_hpc,0.043,0.916,severe,7,1
AC-029,157,engine_hpc,0.037,0.928,severe,6,1
AC-029,158,engine_hpc,0.031,0.94,severe,5,1
AC-029,159,engine_hpc,0.025,0.952,severe,4,1
AC-029,160,engine_hpc,0.018,0.964,severe,3,1
AC-029,161,engine_hpc,0.012,0.976,severe,2,1
AC-029,162,engine_hpc,0.006,0.988,severe,1,1
AC-029,163,engine_hpc,0.0,1.0,severe,0,1
AC-031,1,engine_hpc,0.996,0.0,healthy,233,0
AC-031,2,engine_hpc,0.991,0.0,healthy,232,0
AC-031,3,engine_hpc,0.987,0.0,healthy,231,0
AC-031,4,engine_hpc,0.983,0.0,healthy,230,0
AC-031,5,engine_hpc,0.979,0.0,healthy,229,0
AC-031,6,engine_hpc,0.974,0.001,healthy,228,0
AC-031,7,engine_hpc,0.97,0.001,healthy,227,0
AC-031,8,engine_hpc,0.966,0.001,healthy,226,0
AC-031,9,engine_hpc,0.962,0.001,healthy,225,0
AC-031,10,engine_hpc,0.957,0.002,healthy,224,0
AC-031,11,engine_hpc,0.953,0.002,healthy,223,0
AC-031,12,engine_hpc,0.949,0.003,healthy,222,0
AC-031,13,engine_hpc,0.944,0.003,healthy,221,0
AC-031,14,engine_hpc,0.94,0.004,healthy,220,0
AC-031,15,engine_hpc,0.936,0.004,healthy,219,0
AC-031,16,engine_hpc,0.932,0.005,healthy,218,0
AC-031,17,engine_hpc,0.927,0.005,healthy,217,0
AC-031,18,engine_hpc,0.923,0.006,healthy,216,0
AC-031,19,engine_hpc,0.919,0.007,healthy,215,0
AC-031,20,engine_hpc,0.915,0.007,healthy,214,0
AC-031,21,engine_hpc,0.91,0.008,healthy,213,0
AC-031,22,engine_hpc,0.906,0.009,healthy,212,0
AC-031,23,engine_hpc,0.902,0.01,healthy,211,0
AC-031,24,engine_hpc,0.897,0.011,healthy,210,0
AC-031,25,engine_hpc,0.893,0.011,healthy,209,0
AC-031,26,engine_hpc,0.889,0.012,healthy,208,0
AC-031,27,engine_hpc,0.885,0.013,healthy,207,0
AC-031,28,engine_hpc,0.88,0.014,healthy,206,0
AC-031,29,engine_hpc,0.876,0.015,healthy,205,0
AC-031,30,engine_hpc,0.872,0.016,healthy,204,0
AC-031,31,engine_hpc,0.868,0.018,healthy,203,0
AC-031,32,engine_hpc,0.863,0.019,healthy,202,0
AC-031,33,engine_hpc,0.859,0.02,healthy,201,0
AC-031,34,engine_hpc,0.855,0.021,healthy,200,0
AC-031,35,engine_hpc,0.85,0.022,healthy,199,0
AC-031,36,engine_hpc,0.846,0.024,healthy,198,0
AC-031,37,engine_hpc,0.842,0.025,healthy,197,0
AC-031,38,engine_hpc,0.838,0.026,healthy,196,0
AC-031,39,engine_hpc,0.833,0.028,healthy,195,0
AC-031,40,engine_hpc,0.829,0.029,healthy,194,0
AC-031,41,engine_hpc,0.825,0.031,healthy,193,0
AC-031,42,engine_hpc,0.821,0.032,healthy,192,0
AC-031,43,engine_hpc,0.816,0.034,healthy,191,0
AC-031,44,engine_hpc,0.812,0.035,healthy,190,0
AC-031,45,engine_hpc,0.808,0.037,healthy,189,0
AC-031,46,engine_hpc,0.803,0.039,healthy,188,0
AC-031,47,engine_hpc,0.799,0.04,healthy,187,0
AC-031,48,engine_hpc,0.795,0.042,healthy,186,0
AC-031,49,engine_hpc,0.791,0.044,healthy,185,0
AC-031,50,engine_hpc,0.786,0.046,healthy,184,0
AC-031,51,engine_hpc,0.782,0.048,healthy,183,0
AC-031,52,engine_hpc,0.778,0.049,healthy,182,0
AC-031,53,engine_hpc,0.774,0.051,healthy,181,0
AC-031,54,engine_hpc,0.769,0.053,healthy,180,0
AC-031,55,engine_hpc,0.765,0.055,healthy,179,0
AC-031,56,engine_hpc,0.761,0.057,healthy,178,0
AC-031,57,engine_hpc,0.756,0.059,healthy,177,0
AC-031,58,engine_hpc,0.752,0.061,healthy,176,0
AC-031,59,engine_hpc,0.748,0.064,healthy,175,0
AC-031,60,engine_hpc,0.744,0.066,healthy,174,0
AC-031,61,engine_hpc,0.739,0.068,healthy,173,0
AC-031,62,engine_hpc,0.735,0.07,healthy,172,0
AC-031,63,engine_hpc,0.731,0.072,healthy,171,0
AC-031,64,engine_hpc,0.726,0.075,healthy,170,0
AC-031,65,engine_hpc,0.722,0.077,healthy,169,0
AC-031,66,engine_hpc,0.718,0.08,healthy,168,0
AC-031,67,engine_hpc,0.714,0.082,healthy,167,0
AC-031,68,engine_hpc,0.709,0.084,healthy,166,0
AC-031,69,engine_hpc,0.705,0.087,healthy,165,0
AC-031,70,engine_hpc,0.701,0.089,healthy,164,0
AC-031,71,engine_hpc,0.697,0.092,healthy,163,0
AC-031,72,engine_hpc,0.692,0.095,healthy,162,0
AC-031,73,engine_hpc,0.688,0.097,healthy,161,0
AC-031,74,engine_hpc,0.684,0.1,healthy,160,0
AC-031,75,engine_hpc,0.679,0.103,healthy,159,0
AC-031,76,engine_hpc,0.675,0.105,healthy,158,0
AC-031,77,engine_hpc,0.671,0.108,healthy,157,0
AC-031,78,engine_hpc,0.667,0.111,healthy,156,0
AC-031,79,engine_hpc,0.662,0.114,healthy,155,0
AC-031,80,engine_hpc,0.658,0.117,healthy,154,0
AC-031,81,engine_hpc,0.654,0.12,healthy,153,0
AC-031,82,engine_hpc,0.65,0.123,healthy,152,0
AC-031,83,engine_hpc,0.645,0.126,healthy,151,0
AC-031,84,engine_hpc,0.641,0.129,healthy,150,0
AC-031,85,engine_hpc,0.637,0.132,healthy,149,0
AC-031,86,engine_hpc,0.632,0.135,healthy,148,0
AC-031,87,engine_hpc,0.628,0.138,healthy,147,0
AC-031,88,engine_hpc,0.624,0.141,healthy,146,0
AC-031,89,engine_hpc,0.62,0.145,healthy,145,0
AC-031,90,engine_hpc,0.615,0.148,healthy,144,0
AC-031,91,engine_hpc,0.611,0.151,healthy,143,0
AC-031,92,engine_hpc,0.607,0.155,healthy,142,0
AC-031,93,engine_hpc,0.603,0.158,healthy,141,0
AC-031,94,engine_hpc,0.598,0.161,healthy,140,0
AC-031,95,engine_hpc,0.594,0.165,healthy,139,0
AC-031,96,engine_hpc,0.59,0.168,healthy,138,0
AC-031,97,engine_hpc,0.585,0.172,healthy,137,0
AC-031,98,engine_hpc,0.581,0.175,healthy,136,0
AC-031,99,engine_hpc,0.577,0.179,healthy,135,0
AC-031,100,engine_hpc,0.573,0.183,healthy,134,0
AC-031,101,engine_hpc,0.568,0.186,healthy,133,0
AC-031,102,engine_hpc,0.564,0.19,healthy,132,0
AC-031,103,engine_hpc,0.56,0.194,healthy,131,0
AC-031,104,engine_hpc,0.556,0.198,healthy,130,0
AC-031,105,engine_hpc,0.551,0.201,healthy,129,0
AC-031,106,engine_hpc,0.547,0.205,healthy,128,0
AC-031,107,engine_hpc,0.543,0.209,healthy,127,0
AC-031,108,engine_hpc,0.538,0.213,healthy,126,0
AC-031,109,engine_hpc,0.534,0.217,healthy,125,0
AC-031,110,engine_hpc,0.53,0.221,healthy,124,0
AC-031,111,engine_hpc,0.526,0.225,healthy,123,0
AC-031,112,engine_hpc,0.521,0.229,healthy,122,0
AC-031,113,engine_hpc,0.517,0.233,healthy,121,0
AC-031,114,engine_hpc,0.513,0.237,healthy,120,0
AC-031,115,engine_hpc,0.509,0.242,healthy,119,0
AC-031,116,engine_hpc,0.504,0.246,healthy,118,0
AC-031,117,engine_hpc,0.5,0.25,degraded,117,0
AC-031,118,engine_hpc,0.496,0.254,degraded,116,0
AC-031,119,engine_hpc,0.491,0.259,degraded,115,0
AC-031,120,engine_hpc,0.487,0.263,degraded,114,0
AC-031,121,engine_hpc,0.483,0.267,degraded,113,0
AC-031,122,engine_hpc,0.479,0.272,degraded,112,0
AC-031,123,engine_hpc,0.474,0.276,degraded,111,0
AC-031,124,engine_hpc,0.47,0.281,degraded,110,0
AC-031,125,engine_hpc,0.466,0.285,degraded,109,0
AC-031,126,engine_hpc,0.462,0.29,degraded,108,0
AC-031,127,engine_hpc,0.457,0.295,degraded,107,0
AC-031,128,engine_hpc,0.453,0.299,degraded,106,0
AC-031,129,engine_hpc,0.449,0.304,degraded,105,0
AC-031,130,engine_hpc,0.444,0.309,degraded,104,0
AC-031,131,engine_hpc,0.44,0.313,degraded,103,0
AC-031,132,engine_hpc,0.436,0.318,degraded,102,0
AC-031,133,engine_hpc,0.432,0.323,degraded,101,0
AC-031,134,engine_hpc,0.427,0.328,degraded,100,0
AC-031,135,engine_hpc,0.423,0.333,degraded,99,0
AC-031,136,engine_hpc,0.419,0.338,degraded,98,0
AC-031,137,engine_hpc,0.415,0.343,degraded,97,0
AC-031,138,engine_hpc,0.41,0.348,degraded,96,0
AC-031,139,engine_hpc,0.406,0.353,degraded,95,0
AC-031,140,engine_hpc,0.402,0.358,degraded,94,0
AC-031,141,engine_hpc,0.397,0.363,degraded,93,0
AC-031,142,engine_hpc,0.393,0.368,degraded,92,0
AC-031,143,engine_hpc,0.389,0.373,degraded,91,0
AC-031,144,engine_hpc,0.385,0.379,degraded,90,0
AC-031,145,engine_hpc,0.38,0.384,degraded,89,0
AC-031,146,engine_hpc,0.376,0.389,degraded,88,0
AC-031,147,engine_hpc,0.372,0.395,degraded,87,0
AC-031,148,engine_hpc,0.368,0.4,degraded,86,0
AC-031,149,engine_hpc,0.363,0.405,degraded,85,0
AC-031,150,engine_hpc,0.359,0.411,degraded,84,0
AC-031,151,engine_hpc,0.355,0.416,degraded,83,0
AC-031,152,engine_hpc,0.35,0.422,degraded,82,0
AC-031,153,engine_hpc,0.346,0.428,degraded,81,0
AC-031,154,engine_hpc,0.342,0.433,degraded,80,0
AC-031,155,engine_hpc,0.338,0.439,degraded,79,0
AC-031,156,engine_hpc,0.333,0.444,degraded,78,0
AC-031,157,engine_hpc,0.329,0.45,degraded,77,0
AC-031,158,engine_hpc,0.325,0.456,degraded,76,0
AC-031,159,engine_hpc,0.321,0.462,degraded,75,0
AC-031,160,engine_hpc,0.316,0.468,degraded,74,0
AC-031,161,engine_hpc,0.312,0.473,degraded,73,0
AC-031,162,engine_hpc,0.308,0.479,degraded,72,0
AC-031,163,engine_hpc,0.303,0.485,degraded,71,0
AC-031,164,engine_hpc,0.299,0.491,degraded,70,0
AC-031,165,engine_hpc,0.295,0.497,degraded,69,0
AC-031,166,engine_hpc,0.291,0.503,degraded,68,0
AC-031,167,engine_hpc,0.286,0.509,degraded,67,0
AC-031,168,engine_hpc,0.282,0.515,degraded,66,0
AC-031,169,engine_hpc,0.278,0.522,degraded,65,0
AC-031,170,engine_hpc,0.274,0.528,degraded,64,0
AC-031,171,engine_hpc,0.269,0.534,degraded,63,0
AC-031,172,engine_hpc,0.265,0.54,degraded,62,0
AC-031,173,engine_hpc,0.261,0.547,degraded,61,0
AC-031,174,engine_hpc,0.256,0.553,degraded,60,0
AC-031,175,engine_hpc,0.252,0.559,degraded,59,0
AC-031,176,engine_hpc,0.248,0.566,degraded,58,0
AC-031,177,engine_hpc,0.244,0.572,degraded,57,0
AC-031,178,engine_hpc,0.239,0.579,degraded,56,0
AC-031,179,engine_hpc,0.235,0.585,degraded,55,0
AC-031,180,engine_hpc,0.231,0.592,degraded,54,0
AC-031,181,engine_hpc,0.226,0.598,degraded,53,0
AC-031,182,engine_hpc,0.222,0.605,degraded,52,0
AC-031,183,engine_hpc,0.218,0.612,degraded,51,0
AC-031,184,engine_hpc,0.214,0.618,degraded,50,0
AC-031,185,engine_hpc,0.209,0.625,degraded,49,0
AC-031,186,engine_hpc,0.205,0.632,degraded,48,0
AC-031,187,engine_hpc,0.201,0.639,degraded,47,0
AC-031,188,engine_hpc,0.197,0.645,degraded,46,0
AC-031,189,engine_hpc,0.192,0.652,degraded,45,0
AC-031,190,engine_hpc,0.188,0.659,degraded,44,0
AC-031,191,engine_hpc,0.184,0.666,degraded,43,0
AC-031,192,engine_hpc,0.179,0.673,degraded,42,0
AC-031,193,engine_hpc,0.175,0.68,degraded,41,0
AC-031,194,engine_hpc,0.171,0.687,degraded,40,0
AC-031,195,engine_hpc,0.167,0.694,degraded,39,0
AC-031,196,engine_hpc,0.162,0.702,degraded,38,0
AC-031,197,engine_hpc,0.158,0.709,degraded,37,0
AC-031,198,engine_hpc,0.154,0.716,degraded,36,0
AC-031,199,engine_hpc,0.15,0.723,severe,35,0
AC-031,200,engine_hpc,0.145,0.731,severe,34,0
AC-031,201,engine_hpc,0.141,0.738,severe,33,0
AC-031,202,engine_hpc,0.137,0.745,severe,32,0
AC-031,203,engine_hpc,0.132,0.753,severe,31,0
AC-031,204,engine_hpc,0.128,0.76,severe,30,1
AC-031,205,engine_hpc,0.124,0.767,severe,29,1
AC-031,206,engine_hpc,0.12,0.775,severe,28,1
AC-031,207,engine_hpc,0.115,0.783,severe,27,1
AC-031,208,engine_hpc,0.111,0.79,severe,26,1
AC-031,209,engine_hpc,0.107,0.798,severe,25,1
AC-031,210,engine_hpc,0.103,0.805,severe,24,1
AC-031,211,engine_hpc,0.098,0.813,severe,23,1
AC-031,212,engine_hpc,0.094,0.821,severe,22,1
AC-031,213,engine_hpc,0.09,0.829,severe,21,1
AC-031,214,engine_hpc,0.085,0.836,severe,20,1
AC-031,215,engine_hpc,0.081,0.844,severe,19,1
AC-031,216,engine_hpc,0.077,0.852,severe,18,1
AC-031,217,engine_hpc,0.073,0.86,severe,17,1
AC-031,218,engine_hpc,0.068,0.868,severe,16,1
AC-031,219,engine_hpc,0.064,0.876,severe,15,1
AC-031,220,engine_hpc,0.06,0.884,severe,14,1
AC-031,221,engine_hpc,0.056,0.892,severe,13,1
AC-031,222,engine_hpc,0.051,0.9,severe,12,1
AC-031,223,engine_hpc,0.047,0.908,severe,11,1
AC-031,224,engine_hpc,0.043,0.916,severe,10,1
AC-031,225,engine_hpc,0.038,0.925,severe,9,1
AC-031,226,engine_hpc,0.034,0.933,severe,8,1
AC-031,227,engine_hpc,0.03,0.941,severe,7,1
AC-031,228,engine_hpc,0.026,0.949,severe,6,1
AC-031,229,engine_hpc,0.021,0.958,severe,5,1
AC-031,230,engine_hpc,0.017,0.966,severe,4,1
AC-031,231,engine_hpc,0.013,0.975,severe,3,1
AC-031,232,engine_hpc,0.009,0.983,severe,2,1
AC-031,233,engine_hpc,0.004,0.991,severe,1,1
AC-031,234,engine_hpc,0.0,1.0,severe,0,1
AC-033,1,engine_hpc,0.995,0.0,healthy,199,0
AC-033,2,engine_hpc,0.99,0.0,healthy,198,0
AC-033,3,engine_hpc,0.985,0.0,healthy,197,0
AC-033,4,engine_hpc,0.98,0.0,healthy,196,0
AC-033,5,engine_hpc,0.975,0.001,healthy,195,0
AC-033,6,engine_hpc,0.97,0.001,healthy,194,0
AC-033,7,engine_hpc,0.965,0.001,healthy,193,0
AC-033,8,engine_hpc,0.96,0.002,healthy,192,0
AC-033,9,engine_hpc,0.955,0.002,healthy,191,0
AC-033,10,engine_hpc,0.95,0.003,healthy,190,0
AC-033,11,engine_hpc,0.945,0.003,healthy,189,0
AC-033,12,engine_hpc,0.94,0.004,healthy,188,0
AC-033,13,engine_hpc,0.935,0.004,healthy,187,0
AC-033,14,engine_hpc,0.93,0.005,healthy,186,0
AC-033,15,engine_hpc,0.925,0.006,healthy,185,0
AC-033,16,engine_hpc,0.92,0.006,healthy,184,0
AC-033,17,engine_hpc,0.915,0.007,healthy,183,0
AC-033,18,engine_hpc,0.91,0.008,healthy,182,0
AC-033,19,engine_hpc,0.905,0.009,healthy,181,0
AC-033,20,engine_hpc,0.9,0.01,healthy,180,0
AC-033,21,engine_hpc,0.895,0.011,healthy,179,0
AC-033,22,engine_hpc,0.89,0.012,healthy,178,0
AC-033,23,engine_hpc,0.885,0.013,healthy,177,0
AC-033,24,engine_hpc,0.88,0.014,healthy,176,0
AC-033,25,engine_hpc,0.875,0.016,healthy,175,0
AC-033,26,engine_hpc,0.87,0.017,healthy,174,0
AC-033,27,engine_hpc,0.865,0.018,healthy,173,0
AC-033,28,engine_hpc,0.86,0.02,healthy,172,0
AC-033,29,engine_hpc,0.855,0.021,healthy,171,0
AC-033,30,engine_hpc,0.85,0.022,healthy,170,0
AC-033,31,engine_hpc,0.845,0.024,healthy,169,0
AC-033,32,engine_hpc,0.84,0.026,healthy,168,0
AC-033,33,engine_hpc,0.835,0.027,healthy,167,0
AC-033,34,engine_hpc,0.83,0.029,healthy,166,0
AC-033,35,engine_hpc,0.825,0.031,healthy,165,0
AC-033,36,engine_hpc,0.82,0.032,healthy,164,0
AC-033,37,engine_hpc,0.815,0.034,healthy,163,0
AC-033,38,engine_hpc,0.81,0.036,healthy,162,0
AC-033,39,engine_hpc,0.805,0.038,healthy,161,0
AC-033,40,engine_hpc,0.8,0.04,healthy,160,0
AC-033,41,engine_hpc,0.795,0.042,healthy,159,0
AC-033,42,engine_hpc,0.79,0.044,healthy,158,0
AC-033,43,engine_hpc,0.785,0.046,healthy,157,0
AC-033,44,engine_hpc,0.78,0.048,healthy,156,0
AC-033,45,engine_hpc,0.775,0.051,healthy,155,0
AC-033,46,engine_hpc,0.77,0.053,healthy,154,0
AC-033,47,engine_hpc,0.765,0.055,healthy,153,0
AC-033,48,engine_hpc,0.76,0.058,healthy,152,0
AC-033,49,engine_hpc,0.755,0.06,healthy,151,0
AC-033,50,engine_hpc,0.75,0.062,healthy,150,0
AC-033,51,engine_hpc,0.745,0.065,healthy,149,0
AC-033,52,engine_hpc,0.74,0.068,healthy,148,0
AC-033,53,engine_hpc,0.735,0.07,healthy,147,0
AC-033,54,engine_hpc,0.73,0.073,healthy,146,0
AC-033,55,engine_hpc,0.725,0.076,healthy,145,0
AC-033,56,engine_hpc,0.72,0.078,healthy,144,0
AC-033,57,engine_hpc,0.715,0.081,healthy,143,0
AC-033,58,engine_hpc,0.71,0.084,healthy,142,0
AC-033,59,engine_hpc,0.705,0.087,healthy,141,0
AC-033,60,engine_hpc,0.7,0.09,healthy,140,0
AC-033,61,engine_hpc,0.695,0.093,healthy,139,0
AC-033,62,engine_hpc,0.69,0.096,healthy,138,0
AC-033,63,engine_hpc,0.685,0.099,healthy,137,0
AC-033,64,engine_hpc,0.68,0.102,healthy,136,0
AC-033,65,engine_hpc,0.675,0.106,healthy,135,0
AC-033,66,engine_hpc,0.67,0.109,healthy,134,0
AC-033,67,engine_hpc,0.665,0.112,healthy,133,0
AC-033,68,engine_hpc,0.66,0.116,healthy,132,0
AC-033,69,engine_hpc,0.655,0.119,healthy,131,0
AC-033,70,engine_hpc,0.65,0.122,healthy,130,0
AC-033,71,engine_hpc,0.645,0.126,healthy,129,0
AC-033,72,engine_hpc,0.64,0.13,healthy,128,0
AC-033,73,engine_hpc,0.635,0.133,healthy,127,0
AC-033,74,engine_hpc,0.63,0.137,healthy,126,0
AC-033,75,engine_hpc,0.625,0.141,healthy,125,0
AC-033,76,engine_hpc,0.62,0.144,healthy,124,0
AC-033,77,engine_hpc,0.615,0.148,healthy,123,0
AC-033,78,engine_hpc,0.61,0.152,healthy,122,0
AC-033,79,engine_hpc,0.605,0.156,healthy,121,0
AC-033,80,engine_hpc,0.6,0.16,healthy,120,0
AC-033,81,engine_hpc,0.595,0.164,healthy,119,0
AC-033,82,engine_hpc,0.59,0.168,healthy,118,0
AC-033,83,engine_hpc,0.585,0.172,healthy,117,0
AC-033,84,engine_hpc,0.58,0.176,healthy,116,0
AC-033,85,engine_hpc,0.575,0.181,healthy,115,0
AC-033,86,engine_hpc,0.57,0.185,healthy,114,0
AC-033,87,engine_hpc,0.565,0.189,healthy,113,0
AC-033,88,engine_hpc,0.56,0.194,healthy,112,0
AC-033,89,engine_hpc,0.555,0.198,healthy,111,0
AC-033,90,engine_hpc,0.55,0.202,healthy,110,0
AC-033,91,engine_hpc,0.545,0.207,healthy,109,0
AC-033,92,engine_hpc,0.54,0.212,healthy,108,0
AC-033,93,engine_hpc,0.535,0.216,healthy,107,0
AC-033,94,engine_hpc,0.53,0.221,healthy,106,0
AC-033,95,engine_hpc,0.525,0.226,healthy,105,0
AC-033,96,engine_hpc,0.52,0.23,healthy,104,0
AC-033,97,engine_hpc,0.515,0.235,healthy,103,0
AC-033,98,engine_hpc,0.51,0.24,healthy,102,0
AC-033,99,engine_hpc,0.505,0.245,healthy,101,0
AC-033,100,engine_hpc,0.5,0.25,degraded,100,0
AC-033,101,engine_hpc,0.495,0.255,degraded,99,0
AC-033,102,engine_hpc,0.49,0.26,degraded,98,0
AC-033,103,engine_hpc,0.485,0.265,degraded,97,0
AC-033,104,engine_hpc,0.48,0.27,degraded,96,0
AC-033,105,engine_hpc,0.475,0.276,degraded,95,0
AC-033,106,engine_hpc,0.47,0.281,degraded,94,0
AC-033,107,engine_hpc,0.465,0.286,degraded,93,0
AC-033,108,engine_hpc,0.46,0.292,degraded,92,0
AC-033,109,engine_hpc,0.455,0.297,degraded,91,0
AC-033,110,engine_hpc,0.45,0.303,degraded,90,0
AC-033,111,engine_hpc,0.445,0.308,degraded,89,0
AC-033,112,engine_hpc,0.44,0.314,degraded,88,0
AC-033,113,engine_hpc,0.435,0.319,degraded,87,0
AC-033,114,engine_hpc,0.43,0.325,degraded,86,0
AC-033,115,engine_hpc,0.425,0.331,degraded,85,0
AC-033,116,engine_hpc,0.42,0.336,degraded,84,0
AC-033,117,engine_hpc,0.415,0.342,degraded,83,0
AC-033,118,engine_hpc,0.41,0.348,degraded,82,0
AC-033,119,engine_hpc,0.405,0.354,degraded,81,0
AC-033,120,engine_hpc,0.4,0.36,degraded,80,0
AC-033,121,engine_hpc,0.395,0.366,degraded,79,0
AC-033,122,engine_hpc,0.39,0.372,degraded,78,0
AC-033,123,engine_hpc,0.385,0.378,degraded,77,0
AC-033,124,engine_hpc,0.38,0.384,degraded,76,0
AC-033,125,engine_hpc,0.375,0.391,degraded,75,0
AC-033,126,engine_hpc,0.37,0.397,degraded,74,0
AC-033,127,engine_hpc,0.365,0.403,degraded,73,0
AC-033,128,engine_hpc,0.36,0.41,degraded,72,0
AC-033,129,engine_hpc,0.355,0.416,degraded,71,0
AC-033,130,engine_hpc,0.35,0.423,degraded,70,0
AC-033,131,engine_hpc,0.345,0.429,degraded,69,0
AC-033,132,engine_hpc,0.34,0.436,degraded,68,0
AC-033,133,engine_hpc,0.335,0.442,degraded,67,0
AC-033,134,engine_hpc,0.33,0.449,degraded,66,0
AC-033,135,engine_hpc,0.325,0.456,degraded,65,0
AC-033,136,engine_hpc,0.32,0.462,degraded,64,0
AC-033,137,engine_hpc,0.315,0.469,degraded,63,0
AC-033,138,engine_hpc,0.31,0.476,degraded,62,0
AC-033,139,engine_hpc,0.305,0.483,degraded,61,0
AC-033,140,engine_hpc,0.3,0.49,degraded,60,0
AC-033,141,engine_hpc,0.295,0.497,degraded,59,0
AC-033,142,engine_hpc,0.29,0.504,degraded,58,0
AC-033,143,engine_hpc,0.285,0.511,degraded,57,0
AC-033,144,engine_hpc,0.28,0.518,degraded,56,0
AC-033,145,engine_hpc,0.275,0.526,degraded,55,0
AC-033,146,engine_hpc,0.27,0.533,degraded,54,0
AC-033,147,engine_hpc,0.265,0.54,degraded,53,0
AC-033,148,engine_hpc,0.26,0.548,degraded,52,0
AC-033,149,engine_hpc,0.255,0.555,degraded,51,0
AC-033,150,engine_hpc,0.25,0.562,degraded,50,0
AC-033,151,engine_hpc,0.245,0.57,degraded,49,0
AC-033,152,engine_hpc,0.24,0.578,degraded,48,0
AC-033,153,engine_hpc,0.235,0.585,degraded,47,0
AC-033,154,engine_hpc,0.23,0.593,degraded,46,0
AC-033,155,engine_hpc,0.225,0.601,degraded,45,0
AC-033,156,engine_hpc,0.22,0.608,degraded,44,0
AC-033,157,engine_hpc,0.215,0.616,degraded,43,0
AC-033,158,engine_hpc,0.21,0.624,degraded,42,0
AC-033,159,engine_hpc,0.205,0.632,degraded,41,0
AC-033,160,engine_hpc,0.2,0.64,degraded,40,0
AC-033,161,engine_hpc,0.195,0.648,degraded,39,0
AC-033,162,engine_hpc,0.19,0.656,degraded,38,0
AC-033,163,engine_hpc,0.185,0.664,degraded,37,0
AC-033,164,engine_hpc,0.18,0.672,degraded,36,0
AC-033,165,engine_hpc,0.175,0.681,degraded,35,0
AC-033,166,engine_hpc,0.17,0.689,degraded,34,0
AC-033,167,engine_hpc,0.165,0.697,degraded,33,0
AC-033,168,engine_hpc,0.16,0.706,degraded,32,0
AC-033,169,engine_hpc,0.155,0.714,degraded,31,0
AC-033,170,engine_hpc,0.15,0.722,severe,30,1
AC-033,171,engine_hpc,0.145,0.731,severe,29,1
AC-033,172,engine_hpc,0.14,0.74,severe,28,1
AC-033,173,engine_hpc,0.135,0.748,severe,27,1
AC-033,174,engine_hpc,0.13,0.757,severe,26,1
AC-033,175,engine_hpc,0.125,0.766,severe,25,1
AC-033,176,engine_hpc,0.12,0.774,severe,24,1
AC-033,177,engine_hpc,0.115,0.783,severe,23,1
AC-033,178,engine_hpc,0.11,0.792,severe,22,1
AC-033,179,engine_hpc,0.105,0.801,severe,21,1
AC-033,180,engine_hpc,0.1,0.81,severe,20,1
AC-033,181,engine_hpc,0.095,0.819,severe,19,1
AC-033,182,engine_hpc,0.09,0.828,severe,18,1
AC-033,183,engine_hpc,0.085,0.837,severe,17,1
AC-033,184,engine_hpc,0.08,0.846,severe,16,1
AC-033,185,engine_hpc,0.075,0.856,severe,15,1
AC-033,186,engine_hpc,0.07,0.865,severe,14,1
AC-033,187,engine_hpc,0.065,0.874,severe,13,1
AC-033,188,engine_hpc,0.06,0.884,severe,12,1
AC-033,189,engine_hpc,0.055,0.893,severe,11,1
AC-033,190,engine_hpc,0.05,0.902,severe,10,1
AC-033,191,engine_hpc,0.045,0.912,severe,9,1
AC-033,192,engine_hpc,0.04,0.922,severe,8,1
AC-033,193,engine_hpc,0.035,0.931,severe,7,1
AC-033,194,engine_hpc,0.03,0.941,severe,6,1
AC-033,195,engine_hpc,0.025,0.951,severe,5,1
AC-033,196,engine_hpc,0.02,0.96,severe,4,1
AC-033,197,engine_hpc,0.015,0.97,severe,3,1
AC-033,198,engine_hpc,0.01,0.98,severe,2,1
AC-033,199,engine_hpc,0.005,0.99,severe,1,1
AC-033,200,engine_hpc,0.0,1.0,severe,0,1
AC-034,1,engine_hpc,0.995,0.0,healthy,194,0
AC-034,2,engine_hpc,0.99,0.0,healthy,193,0
AC-034,3,engine_hpc,0.985,0.0,healthy,192,0
AC-034,4,engine_hpc,0.979,0.0,healthy,191,0
AC-034,5,engine_hpc,0.974,0.001,healthy,190,0
AC-034,6,engine_hpc,0.969,0.001,healthy,189,0
AC-034,7,engine_hpc,0.964,0.001,healthy,188,0
AC-034,8,engine_hpc,0.959,0.002,healthy,187,0
AC-034,9,engine_hpc,0.954,0.002,healthy,186,0
AC-034,10,engine_hpc,0.949,0.003,healthy,185,0
AC-034,11,engine_hpc,0.944,0.003,healthy,184,0
AC-034,12,engine_hpc,0.938,0.004,healthy,183,0
AC-034,13,engine_hpc,0.933,0.004,healthy,182,0
AC-034,14,engine_hpc,0.928,0.005,healthy,181,0
AC-034,15,engine_hpc,0.923,0.006,healthy,180,0
AC-034,16,engine_hpc,0.918,0.007,healthy,179,0
AC-034,17,engine_hpc,0.913,0.008,healthy,178,0
AC-034,18,engine_hpc,0.908,0.009,healthy,177,0
AC-034,19,engine_hpc,0.903,0.009,healthy,176,0
AC-034,20,engine_hpc,0.897,0.011,healthy,175,0
AC-034,21,engine_hpc,0.892,0.012,healthy,174,0
AC-034,22,engine_hpc,0.887,0.013,healthy,173,0
AC-034,23,engine_hpc,0.882,0.014,healthy,172,0
AC-034,24,engine_hpc,0.877,0.015,healthy,171,0
AC-034,25,engine_hpc,0.872,0.016,healthy,170,0
AC-034,26,engine_hpc,0.867,0.018,healthy,169,0
AC-034,27,engine_hpc,0.862,0.019,healthy,168,0
AC-034,28,engine_hpc,0.856,0.021,healthy,167,0
AC-034,29,engine_hpc,0.851,0.022,healthy,166,0
AC-034,30,engine_hpc,0.846,0.024,healthy,165,0
AC-034,31,engine_hpc,0.841,0.025,healthy,164,0
AC-034,32,engine_hpc,0.836,0.027,healthy,163,0
AC-034,33,engine_hpc,0.831,0.029,healthy,162,0
AC-034,34,engine_hpc,0.826,0.03,healthy,161,0
AC-034,35,engine_hpc,0.821,0.032,healthy,160,0
AC-034,36,engine_hpc,0.815,0.034,healthy,159,0
AC-034,37,engine_hpc,0.81,0.036,healthy,158,0
AC-034,38,engine_hpc,0.805,0.038,healthy,157,0
AC-034,39,engine_hpc,0.8,0.04,healthy,156,0
AC-034,40,engine_hpc,0.795,0.042,healthy,155,0
AC-034,41,engine_hpc,0.79,0.044,healthy,154,0
AC-034,42,engine_hpc,0.785,0.046,healthy,153,0
AC-034,43,engine_hpc,0.779,0.049,healthy,152,0
AC-034,44,engine_hpc,0.774,0.051,healthy,151,0
AC-034,45,engine_hpc,0.769,0.053,healthy,150,0
AC-034,46,engine_hpc,0.764,0.056,healthy,149,0
AC-034,47,engine_hpc,0.759,0.058,healthy,148,0
AC-034,48,engine_hpc,0.754,0.061,healthy,147,0
AC-034,49,engine_hpc,0.749,0.063,healthy,146,0
AC-034,50,engine_hpc,0.744,0.066,healthy,145,0
AC-034,51,engine_hpc,0.738,0.068,healthy,144,0
AC-034,52,engine_hpc,0.733,0.071,healthy,143,0
AC-034,53,engine_hpc,0.728,0.074,healthy,142,0
AC-034,54,engine_hpc,0.723,0.077,healthy,141,0
AC-034,55,engine_hpc,0.718,0.08,healthy,140,0
AC-034,56,engine_hpc,0.713,0.082,healthy,139,0
AC-034,57,engine_hpc,0.708,0.085,healthy,138,0
AC-034,58,engine_hpc,0.703,0.088,healthy,137,0
AC-034,59,engine_hpc,0.697,0.092,healthy,136,0
AC-034,60,engine_hpc,0.692,0.095,healthy,135,0
AC-034,61,engine_hpc,0.687,0.098,healthy,134,0
AC-034,62,engine_hpc,0.682,0.101,healthy,133,0
AC-034,63,engine_hpc,0.677,0.104,healthy,132,0
AC-034,64,engine_hpc,0.672,0.108,healthy,131,0
AC-034,65,engine_hpc,0.667,0.111,healthy,130,0
AC-034,66,engine_hpc,0.662,0.115,healthy,129,0
AC-034,67,engine_hpc,0.656,0.118,healthy,128,0
AC-034,68,engine_hpc,0.651,0.122,healthy,127,0
AC-034,69,engine_hpc,0.646,0.125,healthy,126,0
AC-034,70,engine_hpc,0.641,0.129,healthy,125,0
AC-034,71,engine_hpc,0.636,0.133,healthy,124,0
AC-034,72,engine_hpc,0.631,0.136,healthy,123,0
AC-034,73,engine_hpc,0.626,0.14,healthy,122,0
AC-034,74,engine_hpc,0.621,0.144,healthy,121,0
AC-034,75,engine_hpc,0.615,0.148,healthy,120,0
AC-034,76,engine_hpc,0.61,0.152,healthy,119,0
AC-034,77,engine_hpc,0.605,0.156,healthy,118,0
AC-034,78,engine_hpc,0.6,0.16,healthy,117,0
AC-034,79,engine_hpc,0.595,0.164,healthy,116,0
AC-034,80,engine_hpc,0.59,0.168,healthy,115,0
AC-034,81,engine_hpc,0.585,0.173,healthy,114,0
AC-034,82,engine_hpc,0.579,0.177,healthy,113,0
AC-034,83,engine_hpc,0.574,0.181,healthy,112,0
AC-034,84,engine_hpc,0.569,0.186,healthy,111,0
AC-034,85,engine_hpc,0.564,0.19,healthy,110,0
AC-034,86,engine_hpc,0.559,0.195,healthy,109,0
AC-034,87,engine_hpc,0.554,0.199,healthy,108,0
AC-034,88,engine_hpc,0.549,0.204,healthy,107,0
AC-034,89,engine_hpc,0.544,0.208,healthy,106,0
AC-034,90,engine_hpc,0.538,0.213,healthy,105,0
AC-034,91,engine_hpc,0.533,0.218,healthy,104,0
AC-034,92,engine_hpc,0.528,0.223,healthy,103,0
AC-034,93,engine_hpc,0.523,0.227,healthy,102,0
AC-034,94,engine_hpc,0.518,0.232,healthy,101,0
AC-034,95,engine_hpc,0.513,0.237,healthy,100,0
AC-034,96,engine_hpc,0.508,0.242,healthy,99,0
AC-034,97,engine_hpc,0.503,0.247,healthy,98,0
AC-034,98,engine_hpc,0.497,0.253,degraded,97,0
AC-034,99,engine_hpc,0.492,0.258,degraded,96,0
AC-034,100,engine_hpc,0.487,0.263,degraded,95,0
AC-034,101,engine_hpc,0.482,0.268,degraded,94,0
AC-034,102,engine_hpc,0.477,0.274,degraded,93,0
AC-034,103,engine_hpc,0.472,0.279,degraded,92,0
AC-034,104,engine_hpc,0.467,0.284,degraded,91,0
AC-034,105,engine_hpc,0.462,0.29,degraded,90,0
AC-034,106,engine_hpc,0.456,0.295,degraded,89,0
AC-034,107,engine_hpc,0.451,0.301,degraded,88,0
AC-034,108,engine_hpc,0.446,0.307,degraded,87,0
AC-034,109,engine_hpc,0.441,0.312,degraded,86,0
AC-034,110,engine_hpc,0.436,0.318,degraded,85,0
AC-034,111,engine_hpc,0.431,0.324,degraded,84,0
AC-034,112,engine_hpc,0.426,0.33,degraded,83,0
AC-034,113,engine_hpc,0.421,0.336,degraded,82,0
AC-034,114,engine_hpc,0.415,0.342,degraded,81,0
AC-034,115,engine_hpc,0.41,0.348,degraded,80,0
AC-034,116,engine_hpc,0.405,0.354,degraded,79,0
AC-034,117,engine_hpc,0.4,0.36,degraded,78,0
AC-034,118,engine_hpc,0.395,0.366,degraded,77,0
AC-034,119,engine_hpc,0.39,0.372,degraded,76,0
AC-034,120,engine_hpc,0.385,0.379,degraded,75,0
AC-034,121,engine_hpc,0.379,0.385,degraded,74,0
AC-034,122,engine_hpc,0.374,0.391,degraded,73,0
AC-034,123,engine_hpc,0.369,0.398,degraded,72,0
AC-034,124,engine_hpc,0.364,0.404,degraded,71,0
AC-034,125,engine_hpc,0.359,0.411,degraded,70,0
AC-034,126,engine_hpc,0.354,0.418,degraded,69,0
AC-034,127,engine_hpc,0.349,0.424,degraded,68,0
AC-034,128,engine_hpc,0.344,0.431,degraded,67,0
AC-034,129,engine_hpc,0.338,0.438,degraded,66,0
AC-034,130,engine_hpc,0.333,0.444,degraded,65,0
AC-034,131,engine_hpc,0.328,0.451,degraded,64,0
AC-034,132,engine_hpc,0.323,0.458,degraded,63,0
AC-034,133,engine_hpc,0.318,0.465,degraded,62,0
AC-034,134,engine_hpc,0.313,0.472,degraded,61,0
AC-034,135,engine_hpc,0.308,0.479,degraded,60,0
AC-034,136,engine_hpc,0.303,0.486,degraded,59,0
AC-034,137,engine_hpc,0.297,0.494,degraded,58,0
AC-034,138,engine_hpc,0.292,0.501,degraded,57,0
AC-034,139,engine_hpc,0.287,0.508,degraded,56,0
AC-034,140,engine_hpc,0.282,0.515,degraded,55,0
AC-034,141,engine_hpc,0.277,0.523,degraded,54,0
AC-034,142,engine_hpc,0.272,0.53,degraded,53,0
AC-034,143,engine_hpc,0.267,0.538,degraded,52,0
AC-034,144,engine_hpc,0.262,0.545,degraded,51,0
AC-034,145,engine_hpc,0.256,0.553,degraded,50,0
AC-034,146,engine_hpc,0.251,0.561,degraded,49,0
AC-034,147,engine_hpc,0.246,0.568,degraded,48,0
AC-034,148,engine_hpc,0.241,0.576,degraded,47,0
AC-034,149,engine_hpc,0.236,0.584,degraded,46,0
AC-034,150,engine_hpc,0.231,0.592,degraded,45,0
AC-034,151,engine_hpc,0.226,0.6,degraded,44,0
AC-034,152,engine_hpc,0.221,0.608,degraded,43,0
AC-034,153,engine_hpc,0.215,0.616,degraded,42,0
AC-034,154,engine_hpc,0.21,0.624,degraded,41,0
AC-034,155,engine_hpc,0.205,0.632,degraded,40,0
AC-034,156,engine_hpc,0.2,0.64,degraded,39,0
AC-034,157,engine_hpc,0.195,0.648,degraded,38,0
AC-034,158,engine_hpc,0.19,0.657,degraded,37,0
AC-034,159,engine_hpc,0.185,0.665,degraded,36,0
AC-034,160,engine_hpc,0.179,0.673,degraded,35,0
AC-034,161,engine_hpc,0.174,0.682,degraded,34,0
AC-034,162,engine_hpc,0.169,0.69,degraded,33,0
AC-034,163,engine_hpc,0.164,0.699,degraded,32,0
AC-034,164,engine_hpc,0.159,0.707,degraded,31,0
AC-034,165,engine_hpc,0.154,0.716,degraded,30,1
AC-034,166,engine_hpc,0.149,0.725,severe,29,1
AC-034,167,engine_hpc,0.144,0.733,severe,28,1
AC-034,168,engine_hpc,0.138,0.742,severe,27,1
AC-034,169,engine_hpc,0.133,0.751,severe,26,1
AC-034,170,engine_hpc,0.128,0.76,severe,25,1
AC-034,171,engine_hpc,0.123,0.769,severe,24,1
AC-034,172,engine_hpc,0.118,0.778,severe,23,1
AC-034,173,engine_hpc,0.113,0.787,severe,22,1
AC-034,174,engine_hpc,0.108,0.796,severe,21,1
AC-034,175,engine_hpc,0.103,0.805,severe,20,1
AC-034,176,engine_hpc,0.097,0.815,severe,19,1
AC-034,177,engine_hpc,0.092,0.824,severe,18,1
AC-034,178,engine_hpc,0.087,0.833,severe,17,1
AC-034,179,engine_hpc,0.082,0.843,severe,16,1
AC-034,180,engine_hpc,0.077,0.852,severe,15,1
AC-034,181,engine_hpc,0.072,0.862,severe,14,1
AC-034,182,engine_hpc,0.067,0.871,severe,13,1
AC-034,183,engine_hpc,0.062,0.881,severe,12,1
AC-034,184,engine_hpc,0.056,0.89,severe,11,1
AC-034,185,engine_hpc,0.051,0.9,severe,10,1
AC-034,186,engine_hpc,0.046,0.91,severe,9,1
AC-034,187,engine_hpc,0.041,0.92,severe,8,1
AC-034,188,engine_hpc,0.036,0.929,severe,7,1
AC-034,189,engine_hpc,0.031,0.939,severe,6,1
AC-034,190,engine_hpc,0.026,0.949,severe,5,1
AC-034,191,engine_hpc,0.021,0.959,severe,4,1
AC-034,192,engine_hpc,0.015,0.969,severe,3,1
AC-034,193,engine_hpc,0.01,0.98,severe,2,1
AC-034,194,engine_hpc,0.005,0.99,severe,1,1
AC-034,195,engine_hpc,0.0,1.0,severe,0,1
AC-038,1,engine_hpc,0.995,0.0,healthy,193,0
AC-038,2,engine_hpc,0.99,0.0,healthy,192,0
AC-038,3,engine_hpc,0.985,0.0,healthy,191,0
AC-038,4,engine_hpc,0.979,0.0,healthy,190,0
AC-038,5,engine_hpc,0.974,0.001,healthy,189,0
AC-038,6,engine_hpc,0.969,0.001,healthy,188,0
AC-038,7,engine_hpc,0.964,0.001,healthy,187,0
AC-038,8,engine_hpc,0.959,0.002,healthy,186,0
AC-038,9,engine_hpc,0.954,0.002,healthy,185,0
AC-038,10,engine_hpc,0.948,0.003,healthy,184,0
AC-038,11,engine_hpc,0.943,0.003,healthy,183,0
AC-038,12,engine_hpc,0.938,0.004,healthy,182,0
AC-038,13,engine_hpc,0.933,0.004,healthy,181,0
AC-038,14,engine_hpc,0.928,0.005,healthy,180,0
AC-038,15,engine_hpc,0.923,0.006,healthy,179,0
AC-038,16,engine_hpc,0.918,0.007,healthy,178,0
AC-038,17,engine_hpc,0.912,0.008,healthy,177,0
AC-038,18,engine_hpc,0.907,0.009,healthy,176,0
AC-038,19,engine_hpc,0.902,0.01,healthy,175,0
AC-038,20,engine_hpc,0.897,0.011,healthy,174,0
AC-038,21,engine_hpc,0.892,0.012,healthy,173,0
AC-038,22,engine_hpc,0.887,0.013,healthy,172,0
AC-038,23,engine_hpc,0.881,0.014,healthy,171,0
AC-038,24,engine_hpc,0.876,0.015,healthy,170,0
AC-038,25,engine_hpc,0.871,0.017,healthy,169,0
AC-038,26,engine_hpc,0.866,0.018,healthy,168,0
AC-038,27,engine_hpc,0.861,0.019,healthy,167,0
AC-038,28,engine_hpc,0.856,0.021,healthy,166,0
AC-038,29,engine_hpc,0.851,0.022,healthy,165,0
AC-038,30,engine_hpc,0.845,0.024,healthy,164,0
AC-038,31,engine_hpc,0.84,0.026,healthy,163,0
AC-038,32,engine_hpc,0.835,0.027,healthy,162,0
AC-038,33,engine_hpc,0.83,0.029,healthy,161,0
AC-038,34,engine_hpc,0.825,0.031,healthy,160,0
AC-038,35,engine_hpc,0.82,0.033,healthy,159,0
AC-038,36,engine_hpc,0.814,0.034,healthy,158,0
AC-038,37,engine_hpc,0.809,0.036,healthy,157,0
AC-038,38,engine_hpc,0.804,0.038,healthy,156,0
AC-038,39,engine_hpc,0.799,0.04,healthy,155,0
AC-038,40,engine_hpc,0.794,0.043,healthy,154,0
AC-038,41,engine_hpc,0.789,0.045,healthy,153,0
AC-038,42,engine_hpc,0.784,0.047,healthy,152,0
AC-038,43,engine_hpc,0.778,0.049,healthy,151,0
AC-038,44,engine_hpc,0.773,0.051,healthy,150,0
AC-038,45,engine_hpc,0.768,0.054,healthy,149,0
AC-038,46,engine_hpc,0.763,0.056,healthy,148,0
AC-038,47,engine_hpc,0.758,0.059,healthy,147,0
AC-038,48,engine_hpc,0.753,0.061,healthy,146,0
AC-038,49,engine_hpc,0.747,0.064,healthy,145,0
AC-038,50,engine_hpc,0.742,0.066,healthy,144,0
AC-038,51,engine_hpc,0.737,0.069,healthy,143,0
AC-038,52,engine_hpc,0.732,0.072,healthy,142,0
AC-038,53,engine_hpc,0.727,0.075,healthy,141,0
AC-038,54,engine_hpc,0.722,0.077,healthy,140,0
AC-038,55,engine_hpc,0.716,0.08,healthy,139,0
AC-038,56,engine_hpc,0.711,0.083,healthy,138,0
AC-038,57,engine_hpc,0.706,0.086,healthy,137,0
AC-038,58,engine_hpc,0.701,0.089,healthy,136,0
AC-038,59,engine_hpc,0.696,0.092,healthy,135,0
AC-038,60,engine_hpc,0.691,0.096,healthy,134,0
AC-038,61,engine_hpc,0.686,0.099,healthy,133,0
AC-038,62,engine_hpc,0.68,0.102,healthy,132,0
AC-038,63,engine_hpc,0.675,0.105,healthy,131,0
AC-038,64,engine_hpc,0.67,0.109,healthy,130,0
AC-038,65,engine_hpc,0.665,0.112,healthy,129,0
AC-038,66,engine_hpc,0.66,0.116,healthy,128,0
AC-038,67,engine_hpc,0.655,0.119,healthy,127,0
AC-038,68,engine_hpc,0.649,0.123,healthy,126,0
AC-038,69,engine_hpc,0.644,0.127,healthy,125,0
AC-038,70,engine_hpc,0.639,0.13,healthy,124,0
AC-038,71,engine_hpc,0.634,0.134,healthy,123,0
AC-038,72,engine_hpc,0.629,0.138,healthy,122,0
AC-038,73,engine_hpc,0.624,0.142,healthy,121,0
AC-038,74,engine_hpc,0.619,0.145,healthy,120,0
AC-038,75,engine_hpc,0.613,0.149,healthy,119,0
AC-038,76,engine_hpc,0.608,0.153,healthy,118,0
AC-038,77,engine_hpc,0.603,0.158,healthy,117,0
AC-038,78,engine_hpc,0.598,0.162,healthy,116,0
AC-038,79,engine_hpc,0.593,0.166,healthy,115,0
AC-038,80,engine_hpc,0.588,0.17,healthy,114,0
AC-038,81,engine_hpc,0.582,0.174,healthy,113,0
AC-038,82,engine_hpc,0.577,0.179,healthy,112,0
AC-038,83,engine_hpc,0.572,0.183,healthy,111,0
AC-038,84,engine_hpc,0.567,0.187,healthy,110,0
AC-038,85,engine_hpc,0.562,0.192,healthy,109,0
AC-038,86,engine_hpc,0.557,0.197,healthy,108,0
AC-038,87,engine_hpc,0.552,0.201,healthy,107,0
AC-038,88,engine_hpc,0.546,0.206,healthy,106,0
AC-038,89,engine_hpc,0.541,0.21,healthy,105,0
AC-038,90,engine_hpc,0.536,0.215,healthy,104,0
AC-038,91,engine_hpc,0.531,0.22,healthy,103,0
AC-038,92,engine_hpc,0.526,0.225,healthy,102,0
AC-038,93,engine_hpc,0.521,0.23,healthy,101,0
AC-038,94,engine_hpc,0.515,0.235,healthy,100,0
AC-038,95,engine_hpc,0.51,0.24,healthy,99,0
AC-038,96,engine_hpc,0.505,0.245,healthy,98,0
AC-038,97,engine_hpc,0.5,0.25,degraded,97,0
AC-038,98,engine_hpc,0.495,0.255,degraded,96,0
AC-038,99,engine_hpc,0.49,0.26,degraded,95,0
AC-038,100,engine_hpc,0.485,0.266,degraded,94,0
AC-038,101,engine_hpc,0.479,0.271,degraded,93,0
AC-038,102,engine_hpc,0.474,0.276,degraded,92,0
AC-038,103,engine_hpc,0.469,0.282,degraded,91,0
AC-038,104,engine_hpc,0.464,0.287,degraded,90,0
AC-038,105,engine_hpc,0.459,0.293,degraded,89,0
AC-038,106,engine_hpc,0.454,0.299,degraded,88,0
AC-038,107,engine_hpc,0.448,0.304,degraded,87,0
AC-038,108,engine_hpc,0.443,0.31,degraded,86,0
AC-038,109,engine_hpc,0.438,0.316,degraded,85,0
AC-038,110,engine_hpc,0.433,0.322,degraded,84,0
AC-038,111,engine_hpc,0.428,0.327,degraded,83,0
AC-038,112,engine_hpc,0.423,0.333,degraded,82,0
AC-038,113,engine_hpc,0.418,0.339,degraded,81,0
AC-038,114,engine_hpc,0.412,0.345,degraded,80,0
AC-038,115,engine_hpc,0.407,0.351,degraded,79,0
AC-038,116,engine_hpc,0.402,0.358,degraded,78,0
AC-038,117,engine_hpc,0.397,0.364,degraded,77,0
AC-038,118,engine_hpc,0.392,0.37,degraded,76,0
AC-038,119,engine_hpc,0.387,0.376,degraded,75,0
AC-038,120,engine_hpc,0.381,0.383,degraded,74,0
AC-038,121,engine_hpc,0.376,0.389,degraded,73,0
AC-038,122,engine_hpc,0.371,0.395,degraded,72,0
AC-038,123,engine_hpc,0.366,0.402,degraded,71,0
AC-038,124,engine_hpc,0.361,0.409,degraded,70,0
AC-038,125,engine_hpc,0.356,0.415,degraded,69,0
AC-038,126,engine_hpc,0.351,0.422,degraded,68,0
AC-038,127,engine_hpc,0.345,0.429,degraded,67,0
AC-038,128,engine_hpc,0.34,0.435,degraded,66,0
AC-038,129,engine_hpc,0.335,0.442,degraded,65,0
AC-038,130,engine_hpc,0.33,0.449,degraded,64,0
AC-038,131,engine_hpc,0.325,0.456,degraded,63,0
AC-038,132,engine_hpc,0.32,0.463,degraded,62,0
AC-038,133,engine_hpc,0.314,0.47,degraded,61,0
AC-038,134,engine_hpc,0.309,0.477,degraded,60,0
AC-038,135,engine_hpc,0.304,0.484,degraded,59,0
AC-038,136,engine_hpc,0.299,0.491,degraded,58,0
AC-038,137,engine_hpc,0.294,0.499,degraded,57,0
AC-038,138,engine_hpc,0.289,0.506,degraded,56,0
AC-038,139,engine_hpc,0.284,0.513,degraded,55,0
AC-038,140,engine_hpc,0.278,0.521,degraded,54,0
AC-038,141,engine_hpc,0.273,0.528,degraded,53,0
AC-038,142,engine_hpc,0.268,0.536,degraded,52,0
AC-038,143,engine_hpc,0.263,0.543,degraded,51,0
AC-038,144,engine_hpc,0.258,0.551,degraded,50,0
AC-038,145,engine_hpc,0.253,0.559,degraded,49,0
AC-038,146,engine_hpc,0.247,0.566,degraded,48,0
AC-038,147,engine_hpc,0.242,0.574,degraded,47,0
AC-038,148,engine_hpc,0.237,0.582,degraded,46,0
AC-038,149,engine_hpc,0.232,0.59,degraded,45,0
AC-038,150,engine_hpc,0.227,0.598,degraded,44,0
AC-038,151,engine_hpc,0.222,0.606,degraded,43,0
AC-038,152,engine_hpc,0.216,0.614,degraded,42,0
AC-038,153,engine_hpc,0.211,0.622,degraded,41,0
AC-038,154,engine_hpc,0.206,0.63,degraded,40,0
AC-038,155,engine_hpc,0.201,0.638,degraded,39,0
AC-038,156,engine_hpc,0.196,0.647,degraded,38,0
AC-038,157,engine_hpc,0.191,0.655,degraded,37,0
AC-038,158,engine_hpc,0.186,0.663,degraded,36,0
AC-038,159,engine_hpc,0.18,0.672,degraded,35,0
AC-038,160,engine_hpc,0.175,0.68,degraded,34,0
AC-038,161,engine_hpc,0.17,0.689,degraded,33,0
AC-038,162,engine_hpc,0.165,0.697,degraded,32,0
AC-038,163,engine_hpc,0.16,0.706,degraded,31,0
AC-038,164,engine_hpc,0.155,0.715,degraded,30,1
AC-038,165,engine_hpc,0.149,0.723,severe,29,1
AC-038,166,engine_hpc,0.144,0.732,severe,28,1
AC-038,167,engine_hpc,0.139,0.741,severe,27,1
AC-038,168,engine_hpc,0.134,0.75,severe,26,1
AC-038,169,engine_hpc,0.129,0.759,severe,25,1
AC-038,170,engine_hpc,0.124,0.768,severe,24,1
AC-038,171,engine_hpc,0.119,0.777,severe,23,1
AC-038,172,engine_hpc,0.113,0.786,severe,22,1
AC-038,173,engine_hpc,0.108,0.795,severe,21,1
AC-038,174,engine_hpc,0.103,0.804,severe,20,1
AC-038,175,engine_hpc,0.098,0.814,severe,19,1
AC-038,176,engine_hpc,0.093,0.823,severe,18,1
AC-038,177,engine_hpc,0.088,0.832,severe,17,1
AC-038,178,engine_hpc,0.082,0.842,severe,16,1
AC-038,179,engine_hpc,0.077,0.851,severe,15,1
AC-038,180,engine_hpc,0.072,0.861,severe,14,1
AC-038,181,engine_hpc,0.067,0.87,severe,13,1
AC-038,182,engine_hpc,0.062,0.88,severe,12,1
AC-038,183,engine_hpc,0.057,0.89,severe,11,1
AC-038,184,engine_hpc,0.052,0.9,severe,10,1
AC-038,185,engine_hpc,0.046,0.909,severe,9,1
AC-038,186,engine_hpc,0.041,0.919,severe,8,1
AC-038,187,engine_hpc,0.036,0.929,severe,7,1
AC-038,188,engine_hpc,0.031,0.939,severe,6,1
AC-038,189,engine_hpc,0.026,0.949,severe,5,1
AC-038,190,engine_hpc,0.021,0.959,severe,4,1
AC-038,191,engine_hpc,0.015,0.969,severe,3,1
AC-038,192,engine_hpc,0.01,0.979,severe,2,1
AC-038,193,engine_hpc,0.005,0.99,severe,1,1
AC-038,194,engine_hpc,0.0,1.0,severe,0,1
AC-040,1,engine_hpc,0.995,0.0,healthy,187,0
AC-040,2,engine_hpc,0.989,0.0,healthy,186,0
AC-040,3,engine_hpc,0.984,0.0,healthy,185,0
AC-040,4,engine_hpc,0.979,0.0,healthy,184,0
AC-040,5,engine_hpc,0.973,0.001,healthy,183,0
AC-040,6,engine_hpc,0.968,0.001,healthy,182,0
AC-040,7,engine_hpc,0.963,0.001,healthy,181,0
AC-040,8,engine_hpc,0.957,0.002,healthy,180,0
AC-040,9,engine_hpc,0.952,0.002,healthy,179,0
AC-040,10,engine_hpc,0.947,0.003,healthy,178,0
AC-040,11,engine_hpc,0.941,0.003,healthy,177,0
AC-040,12,engine_hpc,0.936,0.004,healthy,176,0
AC-040,13,engine_hpc,0.931,0.005,healthy,175,0
AC-040,14,engine_hpc,0.926,0.006,healthy,174,0
AC-040,15,engine_hpc,0.92,0.006,healthy,173,0
AC-040,16,engine_hpc,0.915,0.007,healthy,172,0
AC-040,17,engine_hpc,0.91,0.008,healthy,171,0
AC-040,18,engine_hpc,0.904,0.009,healthy,170,0
AC-040,19,engine_hpc,0.899,0.01,healthy,169,0
AC-040,20,engine_hpc,0.894,0.011,healthy,168,0
AC-040,21,engine_hpc,0.888,0.012,healthy,167,0
AC-040,22,engine_hpc,0.883,0.014,healthy,166,0
AC-040,23,engine_hpc,0.878,0.015,healthy,165,0
AC-040,24,engine_hpc,0.872,0.016,healthy,164,0
AC-040,25,engine_hpc,0.867,0.018,healthy,163,0
AC-040,26,engine_hpc,0.862,0.019,healthy,162,0
AC-040,27,engine_hpc,0.856,0.021,healthy,161,0
AC-040,28,engine_hpc,0.851,0.022,healthy,160,0
AC-040,29,engine_hpc,0.846,0.024,healthy,159,0
AC-040,30,engine_hpc,0.84,0.025,healthy,158,0
AC-040,31,engine_hpc,0.835,0.027,healthy,157,0
AC-040,32,engine_hpc,0.83,0.029,healthy,156,0
AC-040,33,engine_hpc,0.824,0.031,healthy,155,0
AC-040,34,engine_hpc,0.819,0.033,healthy,154,0
AC-040,35,engine_hpc,0.814,0.035,healthy,153,0
AC-040,36,engine_hpc,0.809,0.037,healthy,152,0
AC-040,37,engine_hpc,0.803,0.039,healthy,151,0
AC-040,38,engine_hpc,0.798,0.041,healthy,150,0
AC-040,39,engine_hpc,0.793,0.043,healthy,149,0
AC-040,40,engine_hpc,0.787,0.045,healthy,148,0
AC-040,41,engine_hpc,0.782,0.048,healthy,147,0
AC-040,42,engine_hpc,0.777,0.05,healthy,146,0
AC-040,43,engine_hpc,0.771,0.052,healthy,145,0
AC-040,44,engine_hpc,0.766,0.055,healthy,144,0
AC-040,45,engine_hpc,0.761,0.057,healthy,143,0
AC-040,46,engine_hpc,0.755,0.06,healthy,142,0
AC-040,47,engine_hpc,0.75,0.062,healthy,141,0
AC-040,48,engine_hpc,0.745,0.065,healthy,140,0
AC-040,49,engine_hpc,0.739,0.068,healthy,139,0
AC-040,50,engine_hpc,0.734,0.071,healthy,138,0
AC-040,51,engine_hpc,0.729,0.074,healthy,137,0
AC-040,52,engine_hpc,0.723,0.077,healthy,136,0
AC-040,53,engine_hpc,0.718,0.079,healthy,135,0
AC-040,54,engine_hpc,0.713,0.083,healthy,134,0
AC-040,55,engine_hpc,0.707,0.086,healthy,133,0
AC-040,56,engine_hpc,0.702,0.089,healthy,132,0
AC-040,57,engine_hpc,0.697,0.092,healthy,131,0
AC-040,58,engine_hpc,0.691,0.095,healthy,130,0
AC-040,59,engine_hpc,0.686,0.098,healthy,129,0
AC-040,60,engine_hpc,0.681,0.102,healthy,128,0
AC-040,61,engine_hpc,0.676,0.105,healthy,127,0
AC-040,62,engine_hpc,0.67,0.109,healthy,126,0
AC-040,63,engine_hpc,0.665,0.112,healthy,125,0
AC-040,64,engine_hpc,0.66,0.116,healthy,124,0
AC-040,65,engine_hpc,0.654,0.12,healthy,123,0
AC-040,66,engine_hpc,0.649,0.123,healthy,122,0
AC-040,67,engine_hpc,0.644,0.127,healthy,121,0
AC-040,68,engine_hpc,0.638,0.131,healthy,120,0
AC-040,69,engine_hpc,0.633,0.135,healthy,119,0
AC-040,70,engine_hpc,0.628,0.139,healthy,118,0
AC-040,71,engine_hpc,0.622,0.143,healthy,117,0
AC-040,72,engine_hpc,0.617,0.147,healthy,116,0
AC-040,73,engine_hpc,0.612,0.151,healthy,115,0
AC-040,74,engine_hpc,0.606,0.155,healthy,114,0
AC-040,75,engine_hpc,0.601,0.159,healthy,113,0
AC-040,76,engine_hpc,0.596,0.163,healthy,112,0
AC-040,77,engine_hpc,0.59,0.168,healthy,111,0
AC-040,78,engine_hpc,0.585,0.172,healthy,110,0
AC-040,79,engine_hpc,0.58,0.177,healthy,109,0
AC-040,80,engine_hpc,0.574,0.181,healthy,108,0
AC-040,81,engine_hpc,0.569,0.186,healthy,107,0
AC-040,82,engine_hpc,0.564,0.19,healthy,106,0
AC-040,83,engine_hpc,0.559,0.195,healthy,105,0
AC-040,84,engine_hpc,0.553,0.2,healthy,104,0
AC-040,85,engine_hpc,0.548,0.204,healthy,103,0
AC-040,86,engine_hpc,0.543,0.209,healthy,102,0
AC-040,87,engine_hpc,0.537,0.214,healthy,101,0
AC-040,88,engine_hpc,0.532,0.219,healthy,100,0
AC-040,89,engine_hpc,0.527,0.224,healthy,99,0
AC-040,90,engine_hpc,0.521,0.229,healthy,98,0
AC-040,91,engine_hpc,0.516,0.234,healthy,97,0
AC-040,92,engine_hpc,0.511,0.239,healthy,96,0
AC-040,93,engine_hpc,0.505,0.245,healthy,95,0
AC-040,94,engine_hpc,0.5,0.25,degraded,94,0
AC-040,95,engine_hpc,0.495,0.255,degraded,93,0
AC-040,96,engine_hpc,0.489,0.261,degraded,92,0
AC-040,97,engine_hpc,0.484,0.266,degraded,91,0
AC-040,98,engine_hpc,0.479,0.272,degraded,90,0
AC-040,99,engine_hpc,0.473,0.277,degraded,89,0
AC-040,100,engine_hpc,0.468,0.283,degraded,88,0
AC-040,101,engine_hpc,0.463,0.289,degraded,87,0
AC-040,102,engine_hpc,0.457,0.294,degraded,86,0
AC-040,103,engine_hpc,0.452,0.3,degraded,85,0
AC-040,104,engine_hpc,0.447,0.306,degraded,84,0
AC-040,105,engine_hpc,0.441,0.312,degraded,83,0
AC-040,106,engine_hpc,0.436,0.318,degraded,82,0
AC-040,107,engine_hpc,0.431,0.324,degraded,81,0
AC-040,108,engine_hpc,0.426,0.33,degraded,80,0
AC-040,109,engine_hpc,0.42,0.336,degraded,79,0
AC-040,110,engine_hpc,0.415,0.342,degraded,78,0
AC-040,111,engine_hpc,0.41,0.349,degraded,77,0
AC-040,112,engine_hpc,0.404,0.355,degraded,76,0
AC-040,113,engine_hpc,0.399,0.361,degraded,75,0
AC-040,114,engine_hpc,0.394,0.368,degraded,74,0
AC-040,115,engine_hpc,0.388,0.374,degraded,73,0
AC-040,116,engine_hpc,0.383,0.381,degraded,72,0
AC-040,117,engine_hpc,0.378,0.387,degraded,71,0
AC-040,118,engine_hpc,0.372,0.394,degraded,70,0
AC-040,119,engine_hpc,0.367,0.401,degraded,69,0
AC-040,120,engine_hpc,0.362,0.407,degraded,68,0
AC-040,121,engine_hpc,0.356,0.414,degraded,67,0
AC-040,122,engine_hpc,0.351,0.421,degraded,66,0
AC-040,123,engine_hpc,0.346,0.428,degraded,65,0
AC-040,124,engine_hpc,0.34,0.435,degraded,64,0
AC-040,125,engine_hpc,0.335,0.442,degraded,63,0
AC-040,126,engine_hpc,0.33,0.449,degraded,62,0
AC-040,127,engine_hpc,0.324,0.456,degraded,61,0
AC-040,128,engine_hpc,0.319,0.464,degraded,60,0
AC-040,129,engine_hpc,0.314,0.471,degraded,59,0
AC-040,130,engine_hpc,0.309,0.478,degraded,58,0
AC-040,131,engine_hpc,0.303,0.486,degraded,57,0
AC-040,132,engine_hpc,0.298,0.493,degraded,56,0
AC-040,133,engine_hpc,0.293,0.5,degraded,55,0
AC-040,134,engine_hpc,0.287,0.508,degraded,54,0
AC-040,135,engine_hpc,0.282,0.516,degraded,53,0
AC-040,136,engine_hpc,0.277,0.523,degraded,52,0
AC-040,137,engine_hpc,0.271,0.531,degraded,51,0
AC-040,138,engine_hpc,0.266,0.539,degraded,50,0
AC-040,139,engine_hpc,0.261,0.547,degraded,49,0
AC-040,140,engine_hpc,0.255,0.555,degraded,48,0
AC-040,141,engine_hpc,0.25,0.562,degraded,47,0
AC-040,142,engine_hpc,0.245,0.571,degraded,46,0
AC-040,143,engine_hpc,0.239,0.579,degraded,45,0
AC-040,144,engine_hpc,0.234,0.587,degraded,44,0
AC-040,145,engine_hpc,0.229,0.595,degraded,43,0
AC-040,146,engine_hpc,0.223,0.603,degraded,42,0
AC-040,147,engine_hpc,0.218,0.611,degraded,41,0
AC-040,148,engine_hpc,0.213,0.62,degraded,40,0
AC-040,149,engine_hpc,0.207,0.628,degraded,39,0
AC-040,150,engine_hpc,0.202,0.637,degraded,38,0
AC-040,151,engine_hpc,0.197,0.645,degraded,37,0
AC-040,152,engine_hpc,0.191,0.654,degraded,36,0
AC-040,153,engine_hpc,0.186,0.662,degraded,35,0
AC-040,154,engine_hpc,0.181,0.671,degraded,34,0
AC-040,155,engine_hpc,0.176,0.68,degraded,33,0
AC-040,156,engine_hpc,0.17,0.689,degraded,32,0
AC-040,157,engine_hpc,0.165,0.697,degraded,31,0
AC-040,158,engine_hpc,0.16,0.706,degraded,30,1
AC-040,159,engine_hpc,0.154,0.715,degraded,29,1
AC-040,160,engine_hpc,0.149,0.724,severe,28,1
AC-040,161,engine_hpc,0.144,0.733,severe,27,1
AC-040,162,engine_hpc,0.138,0.743,severe,26,1
AC-040,163,engine_hpc,0.133,0.752,severe,25,1
AC-040,164,engine_hpc,0.128,0.761,severe,24,1
AC-040,165,engine_hpc,0.122,0.77,severe,23,1
AC-040,166,engine_hpc,0.117,0.78,severe,22,1
AC-040,167,engine_hpc,0.112,0.789,severe,21,1
AC-040,168,engine_hpc,0.106,0.799,severe,20,1
AC-040,169,engine_hpc,0.101,0.808,severe,19,1
AC-040,170,engine_hpc,0.096,0.818,severe,18,1
AC-040,171,engine_hpc,0.09,0.827,severe,17,1
AC-040,172,engine_hpc,0.085,0.837,severe,16,1
AC-040,173,engine_hpc,0.08,0.847,severe,15,1
AC-040,174,engine_hpc,0.074,0.857,severe,14,1
AC-040,175,engine_hpc,0.069,0.866,severe,13,1
AC-040,176,engine_hpc,0.064,0.876,severe,12,1
AC-040,177,engine_hpc,0.059,0.886,severe,11,1
AC-040,178,engine_hpc,0.053,0.896,severe,10,1
AC-040,179,engine_hpc,0.048,0.907,severe,9,1
AC-040,180,engine_hpc,0.043,0.917,severe,8,1
AC-040,181,engine_hpc,0.037,0.927,severe,7,1
AC-040,182,engine_hpc,0.032,0.937,severe,6,1
AC-040,183,engine_hpc,0.027,0.948,severe,5,1
AC-040,184,engine_hpc,0.021,0.958,severe,4,1
AC-040,185,engine_hpc,0.016,0.968,severe,3,1
AC-040,186,engine_hpc,0.011,0.979,severe,2,1
AC-040,187,engine_hpc,0.005,0.989,severe,1,1
AC-040,188,engine_hpc,0.0,1.0,severe,0,1
AC-043,1,engine_hpc,0.995,0.0,healthy,206,0
AC-043,2,engine_hpc,0.99,0.0,healthy,205,0
AC-043,3,engine_hpc,0.986,0.0,healthy,204,0
AC-043,4,engine_hpc,0.981,0.0,healthy,203,0
AC-043,5,engine_hpc,0.976,0.001,healthy,202,0
AC-043,6,engine_hpc,0.971,0.001,healthy,201,0
AC-043,7,engine_hpc,0.966,0.001,healthy,200,0
AC-043,8,engine_hpc,0.961,0.001,healthy,199,0
AC-043,9,engine_hpc,0.957,0.002,healthy,198,0
AC-043,10,engine_hpc,0.952,0.002,healthy,197,0
AC-043,11,engine_hpc,0.947,0.003,healthy,196,0
AC-043,12,engine_hpc,0.942,0.003,healthy,195,0
AC-043,13,engine_hpc,0.937,0.004,healthy,194,0
AC-043,14,engine_hpc,0.932,0.005,healthy,193,0
AC-043,15,engine_hpc,0.928,0.005,healthy,192,0
AC-043,16,engine_hpc,0.923,0.006,healthy,191,0
AC-043,17,engine_hpc,0.918,0.007,healthy,190,0
AC-043,18,engine_hpc,0.913,0.008,healthy,189,0
AC-043,19,engine_hpc,0.908,0.008,healthy,188,0
AC-043,20,engine_hpc,0.903,0.009,healthy,187,0
AC-043,21,engine_hpc,0.899,0.01,healthy,186,0
AC-043,22,engine_hpc,0.894,0.011,healthy,185,0
AC-043,23,engine_hpc,0.889,0.012,healthy,184,0
AC-043,24,engine_hpc,0.884,0.013,healthy,183,0
AC-043,25,engine_hpc,0.879,0.015,healthy,182,0
AC-043,26,engine_hpc,0.874,0.016,healthy,181,0
AC-043,27,engine_hpc,0.87,0.017,healthy,180,0
AC-043,28,engine_hpc,0.865,0.018,healthy,179,0
AC-043,29,engine_hpc,0.86,0.02,healthy,178,0
AC-043,30,engine_hpc,0.855,0.021,healthy,177,0
AC-043,31,engine_hpc,0.85,0.022,healthy,176,0
AC-043,32,engine_hpc,0.845,0.024,healthy,175,0
AC-043,33,engine_hpc,0.841,0.025,healthy,174,0
AC-043,34,engine_hpc,0.836,0.027,healthy,173,0
AC-043,35,engine_hpc,0.831,0.029,healthy,172,0
AC-043,36,engine_hpc,0.826,0.03,healthy,171,0
AC-043,37,engine_hpc,0.821,0.032,healthy,170,0
AC-043,38,engine_hpc,0.816,0.034,healthy,169,0
AC-043,39,engine_hpc,0.812,0.035,healthy,168,0
AC-043,40,engine_hpc,0.807,0.037,healthy,167,0
AC-043,41,engine_hpc,0.802,0.039,healthy,166,0
AC-043,42,engine_hpc,0.797,0.041,healthy,165,0
AC-043,43,engine_hpc,0.792,0.043,healthy,164,0
AC-043,44,engine_hpc,0.787,0.045,healthy,163,0
AC-043,45,engine_hpc,0.783,0.047,healthy,162,0
AC-043,46,engine_hpc,0.778,0.049,healthy,161,0
AC-043,47,engine_hpc,0.773,0.052,healthy,160,0
AC-043,48,engine_hpc,0.768,0.054,healthy,159,0
AC-043,49,engine_hpc,0.763,0.056,healthy,158,0
AC-043,50,engine_hpc,0.758,0.058,healthy,157,0
AC-043,51,engine_hpc,0.754,0.061,healthy,156,0
AC-043,52,engine_hpc,0.749,0.063,healthy,155,0
AC-043,53,engine_hpc,0.744,0.066,healthy,154,0
AC-043,54,engine_hpc,0.739,0.068,healthy,153,0
AC-043,55,engine_hpc,0.734,0.071,healthy,152,0
AC-043,56,engine_hpc,0.729,0.073,healthy,151,0
AC-043,57,engine_hpc,0.725,0.076,healthy,150,0
AC-043,58,engine_hpc,0.72,0.079,healthy,149,0
AC-043,59,engine_hpc,0.715,0.081,healthy,148,0
AC-043,60,engine_hpc,0.71,0.084,healthy,147,0
AC-043,61,engine_hpc,0.705,0.087,healthy,146,0
AC-043,62,engine_hpc,0.7,0.09,healthy,145,0
AC-043,63,engine_hpc,0.696,0.093,healthy,144,0
AC-043,64,engine_hpc,0.691,0.096,healthy,143,0
AC-043,65,engine_hpc,0.686,0.099,healthy,142,0
AC-043,66,engine_hpc,0.681,0.102,healthy,141,0
AC-043,67,engine_hpc,0.676,0.105,healthy,140,0
AC-043,68,engine_hpc,0.671,0.108,healthy,139,0
AC-043,69,engine_hpc,0.667,0.111,healthy,138,0
AC-043,70,engine_hpc,0.662,0.114,healthy,137,0
AC-043,71,engine_hpc,0.657,0.118,healthy,136,0
AC-043,72,engine_hpc,0.652,0.121,healthy,135,0
AC-043,73,engine_hpc,0.647,0.124,healthy,134,0
AC-043,74,engine_hpc,0.643,0.128,healthy,133,0
AC-043,75,engine_hpc,0.638,0.131,healthy,132,0
AC-043,76,engine_hpc,0.633,0.135,healthy,131,0
AC-043,77,engine_hpc,0.628,0.138,healthy,130,0
AC-043,78,engine_hpc,0.623,0.142,healthy,129,0
AC-043,79,engine_hpc,0.618,0.146,healthy,128,0
AC-043,80,engine_hpc,0.614,0.149,healthy,127,0
AC-043,81,engine_hpc,0.609,0.153,healthy,126,0
AC-043,82,engine_hpc,0.604,0.157,healthy,125,0
AC-043,83,engine_hpc,0.599,0.161,healthy,124,0
AC-043,84,engine_hpc,0.594,0.165,healthy,123,0
AC-043,85,engine_hpc,0.589,0.169,healthy,122,0
AC-043,86,engine_hpc,0.585,0.173,healthy,121,0
AC-043,87,engine_hpc,0.58,0.177,healthy,120,0
AC-043,88,engine_hpc,0.575,0.181,healthy,119,0
AC-043,89,engine_hpc,0.57,0.185,healthy,118,0
AC-043,90,engine_hpc,0.565,0.189,healthy,117,0
AC-043,91,engine_hpc,0.56,0.193,healthy,116,0
AC-043,92,engine_hpc,0.556,0.198,healthy,115,0
AC-043,93,engine_hpc,0.551,0.202,healthy,114,0
AC-043,94,engine_hpc,0.546,0.206,healthy,113,0
AC-043,95,engine_hpc,0.541,0.211,healthy,112,0
AC-043,96,engine_hpc,0.536,0.215,healthy,111,0
AC-043,97,engine_hpc,0.531,0.22,healthy,110,0
AC-043,98,engine_hpc,0.527,0.224,healthy,109,0
AC-043,99,engine_hpc,0.522,0.229,healthy,108,0
AC-043,100,engine_hpc,0.517,0.233,healthy,107,0
AC-043,101,engine_hpc,0.512,0.238,healthy,106,0
AC-043,102,engine_hpc,0.507,0.243,healthy,105,0
AC-043,103,engine_hpc,0.502,0.248,healthy,104,0
AC-043,104,engine_hpc,0.498,0.252,degraded,103,0
AC-043,105,engine_hpc,0.493,0.257,degraded,102,0
AC-043,106,engine_hpc,0.488,0.262,degraded,101,0
AC-043,107,engine_hpc,0.483,0.267,degraded,100,0
AC-043,108,engine_hpc,0.478,0.272,degraded,99,0
AC-043,109,engine_hpc,0.473,0.277,degraded,98,0
AC-043,110,engine_hpc,0.469,0.282,degraded,97,0
AC-043,111,engine_hpc,0.464,0.288,degraded,96,0
AC-043,112,engine_hpc,0.459,0.293,degraded,95,0
AC-043,113,engine_hpc,0.454,0.298,degraded,94,0
AC-043,114,engine_hpc,0.449,0.303,degraded,93,0
AC-043,115,engine_hpc,0.444,0.309,degraded,92,0
AC-043,116,engine_hpc,0.44,0.314,degraded,91,0
AC-043,117,engine_hpc,0.435,0.319,degraded,90,0
AC-043,118,engine_hpc,0.43,0.325,degraded,89,0
AC-043,119,engine_hpc,0.425,0.33,degraded,88,0
AC-043,120,engine_hpc,0.42,0.336,degraded,87,0
AC-043,121,engine_hpc,0.415,0.342,degraded,86,0
AC-043,122,engine_hpc,0.411,0.347,degraded,85,0
AC-043,123,engine_hpc,0.406,0.353,degraded,84,0
AC-043,124,engine_hpc,0.401,0.359,degraded,83,0
AC-043,125,engine_hpc,0.396,0.365,degraded,82,0
AC-043,126,engine_hpc,0.391,0.371,degraded,81,0
AC-043,127,engine_hpc,0.386,0.376,degraded,80,0
AC-043,128,engine_hpc,0.382,0.382,degraded,79,0
AC-043,129,engine_hpc,0.377,0.388,degraded,78,0
AC-043,130,engine_hpc,0.372,0.394,degraded,77,0
AC-043,131,engine_hpc,0.367,0.4,degraded,76,0
AC-043,132,engine_hpc,0.362,0.407,degraded,75,0
AC-043,133,engine_hpc,0.357,0.413,degraded,74,0
AC-043,134,engine_hpc,0.353,0.419,degraded,73,0
AC-043,135,engine_hpc,0.348,0.425,degraded,72,0
AC-043,136,engine_hpc,0.343,0.432,degraded,71,0
AC-043,137,engine_hpc,0.338,0.438,degraded,70,0
AC-043,138,engine_hpc,0.333,0.444,degraded,69,0
AC-043,139,engine_hpc,0.329,0.451,degraded,68,0
AC-043,140,engine_hpc,0.324,0.457,degraded,67,0
AC-043,141,engine_hpc,0.319,0.464,degraded,66,0
AC-043,142,engine_hpc,0.314,0.471,degraded,65,0
AC-043,143,engine_hpc,0.309,0.477,degraded,64,0
AC-043,144,engine_hpc,0.304,0.484,degraded,63,0
AC-043,145,engine_hpc,0.3,0.491,degraded,62,0
AC-043,146,engine_hpc,0.295,0.497,degraded,61,0
AC-043,147,engine_hpc,0.29,0.504,degraded,60,0
AC-043,148,engine_hpc,0.285,0.511,degraded,59,0
AC-043,149,engine_hpc,0.28,0.518,degraded,58,0
AC-043,150,engine_hpc,0.275,0.525,degraded,57,0
AC-043,151,engine_hpc,0.271,0.532,degraded,56,0
AC-043,152,engine_hpc,0.266,0.539,degraded,55,0
AC-043,153,engine_hpc,0.261,0.546,degraded,54,0
AC-043,154,engine_hpc,0.256,0.553,degraded,53,0
AC-043,155,engine_hpc,0.251,0.561,degraded,52,0
AC-043,156,engine_hpc,0.246,0.568,degraded,51,0
AC-043,157,engine_hpc,0.242,0.575,degraded,50,0
AC-043,158,engine_hpc,0.237,0.583,degraded,49,0
AC-043,159,engine_hpc,0.232,0.59,degraded,48,0
AC-043,160,engine_hpc,0.227,0.597,degraded,47,0
AC-043,161,engine_hpc,0.222,0.605,degraded,46,0
AC-043,162,engine_hpc,0.217,0.612,degraded,45,0
AC-043,163,engine_hpc,0.213,0.62,degraded,44,0
AC-043,164,engine_hpc,0.208,0.628,degraded,43,0
AC-043,165,engine_hpc,0.203,0.635,degraded,42,0
AC-043,166,engine_hpc,0.198,0.643,degraded,41,0
AC-043,167,engine_hpc,0.193,0.651,degraded,40,0
AC-043,168,engine_hpc,0.188,0.659,degraded,39,0
AC-043,169,engine_hpc,0.184,0.667,degraded,38,0
AC-043,170,engine_hpc,0.179,0.674,degraded,37,0
AC-043,171,engine_hpc,0.174,0.682,degraded,36,0
AC-043,172,engine_hpc,0.169,0.69,degraded,35,0
AC-043,173,engine_hpc,0.164,0.698,degraded,34,0
AC-043,174,engine_hpc,0.159,0.707,degraded,33,0
AC-043,175,engine_hpc,0.155,0.715,degraded,32,0
AC-043,176,engine_hpc,0.15,0.723,severe,31,0
AC-043,177,engine_hpc,0.145,0.731,severe,30,1
AC-043,178,engine_hpc,0.14,0.739,severe,29,1
AC-043,179,engine_hpc,0.135,0.748,severe,28,1
AC-043,180,engine_hpc,0.13,0.756,severe,27,1
AC-043,181,engine_hpc,0.126,0.765,severe,26,1
AC-043,182,engine_hpc,0.121,0.773,severe,25,1
AC-043,183,engine_hpc,0.116,0.782,severe,24,1
AC-043,184,engine_hpc,0.111,0.79,severe,23,1
AC-043,185,engine_hpc,0.106,0.799,severe,22,1
AC-043,186,engine_hpc,0.101,0.807,severe,21,1
AC-043,187,engine_hpc,0.097,0.816,severe,20,1
AC-043,188,engine_hpc,0.092,0.825,severe,19,1
AC-043,189,engine_hpc,0.087,0.834,severe,18,1
AC-043,190,engine_hpc,0.082,0.842,severe,17,1
AC-043,191,engine_hpc,0.077,0.851,severe,16,1
AC-043,192,engine_hpc,0.072,0.86,severe,15,1
AC-043,193,engine_hpc,0.068,0.869,severe,14,1
AC-043,194,engine_hpc,0.063,0.878,severe,13,1
AC-043,195,engine_hpc,0.058,0.887,severe,12,1
AC-043,196,engine_hpc,0.053,0.897,severe,11,1
AC-043,197,engine_hpc,0.048,0.906,severe,10,1
AC-043,198,engine_hpc,0.043,0.915,severe,9,1
AC-043,199,engine_hpc,0.039,0.924,severe,8,1
AC-043,200,engine_hpc,0.034,0.934,severe,7,1
AC-043,201,engine_hpc,0.029,0.943,severe,6,1
AC-043,202,engine_hpc,0.024,0.952,severe,5,1
AC-043,203,engine_hpc,0.019,0.962,severe,4,1
AC-043,204,engine_hpc,0.014,0.971,severe,3,1
AC-043,205,engine_hpc,0.01,0.981,severe,2,1
AC-043,206,engine_hpc,0.005,0.99,severe,1,1
AC-043,207,engine_hpc,0.0,1.0,severe,0,1
AC-045,1,engine_hpc,0.994,0.0,healthy,157,0
AC-045,2,engine_hpc,0.987,0.0,healthy,156,0
AC-045,3,engine_hpc,0.981,0.0,healthy,155,0
AC-045,4,engine_hpc,0.975,0.001,healthy,154,0
AC-045,5,engine_hpc,0.968,0.001,healthy,153,0
AC-045,6,engine_hpc,0.962,0.001,healthy,152,0
AC-045,7,engine_hpc,0.956,0.002,healthy,151,0
AC-045,8,engine_hpc,0.949,0.003,healthy,150,0
AC-045,9,engine_hpc,0.943,0.003,healthy,149,0
AC-045,10,engine_hpc,0.937,0.004,healthy,148,0
AC-045,11,engine_hpc,0.93,0.005,healthy,147,0
AC-045,12,engine_hpc,0.924,0.006,healthy,146,0
AC-045,13,engine_hpc,0.918,0.007,healthy,145,0
AC-045,14,engine_hpc,0.911,0.008,healthy,144,0
AC-045,15,engine_hpc,0.905,0.009,healthy,143,0
AC-045,16,engine_hpc,0.899,0.01,healthy,142,0
AC-045,17,engine_hpc,0.892,0.012,healthy,141,0
AC-045,18,engine_hpc,0.886,0.013,healthy,140,0
AC-045,19,engine_hpc,0.88,0.014,healthy,139,0
AC-045,20,engine_hpc,0.873,0.016,healthy,138,0
AC-045,21,engine_hpc,0.867,0.018,healthy,137,0
AC-045,22,engine_hpc,0.861,0.019,healthy,136,0
AC-045,23,engine_hpc,0.854,0.021,healthy,135,0
AC-045,24,engine_hpc,0.848,0.023,healthy,134,0
AC-045,25,engine_hpc,0.842,0.025,healthy,133,0
AC-045,26,engine_hpc,0.835,0.027,healthy,132,0
AC-045,27,engine_hpc,0.829,0.029,healthy,131,0
AC-045,28,engine_hpc,0.823,0.031,healthy,130,0
AC-045,29,engine_hpc,0.816,0.034,healthy,129,0
AC-045,30,engine_hpc,0.81,0.036,healthy,128,0
AC-045,31,engine_hpc,0.804,0.038,healthy,127,0
AC-045,32,engine_hpc,0.797,0.041,healthy,126,0
AC-045,33,engine_hpc,0.791,0.044,healthy,125,0
AC-045,34,engine_hpc,0.785,0.046,healthy,124,0
AC-045,35,engine_hpc,0.778,0.049,healthy,123,0
AC-045,36,engine_hpc,0.772,0.052,healthy,122,0
AC-045,37,engine_hpc,0.766,0.055,healthy,121,0
AC-045,38,engine_hpc,0.759,0.058,healthy,120,0
AC-045,39,engine_hpc,0.753,0.061,healthy,119,0
AC-045,40,engine_hpc,0.747,0.064,healthy,118,0
AC-045,41,engine_hpc,0.741,0.067,healthy,117,0
AC-045,42,engine_hpc,0.734,0.071,healthy,116,0
AC-045,43,engine_hpc,0.728,0.074,healthy,115,0
AC-045,44,engine_hpc,0.722,0.078,healthy,114,0
AC-045,45,engine_hpc,0.715,0.081,healthy,113,0
AC-045,46,engine_hpc,0.709,0.085,healthy,112,0
AC-045,47,engine_hpc,0.703,0.088,healthy,111,0
AC-045,48,engine_hpc,0.696,0.092,healthy,110,0
AC-045,49,engine_hpc,0.69,0.096,healthy,109,0
AC-045,50,engine_hpc,0.684,0.1,healthy,108,0
AC-045,51,engine_hpc,0.677,0.104,healthy,107,0
AC-045,52,engine_hpc,0.671,0.108,healthy,106,0
AC-045,53,engine_hpc,0.665,0.113,healthy,105,0
AC-045,54,engine_hpc,0.658,0.117,healthy,104,0
AC-045,55,engine_hpc,0.652,0.121,healthy,103,0
AC-045,56,engine_hpc,0.646,0.126,healthy,102,0
AC-045,57,engine_hpc,0.639,0.13,healthy,101,0
AC-045,58,engine_hpc,0.633,0.135,healthy,100,0
AC-045,59,engine_hpc,0.627,0.139,healthy,99,0
AC-045,60,engine_hpc,0.62,0.144,healthy,98,0
AC-045,61,engine_hpc,0.614,0.149,healthy,97,0
AC-045,62,engine_hpc,0.608,0.154,healthy,96,0
AC-045,63,engine_hpc,0.601,0.159,healthy,95,0
AC-045,64,engine_hpc,0.595,0.164,healthy,94,0
AC-045,65,engine_hpc,0.589,0.169,healthy,93,0
AC-045,66,engine_hpc,0.582,0.174,healthy,92,0
AC-045,67,engine_hpc,0.576,0.18,healthy,91,0
AC-045,68,engine_hpc,0.57,0.185,healthy,90,0
AC-045,69,engine_hpc,0.563,0.191,healthy,89,0
AC-045,70,engine_hpc,0.557,0.196,healthy,88,0
AC-045,71,engine_hpc,0.551,0.202,healthy,87,0
AC-045,72,engine_hpc,0.544,0.208,healthy,86,0
AC-045,73,engine_hpc,0.538,0.213,healthy,85,0
AC-045,74,engine_hpc,0.532,0.219,healthy,84,0
AC-045,75,engine_hpc,0.525,0.225,healthy,83,0
AC-045,76,engine_hpc,0.519,0.231,healthy,82,0
AC-045,77,engine_hpc,0.513,0.238,healthy,81,0
AC-045,78,engine_hpc,0.506,0.244,healthy,80,0
AC-045,79,engine_hpc,0.5,0.25,degraded,79,0
AC-045,80,engine_hpc,0.494,0.256,degraded,78,0
AC-045,81,engine_hpc,0.487,0.263,degraded,77,0
AC-045,82,engine_hpc,0.481,0.269,degraded,76,0
AC-045,83,engine_hpc,0.475,0.276,degraded,75,0
AC-045,84,engine_hpc,0.468,0.283,degraded,74,0
AC-045,85,engine_hpc,0.462,0.289,degraded,73,0
AC-045,86,engine_hpc,0.456,0.296,degraded,72,0
AC-045,87,engine_hpc,0.449,0.303,degraded,71,0
AC-045,88,engine_hpc,0.443,0.31,degraded,70,0
AC-045,89,engine_hpc,0.437,0.317,degraded,69,0
AC-045,90,engine_hpc,0.43,0.324,degraded,68,0
AC-045,91,engine_hpc,0.424,0.332,degraded,67,0
AC-045,92,engine_hpc,0.418,0.339,degraded,66,0
AC-045,93,engine_hpc,0.411,0.346,degraded,65,0
AC-045,94,engine_hpc,0.405,0.354,degraded,64,0
AC-045,95,engine_hpc,0.399,0.362,degraded,63,0
AC-045,96,engine_hpc,0.392,0.369,degraded,62,0
AC-045,97,engine_hpc,0.386,0.377,degraded,61,0
AC-045,98,engine_hpc,0.38,0.385,degraded,60,0
AC-045,99,engine_hpc,0.373,0.393,degraded,59,0
AC-045,100,engine_hpc,0.367,0.401,degraded,58,0
AC-045,101,engine_hpc,0.361,0.409,degraded,57,0
AC-045,102,engine_hpc,0.354,0.417,degraded,56,0
AC-045,103,engine_hpc,0.348,0.425,degraded,55,0
AC-045,104,engine_hpc,0.342,0.433,degraded,54,0
AC-045,105,engine_hpc,0.335,0.442,degraded,53,0
AC-045,106,engine_hpc,0.329,0.45,degraded,52,0
AC-045,107,engine_hpc,0.323,0.459,degraded,51,0
AC-045,108,engine_hpc,0.316,0.467,degraded,50,0
AC-045,109,engine_hpc,0.31,0.476,degraded,49,0
AC-045,110,engine_hpc,0.304,0.485,degraded,48,0
AC-045,111,engine_hpc,0.297,0.494,degraded,47,0
AC-045,112,engine_hpc,0.291,0.502,degraded,46,0
AC-045,113,engine_hpc,0.285,0.511,degraded,45,0
AC-045,114,engine_hpc,0.278,0.521,degraded,44,0
AC-045,115,engine_hpc,0.272,0.53,degraded,43,0
AC-045,116,engine_hpc,0.266,0.539,degraded,42,0
AC-045,117,engine_hpc,0.259,0.548,degraded,41,0
AC-045,118,engine_hpc,0.253,0.558,degraded,40,0
AC-045,119,engine_hpc,0.247,0.567,degraded,39,0
AC-045,120,engine_hpc,0.241,0.577,degraded,38,0
AC-045,121,engine_hpc,0.234,0.586,degraded,37,0
AC-045,122,engine_hpc,0.228,0.596,degraded,36,0
AC-045,123,engine_hpc,0.222,0.606,degraded,35,0
AC-045,124,engine_hpc,0.215,0.616,degraded,34,0
AC-045,125,engine_hpc,0.209,0.626,degraded,33,0
AC-045,126,engine_hpc,0.203,0.636,degraded,32,0
AC-045,127,engine_hpc,0.196,0.646,degraded,31,0
AC-045,128,engine_hpc,0.19,0.656,degraded,30,1
AC-045,129,engine_hpc,0.184,0.667,degraded,29,1
AC-045,130,engine_hpc,0.177,0.677,degraded,28,1
AC-045,131,engine_hpc,0.171,0.687,degraded,27,1
AC-045,132,engine_hpc,0.165,0.698,degraded,26,1
AC-045,133,engine_hpc,0.158,0.709,degraded,25,1
AC-045,134,engine_hpc,0.152,0.719,degraded,24,1
AC-045,135,engine_hpc,0.146,0.73,severe,23,1
AC-045,136,engine_hpc,0.139,0.741,severe,22,1
AC-045,137,engine_hpc,0.133,0.752,severe,21,1
AC-045,138,engine_hpc,0.127,0.763,severe,20,1
AC-045,139,engine_hpc,0.12,0.774,severe,19,1
AC-045,140,engine_hpc,0.114,0.785,severe,18,1
AC-045,141,engine_hpc,0.108,0.796,severe,17,1
AC-045,142,engine_hpc,0.101,0.808,severe,16,1
AC-045,143,engine_hpc,0.095,0.819,severe,15,1
AC-045,144,engine_hpc,0.089,0.831,severe,14,1
AC-045,145,engine_hpc,0.082,0.842,severe,13,1
AC-045,146,engine_hpc,0.076,0.854,severe,12,1
AC-045,147,engine_hpc,0.07,0.866,severe,11,1
AC-045,148,engine_hpc,0.063,0.877,severe,10,1
AC-045,149,engine_hpc,0.057,0.889,severe,9,1
AC-045,150,engine_hpc,0.051,0.901,severe,8,1
AC-045,151,engine_hpc,0.044,0.913,severe,7,1
AC-045,152,engine_hpc,0.038,0.925,severe,6,1
AC-045,153,engine_hpc,0.032,0.938,severe,5,1
AC-045,154,engine_hpc,0.025,0.95,severe,4,1
AC-045,155,engine_hpc,0.019,0.962,severe,3,1
AC-045,156,engine_hpc,0.013,0.975,severe,2,1
AC-045,157,engine_hpc,0.006,0.987,severe,1,1
AC-045,158,engine_hpc,0.0,1.0,severe,0,1
AC-046,1,engine_hpc,0.996,0.0,healthy,255,0
AC-046,2,engine_hpc,0.992,0.0,healthy,254,0
AC-046,3,engine_hpc,0.988,0.0,healthy,253,0
AC-046,4,engine_hpc,0.984,0.0,healthy,252,0
AC-046,5,engine_hpc,0.98,0.0,healthy,251,0
AC-046,6,engine_hpc,0.977,0.001,healthy,250,0
AC-046,7,engine_hpc,0.973,0.001,healthy,249,0
AC-046,8,engine_hpc,0.969,0.001,healthy,248,0
AC-046,9,engine_hpc,0.965,0.001,healthy,247,0
AC-046,10,engine_hpc,0.961,0.002,healthy,246,0
AC-046,11,engine_hpc,0.957,0.002,healthy,245,0
AC-046,12,engine_hpc,0.953,0.002,healthy,244,0
AC-046,13,engine_hpc,0.949,0.003,healthy,243,0
AC-046,14,engine_hpc,0.945,0.003,healthy,242,0
AC-046,15,engine_hpc,0.941,0.003,healthy,241,0
AC-046,16,engine_hpc,0.938,0.004,healthy,240,0
AC-046,17,engine_hpc,0.934,0.004,healthy,239,0
AC-046,18,engine_hpc,0.93,0.005,healthy,238,0
AC-046,19,engine_hpc,0.926,0.006,healthy,237,0
AC-046,20,engine_hpc,0.922,0.006,healthy,236,0
AC-046,21,engine_hpc,0.918,0.007,healthy,235,0
AC-046,22,engine_hpc,0.914,0.007,healthy,234,0
AC-046,23,engine_hpc,0.91,0.008,healthy,233,0
AC-046,24,engine_hpc,0.906,0.009,healthy,232,0
AC-046,25,engine_hpc,0.902,0.01,healthy,231,0
AC-046,26,engine_hpc,0.898,0.01,healthy,230,0
AC-046,27,engine_hpc,0.895,0.011,healthy,229,0
AC-046,28,engine_hpc,0.891,0.012,healthy,228,0
AC-046,29,engine_hpc,0.887,0.013,healthy,227,0
AC-046,30,engine_hpc,0.883,0.014,healthy,226,0
AC-046,31,engine_hpc,0.879,0.015,healthy,225,0
AC-046,32,engine_hpc,0.875,0.016,healthy,224,0
AC-046,33,engine_hpc,0.871,0.017,healthy,223,0
AC-046,34,engine_hpc,0.867,0.018,healthy,222,0
AC-046,35,engine_hpc,0.863,0.019,healthy,221,0
AC-046,36,engine_hpc,0.859,0.02,healthy,220,0
AC-046,37,engine_hpc,0.855,0.021,healthy,219,0
AC-046,38,engine_hpc,0.852,0.022,healthy,218,0
AC-046,39,engine_hpc,0.848,0.023,healthy,217,0
AC-046,40,engine_hpc,0.844,0.024,healthy,216,0
AC-046,41,engine_hpc,0.84,0.026,healthy,215,0
AC-046,42,engine_hpc,0.836,0.027,healthy,214,0
AC-046,43,engine_hpc,0.832,0.028,healthy,213,0
AC-046,44,engine_hpc,0.828,0.03,healthy,212,0
AC-046,45,engine_hpc,0.824,0.031,healthy,211,0
AC-046,46,engine_hpc,0.82,0.032,healthy,210,0
AC-046,47,engine_hpc,0.816,0.034,healthy,209,0
AC-046,48,engine_hpc,0.812,0.035,healthy,208,0
AC-046,49,engine_hpc,0.809,0.037,healthy,207,0
AC-046,50,engine_hpc,0.805,0.038,healthy,206,0
AC-046,51,engine_hpc,0.801,0.04,healthy,205,0
AC-046,52,engine_hpc,0.797,0.041,healthy,204,0
AC-046,53,engine_hpc,0.793,0.043,healthy,203,0
AC-046,54,engine_hpc,0.789,0.044,healthy,202,0
AC-046,55,engine_hpc,0.785,0.046,healthy,201,0
AC-046,56,engine_hpc,0.781,0.048,healthy,200,0
AC-046,57,engine_hpc,0.777,0.05,healthy,199,0
AC-046,58,engine_hpc,0.773,0.051,healthy,198,0
AC-046,59,engine_hpc,0.77,0.053,healthy,197,0
AC-046,60,engine_hpc,0.766,0.055,healthy,196,0
AC-046,61,engine_hpc,0.762,0.057,healthy,195,0
AC-046,62,engine_hpc,0.758,0.059,healthy,194,0
AC-046,63,engine_hpc,0.754,0.061,healthy,193,0
AC-046,64,engine_hpc,0.75,0.062,healthy,192,0
AC-046,65,engine_hpc,0.746,0.064,healthy,191,0
AC-046,66,engine_hpc,0.742,0.066,healthy,190,0
AC-046,67,engine_hpc,0.738,0.068,healthy,189,0
AC-046,68,engine_hpc,0.734,0.071,healthy,188,0
AC-046,69,engine_hpc,0.73,0.073,healthy,187,0
AC-046,70,engine_hpc,0.727,0.075,healthy,186,0
AC-046,71,engine_hpc,0.723,0.077,healthy,185,0
AC-046,72,engine_hpc,0.719,0.079,healthy,184,0
AC-046,73,engine_hpc,0.715,0.081,healthy,183,0
AC-046,74,engine_hpc,0.711,0.084,healthy,182,0
AC-046,75,engine_hpc,0.707,0.086,healthy,181,0
AC-046,76,engine_hpc,0.703,0.088,healthy,180,0
AC-046,77,engine_hpc,0.699,0.09,healthy,179,0
AC-046,78,engine_hpc,0.695,0.093,healthy,178,0
AC-046,79,engine_hpc,0.691,0.095,healthy,177,0
AC-046,80,engine_hpc,0.688,0.098,healthy,176,0
AC-046,81,engine_hpc,0.684,0.1,healthy,175,0
AC-046,82,engine_hpc,0.68,0.103,healthy,174,0
AC-046,83,engine_hpc,0.676,0.105,healthy,173,0
AC-046,84,engine_hpc,0.672,0.108,healthy,172,0
AC-046,85,engine_hpc,0.668,0.11,healthy,171,0
AC-046,86,engine_hpc,0.664,0.113,healthy,170,0
AC-046,87,engine_hpc,0.66,0.115,healthy,169,0
AC-046,88,engine_hpc,0.656,0.118,healthy,168,0
AC-046,89,engine_hpc,0.652,0.121,healthy,167,0
AC-046,90,engine_hpc,0.648,0.124,healthy,166,0
AC-046,91,engine_hpc,0.645,0.126,healthy,165,0
AC-046,92,engine_hpc,0.641,0.129,healthy,164,0
AC-046,93,engine_hpc,0.637,0.132,healthy,163,0
AC-046,94,engine_hpc,0.633,0.135,healthy,162,0
AC-046,95,engine_hpc,0.629,0.138,healthy,161,0
AC-046,96,engine_hpc,0.625,0.141,healthy,160,0
AC-046,97,engine_hpc,0.621,0.144,healthy,159,0
AC-046,98,engine_hpc,0.617,0.147,healthy,158,0
AC-046,99,engine_hpc,0.613,0.15,healthy,157,0
AC-046,100,engine_hpc,0.609,0.153,healthy,156,0
AC-046,101,engine_hpc,0.605,0.156,healthy,155,0
AC-046,102,engine_hpc,0.602,0.159,healthy,154,0
AC-046,103,engine_hpc,0.598,0.162,healthy,153,0
AC-046,104,engine_hpc,0.594,0.165,healthy,152,0
AC-046,105,engine_hpc,0.59,0.168,healthy,151,0
AC-046,106,engine_hpc,0.586,0.171,healthy,150,0
AC-046,107,engine_hpc,0.582,0.175,healthy,149,0
AC-046,108,engine_hpc,0.578,0.178,healthy,148,0
AC-046,109,engine_hpc,0.574,0.181,healthy,147,0
AC-046,110,engine_hpc,0.57,0.185,healthy,146,0
AC-046,111,engine_hpc,0.566,0.188,healthy,145,0
AC-046,112,engine_hpc,0.562,0.191,healthy,144,0
AC-046,113,engine_hpc,0.559,0.195,healthy,143,0
AC-046,114,engine_hpc,0.555,0.198,healthy,142,0
AC-046,115,engine_hpc,0.551,0.202,healthy,141,0
AC-046,116,engine_hpc,0.547,0.205,healthy,140,0
AC-046,117,engine_hpc,0.543,0.209,healthy,139,0
AC-046,118,engine_hpc,0.539,0.212,healthy,138,0
AC-046,119,engine_hpc,0.535,0.216,healthy,137,0
AC-046,120,engine_hpc,0.531,0.22,healthy,136,0
AC-046,121,engine_hpc,0.527,0.223,healthy,135,0
AC-046,122,engine_hpc,0.523,0.227,healthy,134,0
AC-046,123,engine_hpc,0.52,0.231,healthy,133,0
AC-046,124,engine_hpc,0.516,0.235,healthy,132,0
AC-046,125,engine_hpc,0.512,0.238,healthy,131,0
AC-046,126,engine_hpc,0.508,0.242,healthy,130,0
AC-046,127,engine_hpc,0.504,0.246,healthy,129,0
AC-046,128,engine_hpc,0.5,0.25,degraded,128,0
AC-046,129,engine_hpc,0.496,0.254,degraded,127,0
AC-046,130,engine_hpc,0.492,0.258,degraded,126,0
AC-046,131,engine_hpc,0.488,0.262,degraded,125,0
AC-046,132,engine_hpc,0.484,0.266,degraded,124,0
AC-046,133,engine_hpc,0.48,0.27,degraded,123,0
AC-046,134,engine_hpc,0.477,0.274,degraded,122,0
AC-046,135,engine_hpc,0.473,0.278,degraded,121,0
AC-046,136,engine_hpc,0.469,0.282,degraded,120,0
AC-046,137,engine_hpc,0.465,0.286,degraded,119,0
AC-046,138,engine_hpc,0.461,0.291,degraded,118,0
AC-046,139,engine_hpc,0.457,0.295,degraded,117,0
AC-046,140,engine_hpc,0.453,0.299,degraded,116,0
AC-046,141,engine_hpc,0.449,0.303,degraded,115,0
AC-046,142,engine_hpc,0.445,0.308,degraded,114,0
AC-046,143,engine_hpc,0.441,0.312,degraded,113,0
AC-046,144,engine_hpc,0.438,0.316,degraded,112,0
AC-046,145,engine_hpc,0.434,0.321,degraded,111,0
AC-046,146,engine_hpc,0.43,0.325,degraded,110,0
AC-046,147,engine_hpc,0.426,0.33,degraded,109,0
AC-046,148,engine_hpc,0.422,0.334,degraded,108,0
AC-046,149,engine_hpc,0.418,0.339,degraded,107,0
AC-046,150,engine_hpc,0.414,0.343,degraded,106,0
AC-046,151,engine_hpc,0.41,0.348,degraded,105,0
AC-046,152,engine_hpc,0.406,0.353,degraded,104,0
AC-046,153,engine_hpc,0.402,0.357,degraded,103,0
AC-046,154,engine_hpc,0.398,0.362,degraded,102,0
AC-046,155,engine_hpc,0.395,0.367,degraded,101,0
AC-046,156,engine_hpc,0.391,0.371,degraded,100,0
AC-046,157,engine_hpc,0.387,0.376,degraded,99,0
AC-046,158,engine_hpc,0.383,0.381,degraded,98,0
AC-046,159,engine_hpc,0.379,0.386,degraded,97,0
AC-046,160,engine_hpc,0.375,0.391,degraded,96,0
AC-046,161,engine_hpc,0.371,0.396,degraded,95,0
AC-046,162,engine_hpc,0.367,0.4,degraded,94,0
AC-046,163,engine_hpc,0.363,0.405,degraded,93,0
AC-046,164,engine_hpc,0.359,0.41,degraded,92,0
AC-046,165,engine_hpc,0.355,0.415,degraded,91,0
AC-046,166,engine_hpc,0.352,0.42,degraded,90,0
AC-046,167,engine_hpc,0.348,0.426,degraded,89,0
AC-046,168,engine_hpc,0.344,0.431,degraded,88,0
AC-046,169,engine_hpc,0.34,0.436,degraded,87,0
AC-046,170,engine_hpc,0.336,0.441,degraded,86,0
AC-046,171,engine_hpc,0.332,0.446,degraded,85,0
AC-046,172,engine_hpc,0.328,0.451,degraded,84,0
AC-046,173,engine_hpc,0.324,0.457,degraded,83,0
AC-046,174,engine_hpc,0.32,0.462,degraded,82,0
AC-046,175,engine_hpc,0.316,0.467,degraded,81,0
AC-046,176,engine_hpc,0.312,0.473,degraded,80,0
AC-046,177,engine_hpc,0.309,0.478,degraded,79,0
AC-046,178,engine_hpc,0.305,0.483,degraded,78,0
AC-046,179,engine_hpc,0.301,0.489,degraded,77,0
AC-046,180,engine_hpc,0.297,0.494,degraded,76,0
AC-046,181,engine_hpc,0.293,0.5,degraded,75,0
AC-046,182,engine_hpc,0.289,0.505,degraded,74,0
AC-046,183,engine_hpc,0.285,0.511,degraded,73,0
AC-046,184,engine_hpc,0.281,0.517,degraded,72,0
AC-046,185,engine_hpc,0.277,0.522,degraded,71,0
AC-046,186,engine_hpc,0.273,0.528,degraded,70,0
AC-046,187,engine_hpc,0.27,0.534,degraded,69,0
AC-046,188,engine_hpc,0.266,0.539,degraded,68,0
AC-046,189,engine_hpc,0.262,0.545,degraded,67,0
AC-046,190,engine_hpc,0.258,0.551,degraded,66,0
AC-046,191,engine_hpc,0.254,0.557,degraded,65,0
AC-046,192,engine_hpc,0.25,0.562,degraded,64,0
AC-046,193,engine_hpc,0.246,0.568,degraded,63,0
AC-046,194,engine_hpc,0.242,0.574,degraded,62,0
AC-046,195,engine_hpc,0.238,0.58,degraded,61,0
AC-046,196,engine_hpc,0.234,0.586,degraded,60,0
AC-046,197,engine_hpc,0.23,0.592,degraded,59,0
AC-046,198,engine_hpc,0.227,0.598,degraded,58,0
AC-046,199,engine_hpc,0.223,0.604,degraded,57,0
AC-046,200,engine_hpc,0.219,0.61,degraded,56,0
AC-046,201,engine_hpc,0.215,0.616,degraded,55,0
AC-046,202,engine_hpc,0.211,0.623,degraded,54,0
AC-046,203,engine_hpc,0.207,0.629,degraded,53,0
AC-046,204,engine_hpc,0.203,0.635,degraded,52,0
AC-046,205,engine_hpc,0.199,0.641,degraded,51,0
AC-046,206,engine_hpc,0.195,0.648,degraded,50,0
AC-046,207,engine_hpc,0.191,0.654,degraded,49,0
AC-046,208,engine_hpc,0.188,0.66,degraded,48,0
AC-046,209,engine_hpc,0.184,0.667,degraded,47,0
AC-046,210,engine_hpc,0.18,0.673,degraded,46,0
AC-046,211,engine_hpc,0.176,0.679,degraded,45,0
AC-046,212,engine_hpc,0.172,0.686,degraded,44,0
AC-046,213,engine_hpc,0.168,0.692,degraded,43,0
AC-046,214,engine_hpc,0.164,0.699,degraded,42,0
AC-046,215,engine_hpc,0.16,0.705,degraded,41,0
AC-046,216,engine_hpc,0.156,0.712,degraded,40,0
AC-046,217,engine_hpc,0.152,0.719,degraded,39,0
AC-046,218,engine_hpc,0.148,0.725,severe,38,0
AC-046,219,engine_hpc,0.145,0.732,severe,37,0
AC-046,220,engine_hpc,0.141,0.739,severe,36,0
AC-046,221,engine_hpc,0.137,0.745,severe,35,0
AC-046,222,engine_hpc,0.133,0.752,severe,34,0
AC-046,223,engine_hpc,0.129,0.759,severe,33,0
AC-046,224,engine_hpc,0.125,0.766,severe,32,0
AC-046,225,engine_hpc,0.121,0.772,severe,31,0
AC-046,226,engine_hpc,0.117,0.779,severe,30,1
AC-046,227,engine_hpc,0.113,0.786,severe,29,1
AC-046,228,engine_hpc,0.109,0.793,severe,28,1
AC-046,229,engine_hpc,0.105,0.8,severe,27,1
AC-046,230,engine_hpc,0.102,0.807,severe,26,1
AC-046,231,engine_hpc,0.098,0.814,severe,25,1
AC-046,232,engine_hpc,0.094,0.821,severe,24,1
AC-046,233,engine_hpc,0.09,0.828,severe,23,1
AC-046,234,engine_hpc,0.086,0.836,severe,22,1
AC-046,235,engine_hpc,0.082,0.843,severe,21,1
AC-046,236,engine_hpc,0.078,0.85,severe,20,1
AC-046,237,engine_hpc,0.074,0.857,severe,19,1
AC-046,238,engine_hpc,0.07,0.864,severe,18,1
AC-046,239,engine_hpc,0.066,0.872,severe,17,1
AC-046,240,engine_hpc,0.062,0.879,severe,16,1
AC-046,241,engine_hpc,0.059,0.886,severe,15,1
AC-046,242,engine_hpc,0.055,0.894,severe,14,1
AC-046,243,engine_hpc,0.051,0.901,severe,13,1
AC-046,244,engine_hpc,0.047,0.908,severe,12,1
AC-046,245,engine_hpc,0.043,0.916,severe,11,1
AC-046,246,engine_hpc,0.039,0.923,severe,10,1
AC-046,247,engine_hpc,0.035,0.931,severe,9,1
AC-046,248,engine_hpc,0.031,0.938,severe,8,1
AC-046,249,engine_hpc,0.027,0.946,severe,7,1
AC-046,250,engine_hpc,0.023,0.954,severe,6,1
AC-046,251,engine_hpc,0.02,0.961,severe,5,1
AC-046,252,engine_hpc,0.016,0.969,severe,4,1
AC-046,253,engine_hpc,0.012,0.977,severe,3,1
AC-046,254,engine_hpc,0.008,0.984,severe,2,1
AC-046,255,engine_hpc,0.004,0.992,severe,1,1
AC-046,256,engine_hpc,0.0,1.0,severe,0,1
AC-048,1,engine_hpc,0.996,0.0,healthy,230,0
AC-048,2,engine_hpc,0.991,0.0,healthy,229,0
AC-048,3,engine_hpc,0.987,0.0,healthy,228,0
AC-048,4,engine_hpc,0.983,0.0,healthy,227,0
AC-048,5,engine_hpc,0.978,0.0,healthy,226,0
AC-048,6,engine_hpc,0.974,0.001,healthy,225,0
AC-048,7,engine_hpc,0.97,0.001,healthy,224,0
AC-048,8,engine_hpc,0.965,0.001,healthy,223,0
AC-048,9,engine_hpc,0.961,0.002,healthy,222,0
AC-048,10,engine_hpc,0.957,0.002,healthy,221,0
AC-048,11,engine_hpc,0.952,0.002,healthy,220,0
AC-048,12,engine_hpc,0.948,0.003,healthy,219,0
AC-048,13,engine_hpc,0.944,0.003,healthy,218,0
AC-048,14,engine_hpc,0.939,0.004,healthy,217,0
AC-048,15,engine_hpc,0.935,0.004,healthy,216,0
AC-048,16,engine_hpc,0.931,0.005,healthy,215,0
AC-048,17,engine_hpc,0.926,0.005,healthy,214,0
AC-048,18,engine_hpc,0.922,0.006,healthy,213,0
AC-048,19,engine_hpc,0.918,0.007,healthy,212,0
AC-048,20,engine_hpc,0.913,0.007,healthy,211,0
AC-048,21,engine_hpc,0.909,0.008,healthy,210,0
AC-048,22,engine_hpc,0.905,0.009,healthy,209,0
AC-048,23,engine_hpc,0.9,0.01,healthy,208,0
AC-048,24,engine_hpc,0.896,0.011,healthy,207,0
AC-048,25,engine_hpc,0.892,0.012,healthy,206,0
AC-048,26,engine_hpc,0.887,0.013,healthy,205,0
AC-048,27,engine_hpc,0.883,0.014,healthy,204,0
AC-048,28,engine_hpc,0.879,0.015,healthy,203,0
AC-048,29,engine_hpc,0.874,0.016,healthy,202,0
AC-048,30,engine_hpc,0.87,0.017,healthy,201,0
AC-048,31,engine_hpc,0.866,0.018,healthy,200,0
AC-048,32,engine_hpc,0.861,0.019,healthy,199,0
AC-048,33,engine_hpc,0.857,0.02,healthy,198,0
AC-048,34,engine_hpc,0.853,0.022,healthy,197,0
AC-048,35,engine_hpc,0.848,0.023,healthy,196,0
AC-048,36,engine_hpc,0.844,0.024,healthy,195,0
AC-048,37,engine_hpc,0.84,0.026,healthy,194,0
AC-048,38,engine_hpc,0.835,0.027,healthy,193,0
AC-048,39,engine_hpc,0.831,0.029,healthy,192,0
AC-048,40,engine_hpc,0.827,0.03,healthy,191,0
AC-048,41,engine_hpc,0.823,0.032,healthy,190,0
AC-048,42,engine_hpc,0.818,0.033,healthy,189,0
AC-048,43,engine_hpc,0.814,0.035,healthy,188,0
AC-048,44,engine_hpc,0.81,0.036,healthy,187,0
AC-048,45,engine_hpc,0.805,0.038,healthy,186,0
AC-048,46,engine_hpc,0.801,0.04,healthy,185,0
AC-048,47,engine_hpc,0.797,0.041,healthy,184,0
AC-048,48,engine_hpc,0.792,0.043,healthy,183,0
AC-048,49,engine_hpc,0.788,0.045,healthy,182,0
AC-048,50,engine_hpc,0.784,0.047,healthy,181,0
AC-048,51,engine_hpc,0.779,0.049,healthy,180,0
AC-048,52,engine_hpc,0.775,0.051,healthy,179,0
AC-048,53,engine_hpc,0.771,0.053,healthy,178,0
AC-048,54,engine_hpc,0.766,0.055,healthy,177,0
AC-048,55,engine_hpc,0.762,0.057,healthy,176,0
AC-048,56,engine_hpc,0.758,0.059,healthy,175,0
AC-048,57,engine_hpc,0.753,0.061,healthy,174,0
AC-048,58,engine_hpc,0.749,0.063,healthy,173,0
AC-048,59,engine_hpc,0.745,0.065,healthy,172,0
AC-048,60,engine_hpc,0.74,0.067,healthy,171,0
AC-048,61,engine_hpc,0.736,0.07,healthy,170,0
AC-048,62,engine_hpc,0.732,0.072,healthy,169,0
AC-048,63,engine_hpc,0.727,0.074,healthy,168,0
AC-048,64,engine_hpc,0.723,0.077,healthy,167,0
AC-048,65,engine_hpc,0.719,0.079,healthy,166,0
AC-048,66,engine_hpc,0.714,0.082,healthy,165,0
AC-048,67,engine_hpc,0.71,0.084,healthy,164,0
AC-048,68,engine_hpc,0.706,0.087,healthy,163,0
AC-048,69,engine_hpc,0.701,0.089,healthy,162,0
AC-048,70,engine_hpc,0.697,0.092,healthy,161,0
AC-048,71,engine_hpc,0.693,0.094,healthy,160,0
AC-048,72,engine_hpc,0.688,0.097,healthy,159,0
AC-048,73,engine_hpc,0.684,0.1,healthy,158,0
AC-048,74,engine_hpc,0.68,0.103,healthy,157,0
AC-048,75,engine_hpc,0.675,0.105,healthy,156,0
AC-048,76,engine_hpc,0.671,0.108,healthy,155,0
AC-048,77,engine_hpc,0.667,0.111,healthy,154,0
AC-048,78,engine_hpc,0.662,0.114,healthy,153,0
AC-048,79,engine_hpc,0.658,0.117,healthy,152,0
AC-048,80,engine_hpc,0.654,0.12,healthy,151,0
AC-048,81,engine_hpc,0.649,0.123,healthy,150,0
AC-048,82,engine_hpc,0.645,0.126,healthy,149,0
AC-048,83,engine_hpc,0.641,0.129,healthy,148,0
AC-048,84,engine_hpc,0.636,0.132,healthy,147,0
AC-048,85,engine_hpc,0.632,0.135,healthy,146,0
AC-048,86,engine_hpc,0.628,0.139,healthy,145,0
AC-048,87,engine_hpc,0.623,0.142,healthy,144,0
AC-048,88,engine_hpc,0.619,0.145,healthy,143,0
AC-048,89,engine_hpc,0.615,0.148,healthy,142,0
AC-048,90,engine_hpc,0.61,0.152,healthy,141,0
AC-048,91,engine_hpc,0.606,0.155,healthy,140,0
AC-048,92,engine_hpc,0.602,0.159,healthy,139,0
AC-048,93,engine_hpc,0.597,0.162,healthy,138,0
AC-048,94,engine_hpc,0.593,0.166,healthy,137,0
AC-048,95,engine_hpc,0.589,0.169,healthy,136,0
AC-048,96,engine_hpc,0.584,0.173,healthy,135,0
AC-048,97,engine_hpc,0.58,0.176,healthy,134,0
AC-048,98,engine_hpc,0.576,0.18,healthy,133,0
AC-048,99,engine_hpc,0.571,0.184,healthy,132,0
AC-048,100,engine_hpc,0.567,0.187,healthy,131,0
AC-048,101,engine_hpc,0.563,0.191,healthy,130,0
AC-048,102,engine_hpc,0.558,0.195,healthy,129,0
AC-048,103,engine_hpc,0.554,0.199,healthy,128,0
AC-048,104,engine_hpc,0.55,0.203,healthy,127,0
AC-048,105,engine_hpc,0.545,0.207,healthy,126,0
AC-048,106,engine_hpc,0.541,0.211,healthy,125,0
AC-048,107,engine_hpc,0.537,0.215,healthy,124,0
AC-048,108,engine_hpc,0.532,0.219,healthy,123,0
AC-048,109,engine_hpc,0.528,0.223,healthy,122,0
AC-048,110,engine_hpc,0.524,0.227,healthy,121,0
AC-048,111,engine_hpc,0.519,0.231,healthy,120,0
AC-048,112,engine_hpc,0.515,0.235,healthy,119,0
AC-048,113,engine_hpc,0.511,0.239,healthy,118,0
AC-048,114,engine_hpc,0.506,0.244,healthy,117,0
AC-048,115,engine_hpc,0.502,0.248,healthy,116,0
AC-048,116,engine_hpc,0.498,0.252,degraded,115,0
AC-048,117,engine_hpc,0.494,0.257,degraded,114,0
AC-048,118,engine_hpc,0.489,0.261,degraded,113,0
AC-048,119,engine_hpc,0.485,0.265,degraded,112,0
AC-048,120,engine_hpc,0.481,0.27,degraded,111,0
AC-048,121,engine_hpc,0.476,0.274,degraded,110,0
AC-048,122,engine_hpc,0.472,0.279,degraded,109,0
AC-048,123,engine_hpc,0.468,0.284,degraded,108,0
AC-048,124,engine_hpc,0.463,0.288,degraded,107,0
AC-048,125,engine_hpc,0.459,0.293,degraded,106,0
AC-048,126,engine_hpc,0.455,0.298,degraded,105,0
AC-048,127,engine_hpc,0.45,0.302,degraded,104,0
AC-048,128,engine_hpc,0.446,0.307,degraded,103,0
AC-048,129,engine_hpc,0.442,0.312,degraded,102,0
AC-048,130,engine_hpc,0.437,0.317,degraded,101,0
AC-048,131,engine_hpc,0.433,0.322,degraded,100,0
AC-048,132,engine_hpc,0.429,0.327,degraded,99,0
AC-048,133,engine_hpc,0.424,0.331,degraded,98,0
AC-048,134,engine_hpc,0.42,0.337,degraded,97,0
AC-048,135,engine_hpc,0.416,0.342,degraded,96,0
AC-048,136,engine_hpc,0.411,0.347,degraded,95,0
AC-048,137,engine_hpc,0.407,0.352,degraded,94,0
AC-048,138,engine_hpc,0.403,0.357,degraded,93,0
AC-048,139,engine_hpc,0.398,0.362,degraded,92,0
AC-048,140,engine_hpc,0.394,0.367,degraded,91,0
AC-048,141,engine_hpc,0.39,0.373,degraded,90,0
AC-048,142,engine_hpc,0.385,0.378,degraded,89,0
AC-048,143,engine_hpc,0.381,0.383,degraded,88,0
AC-048,144,engine_hpc,0.377,0.389,degraded,87,0
AC-048,145,engine_hpc,0.372,0.394,degraded,86,0
AC-048,146,engine_hpc,0.368,0.399,degraded,85,0
AC-048,147,engine_hpc,0.364,0.405,degraded,84,0
AC-048,148,engine_hpc,0.359,0.41,degraded,83,0
AC-048,149,engine_hpc,0.355,0.416,degraded,82,0
AC-048,150,engine_hpc,0.351,0.422,degraded,81,0
AC-048,151,engine_hpc,0.346,0.427,degraded,80,0
AC-048,152,engine_hpc,0.342,0.433,degraded,79,0
AC-048,153,engine_hpc,0.338,0.439,degraded,78,0
AC-048,154,engine_hpc,0.333,0.444,degraded,77,0
AC-048,155,engine_hpc,0.329,0.45,degraded,76,0
AC-048,156,engine_hpc,0.325,0.456,degraded,75,0
AC-048,157,engine_hpc,0.32,0.462,degraded,74,0
AC-048,158,engine_hpc,0.316,0.468,degraded,73,0
AC-048,159,engine_hpc,0.312,0.474,degraded,72,0
AC-048,160,engine_hpc,0.307,0.48,degraded,71,0
AC-048,161,engine_hpc,0.303,0.486,degraded,70,0
AC-048,162,engine_hpc,0.299,0.492,degraded,69,0
AC-048,163,engine_hpc,0.294,0.498,degraded,68,0
AC-048,164,engine_hpc,0.29,0.504,degraded,67,0
AC-048,165,engine_hpc,0.286,0.51,degraded,66,0
AC-048,166,engine_hpc,0.281,0.516,degraded,65,0
AC-048,167,engine_hpc,0.277,0.523,degraded,64,0
AC-048,168,engine_hpc,0.273,0.529,degraded,63,0
AC-048,169,engine_hpc,0.268,0.535,degraded,62,0
AC-048,170,engine_hpc,0.264,0.542,degraded,61,0
AC-048,171,engine_hpc,0.26,0.548,degraded,60,0
AC-048,172,engine_hpc,0.255,0.554,degraded,59,0
AC-048,173,engine_hpc,0.251,0.561,degraded,58,0
AC-048,174,engine_hpc,0.247,0.567,degraded,57,0
AC-048,175,engine_hpc,0.242,0.574,degraded,56,0
AC-048,176,engine_hpc,0.238,0.58,degraded,55,0
AC-048,177,engine_hpc,0.234,0.587,degraded,54,0
AC-048,178,engine_hpc,0.229,0.594,degraded,53,0
AC-048,179,engine_hpc,0.225,0.6,degraded,52,0
AC-048,180,engine_hpc,0.221,0.607,degraded,51,0
AC-048,181,engine_hpc,0.216,0.614,degraded,50,0
AC-048,182,engine_hpc,0.212,0.621,degraded,49,0
AC-048,183,engine_hpc,0.208,0.628,degraded,48,0
AC-048,184,engine_hpc,0.203,0.634,degraded,47,0
AC-048,185,engine_hpc,0.199,0.641,degraded,46,0
AC-048,186,engine_hpc,0.195,0.648,degraded,45,0
AC-048,187,engine_hpc,0.19,0.655,degraded,44,0
AC-048,188,engine_hpc,0.186,0.662,degraded,43,0
AC-048,189,engine_hpc,0.182,0.669,degraded,42,0
AC-048,190,engine_hpc,0.177,0.677,degraded,41,0
AC-048,191,engine_hpc,0.173,0.684,degraded,40,0
AC-048,192,engine_hpc,0.169,0.691,degraded,39,0
AC-048,193,engine_hpc,0.165,0.698,degraded,38,0
AC-048,194,engine_hpc,0.16,0.705,degraded,37,0
AC-048,195,engine_hpc,0.156,0.713,degraded,36,0
AC-048,196,engine_hpc,0.152,0.72,degraded,35,0
AC-048,197,engine_hpc,0.147,0.727,severe,34,0
AC-048,198,engine_hpc,0.143,0.735,severe,33,0
AC-048,199,engine_hpc,0.139,0.742,severe,32,0
AC-048,200,engine_hpc,0.134,0.75,severe,31,0
AC-048,201,engine_hpc,0.13,0.757,severe,30,1
AC-048,202,engine_hpc,0.126,0.765,severe,29,1
AC-048,203,engine_hpc,0.121,0.772,severe,28,1
AC-048,204,engine_hpc,0.117,0.78,severe,27,1
AC-048,205,engine_hpc,0.113,0.788,severe,26,1
AC-048,206,engine_hpc,0.108,0.795,severe,25,1
AC-048,207,engine_hpc,0.104,0.803,severe,24,1
AC-048,208,engine_hpc,0.1,0.811,severe,23,1
AC-048,209,engine_hpc,0.095,0.819,severe,22,1
AC-048,210,engine_hpc,0.091,0.826,severe,21,1
AC-048,211,engine_hpc,0.087,0.834,severe,20,1
AC-048,212,engine_hpc,0.082,0.842,severe,19,1
AC-048,213,engine_hpc,0.078,0.85,severe,18,1
AC-048,214,engine_hpc,0.074,0.858,severe,17,1
AC-048,215,engine_hpc,0.069,0.866,severe,16,1
AC-048,216,engine_hpc,0.065,0.874,severe,15,1
AC-048,217,engine_hpc,0.061,0.882,severe,14,1
AC-048,218,engine_hpc,0.056,0.891,severe,13,1
AC-048,219,engine_hpc,0.052,0.899,severe,12,1
AC-048,220,engine_hpc,0.048,0.907,severe,11,1
AC-048,221,engine_hpc,0.043,0.915,severe,10,1
AC-048,222,engine_hpc,0.039,0.924,severe,9,1
AC-048,223,engine_hpc,0.035,0.932,severe,8,1
AC-048,224,engine_hpc,0.03,0.94,severe,7,1
AC-048,225,engine_hpc,0.026,0.949,severe,6,1
AC-048,226,engine_hpc,0.022,0.957,severe,5,1
AC-048,227,engine_hpc,0.017,0.966,severe,4,1
AC-048,228,engine_hpc,0.013,0.974,severe,3,1
AC-048,229,engine_hpc,0.009,0.983,severe,2,1
AC-048,230,engine_hpc,0.004,0.991,severe,1,1
AC-048,231,engine_hpc,0.0,1.0,severe,0,1
AC-050,1,engine_hpc,0.995,0.0,healthy,197,0
AC-050,2,engine_hpc,0.99,0.0,healthy,196,0
AC-050,3,engine_hpc,0.985,0.0,healthy,195,0
AC-050,4,engine_hpc,0.98,0.0,healthy,194,0
AC-050,5,engine_hpc,0.975,0.001,healthy,193,0
AC-050,6,engine_hpc,0.97,0.001,healthy,192,0
AC-050,7,engine_hpc,0.965,0.001,healthy,191,0
AC-050,8,engine_hpc,0.96,0.002,healthy,190,0
AC-050,9,engine_hpc,0.955,0.002,healthy,189,0
AC-050,10,engine_hpc,0.949,0.003,healthy,188,0
AC-050,11,engine_hpc,0.944,0.003,healthy,187,0
AC-050,12,engine_hpc,0.939,0.004,healthy,186,0
AC-050,13,engine_hpc,0.934,0.004,healthy,185,0
AC-050,14,engine_hpc,0.929,0.005,healthy,184,0
AC-050,15,engine_hpc,0.924,0.006,healthy,183,0
AC-050,16,engine_hpc,0.919,0.007,healthy,182,0
AC-050,17,engine_hpc,0.914,0.007,healthy,181,0
AC-050,18,engine_hpc,0.909,0.008,healthy,180,0
AC-050,19,engine_hpc,0.904,0.009,healthy,179,0
AC-050,20,engine_hpc,0.899,0.01,healthy,178,0
AC-050,21,engine_hpc,0.894,0.011,healthy,177,0
AC-050,22,engine_hpc,0.889,0.012,healthy,176,0
AC-050,23,engine_hpc,0.884,0.013,healthy,175,0
AC-050,24,engine_hpc,0.879,0.015,healthy,174,0
AC-050,25,engine_hpc,0.874,0.016,healthy,173,0
AC-050,26,engine_hpc,0.869,0.017,healthy,172,0
AC-050,27,engine_hpc,0.864,0.019,healthy,171,0
AC-050,28,engine_hpc,0.859,0.02,healthy,170,0
AC-050,29,engine_hpc,0.854,0.021,healthy,169,0
AC-050,30,engine_hpc,0.848,0.023,healthy,168,0
AC-050,31,engine_hpc,0.843,0.025,healthy,167,0
AC-050,32,engine_hpc,0.838,0.026,healthy,166,0
AC-050,33,engine_hpc,0.833,0.028,healthy,165,0
AC-050,34,engine_hpc,0.828,0.029,healthy,164,0
AC-050,35,engine_hpc,0.823,0.031,healthy,163,0
AC-050,36,engine_hpc,0.818,0.033,healthy,162,0
AC-050,37,engine_hpc,0.813,0.035,healthy,161,0
AC-050,38,engine_hpc,0.808,0.037,healthy,160,0
AC-050,39,engine_hpc,0.803,0.039,healthy,159,0
AC-050,40,engine_hpc,0.798,0.041,healthy,158,0
AC-050,41,engine_hpc,0.793,0.043,healthy,157,0
AC-050,42,engine_hpc,0.788,0.045,healthy,156,0
AC-050,43,engine_hpc,0.783,0.047,healthy,155,0
AC-050,44,engine_hpc,0.778,0.049,healthy,154,0
AC-050,45,engine_hpc,0.773,0.052,healthy,153,0
AC-050,46,engine_hpc,0.768,0.054,healthy,152,0
AC-050,47,engine_hpc,0.763,0.056,healthy,151,0
AC-050,48,engine_hpc,0.758,0.059,healthy,150,0
AC-050,49,engine_hpc,0.753,0.061,healthy,149,0
AC-050,50,engine_hpc,0.747,0.064,healthy,148,0
AC-050,51,engine_hpc,0.742,0.066,healthy,147,0
AC-050,52,engine_hpc,0.737,0.069,healthy,146,0
AC-050,53,engine_hpc,0.732,0.072,healthy,145,0
AC-050,54,engine_hpc,0.727,0.074,healthy,144,0
AC-050,55,engine_hpc,0.722,0.077,healthy,143,0
AC-050,56,engine_hpc,0.717,0.08,healthy,142,0
AC-050,57,engine_hpc,0.712,0.083,healthy,141,0
AC-050,58,engine_hpc,0.707,0.086,healthy,140,0
AC-050,59,engine_hpc,0.702,0.089,healthy,139,0
AC-050,60,engine_hpc,0.697,0.092,healthy,138,0
AC-050,61,engine_hpc,0.692,0.095,healthy,137,0
AC-050,62,engine_hpc,0.687,0.098,healthy,136,0
AC-050,63,engine_hpc,0.682,0.101,healthy,135,0
AC-050,64,engine_hpc,0.677,0.104,healthy,134,0
AC-050,65,engine_hpc,0.672,0.108,healthy,133,0
AC-050,66,engine_hpc,0.667,0.111,healthy,132,0
AC-050,67,engine_hpc,0.662,0.115,healthy,131,0
AC-050,68,engine_hpc,0.657,0.118,healthy,130,0
AC-050,69,engine_hpc,0.652,0.121,healthy,129,0
AC-050,70,engine_hpc,0.646,0.125,healthy,128,0
AC-050,71,engine_hpc,0.641,0.129,healthy,127,0
AC-050,72,engine_hpc,0.636,0.132,healthy,126,0
AC-050,73,engine_hpc,0.631,0.136,healthy,125,0
AC-050,74,engine_hpc,0.626,0.14,healthy,124,0
AC-050,75,engine_hpc,0.621,0.143,healthy,123,0
AC-050,76,engine_hpc,0.616,0.147,healthy,122,0
AC-050,77,engine_hpc,0.611,0.151,healthy,121,0
AC-050,78,engine_hpc,0.606,0.155,healthy,120,0
AC-050,79,engine_hpc,0.601,0.159,healthy,119,0
AC-050,80,engine_hpc,0.596,0.163,healthy,118,0
AC-050,81,engine_hpc,0.591,0.167,healthy,117,0
AC-050,82,engine_hpc,0.586,0.172,healthy,116,0
AC-050,83,engine_hpc,0.581,0.176,healthy,115,0
AC-050,84,engine_hpc,0.576,0.18,healthy,114,0
AC-050,85,engine_hpc,0.571,0.184,healthy,113,0
AC-050,86,engine_hpc,0.566,0.189,healthy,112,0
AC-050,87,engine_hpc,0.561,0.193,healthy,111,0
AC-050,88,engine_hpc,0.556,0.198,healthy,110,0
AC-050,89,engine_hpc,0.551,0.202,healthy,109,0
AC-050,90,engine_hpc,0.545,0.207,healthy,108,0
AC-050,91,engine_hpc,0.54,0.211,healthy,107,0
AC-050,92,engine_hpc,0.535,0.216,healthy,106,0
AC-050,93,engine_hpc,0.53,0.221,healthy,105,0
AC-050,94,engine_hpc,0.525,0.225,healthy,104,0
AC-050,95,engine_hpc,0.52,0.23,healthy,103,0
AC-050,96,engine_hpc,0.515,0.235,healthy,102,0
AC-050,97,engine_hpc,0.51,0.24,healthy,101,0
AC-050,98,engine_hpc,0.505,0.245,healthy,100,0
AC-050,99,engine_hpc,0.5,0.25,degraded,99,0
AC-050,100,engine_hpc,0.495,0.255,degraded,98,0
AC-050,101,engine_hpc,0.49,0.26,degraded,97,0
AC-050,102,engine_hpc,0.485,0.265,degraded,96,0
AC-050,103,engine_hpc,0.48,0.271,degraded,95,0
AC-050,104,engine_hpc,0.475,0.276,degraded,94,0
AC-050,105,engine_hpc,0.47,0.281,degraded,93,0
AC-050,106,engine_hpc,0.465,0.287,degraded,92,0
AC-050,107,engine_hpc,0.46,0.292,degraded,91,0
AC-050,108,engine_hpc,0.455,0.298,degraded,90,0
AC-050,109,engine_hpc,0.449,0.303,degraded,89,0
AC-050,110,engine_hpc,0.444,0.309,degraded,88,0
AC-050,111,engine_hpc,0.439,0.314,degraded,87,0
AC-050,112,engine_hpc,0.434,0.32,degraded,86,0
AC-050,113,engine_hpc,0.429,0.326,degraded,85,0
AC-050,114,engine_hpc,0.424,0.331,degraded,84,0
AC-050,115,engine_hpc,0.419,0.337,degraded,83,0
AC-050,116,engine_hpc,0.414,0.343,degraded,82,0
AC-050,117,engine_hpc,0.409,0.349,degraded,81,0
AC-050,118,engine_hpc,0.404,0.355,degraded,80,0
AC-050,119,engine_hpc,0.399,0.361,degraded,79,0
AC-050,120,engine_hpc,0.394,0.367,degraded,78,0
AC-050,121,engine_hpc,0.389,0.373,degraded,77,0
AC-050,122,engine_hpc,0.384,0.38,degraded,76,0
AC-050,123,engine_hpc,0.379,0.386,degraded,75,0
AC-050,124,engine_hpc,0.374,0.392,degraded,74,0
AC-050,125,engine_hpc,0.369,0.399,degraded,73,0
AC-050,126,engine_hpc,0.364,0.405,degraded,72,0
AC-050,127,engine_hpc,0.359,0.411,degraded,71,0
AC-050,128,engine_hpc,0.354,0.418,degraded,70,0
AC-050,129,engine_hpc,0.348,0.424,degraded,69,0
AC-050,130,engine_hpc,0.343,0.431,degraded,68,0
AC-050,131,engine_hpc,0.338,0.438,degraded,67,0
AC-050,132,engine_hpc,0.333,0.444,degraded,66,0
AC-050,133,engine_hpc,0.328,0.451,degraded,65,0
AC-050,134,engine_hpc,0.323,0.458,degraded,64,0
AC-050,135,engine_hpc,0.318,0.465,degraded,63,0
AC-050,136,engine_hpc,0.313,0.472,degraded,62,0
AC-050,137,engine_hpc,0.308,0.479,degraded,61,0
AC-050,138,engine_hpc,0.303,0.486,degraded,60,0
AC-050,139,engine_hpc,0.298,0.493,degraded,59,0
AC-050,140,engine_hpc,0.293,0.5,degraded,58,0
AC-050,141,engine_hpc,0.288,0.507,degraded,57,0
AC-050,142,engine_hpc,0.283,0.514,degraded,56,0
AC-050,143,engine_hpc,0.278,0.522,degraded,55,0
AC-050,144,engine_hpc,0.273,0.529,degraded,54,0
AC-050,145,engine_hpc,0.268,0.536,degraded,53,0
AC-050,146,engine_hpc,0.263,0.544,degraded,52,0
AC-050,147,engine_hpc,0.258,0.551,degraded,51,0
AC-050,148,engine_hpc,0.253,0.559,degraded,50,0
AC-050,149,engine_hpc,0.247,0.566,degraded,49,0
AC-050,150,engine_hpc,0.242,0.574,degraded,48,0
AC-050,151,engine_hpc,0.237,0.582,degraded,47,0
AC-050,152,engine_hpc,0.232,0.589,degraded,46,0
AC-050,153,engine_hpc,0.227,0.597,degraded,45,0
AC-050,154,engine_hpc,0.222,0.605,degraded,44,0
AC-050,155,engine_hpc,0.217,0.613,degraded,43,0
AC-050,156,engine_hpc,0.212,0.621,degraded,42,0
AC-050,157,engine_hpc,0.207,0.629,degraded,41,0
AC-050,158,engine_hpc,0.202,0.637,degraded,40,0
AC-050,159,engine_hpc,0.197,0.645,degraded,39,0
AC-050,160,engine_hpc,0.192,0.653,degraded,38,0
AC-050,161,engine_hpc,0.187,0.661,degraded,37,0
AC-050,162,engine_hpc,0.182,0.669,degraded,36,0
AC-050,163,engine_hpc,0.177,0.678,degraded,35,0
AC-050,164,engine_hpc,0.172,0.686,degraded,34,0
AC-050,165,engine_hpc,0.167,0.694,degraded,33,0
AC-050,166,engine_hpc,0.162,0.703,degraded,32,0
AC-050,167,engine_hpc,0.157,0.711,degraded,31,0
AC-050,168,engine_hpc,0.152,0.72,degraded,30,1
AC-050,169,engine_hpc,0.146,0.729,severe,29,1
AC-050,170,engine_hpc,0.141,0.737,severe,28,1
AC-050,171,engine_hpc,0.136,0.746,severe,27,1
AC-050,172,engine_hpc,0.131,0.755,severe,26,1
AC-050,173,engine_hpc,0.126,0.763,severe,25,1
AC-050,174,engine_hpc,0.121,0.772,severe,24,1
AC-050,175,engine_hpc,0.116,0.781,severe,23,1
AC-050,176,engine_hpc,0.111,0.79,severe,22,1
AC-050,177,engine_hpc,0.106,0.799,severe,21,1
AC-050,178,engine_hpc,0.101,0.808,severe,20,1
AC-050,179,engine_hpc,0.096,0.817,severe,19,1
AC-050,180,engine_hpc,0.091,0.826,severe,18,1
AC-050,181,engine_hpc,0.086,0.836,severe,17,1
AC-050,182,engine_hpc,0.081,0.845,severe,16,1
AC-050,183,engine_hpc,0.076,0.854,severe,15,1
AC-050,184,engine_hpc,0.071,0.864,severe,14,1
AC-050,185,engine_hpc,0.066,0.873,severe,13,1
AC-050,186,engine_hpc,0.061,0.882,severe,12,1
AC-050,187,engine_hpc,0.056,0.892,severe,11,1
AC-050,188,engine_hpc,0.051,0.902,severe,10,1
AC-050,189,engine_hpc,0.045,0.911,severe,9,1
AC-050,190,engine_hpc,0.04,0.921,severe,8,1
AC-050,191,engine_hpc,0.035,0.931,severe,7,1
AC-050,192,engine_hpc,0.03,0.94,severe,6,1
AC-050,193,engine_hpc,0.025,0.95,severe,5,1
AC-050,194,engine_hpc,0.02,0.96,severe,4,1
AC-050,195,engine_hpc,0.015,0.97,severe,3,1
AC-050,196,engine_hpc,0.01,0.98,severe,2,1
AC-050,197,engine_hpc,0.005,0.99,severe,1,1
AC-050,198,engine_hpc,0.0,1.0,severe,0,1
AC-051,1,engine_hpc,0.995,0.0,healthy,212,0
AC-051,2,engine_hpc,0.991,0.0,healthy,211,0
AC-051,3,engine_hpc,0.986,0.0,healthy,210,0
AC-051,4,engine_hpc,0.981,0.0,healthy,209,0
AC-051,5,engine_hpc,0.977,0.001,healthy,208,0
AC-051,6,engine_hpc,0.972,0.001,healthy,207,0
AC-051,7,engine_hpc,0.967,0.001,healthy,206,0
AC-051,8,engine_hpc,0.962,0.001,healthy,205,0
AC-051,9,engine_hpc,0.958,0.002,healthy,204,0
AC-051,10,engine_hpc,0.953,0.002,healthy,203,0
AC-051,11,engine_hpc,0.948,0.003,healthy,202,0
AC-051,12,engine_hpc,0.944,0.003,healthy,201,0
AC-051,13,engine_hpc,0.939,0.004,healthy,200,0
AC-051,14,engine_hpc,0.934,0.004,healthy,199,0
AC-051,15,engine_hpc,0.93,0.005,healthy,198,0
AC-051,16,engine_hpc,0.925,0.006,healthy,197,0
AC-051,17,engine_hpc,0.92,0.006,healthy,196,0
AC-051,18,engine_hpc,0.915,0.007,healthy,195,0
AC-051,19,engine_hpc,0.911,0.008,healthy,194,0
AC-051,20,engine_hpc,0.906,0.009,healthy,193,0
AC-051,21,engine_hpc,0.901,0.01,healthy,192,0
AC-051,22,engine_hpc,0.897,0.011,healthy,191,0
AC-051,23,engine_hpc,0.892,0.012,healthy,190,0
AC-051,24,engine_hpc,0.887,0.013,healthy,189,0
AC-051,25,engine_hpc,0.883,0.014,healthy,188,0
AC-051,26,engine_hpc,0.878,0.015,healthy,187,0
AC-051,27,engine_hpc,0.873,0.016,healthy,186,0
AC-051,28,engine_hpc,0.869,0.017,healthy,185,0
AC-051,29,engine_hpc,0.864,0.019,healthy,184,0
AC-051,30,engine_hpc,0.859,0.02,healthy,183,0
AC-051,31,engine_hpc,0.854,0.021,healthy,182,0
AC-051,32,engine_hpc,0.85,0.023,healthy,181,0
AC-051,33,engine_hpc,0.845,0.024,healthy,180,0
AC-051,34,engine_hpc,0.84,0.025,healthy,179,0
AC-051,35,engine_hpc,0.836,0.027,healthy,178,0
AC-051,36,engine_hpc,0.831,0.029,healthy,177,0
AC-051,37,engine_hpc,0.826,0.03,healthy,176,0
AC-051,38,engine_hpc,0.822,0.032,healthy,175,0
AC-051,39,engine_hpc,0.817,0.034,healthy,174,0
AC-051,40,engine_hpc,0.812,0.035,healthy,173,0
AC-051,41,engine_hpc,0.808,0.037,healthy,172,0
AC-051,42,engine_hpc,0.803,0.039,healthy,171,0
AC-051,43,engine_hpc,0.798,0.041,healthy,170,0
AC-051,44,engine_hpc,0.793,0.043,healthy,169,0
AC-051,45,engine_hpc,0.789,0.045,healthy,168,0
AC-051,46,engine_hpc,0.784,0.047,healthy,167,0
AC-051,47,engine_hpc,0.779,0.049,healthy,166,0
AC-051,48,engine_hpc,0.775,0.051,healthy,165,0
AC-051,49,engine_hpc,0.77,0.053,healthy,164,0
AC-051,50,engine_hpc,0.765,0.055,healthy,163,0
AC-051,51,engine_hpc,0.761,0.057,healthy,162,0
AC-051,52,engine_hpc,0.756,0.06,healthy,161,0
AC-051,53,engine_hpc,0.751,0.062,healthy,160,0
AC-051,54,engine_hpc,0.746,0.064,healthy,159,0
AC-051,55,engine_hpc,0.742,0.067,healthy,158,0
AC-051,56,engine_hpc,0.737,0.069,healthy,157,0
AC-051,57,engine_hpc,0.732,0.072,healthy,156,0
AC-051,58,engine_hpc,0.728,0.074,healthy,155,0
AC-051,59,engine_hpc,0.723,0.077,healthy,154,0
AC-051,60,engine_hpc,0.718,0.079,healthy,153,0
AC-051,61,engine_hpc,0.714,0.082,healthy,152,0
AC-051,62,engine_hpc,0.709,0.085,healthy,151,0
AC-051,63,engine_hpc,0.704,0.087,healthy,150,0
AC-051,64,engine_hpc,0.7,0.09,healthy,149,0
AC-051,65,engine_hpc,0.695,0.093,healthy,148,0
AC-051,66,engine_hpc,0.69,0.096,healthy,147,0
AC-051,67,engine_hpc,0.685,0.099,healthy,146,0
AC-051,68,engine_hpc,0.681,0.102,healthy,145,0
AC-051,69,engine_hpc,0.676,0.105,healthy,144,0
AC-051,70,engine_hpc,0.671,0.108,healthy,143,0
AC-051,71,engine_hpc,0.667,0.111,healthy,142,0
AC-051,72,engine_hpc,0.662,0.114,healthy,141,0
AC-051,73,engine_hpc,0.657,0.117,healthy,140,0
AC-051,74,engine_hpc,0.653,0.121,healthy,139,0
AC-051,75,engine_hpc,0.648,0.124,healthy,138,0
AC-051,76,engine_hpc,0.643,0.127,healthy,137,0
AC-051,77,engine_hpc,0.638,0.131,healthy,136,0
AC-051,78,engine_hpc,0.634,0.134,healthy,135,0
AC-051,79,engine_hpc,0.629,0.138,healthy,134,0
AC-051,80,engine_hpc,0.624,0.141,healthy,133,0
AC-051,81,engine_hpc,0.62,0.145,healthy,132,0
AC-051,82,engine_hpc,0.615,0.148,healthy,131,0
AC-051,83,engine_hpc,0.61,0.152,healthy,130,0
AC-051,84,engine_hpc,0.606,0.156,healthy,129,0
AC-051,85,engine_hpc,0.601,0.159,healthy,128,0
AC-051,86,engine_hpc,0.596,0.163,healthy,127,0
AC-051,87,engine_hpc,0.592,0.167,healthy,126,0
AC-051,88,engine_hpc,0.587,0.171,healthy,125,0
AC-051,89,engine_hpc,0.582,0.175,healthy,124,0
AC-051,90,engine_hpc,0.577,0.179,healthy,123,0
AC-051,91,engine_hpc,0.573,0.183,healthy,122,0
AC-051,92,engine_hpc,0.568,0.187,healthy,121,0
AC-051,93,engine_hpc,0.563,0.191,healthy,120,0
AC-051,94,engine_hpc,0.559,0.195,healthy,119,0
AC-051,95,engine_hpc,0.554,0.199,healthy,118,0
AC-051,96,engine_hpc,0.549,0.203,healthy,117,0
AC-051,97,engine_hpc,0.545,0.207,healthy,116,0
AC-051,98,engine_hpc,0.54,0.212,healthy,115,0
AC-051,99,engine_hpc,0.535,0.216,healthy,114,0
AC-051,100,engine_hpc,0.531,0.22,healthy,113,0
AC-051,101,engine_hpc,0.526,0.225,healthy,112,0
AC-051,102,engine_hpc,0.521,0.229,healthy,111,0
AC-051,103,engine_hpc,0.516,0.234,healthy,110,0
AC-051,104,engine_hpc,0.512,0.238,healthy,109,0
AC-051,105,engine_hpc,0.507,0.243,healthy,108,0
AC-051,106,engine_hpc,0.502,0.248,healthy,107,0
AC-051,107,engine_hpc,0.498,0.252,degraded,106,0
AC-051,108,engine_hpc,0.493,0.257,degraded,105,0
AC-051,109,engine_hpc,0.488,0.262,degraded,104,0
AC-051,110,engine_hpc,0.484,0.267,degraded,103,0
AC-051,111,engine_hpc,0.479,0.272,degraded,102,0
AC-051,112,engine_hpc,0.474,0.276,degraded,101,0
AC-051,113,engine_hpc,0.469,0.281,degraded,100,0
AC-051,114,engine_hpc,0.465,0.286,degraded,99,0
AC-051,115,engine_hpc,0.46,0.291,degraded,98,0
AC-051,116,engine_hpc,0.455,0.297,degraded,97,0
AC-051,117,engine_hpc,0.451,0.302,degraded,96,0
AC-051,118,engine_hpc,0.446,0.307,degraded,95,0
AC-051,119,engine_hpc,0.441,0.312,degraded,94,0
AC-051,120,engine_hpc,0.437,0.317,degraded,93,0
AC-051,121,engine_hpc,0.432,0.323,degraded,92,0
AC-051,122,engine_hpc,0.427,0.328,degraded,91,0
AC-051,123,engine_hpc,0.423,0.333,degraded,90,0
AC-051,124,engine_hpc,0.418,0.339,degraded,89,0
AC-051,125,engine_hpc,0.413,0.344,degraded,88,0
AC-051,126,engine_hpc,0.408,0.35,degraded,87,0
AC-051,127,engine_hpc,0.404,0.356,degraded,86,0
AC-051,128,engine_hpc,0.399,0.361,degraded,85,0
AC-051,129,engine_hpc,0.394,0.367,degraded,84,0
AC-051,130,engine_hpc,0.39,0.373,degraded,83,0
AC-051,131,engine_hpc,0.385,0.378,degraded,82,0
AC-051,132,engine_hpc,0.38,0.384,degraded,81,0
AC-051,133,engine_hpc,0.376,0.39,degraded,80,0
AC-051,134,engine_hpc,0.371,0.396,degraded,79,0
AC-051,135,engine_hpc,0.366,0.402,degraded,78,0
AC-051,136,engine_hpc,0.362,0.408,degraded,77,0
AC-051,137,engine_hpc,0.357,0.414,degraded,76,0
AC-051,138,engine_hpc,0.352,0.42,degraded,75,0
AC-051,139,engine_hpc,0.347,0.426,degraded,74,0
AC-051,140,engine_hpc,0.343,0.432,degraded,73,0
AC-051,141,engine_hpc,0.338,0.438,degraded,72,0
AC-051,142,engine_hpc,0.333,0.444,degraded,71,0
AC-051,143,engine_hpc,0.329,0.451,degraded,70,0
AC-051,144,engine_hpc,0.324,0.457,degraded,69,0
AC-051,145,engine_hpc,0.319,0.463,degraded,68,0
AC-051,146,engine_hpc,0.315,0.47,degraded,67,0
AC-051,147,engine_hpc,0.31,0.476,degraded,66,0
AC-051,148,engine_hpc,0.305,0.483,degraded,65,0
AC-051,149,engine_hpc,0.3,0.489,degraded,64,0
AC-051,150,engine_hpc,0.296,0.496,degraded,63,0
AC-051,151,engine_hpc,0.291,0.503,degraded,62,0
AC-051,152,engine_hpc,0.286,0.509,degraded,61,0
AC-051,153,engine_hpc,0.282,0.516,degraded,60,0
AC-051,154,engine_hpc,0.277,0.523,degraded,59,0
AC-051,155,engine_hpc,0.272,0.53,degraded,58,0
AC-051,156,engine_hpc,0.268,0.536,degraded,57,0
AC-051,157,engine_hpc,0.263,0.543,degraded,56,0
AC-051,158,engine_hpc,0.258,0.55,degraded,55,0
AC-051,159,engine_hpc,0.254,0.557,degraded,54,0
AC-051,160,engine_hpc,0.249,0.564,degraded,53,0
AC-051,161,engine_hpc,0.244,0.571,degraded,52,0
AC-051,162,engine_hpc,0.239,0.578,degraded,51,0
AC-051,163,engine_hpc,0.235,0.586,degraded,50,0
AC-051,164,engine_hpc,0.23,0.593,degraded,49,0
AC-051,165,engine_hpc,0.225,0.6,degraded,48,0
AC-051,166,engine_hpc,0.221,0.607,degraded,47,0
AC-051,167,engine_hpc,0.216,0.615,degraded,46,0
AC-051,168,engine_hpc,0.211,0.622,degraded,45,0
AC-051,169,engine_hpc,0.207,0.63,degraded,44,0
AC-051,170,engine_hpc,0.202,0.637,degraded,43,0
AC-051,171,engine_hpc,0.197,0.645,degraded,42,0
AC-051,172,engine_hpc,0.192,0.652,degraded,41,0
AC-051,173,engine_hpc,0.188,0.66,degraded,40,0
AC-051,174,engine_hpc,0.183,0.667,degraded,39,0
AC-051,175,engine_hpc,0.178,0.675,degraded,38,0
AC-051,176,engine_hpc,0.174,0.683,degraded,37,0
AC-051,177,engine_hpc,0.169,0.691,degraded,36,0
AC-051,178,engine_hpc,0.164,0.698,degraded,35,0
AC-051,179,engine_hpc,0.16,0.706,degraded,34,0
AC-051,180,engine_hpc,0.155,0.714,degraded,33,0
AC-051,181,engine_hpc,0.15,0.722,degraded,32,0
AC-051,182,engine_hpc,0.146,0.73,severe,31,0
AC-051,183,engine_hpc,0.141,0.738,severe,30,1
AC-051,184,engine_hpc,0.136,0.746,severe,29,1
AC-051,185,engine_hpc,0.131,0.754,severe,28,1
AC-051,186,engine_hpc,0.127,0.763,severe,27,1
AC-051,187,engine_hpc,0.122,0.771,severe,26,1
AC-051,188,engine_hpc,0.117,0.779,severe,25,1
AC-051,189,engine_hpc,0.113,0.787,severe,24,1
AC-051,190,engine_hpc,0.108,0.796,severe,23,1
AC-051,191,engine_hpc,0.103,0.804,severe,22,1
AC-051,192,engine_hpc,0.099,0.813,severe,21,1
AC-051,193,engine_hpc,0.094,0.821,severe,20,1
AC-051,194,engine_hpc,0.089,0.83,severe,19,1
AC-051,195,engine_hpc,0.085,0.838,severe,18,1
AC-051,196,engine_hpc,0.08,0.847,severe,17,1
AC-051,197,engine_hpc,0.075,0.855,severe,16,1
AC-051,198,engine_hpc,0.07,0.864,severe,15,1
AC-051,199,engine_hpc,0.066,0.873,severe,14,1
AC-051,200,engine_hpc,0.061,0.882,severe,13,1
AC-051,201,engine_hpc,0.056,0.89,severe,12,1
AC-051,202,engine_hpc,0.052,0.899,severe,11,1
AC-051,203,engine_hpc,0.047,0.908,severe,10,1
AC-051,204,engine_hpc,0.042,0.917,severe,9,1
AC-051,205,engine_hpc,0.038,0.926,severe,8,1
AC-051,206,engine_hpc,0.033,0.935,severe,7,1
AC-051,207,engine_hpc,0.028,0.944,severe,6,1
AC-051,208,engine_hpc,0.023,0.954,severe,5,1
AC-051,209,engine_hpc,0.019,0.963,severe,4,1
AC-051,210,engine_hpc,0.014,0.972,severe,3,1
AC-051,211,engine_hpc,0.009,0.981,severe,2,1
AC-051,212,engine_hpc,0.005,0.991,severe,1,1
AC-051,213,engine_hpc,0.0,1.0,severe,0,1
AC-059,1,engine_hpc,0.996,0.0,healthy,230,0
AC-059,2,engine_hpc,0.991,0.0,healthy,229,0
AC-059,3,engine_hpc,0.987,0.0,healthy,228,0
AC-059,4,engine_hpc,0.983,0.0,healthy,227,0
AC-059,5,engine_hpc,0.978,0.0,healthy,226,0
AC-059,6,engine_hpc,0.974,0.001,healthy,225,0
AC-059,7,engine_hpc,0.97,0.001,healthy,224,0
AC-059,8,engine_hpc,0.965,0.001,healthy,223,0
AC-059,9,engine_hpc,0.961,0.002,healthy,222,0
AC-059,10,engine_hpc,0.957,0.002,healthy,221,0
AC-059,11,engine_hpc,0.952,0.002,healthy,220,0
AC-059,12,engine_hpc,0.948,0.003,healthy,219,0
AC-059,13,engine_hpc,0.944,0.003,healthy,218,0
AC-059,14,engine_hpc,0.939,0.004,healthy,217,0
AC-059,15,engine_hpc,0.935,0.004,healthy,216,0
AC-059,16,engine_hpc,0.931,0.005,healthy,215,0
AC-059,17,engine_hpc,0.926,0.005,healthy,214,0
AC-059,18,engine_hpc,0.922,0.006,healthy,213,0
AC-059,19,engine_hpc,0.918,0.007,healthy,212,0
AC-059,20,engine_hpc,0.913,0.007,healthy,211,0
AC-059,21,engine_hpc,0.909,0.008,healthy,210,0
AC-059,22,engine_hpc,0.905,0.009,healthy,209,0
AC-059,23,engine_hpc,0.9,0.01,healthy,208,0
AC-059,24,engine_hpc,0.896,0.011,healthy,207,0
AC-059,25,engine_hpc,0.892,0.012,healthy,206,0
AC-059,26,engine_hpc,0.887,0.013,healthy,205,0
AC-059,27,engine_hpc,0.883,0.014,healthy,204,0
AC-059,28,engine_hpc,0.879,0.015,healthy,203,0
AC-059,29,engine_hpc,0.874,0.016,healthy,202,0
AC-059,30,engine_hpc,0.87,0.017,healthy,201,0
AC-059,31,engine_hpc,0.866,0.018,healthy,200,0
AC-059,32,engine_hpc,0.861,0.019,healthy,199,0
AC-059,33,engine_hpc,0.857,0.02,healthy,198,0
AC-059,34,engine_hpc,0.853,0.022,healthy,197,0
AC-059,35,engine_hpc,0.848,0.023,healthy,196,0
AC-059,36,engine_hpc,0.844,0.024,healthy,195,0
AC-059,37,engine_hpc,0.84,0.026,healthy,194,0
AC-059,38,engine_hpc,0.835,0.027,healthy,193,0
AC-059,39,engine_hpc,0.831,0.029,healthy,192,0
AC-059,40,engine_hpc,0.827,0.03,healthy,191,0
AC-059,41,engine_hpc,0.823,0.032,healthy,190,0
AC-059,42,engine_hpc,0.818,0.033,healthy,189,0
AC-059,43,engine_hpc,0.814,0.035,healthy,188,0
AC-059,44,engine_hpc,0.81,0.036,healthy,187,0
AC-059,45,engine_hpc,0.805,0.038,healthy,186,0
AC-059,46,engine_hpc,0.801,0.04,healthy,185,0
AC-059,47,engine_hpc,0.797,0.041,healthy,184,0
AC-059,48,engine_hpc,0.792,0.043,healthy,183,0
AC-059,49,engine_hpc,0.788,0.045,healthy,182,0
AC-059,50,engine_hpc,0.784,0.047,healthy,181,0
AC-059,51,engine_hpc,0.779,0.049,healthy,180,0
AC-059,52,engine_hpc,0.775,0.051,healthy,179,0
AC-059,53,engine_hpc,0.771,0.053,healthy,178,0
AC-059,54,engine_hpc,0.766,0.055,healthy,177,0
AC-059,55,engine_hpc,0.762,0.057,healthy,176,0
AC-059,56,engine_hpc,0.758,0.059,healthy,175,0
AC-059,57,engine_hpc,0.753,0.061,healthy,174,0
AC-059,58,engine_hpc,0.749,0.063,healthy,173,0
AC-059,59,engine_hpc,0.745,0.065,healthy,172,0
AC-059,60,engine_hpc,0.74,0.067,healthy,171,0
AC-059,61,engine_hpc,0.736,0.07,healthy,170,0
AC-059,62,engine_hpc,0.732,0.072,healthy,169,0
AC-059,63,engine_hpc,0.727,0.074,healthy,168,0
AC-059,64,engine_hpc,0.723,0.077,healthy,167,0
AC-059,65,engine_hpc,0.719,0.079,healthy,166,0
AC-059,66,engine_hpc,0.714,0.082,healthy,165,0
AC-059,67,engine_hpc,0.71,0.084,healthy,164,0
AC-059,68,engine_hpc,0.706,0.087,healthy,163,0
AC-059,69,engine_hpc,0.701,0.089,healthy,162,0
AC-059,70,engine_hpc,0.697,0.092,healthy,161,0
AC-059,71,engine_hpc,0.693,0.094,healthy,160,0
AC-059,72,engine_hpc,0.688,0.097,healthy,159,0
AC-059,73,engine_hpc,0.684,0.1,healthy,158,0
AC-059,74,engine_hpc,0.68,0.103,healthy,157,0
AC-059,75,engine_hpc,0.675,0.105,healthy,156,0
AC-059,76,engine_hpc,0.671,0.108,healthy,155,0
AC-059,77,engine_hpc,0.667,0.111,healthy,154,0
AC-059,78,engine_hpc,0.662,0.114,healthy,153,0
AC-059,79,engine_hpc,0.658,0.117,healthy,152,0
AC-059,80,engine_hpc,0.654,0.12,healthy,151,0
AC-059,81,engine_hpc,0.649,0.123,healthy,150,0
AC-059,82,engine_hpc,0.645,0.126,healthy,149,0
AC-059,83,engine_hpc,0.641,0.129,healthy,148,0
AC-059,84,engine_hpc,0.636,0.132,healthy,147,0
AC-059,85,engine_hpc,0.632,0.135,healthy,146,0
AC-059,86,engine_hpc,0.628,0.139,healthy,145,0
AC-059,87,engine_hpc,0.623,0.142,healthy,144,0
AC-059,88,engine_hpc,0.619,0.145,healthy,143,0
AC-059,89,engine_hpc,0.615,0.148,healthy,142,0
AC-059,90,engine_hpc,0.61,0.152,healthy,141,0
AC-059,91,engine_hpc,0.606,0.155,healthy,140,0
AC-059,92,engine_hpc,0.602,0.159,healthy,139,0
AC-059,93,engine_hpc,0.597,0.162,healthy,138,0
AC-059,94,engine_hpc,0.593,0.166,healthy,137,0
AC-059,95,engine_hpc,0.589,0.169,healthy,136,0
AC-059,96,engine_hpc,0.584,0.173,healthy,135,0
AC-059,97,engine_hpc,0.58,0.176,healthy,134,0
AC-059,98,engine_hpc,0.576,0.18,healthy,133,0
AC-059,99,engine_hpc,0.571,0.184,healthy,132,0
AC-059,100,engine_hpc,0.567,0.187,healthy,131,0
AC-059,101,engine_hpc,0.563,0.191,healthy,130,0
AC-059,102,engine_hpc,0.558,0.195,healthy,129,0
AC-059,103,engine_hpc,0.554,0.199,healthy,128,0
AC-059,104,engine_hpc,0.55,0.203,healthy,127,0
AC-059,105,engine_hpc,0.545,0.207,healthy,126,0
AC-059,106,engine_hpc,0.541,0.211,healthy,125,0
AC-059,107,engine_hpc,0.537,0.215,healthy,124,0
AC-059,108,engine_hpc,0.532,0.219,healthy,123,0
AC-059,109,engine_hpc,0.528,0.223,healthy,122,0
AC-059,110,engine_hpc,0.524,0.227,healthy,121,0
AC-059,111,engine_hpc,0.519,0.231,healthy,120,0
AC-059,112,engine_hpc,0.515,0.235,healthy,119,0
AC-059,113,engine_hpc,0.511,0.239,healthy,118,0
AC-059,114,engine_hpc,0.506,0.244,healthy,117,0
AC-059,115,engine_hpc,0.502,0.248,healthy,116,0
AC-059,116,engine_hpc,0.498,0.252,degraded,115,0
AC-059,117,engine_hpc,0.494,0.257,degraded,114,0
AC-059,118,engine_hpc,0.489,0.261,degraded,113,0
AC-059,119,engine_hpc,0.485,0.265,degraded,112,0
AC-059,120,engine_hpc,0.481,0.27,degraded,111,0
AC-059,121,engine_hpc,0.476,0.274,degraded,110,0
AC-059,122,engine_hpc,0.472,0.279,degraded,109,0
AC-059,123,engine_hpc,0.468,0.284,degraded,108,0
AC-059,124,engine_hpc,0.463,0.288,degraded,107,0
AC-059,125,engine_hpc,0.459,0.293,degraded,106,0
AC-059,126,engine_hpc,0.455,0.298,degraded,105,0
AC-059,127,engine_hpc,0.45,0.302,degraded,104,0
AC-059,128,engine_hpc,0.446,0.307,degraded,103,0
AC-059,129,engine_hpc,0.442,0.312,degraded,102,0
AC-059,130,engine_hpc,0.437,0.317,degraded,101,0
AC-059,131,engine_hpc,0.433,0.322,degraded,100,0
AC-059,132,engine_hpc,0.429,0.327,degraded,99,0
AC-059,133,engine_hpc,0.424,0.331,degraded,98,0
AC-059,134,engine_hpc,0.42,0.337,degraded,97,0
AC-059,135,engine_hpc,0.416,0.342,degraded,96,0
AC-059,136,engine_hpc,0.411,0.347,degraded,95,0
AC-059,137,engine_hpc,0.407,0.352,degraded,94,0
AC-059,138,engine_hpc,0.403,0.357,degraded,93,0
AC-059,139,engine_hpc,0.398,0.362,degraded,92,0
AC-059,140,engine_hpc,0.394,0.367,degraded,91,0
AC-059,141,engine_hpc,0.39,0.373,degraded,90,0
AC-059,142,engine_hpc,0.385,0.378,degraded,89,0
AC-059,143,engine_hpc,0.381,0.383,degraded,88,0
AC-059,144,engine_hpc,0.377,0.389,degraded,87,0
AC-059,145,engine_hpc,0.372,0.394,degraded,86,0
AC-059,146,engine_hpc,0.368,0.399,degraded,85,0
AC-059,147,engine_hpc,0.364,0.405,degraded,84,0
AC-059,148,engine_hpc,0.359,0.41,degraded,83,0
AC-059,149,engine_hpc,0.355,0.416,degraded,82,0
AC-059,150,engine_hpc,0.351,0.422,degraded,81,0
AC-059,151,engine_hpc,0.346,0.427,degraded,80,0
AC-059,152,engine_hpc,0.342,0.433,degraded,79,0
AC-059,153,engine_hpc,0.338,0.439,degraded,78,0
AC-059,154,engine_hpc,0.333,0.444,degraded,77,0
AC-059,155,engine_hpc,0.329,0.45,degraded,76,0
AC-059,156,engine_hpc,0.325,0.456,degraded,75,0
AC-059,157,engine_hpc,0.32,0.462,degraded,74,0
AC-059,158,engine_hpc,0.316,0.468,degraded,73,0
AC-059,159,engine_hpc,0.312,0.474,degraded,72,0
AC-059,160,engine_hpc,0.307,0.48,degraded,71,0
AC-059,161,engine_hpc,0.303,0.486,degraded,70,0
AC-059,162,engine_hpc,0.299,0.492,degraded,69,0
AC-059,163,engine_hpc,0.294,0.498,degraded,68,0
AC-059,164,engine_hpc,0.29,0.504,degraded,67,0
AC-059,165,engine_hpc,0.286,0.51,degraded,66,0
AC-059,166,engine_hpc,0.281,0.516,degraded,65,0
AC-059,167,engine_hpc,0.277,0.523,degraded,64,0
AC-059,168,engine_hpc,0.273,0.529,degraded,63,0
AC-059,169,engine_hpc,0.268,0.535,degraded,62,0
AC-059,170,engine_hpc,0.264,0.542,degraded,61,0
AC-059,171,engine_hpc,0.26,0.548,degraded,60,0
AC-059,172,engine_hpc,0.255,0.554,degraded,59,0
AC-059,173,engine_hpc,0.251,0.561,degraded,58,0
AC-059,174,engine_hpc,0.247,0.567,degraded,57,0
AC-059,175,engine_hpc,0.242,0.574,degraded,56,0
AC-059,176,engine_hpc,0.238,0.58,degraded,55,0
AC-059,177,engine_hpc,0.234,0.587,degraded,54,0
AC-059,178,engine_hpc,0.229,0.594,degraded,53,0
AC-059,179,engine_hpc,0.225,0.6,degraded,52,0
AC-059,180,engine_hpc,0.221,0.607,degraded,51,0
AC-059,181,engine_hpc,0.216,0.614,degraded,50,0
AC-059,182,engine_hpc,0.212,0.621,degraded,49,0
AC-059,183,engine_hpc,0.208,0.628,degraded,48,0
AC-059,184,engine_hpc,0.203,0.634,degraded,47,0
AC-059,185,engine_hpc,0.199,0.641,degraded,46,0
AC-059,186,engine_hpc,0.195,0.648,degraded,45,0
AC-059,187,engine_hpc,0.19,0.655,degraded,44,0
AC-059,188,engine_hpc,0.186,0.662,degraded,43,0
AC-059,189,engine_hpc,0.182,0.669,degraded,42,0
AC-059,190,engine_hpc,0.177,0.677,degraded,41,0
AC-059,191,engine_hpc,0.173,0.684,degraded,40,0
AC-059,192,engine_hpc,0.169,0.691,degraded,39,0
AC-059,193,engine_hpc,0.165,0.698,degraded,38,0
AC-059,194,engine_hpc,0.16,0.705,degraded,37,0
AC-059,195,engine_hpc,0.156,0.713,degraded,36,0
AC-059,196,engine_hpc,0.152,0.72,degraded,35,0
AC-059,197,engine_hpc,0.147,0.727,severe,34,0
AC-059,198,engine_hpc,0.143,0.735,severe,33,0
AC-059,199,engine_hpc,0.139,0.742,severe,32,0
AC-059,200,engine_hpc,0.134,0.75,severe,31,0
AC-059,201,engine_hpc,0.13,0.757,severe,30,1
AC-059,202,engine_hpc,0.126,0.765,severe,29,1
AC-059,203,engine_hpc,0.121,0.772,severe,28,1
AC-059,204,engine_hpc,0.117,0.78,severe,27,1
AC-059,205,engine_hpc,0.113,0.788,severe,26,1
AC-059,206,engine_hpc,0.108,0.795,severe,25,1
AC-059,207,engine_hpc,0.104,0.803,severe,24,1
AC-059,208,engine_hpc,0.1,0.811,severe,23,1
AC-059,209,engine_hpc,0.095,0.819,severe,22,1
AC-059,210,engine_hpc,0.091,0.826,severe,21,1
AC-059,211,engine_hpc,0.087,0.834,severe,20,1
AC-059,212,engine_hpc,0.082,0.842,severe,19,1
AC-059,213,engine_hpc,0.078,0.85,severe,18,1
AC-059,214,engine_hpc,0.074,0.858,severe,17,1
AC-059,215,engine_hpc,0.069,0.866,severe,16,1
AC-059,216,engine_hpc,0.065,0.874,severe,15,1
AC-059,217,engine_hpc,0.061,0.882,severe,14,1
AC-059,218,engine_hpc,0.056,0.891,severe,13,1
AC-059,219,engine_hpc,0.052,0.899,severe,12,1
AC-059,220,engine_hpc,0.048,0.907,severe,11,1
AC-059,221,engine_hpc,0.043,0.915,severe,10,1
AC-059,222,engine_hpc,0.039,0.924,severe,9,1
AC-059,223,engine_hpc,0.035,0.932,severe,8,1
AC-059,224,engine_hpc,0.03,0.94,severe,7,1
AC-059,225,engine_hpc,0.026,0.949,severe,6,1
AC-059,226,engine_hpc,0.022,0.957,severe,5,1
AC-059,227,engine_hpc,0.017,0.966,severe,4,1
AC-059,228,engine_hpc,0.013,0.974,severe,3,1
AC-059,229,engine_hpc,0.009,0.983,severe,2,1
AC-059,230,engine_hpc,0.004,0.991,severe,1,1
AC-059,231,engine_hpc,0.0,1.0,severe,0,1
AC-061,1,engine_hpc,0.995,0.0,healthy,184,0
AC-061,2,engine_hpc,0.989,0.0,healthy,183,0
AC-061,3,engine_hpc,0.984,0.0,healthy,182,0
AC-061,4,engine_hpc,0.978,0.0,healthy,181,0
AC-061,5,engine_hpc,0.973,0.001,healthy,180,0
AC-061,6,engine_hpc,0.968,0.001,healthy,179,0
AC-061,7,engine_hpc,0.962,0.001,healthy,178,0
AC-061,8,engine_hpc,0.957,0.002,healthy,177,0
AC-061,9,engine_hpc,0.951,0.002,healthy,176,0
AC-061,10,engine_hpc,0.946,0.003,healthy,175,0
AC-061,11,engine_hpc,0.941,0.004,healthy,174,0
AC-061,12,engine_hpc,0.935,0.004,healthy,173,0
AC-061,13,engine_hpc,0.93,0.005,healthy,172,0
AC-061,14,engine_hpc,0.924,0.006,healthy,171,0
AC-061,15,engine_hpc,0.919,0.007,healthy,170,0
AC-061,16,engine_hpc,0.914,0.007,healthy,169,0
AC-061,17,engine_hpc,0.908,0.008,healthy,168,0
AC-061,18,engine_hpc,0.903,0.009,healthy,167,0
AC-061,19,engine_hpc,0.897,0.011,healthy,166,0
AC-061,20,engine_hpc,0.892,0.012,healthy,165,0
AC-061,21,engine_hpc,0.886,0.013,healthy,164,0
AC-061,22,engine_hpc,0.881,0.014,healthy,163,0
AC-061,23,engine_hpc,0.876,0.015,healthy,162,0
AC-061,24,engine_hpc,0.87,0.017,healthy,161,0
AC-061,25,engine_hpc,0.865,0.018,healthy,160,0
AC-061,26,engine_hpc,0.859,0.02,healthy,159,0
AC-061,27,engine_hpc,0.854,0.021,healthy,158,0
AC-061,28,engine_hpc,0.849,0.023,healthy,157,0
AC-061,29,engine_hpc,0.843,0.025,healthy,156,0
AC-061,30,engine_hpc,0.838,0.026,healthy,155,0
AC-061,31,engine_hpc,0.832,0.028,healthy,154,0
AC-061,32,engine_hpc,0.827,0.03,healthy,153,0
AC-061,33,engine_hpc,0.822,0.032,healthy,152,0
AC-061,34,engine_hpc,0.816,0.034,healthy,151,0
AC-061,35,engine_hpc,0.811,0.036,healthy,150,0
AC-061,36,engine_hpc,0.805,0.038,healthy,149,0
AC-061,37,engine_hpc,0.8,0.04,healthy,148,0
AC-061,38,engine_hpc,0.795,0.042,healthy,147,0
AC-061,39,engine_hpc,0.789,0.044,healthy,146,0
AC-061,40,engine_hpc,0.784,0.047,healthy,145,0
AC-061,41,engine_hpc,0.778,0.049,healthy,144,0
AC-061,42,engine_hpc,0.773,0.052,healthy,143,0
AC-061,43,engine_hpc,0.768,0.054,healthy,142,0
AC-061,44,engine_hpc,0.762,0.057,healthy,141,0
AC-061,45,engine_hpc,0.757,0.059,healthy,140,0
AC-061,46,engine_hpc,0.751,0.062,healthy,139,0
AC-061,47,engine_hpc,0.746,0.065,healthy,138,0
AC-061,48,engine_hpc,0.741,0.067,healthy,137,0
AC-061,49,engine_hpc,0.735,0.07,healthy,136,0
AC-061,50,engine_hpc,0.73,0.073,healthy,135,0
AC-061,51,engine_hpc,0.724,0.076,healthy,134,0
AC-061,52,engine_hpc,0.719,0.079,healthy,133,0
AC-061,53,engine_hpc,0.714,0.082,healthy,132,0
AC-061,54,engine_hpc,0.708,0.085,healthy,131,0
AC-061,55,engine_hpc,0.703,0.088,healthy,130,0
AC-061,56,engine_hpc,0.697,0.092,healthy,129,0
AC-061,57,engine_hpc,0.692,0.095,healthy,128,0
AC-061,58,engine_hpc,0.686,0.098,healthy,127,0
AC-061,59,engine_hpc,0.681,0.102,healthy,126,0
AC-061,60,engine_hpc,0.676,0.105,healthy,125,0
AC-061,61,engine_hpc,0.67,0.109,healthy,124,0
AC-061,62,engine_hpc,0.665,0.112,healthy,123,0
AC-061,63,engine_hpc,0.659,0.116,healthy,122,0
AC-061,64,engine_hpc,0.654,0.12,healthy,121,0
AC-061,65,engine_hpc,0.649,0.123,healthy,120,0
AC-061,66,engine_hpc,0.643,0.127,healthy,119,0
AC-061,67,engine_hpc,0.638,0.131,healthy,118,0
AC-061,68,engine_hpc,0.632,0.135,healthy,117,0
AC-061,69,engine_hpc,0.627,0.139,healthy,116,0
AC-061,70,engine_hpc,0.622,0.143,healthy,115,0
AC-061,71,engine_hpc,0.616,0.147,healthy,114,0
AC-061,72,engine_hpc,0.611,0.151,healthy,113,0
AC-061,73,engine_hpc,0.605,0.156,healthy,112,0
AC-061,74,engine_hpc,0.6,0.16,healthy,111,0
AC-061,75,engine_hpc,0.595,0.164,healthy,110,0
AC-061,76,engine_hpc,0.589,0.169,healthy,109,0
AC-061,77,engine_hpc,0.584,0.173,healthy,108,0
AC-061,78,engine_hpc,0.578,0.178,healthy,107,0
AC-061,79,engine_hpc,0.573,0.182,healthy,106,0
AC-061,80,engine_hpc,0.568,0.187,healthy,105,0
AC-061,81,engine_hpc,0.562,0.192,healthy,104,0
AC-061,82,engine_hpc,0.557,0.196,healthy,103,0
AC-061,83,engine_hpc,0.551,0.201,healthy,102,0
AC-061,84,engine_hpc,0.546,0.206,healthy,101,0
AC-061,85,engine_hpc,0.541,0.211,healthy,100,0
AC-061,86,engine_hpc,0.535,0.216,healthy,99,0
AC-061,87,engine_hpc,0.53,0.221,healthy,98,0
AC-061,88,engine_hpc,0.524,0.226,healthy,97,0
AC-061,89,engine_hpc,0.519,0.231,healthy,96,0
AC-061,90,engine_hpc,0.514,0.237,healthy,95,0
AC-061,91,engine_hpc,0.508,0.242,healthy,94,0
AC-061,92,engine_hpc,0.503,0.247,healthy,93,0
AC-061,93,engine_hpc,0.497,0.253,degraded,92,0
AC-061,94,engine_hpc,0.492,0.258,degraded,91,0
AC-061,95,engine_hpc,0.486,0.264,degraded,90,0
AC-061,96,engine_hpc,0.481,0.269,degraded,89,0
AC-061,97,engine_hpc,0.476,0.275,degraded,88,0
AC-061,98,engine_hpc,0.47,0.281,degraded,87,0
AC-061,99,engine_hpc,0.465,0.286,degraded,86,0
AC-061,100,engine_hpc,0.459,0.292,degraded,85,0
AC-061,101,engine_hpc,0.454,0.298,degraded,84,0
AC-061,102,engine_hpc,0.449,0.304,degraded,83,0
AC-061,103,engine_hpc,0.443,0.31,degraded,82,0
AC-061,104,engine_hpc,0.438,0.316,degraded,81,0
AC-061,105,engine_hpc,0.432,0.322,degraded,80,0
AC-061,106,engine_hpc,0.427,0.328,degraded,79,0
AC-061,107,engine_hpc,0.422,0.335,degraded,78,0
AC-061,108,engine_hpc,0.416,0.341,degraded,77,0
AC-061,109,engine_hpc,0.411,0.347,degraded,76,0
AC-061,110,engine_hpc,0.405,0.354,degraded,75,0
AC-061,111,engine_hpc,0.4,0.36,degraded,74,0
AC-061,112,engine_hpc,0.395,0.367,degraded,73,0
AC-061,113,engine_hpc,0.389,0.373,degraded,72,0
AC-061,114,engine_hpc,0.384,0.38,degraded,71,0
AC-061,115,engine_hpc,0.378,0.386,degraded,70,0
AC-061,116,engine_hpc,0.373,0.393,degraded,69,0
AC-061,117,engine_hpc,0.368,0.4,degraded,68,0
AC-061,118,engine_hpc,0.362,0.407,degraded,67,0
AC-061,119,engine_hpc,0.357,0.414,degraded,66,0
AC-061,120,engine_hpc,0.351,0.421,degraded,65,0
AC-061,121,engine_hpc,0.346,0.428,degraded,64,0
AC-061,122,engine_hpc,0.341,0.435,degraded,63,0
AC-061,123,engine_hpc,0.335,0.442,degraded,62,0
AC-061,124,engine_hpc,0.33,0.449,degraded,61,0
AC-061,125,engine_hpc,0.324,0.457,degraded,60,0
AC-061,126,engine_hpc,0.319,0.464,degraded,59,0
AC-061,127,engine_hpc,0.314,0.471,degraded,58,0
AC-061,128,engine_hpc,0.308,0.479,degraded,57,0
AC-061,129,engine_hpc,0.303,0.486,degraded,56,0
AC-061,130,engine_hpc,0.297,0.494,degraded,55,0
AC-061,131,engine_hpc,0.292,0.501,degraded,54,0
AC-061,132,engine_hpc,0.286,0.509,degraded,53,0
AC-061,133,engine_hpc,0.281,0.517,degraded,52,0
AC-061,134,engine_hpc,0.276,0.525,degraded,51,0
AC-061,135,engine_hpc,0.27,0.533,degraded,50,0
AC-061,136,engine_hpc,0.265,0.54,degraded,49,0
AC-061,137,engine_hpc,0.259,0.548,degraded,48,0
AC-061,138,engine_hpc,0.254,0.556,degraded,47,0
AC-061,139,engine_hpc,0.249,0.565,degraded,46,0
AC-061,140,engine_hpc,0.243,0.573,degraded,45,0
AC-061,141,engine_hpc,0.238,0.581,degraded,44,0
AC-061,142,engine_hpc,0.232,0.589,degraded,43,0
AC-061,143,engine_hpc,0.227,0.597,degraded,42,0
AC-061,144,engine_hpc,0.222,0.606,degraded,41,0
AC-061,145,engine_hpc,0.216,0.614,degraded,40,0
AC-061,146,engine_hpc,0.211,0.623,degraded,39,0
AC-061,147,engine_hpc,0.205,0.631,degraded,38,0
AC-061,148,engine_hpc,0.2,0.64,degraded,37,0
AC-061,149,engine_hpc,0.195,0.649,degraded,36,0
AC-061,150,engine_hpc,0.189,0.657,degraded,35,0
AC-061,151,engine_hpc,0.184,0.666,degraded,34,0
AC-061,152,engine_hpc,0.178,0.675,degraded,33,0
AC-061,153,engine_hpc,0.173,0.684,degraded,32,0
AC-061,154,engine_hpc,0.168,0.693,degraded,31,0
AC-061,155,engine_hpc,0.162,0.702,degraded,30,1
AC-061,156,engine_hpc,0.157,0.711,degraded,29,1
AC-061,157,engine_hpc,0.151,0.72,degraded,28,1
AC-061,158,engine_hpc,0.146,0.729,severe,27,1
AC-061,159,engine_hpc,0.141,0.739,severe,26,1
AC-061,160,engine_hpc,0.135,0.748,severe,25,1
AC-061,161,engine_hpc,0.13,0.757,severe,24,1
AC-061,162,engine_hpc,0.124,0.767,severe,23,1
AC-061,163,engine_hpc,0.119,0.776,severe,22,1
AC-061,164,engine_hpc,0.114,0.786,severe,21,1
AC-061,165,engine_hpc,0.108,0.795,severe,20,1
AC-061,166,engine_hpc,0.103,0.805,severe,19,1
AC-061,167,engine_hpc,0.097,0.815,severe,18,1
AC-061,168,engine_hpc,0.092,0.825,severe,17,1
AC-061,169,engine_hpc,0.086,0.835,severe,16,1
AC-061,170,engine_hpc,0.081,0.844,severe,15,1
AC-061,171,engine_hpc,0.076,0.854,severe,14,1
AC-061,172,engine_hpc,0.07,0.864,severe,13,1
AC-061,173,engine_hpc,0.065,0.874,severe,12,1
AC-061,174,engine_hpc,0.059,0.885,severe,11,1
AC-061,175,engine_hpc,0.054,0.895,severe,10,1
AC-061,176,engine_hpc,0.049,0.905,severe,9,1
AC-061,177,engine_hpc,0.043,0.915,severe,8,1
AC-061,178,engine_hpc,0.038,0.926,severe,7,1
AC-061,179,engine_hpc,0.032,0.936,severe,6,1
AC-061,180,engine_hpc,0.027,0.947,severe,5,1
AC-061,181,engine_hpc,0.022,0.957,severe,4,1
AC-061,182,engine_hpc,0.016,0.968,severe,3,1
AC-061,183,engine_hpc,0.011,0.978,severe,2,1
AC-061,184,engine_hpc,0.005,0.989,severe,1,1
AC-061,185,engine_hpc,0.0,1.0,severe,0,1
AC-064,1,engine_hpc,0.996,0.0,healthy,282,0
AC-064,2,engine_hpc,0.993,0.0,healthy,281,0
AC-064,3,engine_hpc,0.989,0.0,healthy,280,0
AC-064,4,engine_hpc,0.986,0.0,healthy,279,0
AC-064,5,engine_hpc,0.982,0.0,healthy,278,0
AC-064,6,engine_hpc,0.979,0.0,healthy,277,0
AC-064,7,engine_hpc,0.975,0.001,healthy,276,0
AC-064,8,engine_hpc,0.972,0.001,healthy,275,0
AC-064,9,engine_hpc,0.968,0.001,healthy,274,0
AC-064,10,engine_hpc,0.965,0.001,healthy,273,0
AC-064,11,engine_hpc,0.961,0.002,healthy,272,0
AC-064,12,engine_hpc,0.958,0.002,healthy,271,0
AC-064,13,engine_hpc,0.954,0.002,healthy,270,0
AC-064,14,engine_hpc,0.951,0.002,healthy,269,0
AC-064,15,engine_hpc,0.947,0.003,healthy,268,0
AC-064,16,engine_hpc,0.943,0.003,healthy,267,0
AC-064,17,engine_hpc,0.94,0.004,healthy,266,0
AC-064,18,engine_hpc,0.936,0.004,healthy,265,0
AC-064,19,engine_hpc,0.933,0.005,healthy,264,0
AC-064,20,engine_hpc,0.929,0.005,healthy,263,0
AC-064,21,engine_hpc,0.926,0.006,healthy,262,0
AC-064,22,engine_hpc,0.922,0.006,healthy,261,0
AC-064,23,engine_hpc,0.919,0.007,healthy,260,0
AC-064,24,engine_hpc,0.915,0.007,healthy,259,0
AC-064,25,engine_hpc,0.912,0.008,healthy,258,0
AC-064,26,engine_hpc,0.908,0.008,healthy,257,0
AC-064,27,engine_hpc,0.905,0.009,healthy,256,0
AC-064,28,engine_hpc,0.901,0.01,healthy,255,0
AC-064,29,engine_hpc,0.898,0.011,healthy,254,0
AC-064,30,engine_hpc,0.894,0.011,healthy,253,0
AC-064,31,engine_hpc,0.89,0.012,healthy,252,0
AC-064,32,engine_hpc,0.887,0.013,healthy,251,0
AC-064,33,engine_hpc,0.883,0.014,healthy,250,0
AC-064,34,engine_hpc,0.88,0.014,healthy,249,0
AC-064,35,engine_hpc,0.876,0.015,healthy,248,0
AC-064,36,engine_hpc,0.873,0.016,healthy,247,0
AC-064,37,engine_hpc,0.869,0.017,healthy,246,0
AC-064,38,engine_hpc,0.866,0.018,healthy,245,0
AC-064,39,engine_hpc,0.862,0.019,healthy,244,0
AC-064,40,engine_hpc,0.859,0.02,healthy,243,0
AC-064,41,engine_hpc,0.855,0.021,healthy,242,0
AC-064,42,engine_hpc,0.852,0.022,healthy,241,0
AC-064,43,engine_hpc,0.848,0.023,healthy,240,0
AC-064,44,engine_hpc,0.845,0.024,healthy,239,0
AC-064,45,engine_hpc,0.841,0.025,healthy,238,0
AC-064,46,engine_hpc,0.837,0.026,healthy,237,0
AC-064,47,engine_hpc,0.834,0.028,healthy,236,0
AC-064,48,engine_hpc,0.83,0.029,healthy,235,0
AC-064,49,engine_hpc,0.827,0.03,healthy,234,0
AC-064,50,engine_hpc,0.823,0.031,healthy,233,0
AC-064,51,engine_hpc,0.82,0.032,healthy,232,0
AC-064,52,engine_hpc,0.816,0.034,healthy,231,0
AC-064,53,engine_hpc,0.813,0.035,healthy,230,0
AC-064,54,engine_hpc,0.809,0.036,healthy,229,0
AC-064,55,engine_hpc,0.806,0.038,healthy,228,0
AC-064,56,engine_hpc,0.802,0.039,healthy,227,0
AC-064,57,engine_hpc,0.799,0.041,healthy,226,0
AC-064,58,engine_hpc,0.795,0.042,healthy,225,0
AC-064,59,engine_hpc,0.792,0.043,healthy,224,0
AC-064,60,engine_hpc,0.788,0.045,healthy,223,0
AC-064,61,engine_hpc,0.784,0.046,healthy,222,0
AC-064,62,engine_hpc,0.781,0.048,healthy,221,0
AC-064,63,engine_hpc,0.777,0.05,healthy,220,0
AC-064,64,engine_hpc,0.774,0.051,healthy,219,0
AC-064,65,engine_hpc,0.77,0.053,healthy,218,0
AC-064,66,engine_hpc,0.767,0.054,healthy,217,0
AC-064,67,engine_hpc,0.763,0.056,healthy,216,0
AC-064,68,engine_hpc,0.76,0.058,healthy,215,0
AC-064,69,engine_hpc,0.756,0.059,healthy,214,0
AC-064,70,engine_hpc,0.753,0.061,healthy,213,0
AC-064,71,engine_hpc,0.749,0.063,healthy,212,0
AC-064,72,engine_hpc,0.746,0.065,healthy,211,0
AC-064,73,engine_hpc,0.742,0.067,healthy,210,0
AC-064,74,engine_hpc,0.739,0.068,healthy,209,0
AC-064,75,engine_hpc,0.735,0.07,healthy,208,0
AC-064,76,engine_hpc,0.731,0.072,healthy,207,0
AC-064,77,engine_hpc,0.728,0.074,healthy,206,0
AC-064,78,engine_hpc,0.724,0.076,healthy,205,0
AC-064,79,engine_hpc,0.721,0.078,healthy,204,0
AC-064,80,engine_hpc,0.717,0.08,healthy,203,0
AC-064,81,engine_hpc,0.714,0.082,healthy,202,0
AC-064,82,engine_hpc,0.71,0.084,healthy,201,0
AC-064,83,engine_hpc,0.707,0.086,healthy,200,0
AC-064,84,engine_hpc,0.703,0.088,healthy,199,0
AC-064,85,engine_hpc,0.7,0.09,healthy,198,0
AC-064,86,engine_hpc,0.696,0.092,healthy,197,0
AC-064,87,engine_hpc,0.693,0.095,healthy,196,0
AC-064,88,engine_hpc,0.689,0.097,healthy,195,0
AC-064,89,engine_hpc,0.686,0.099,healthy,194,0
AC-064,90,engine_hpc,0.682,0.101,healthy,193,0
AC-064,91,engine_hpc,0.678,0.103,healthy,192,0
AC-064,92,engine_hpc,0.675,0.106,healthy,191,0
AC-064,93,engine_hpc,0.671,0.108,healthy,190,0
AC-064,94,engine_hpc,0.668,0.11,healthy,189,0
AC-064,95,engine_hpc,0.664,0.113,healthy,188,0
AC-064,96,engine_hpc,0.661,0.115,healthy,187,0
AC-064,97,engine_hpc,0.657,0.117,healthy,186,0
AC-064,98,engine_hpc,0.654,0.12,healthy,185,0
AC-064,99,engine_hpc,0.65,0.122,healthy,184,0
AC-064,100,engine_hpc,0.647,0.125,healthy,183,0
AC-064,101,engine_hpc,0.643,0.127,healthy,182,0
AC-064,102,engine_hpc,0.64,0.13,healthy,181,0
AC-064,103,engine_hpc,0.636,0.132,healthy,180,0
AC-064,104,engine_hpc,0.633,0.135,healthy,179,0
AC-064,105,engine_hpc,0.629,0.138,healthy,178,0
AC-064,106,engine_hpc,0.625,0.14,healthy,177,0
AC-064,107,engine_hpc,0.622,0.143,healthy,176,0
AC-064,108,engine_hpc,0.618,0.146,healthy,175,0
AC-064,109,engine_hpc,0.615,0.148,healthy,174,0
AC-064,110,engine_hpc,0.611,0.151,healthy,173,0
AC-064,111,engine_hpc,0.608,0.154,healthy,172,0
AC-064,112,engine_hpc,0.604,0.157,healthy,171,0
AC-064,113,engine_hpc,0.601,0.159,healthy,170,0
AC-064,114,engine_hpc,0.597,0.162,healthy,169,0
AC-064,115,engine_hpc,0.594,0.165,healthy,168,0
AC-064,116,engine_hpc,0.59,0.168,healthy,167,0
AC-064,117,engine_hpc,0.587,0.171,healthy,166,0
AC-064,118,engine_hpc,0.583,0.174,healthy,165,0
AC-064,119,engine_hpc,0.58,0.177,healthy,164,0
AC-064,120,engine_hpc,0.576,0.18,healthy,163,0
AC-064,121,engine_hpc,0.572,0.183,healthy,162,0
AC-064,122,engine_hpc,0.569,0.186,healthy,161,0
AC-064,123,engine_hpc,0.565,0.189,healthy,160,0
AC-064,124,engine_hpc,0.562,0.192,healthy,159,0
AC-064,125,engine_hpc,0.558,0.195,healthy,158,0
AC-064,126,engine_hpc,0.555,0.198,healthy,157,0
AC-064,127,engine_hpc,0.551,0.201,healthy,156,0
AC-064,128,engine_hpc,0.548,0.205,healthy,155,0
AC-064,129,engine_hpc,0.544,0.208,healthy,154,0
AC-064,130,engine_hpc,0.541,0.211,healthy,153,0
AC-064,131,engine_hpc,0.537,0.214,healthy,152,0
AC-064,132,engine_hpc,0.534,0.218,healthy,151,0
AC-064,133,engine_hpc,0.53,0.221,healthy,150,0
AC-064,134,engine_hpc,0.527,0.224,healthy,149,0
AC-064,135,engine_hpc,0.523,0.228,healthy,148,0
AC-064,136,engine_hpc,0.519,0.231,healthy,147,0
AC-064,137,engine_hpc,0.516,0.234,healthy,146,0
AC-064,138,engine_hpc,0.512,0.238,healthy,145,0
AC-064,139,engine_hpc,0.509,0.241,healthy,144,0
AC-064,140,engine_hpc,0.505,0.245,healthy,143,0
AC-064,141,engine_hpc,0.502,0.248,healthy,142,0
AC-064,142,engine_hpc,0.498,0.252,degraded,141,0
AC-064,143,engine_hpc,0.495,0.255,degraded,140,0
AC-064,144,engine_hpc,0.491,0.259,degraded,139,0
AC-064,145,engine_hpc,0.488,0.263,degraded,138,0
AC-064,146,engine_hpc,0.484,0.266,degraded,137,0
AC-064,147,engine_hpc,0.481,0.27,degraded,136,0
AC-064,148,engine_hpc,0.477,0.273,degraded,135,0
AC-064,149,engine_hpc,0.473,0.277,degraded,134,0
AC-064,150,engine_hpc,0.47,0.281,degraded,133,0
AC-064,151,engine_hpc,0.466,0.285,degraded,132,0
AC-064,152,engine_hpc,0.463,0.288,degraded,131,0
AC-064,153,engine_hpc,0.459,0.292,degraded,130,0
AC-064,154,engine_hpc,0.456,0.296,degraded,129,0
AC-064,155,engine_hpc,0.452,0.3,degraded,128,0
AC-064,156,engine_hpc,0.449,0.304,degraded,127,0
AC-064,157,engine_hpc,0.445,0.308,degraded,126,0
AC-064,158,engine_hpc,0.442,0.312,degraded,125,0
AC-064,159,engine_hpc,0.438,0.316,degraded,124,0
AC-064,160,engine_hpc,0.435,0.32,degraded,123,0
AC-064,161,engine_hpc,0.431,0.324,degraded,122,0
AC-064,162,engine_hpc,0.428,0.328,degraded,121,0
AC-064,163,engine_hpc,0.424,0.332,degraded,120,0
AC-064,164,engine_hpc,0.42,0.336,degraded,119,0
AC-064,165,engine_hpc,0.417,0.34,degraded,118,0
AC-064,166,engine_hpc,0.413,0.344,degraded,117,0
AC-064,167,engine_hpc,0.41,0.348,degraded,116,0
AC-064,168,engine_hpc,0.406,0.352,degraded,115,0
AC-064,169,engine_hpc,0.403,0.357,degraded,114,0
AC-064,170,engine_hpc,0.399,0.361,degraded,113,0
AC-064,171,engine_hpc,0.396,0.365,degraded,112,0
AC-064,172,engine_hpc,0.392,0.369,degraded,111,0
AC-064,173,engine_hpc,0.389,0.374,degraded,110,0
AC-064,174,engine_hpc,0.385,0.378,degraded,109,0
AC-064,175,engine_hpc,0.382,0.382,degraded,108,0
AC-064,176,engine_hpc,0.378,0.387,degraded,107,0
AC-064,177,engine_hpc,0.375,0.391,degraded,106,0
AC-064,178,engine_hpc,0.371,0.396,degraded,105,0
AC-064,179,engine_hpc,0.367,0.4,degraded,104,0
AC-064,180,engine_hpc,0.364,0.405,degraded,103,0
AC-064,181,engine_hpc,0.36,0.409,degraded,102,0
AC-064,182,engine_hpc,0.357,0.414,degraded,101,0
AC-064,183,engine_hpc,0.353,0.418,degraded,100,0
AC-064,184,engine_hpc,0.35,0.423,degraded,99,0
AC-064,185,engine_hpc,0.346,0.427,degraded,98,0
AC-064,186,engine_hpc,0.343,0.432,degraded,97,0
AC-064,187,engine_hpc,0.339,0.437,degraded,96,0
AC-064,188,engine_hpc,0.336,0.441,degraded,95,0
AC-064,189,engine_hpc,0.332,0.446,degraded,94,0
AC-064,190,engine_hpc,0.329,0.451,degraded,93,0
AC-064,191,engine_hpc,0.325,0.456,degraded,92,0
AC-064,192,engine_hpc,0.322,0.46,degraded,91,0
AC-064,193,engine_hpc,0.318,0.465,degraded,90,0
AC-064,194,engine_hpc,0.314,0.47,degraded,89,0
AC-064,195,engine_hpc,0.311,0.475,degraded,88,0
AC-064,196,engine_hpc,0.307,0.48,degraded,87,0
AC-064,197,engine_hpc,0.304,0.485,degraded,86,0
AC-064,198,engine_hpc,0.3,0.49,degraded,85,0
AC-064,199,engine_hpc,0.297,0.494,degraded,84,0
AC-064,200,engine_hpc,0.293,0.499,degraded,83,0
AC-064,201,engine_hpc,0.29,0.504,degraded,82,0
AC-064,202,engine_hpc,0.286,0.509,degraded,81,0
AC-064,203,engine_hpc,0.283,0.515,degraded,80,0
AC-064,204,engine_hpc,0.279,0.52,degraded,79,0
AC-064,205,engine_hpc,0.276,0.525,degraded,78,0
AC-064,206,engine_hpc,0.272,0.53,degraded,77,0
AC-064,207,engine_hpc,0.269,0.535,degraded,76,0
AC-064,208,engine_hpc,0.265,0.54,degraded,75,0
AC-064,209,engine_hpc,0.261,0.545,degraded,74,0
AC-064,210,engine_hpc,0.258,0.551,degraded,73,0
AC-064,211,engine_hpc,0.254,0.556,degraded,72,0
AC-064,212,engine_hpc,0.251,0.561,degraded,71,0
AC-064,213,engine_hpc,0.247,0.566,degraded,70,0
AC-064,214,engine_hpc,0.244,0.572,degraded,69,0
AC-064,215,engine_hpc,0.24,0.577,degraded,68,0
AC-064,216,engine_hpc,0.237,0.583,degraded,67,0
AC-064,217,engine_hpc,0.233,0.588,degraded,66,0
AC-064,218,engine_hpc,0.23,0.593,degraded,65,0
AC-064,219,engine_hpc,0.226,0.599,degraded,64,0
AC-064,220,engine_hpc,0.223,0.604,degraded,63,0
AC-064,221,engine_hpc,0.219,0.61,degraded,62,0
AC-064,222,engine_hpc,0.216,0.615,degraded,61,0
AC-064,223,engine_hpc,0.212,0.621,degraded,60,0
AC-064,224,engine_hpc,0.208,0.627,degraded,59,0
AC-064,225,engine_hpc,0.205,0.632,degraded,58,0
AC-064,226,engine_hpc,0.201,0.638,degraded,57,0
AC-064,227,engine_hpc,0.198,0.643,degraded,56,0
AC-064,228,engine_hpc,0.194,0.649,degraded,55,0
AC-064,229,engine_hpc,0.191,0.655,degraded,54,0
AC-064,230,engine_hpc,0.187,0.661,degraded,53,0
AC-064,231,engine_hpc,0.184,0.666,degraded,52,0
AC-064,232,engine_hpc,0.18,0.672,degraded,51,0
AC-064,233,engine_hpc,0.177,0.678,degraded,50,0
AC-064,234,engine_hpc,0.173,0.684,degraded,49,0
AC-064,235,engine_hpc,0.17,0.69,degraded,48,0
AC-064,236,engine_hpc,0.166,0.695,degraded,47,0
AC-064,237,engine_hpc,0.163,0.701,degraded,46,0
AC-064,238,engine_hpc,0.159,0.707,degraded,45,0
AC-064,239,engine_hpc,0.155,0.713,degraded,44,0
AC-064,240,engine_hpc,0.152,0.719,degraded,43,0
AC-064,241,engine_hpc,0.148,0.725,severe,42,0
AC-064,242,engine_hpc,0.145,0.731,severe,41,0
AC-064,243,engine_hpc,0.141,0.737,severe,40,0
AC-064,244,engine_hpc,0.138,0.743,severe,39,0
AC-064,245,engine_hpc,0.134,0.749,severe,38,0
AC-064,246,engine_hpc,0.131,0.756,severe,37,0
AC-064,247,engine_hpc,0.127,0.762,severe,36,0
AC-064,248,engine_hpc,0.124,0.768,severe,35,0
AC-064,249,engine_hpc,0.12,0.774,severe,34,0
AC-064,250,engine_hpc,0.117,0.78,severe,33,0
AC-064,251,engine_hpc,0.113,0.787,severe,32,0
AC-064,252,engine_hpc,0.11,0.793,severe,31,0
AC-064,253,engine_hpc,0.106,0.799,severe,30,1
AC-064,254,engine_hpc,0.102,0.806,severe,29,1
AC-064,255,engine_hpc,0.099,0.812,severe,28,1
AC-064,256,engine_hpc,0.095,0.818,severe,27,1
AC-064,257,engine_hpc,0.092,0.825,severe,26,1
AC-064,258,engine_hpc,0.088,0.831,severe,25,1
AC-064,259,engine_hpc,0.085,0.838,severe,24,1
AC-064,260,engine_hpc,0.081,0.844,severe,23,1
AC-064,261,engine_hpc,0.078,0.851,severe,22,1
AC-064,262,engine_hpc,0.074,0.857,severe,21,1
AC-064,263,engine_hpc,0.071,0.864,severe,20,1
AC-064,264,engine_hpc,0.067,0.87,severe,19,1
AC-064,265,engine_hpc,0.064,0.877,severe,18,1
AC-064,266,engine_hpc,0.06,0.883,severe,17,1
AC-064,267,engine_hpc,0.057,0.89,severe,16,1
AC-064,268,engine_hpc,0.053,0.897,severe,15,1
AC-064,269,engine_hpc,0.049,0.904,severe,14,1
AC-064,270,engine_hpc,0.046,0.91,severe,13,1
AC-064,271,engine_hpc,0.042,0.917,severe,12,1
AC-064,272,engine_hpc,0.039,0.924,severe,11,1
AC-064,273,engine_hpc,0.035,0.931,severe,10,1
AC-064,274,engine_hpc,0.032,0.937,severe,9,1
AC-064,275,engine_hpc,0.028,0.944,severe,8,1
AC-064,276,engine_hpc,0.025,0.951,severe,7,1
AC-064,277,engine_hpc,0.021,0.958,severe,6,1
AC-064,278,engine_hpc,0.018,0.965,severe,5,1
AC-064,279,engine_hpc,0.014,0.972,severe,4,1
AC-064,280,engine_hpc,0.011,0.979,severe,3,1
AC-064,281,engine_hpc,0.007,0.986,severe,2,1
AC-064,282,engine_hpc,0.004,0.993,severe,1,1
AC-064,283,engine_hpc,0.0,1.0,severe,0,1
AC-067,1,engine_hpc,0.997,0.0,healthy,312,0
AC-067,2,engine_hpc,0.994,0.0,healthy,311,0
AC-067,3,engine_hpc,0.99,0.0,healthy,310,0
AC-067,4,engine_hpc,0.987,0.0,healthy,309,0
AC-067,5,engine_hpc,0.984,0.0,healthy,308,0
AC-067,6,engine_hpc,0.981,0.0,healthy,307,0
AC-067,7,engine_hpc,0.978,0.001,healthy,306,0
AC-067,8,engine_hpc,0.974,0.001,healthy,305,0
AC-067,9,engine_hpc,0.971,0.001,healthy,304,0
AC-067,10,engine_hpc,0.968,0.001,healthy,303,0
AC-067,11,engine_hpc,0.965,0.001,healthy,302,0
AC-067,12,engine_hpc,0.962,0.001,healthy,301,0
AC-067,13,engine_hpc,0.958,0.002,healthy,300,0
AC-067,14,engine_hpc,0.955,0.002,healthy,299,0
AC-067,15,engine_hpc,0.952,0.002,healthy,298,0
AC-067,16,engine_hpc,0.949,0.003,healthy,297,0
AC-067,17,engine_hpc,0.946,0.003,healthy,296,0
AC-067,18,engine_hpc,0.942,0.003,healthy,295,0
AC-067,19,engine_hpc,0.939,0.004,healthy,294,0
AC-067,20,engine_hpc,0.936,0.004,healthy,293,0
AC-067,21,engine_hpc,0.933,0.005,healthy,292,0
AC-067,22,engine_hpc,0.93,0.005,healthy,291,0
AC-067,23,engine_hpc,0.927,0.005,healthy,290,0
AC-067,24,engine_hpc,0.923,0.006,healthy,289,0
AC-067,25,engine_hpc,0.92,0.006,healthy,288,0
AC-067,26,engine_hpc,0.917,0.007,healthy,287,0
AC-067,27,engine_hpc,0.914,0.007,healthy,286,0
AC-067,28,engine_hpc,0.911,0.008,healthy,285,0
AC-067,29,engine_hpc,0.907,0.009,healthy,284,0
AC-067,30,engine_hpc,0.904,0.009,healthy,283,0
AC-067,31,engine_hpc,0.901,0.01,healthy,282,0
AC-067,32,engine_hpc,0.898,0.01,healthy,281,0
AC-067,33,engine_hpc,0.895,0.011,healthy,280,0
AC-067,34,engine_hpc,0.891,0.012,healthy,279,0
AC-067,35,engine_hpc,0.888,0.013,healthy,278,0
AC-067,36,engine_hpc,0.885,0.013,healthy,277,0
AC-067,37,engine_hpc,0.882,0.014,healthy,276,0
AC-067,38,engine_hpc,0.879,0.015,healthy,275,0
AC-067,39,engine_hpc,0.875,0.016,healthy,274,0
AC-067,40,engine_hpc,0.872,0.016,healthy,273,0
AC-067,41,engine_hpc,0.869,0.017,healthy,272,0
AC-067,42,engine_hpc,0.866,0.018,healthy,271,0
AC-067,43,engine_hpc,0.863,0.019,healthy,270,0
AC-067,44,engine_hpc,0.859,0.02,healthy,269,0
AC-067,45,engine_hpc,0.856,0.021,healthy,268,0
AC-067,46,engine_hpc,0.853,0.022,healthy,267,0
AC-067,47,engine_hpc,0.85,0.023,healthy,266,0
AC-067,48,engine_hpc,0.847,0.024,healthy,265,0
AC-067,49,engine_hpc,0.843,0.025,healthy,264,0
AC-067,50,engine_hpc,0.84,0.026,healthy,263,0
AC-067,51,engine_hpc,0.837,0.027,healthy,262,0
AC-067,52,engine_hpc,0.834,0.028,healthy,261,0
AC-067,53,engine_hpc,0.831,0.029,healthy,260,0
AC-067,54,engine_hpc,0.827,0.03,healthy,259,0
AC-067,55,engine_hpc,0.824,0.031,healthy,258,0
AC-067,56,engine_hpc,0.821,0.032,healthy,257,0
AC-067,57,engine_hpc,0.818,0.033,healthy,256,0
AC-067,58,engine_hpc,0.815,0.034,healthy,255,0
AC-067,59,engine_hpc,0.812,0.036,healthy,254,0
AC-067,60,engine_hpc,0.808,0.037,healthy,253,0
AC-067,61,engine_hpc,0.805,0.038,healthy,252,0
AC-067,62,engine_hpc,0.802,0.039,healthy,251,0
AC-067,63,engine_hpc,0.799,0.041,healthy,250,0
AC-067,64,engine_hpc,0.796,0.042,healthy,249,0
AC-067,65,engine_hpc,0.792,0.043,healthy,248,0
AC-067,66,engine_hpc,0.789,0.044,healthy,247,0
AC-067,67,engine_hpc,0.786,0.046,healthy,246,0
AC-067,68,engine_hpc,0.783,0.047,healthy,245,0
AC-067,69,engine_hpc,0.78,0.049,healthy,244,0
AC-067,70,engine_hpc,0.776,0.05,healthy,243,0
AC-067,71,engine_hpc,0.773,0.051,healthy,242,0
AC-067,72,engine_hpc,0.77,0.053,healthy,241,0
AC-067,73,engine_hpc,0.767,0.054,healthy,240,0
AC-067,74,engine_hpc,0.764,0.056,healthy,239,0
AC-067,75,engine_hpc,0.76,0.057,healthy,238,0
AC-067,76,engine_hpc,0.757,0.059,healthy,237,0
AC-067,77,engine_hpc,0.754,0.061,healthy,236,0
AC-067,78,engine_hpc,0.751,0.062,healthy,235,0
AC-067,79,engine_hpc,0.748,0.064,healthy,234,0
AC-067,80,engine_hpc,0.744,0.065,healthy,233,0
AC-067,81,engine_hpc,0.741,0.067,healthy,232,0
AC-067,82,engine_hpc,0.738,0.069,healthy,231,0
AC-067,83,engine_hpc,0.735,0.07,healthy,230,0
AC-067,84,engine_hpc,0.732,0.072,healthy,229,0
AC-067,85,engine_hpc,0.728,0.074,healthy,228,0
AC-067,86,engine_hpc,0.725,0.075,healthy,227,0
AC-067,87,engine_hpc,0.722,0.077,healthy,226,0
AC-067,88,engine_hpc,0.719,0.079,healthy,225,0
AC-067,89,engine_hpc,0.716,0.081,healthy,224,0
AC-067,90,engine_hpc,0.712,0.083,healthy,223,0
AC-067,91,engine_hpc,0.709,0.085,healthy,222,0
AC-067,92,engine_hpc,0.706,0.086,healthy,221,0
AC-067,93,engine_hpc,0.703,0.088,healthy,220,0
AC-067,94,engine_hpc,0.7,0.09,healthy,219,0
AC-067,95,engine_hpc,0.696,0.092,healthy,218,0
AC-067,96,engine_hpc,0.693,0.094,healthy,217,0
AC-067,97,engine_hpc,0.69,0.096,healthy,216,0
AC-067,98,engine_hpc,0.687,0.098,healthy,215,0
AC-067,99,engine_hpc,0.684,0.1,healthy,214,0
AC-067,100,engine_hpc,0.681,0.102,healthy,213,0
AC-067,101,engine_hpc,0.677,0.104,healthy,212,0
AC-067,102,engine_hpc,0.674,0.106,healthy,211,0
AC-067,103,engine_hpc,0.671,0.108,healthy,210,0
AC-067,104,engine_hpc,0.668,0.11,healthy,209,0
AC-067,105,engine_hpc,0.665,0.113,healthy,208,0
AC-067,106,engine_hpc,0.661,0.115,healthy,207,0
AC-067,107,engine_hpc,0.658,0.117,healthy,206,0
AC-067,108,engine_hpc,0.655,0.119,healthy,205,0
AC-067,109,engine_hpc,0.652,0.121,healthy,204,0
AC-067,110,engine_hpc,0.649,0.124,healthy,203,0
AC-067,111,engine_hpc,0.645,0.126,healthy,202,0
AC-067,112,engine_hpc,0.642,0.128,healthy,201,0
AC-067,113,engine_hpc,0.639,0.13,healthy,200,0
AC-067,114,engine_hpc,0.636,0.133,healthy,199,0
AC-067,115,engine_hpc,0.633,0.135,healthy,198,0
AC-067,116,engine_hpc,0.629,0.137,healthy,197,0
AC-067,117,engine_hpc,0.626,0.14,healthy,196,0
AC-067,118,engine_hpc,0.623,0.142,healthy,195,0
AC-067,119,engine_hpc,0.62,0.145,healthy,194,0
AC-067,120,engine_hpc,0.617,0.147,healthy,193,0
AC-067,121,engine_hpc,0.613,0.149,healthy,192,0
AC-067,122,engine_hpc,0.61,0.152,healthy,191,0
AC-067,123,engine_hpc,0.607,0.154,healthy,190,0
AC-067,124,engine_hpc,0.604,0.157,healthy,189,0
AC-067,125,engine_hpc,0.601,0.159,healthy,188,0
AC-067,126,engine_hpc,0.597,0.162,healthy,187,0
AC-067,127,engine_hpc,0.594,0.165,healthy,186,0
AC-067,128,engine_hpc,0.591,0.167,healthy,185,0
AC-067,129,engine_hpc,0.588,0.17,healthy,184,0
AC-067,130,engine_hpc,0.585,0.173,healthy,183,0
AC-067,131,engine_hpc,0.581,0.175,healthy,182,0
AC-067,132,engine_hpc,0.578,0.178,healthy,181,0
AC-067,133,engine_hpc,0.575,0.181,healthy,180,0
AC-067,134,engine_hpc,0.572,0.183,healthy,179,0
AC-067,135,engine_hpc,0.569,0.186,healthy,178,0
AC-067,136,engine_hpc,0.565,0.189,healthy,177,0
AC-067,137,engine_hpc,0.562,0.192,healthy,176,0
AC-067,138,engine_hpc,0.559,0.194,healthy,175,0
AC-067,139,engine_hpc,0.556,0.197,healthy,174,0
AC-067,140,engine_hpc,0.553,0.2,healthy,173,0
AC-067,141,engine_hpc,0.55,0.203,healthy,172,0
AC-067,142,engine_hpc,0.546,0.206,healthy,171,0
AC-067,143,engine_hpc,0.543,0.209,healthy,170,0
AC-067,144,engine_hpc,0.54,0.212,healthy,169,0
AC-067,145,engine_hpc,0.537,0.215,healthy,168,0
AC-067,146,engine_hpc,0.534,0.218,healthy,167,0
AC-067,147,engine_hpc,0.53,0.221,healthy,166,0
AC-067,148,engine_hpc,0.527,0.224,healthy,165,0
AC-067,149,engine_hpc,0.524,0.227,healthy,164,0
AC-067,150,engine_hpc,0.521,0.23,healthy,163,0
AC-067,151,engine_hpc,0.518,0.233,healthy,162,0
AC-067,152,engine_hpc,0.514,0.236,healthy,161,0
AC-067,153,engine_hpc,0.511,0.239,healthy,160,0
AC-067,154,engine_hpc,0.508,0.242,healthy,159,0
AC-067,155,engine_hpc,0.505,0.245,healthy,158,0
AC-067,156,engine_hpc,0.502,0.248,healthy,157,0
AC-067,157,engine_hpc,0.498,0.252,degraded,156,0
AC-067,158,engine_hpc,0.495,0.255,degraded,155,0
AC-067,159,engine_hpc,0.492,0.258,degraded,154,0
AC-067,160,engine_hpc,0.489,0.261,degraded,153,0
AC-067,161,engine_hpc,0.486,0.265,degraded,152,0
AC-067,162,engine_hpc,0.482,0.268,degraded,151,0
AC-067,163,engine_hpc,0.479,0.271,degraded,150,0
AC-067,164,engine_hpc,0.476,0.275,degraded,149,0
AC-067,165,engine_hpc,0.473,0.278,degraded,148,0
AC-067,166,engine_hpc,0.47,0.281,degraded,147,0
AC-067,167,engine_hpc,0.466,0.285,degraded,146,0
AC-067,168,engine_hpc,0.463,0.288,degraded,145,0
AC-067,169,engine_hpc,0.46,0.292,degraded,144,0
AC-067,170,engine_hpc,0.457,0.295,degraded,143,0
AC-067,171,engine_hpc,0.454,0.298,degraded,142,0
AC-067,172,engine_hpc,0.45,0.302,degraded,141,0
AC-067,173,engine_hpc,0.447,0.305,degraded,140,0
AC-067,174,engine_hpc,0.444,0.309,degraded,139,0
AC-067,175,engine_hpc,0.441,0.313,degraded,138,0
AC-067,176,engine_hpc,0.438,0.316,degraded,137,0
AC-067,177,engine_hpc,0.435,0.32,degraded,136,0
AC-067,178,engine_hpc,0.431,0.323,degraded,135,0
AC-067,179,engine_hpc,0.428,0.327,degraded,134,0
AC-067,180,engine_hpc,0.425,0.331,degraded,133,0
AC-067,181,engine_hpc,0.422,0.334,degraded,132,0
AC-067,182,engine_hpc,0.419,0.338,degraded,131,0
AC-067,183,engine_hpc,0.415,0.342,degraded,130,0
AC-067,184,engine_hpc,0.412,0.346,degraded,129,0
AC-067,185,engine_hpc,0.409,0.349,degraded,128,0
AC-067,186,engine_hpc,0.406,0.353,degraded,127,0
AC-067,187,engine_hpc,0.403,0.357,degraded,126,0
AC-067,188,engine_hpc,0.399,0.361,degraded,125,0
AC-067,189,engine_hpc,0.396,0.365,degraded,124,0
AC-067,190,engine_hpc,0.393,0.368,degraded,123,0
AC-067,191,engine_hpc,0.39,0.372,degraded,122,0
AC-067,192,engine_hpc,0.387,0.376,degraded,121,0
AC-067,193,engine_hpc,0.383,0.38,degraded,120,0
AC-067,194,engine_hpc,0.38,0.384,degraded,119,0
AC-067,195,engine_hpc,0.377,0.388,degraded,118,0
AC-067,196,engine_hpc,0.374,0.392,degraded,117,0
AC-067,197,engine_hpc,0.371,0.396,degraded,116,0
AC-067,198,engine_hpc,0.367,0.4,degraded,115,0
AC-067,199,engine_hpc,0.364,0.404,degraded,114,0
AC-067,200,engine_hpc,0.361,0.408,degraded,113,0
AC-067,201,engine_hpc,0.358,0.412,degraded,112,0
AC-067,202,engine_hpc,0.355,0.416,degraded,111,0
AC-067,203,engine_hpc,0.351,0.421,degraded,110,0
AC-067,204,engine_hpc,0.348,0.425,degraded,109,0
AC-067,205,engine_hpc,0.345,0.429,degraded,108,0
AC-067,206,engine_hpc,0.342,0.433,degraded,107,0
AC-067,207,engine_hpc,0.339,0.437,degraded,106,0
AC-067,208,engine_hpc,0.335,0.442,degraded,105,0
AC-067,209,engine_hpc,0.332,0.446,degraded,104,0
AC-067,210,engine_hpc,0.329,0.45,degraded,103,0
AC-067,211,engine_hpc,0.326,0.454,degraded,102,0
AC-067,212,engine_hpc,0.323,0.459,degraded,101,0
AC-067,213,engine_hpc,0.319,0.463,degraded,100,0
AC-067,214,engine_hpc,0.316,0.467,degraded,99,0
AC-067,215,engine_hpc,0.313,0.472,degraded,98,0
AC-067,216,engine_hpc,0.31,0.476,degraded,97,0
AC-067,217,engine_hpc,0.307,0.481,degraded,96,0
AC-067,218,engine_hpc,0.304,0.485,degraded,95,0
AC-067,219,engine_hpc,0.3,0.49,degraded,94,0
AC-067,220,engine_hpc,0.297,0.494,degraded,93,0
AC-067,221,engine_hpc,0.294,0.499,degraded,92,0
AC-067,222,engine_hpc,0.291,0.503,degraded,91,0
AC-067,223,engine_hpc,0.288,0.508,degraded,90,0
AC-067,224,engine_hpc,0.284,0.512,degraded,89,0
AC-067,225,engine_hpc,0.281,0.517,degraded,88,0
AC-067,226,engine_hpc,0.278,0.521,degraded,87,0
AC-067,227,engine_hpc,0.275,0.526,degraded,86,0
AC-067,228,engine_hpc,0.272,0.531,degraded,85,0
AC-067,229,engine_hpc,0.268,0.535,degraded,84,0
AC-067,230,engine_hpc,0.265,0.54,degraded,83,0
AC-067,231,engine_hpc,0.262,0.545,degraded,82,0
AC-067,232,engine_hpc,0.259,0.549,degraded,81,0
AC-067,233,engine_hpc,0.256,0.554,degraded,80,0
AC-067,234,engine_hpc,0.252,0.559,degraded,79,0
AC-067,235,engine_hpc,0.249,0.564,degraded,78,0
AC-067,236,engine_hpc,0.246,0.569,degraded,77,0
AC-067,237,engine_hpc,0.243,0.573,degraded,76,0
AC-067,238,engine_hpc,0.24,0.578,degraded,75,0
AC-067,239,engine_hpc,0.236,0.583,degraded,74,0
AC-067,240,engine_hpc,0.233,0.588,degraded,73,0
AC-067,241,engine_hpc,0.23,0.593,degraded,72,0
AC-067,242,engine_hpc,0.227,0.598,degraded,71,0
AC-067,243,engine_hpc,0.224,0.603,degraded,70,0
AC-067,244,engine_hpc,0.22,0.608,degraded,69,0
AC-067,245,engine_hpc,0.217,0.613,degraded,68,0
AC-067,246,engine_hpc,0.214,0.618,degraded,67,0
AC-067,247,engine_hpc,0.211,0.623,degraded,66,0
AC-067,248,engine_hpc,0.208,0.628,degraded,65,0
AC-067,249,engine_hpc,0.204,0.633,degraded,64,0
AC-067,250,engine_hpc,0.201,0.638,degraded,63,0
AC-067,251,engine_hpc,0.198,0.643,degraded,62,0
AC-067,252,engine_hpc,0.195,0.648,degraded,61,0
AC-067,253,engine_hpc,0.192,0.653,degraded,60,0
AC-067,254,engine_hpc,0.188,0.659,degraded,59,0
AC-067,255,engine_hpc,0.185,0.664,degraded,58,0
AC-067,256,engine_hpc,0.182,0.669,degraded,57,0
AC-067,257,engine_hpc,0.179,0.674,degraded,56,0
AC-067,258,engine_hpc,0.176,0.679,degraded,55,0
AC-067,259,engine_hpc,0.173,0.685,degraded,54,0
AC-067,260,engine_hpc,0.169,0.69,degraded,53,0
AC-067,261,engine_hpc,0.166,0.695,degraded,52,0
AC-067,262,engine_hpc,0.163,0.701,degraded,51,0
AC-067,263,engine_hpc,0.16,0.706,degraded,50,0
AC-067,264,engine_hpc,0.157,0.711,degraded,49,0
AC-067,265,engine_hpc,0.153,0.717,degraded,48,0
AC-067,266,engine_hpc,0.15,0.722,degraded,47,0
AC-067,267,engine_hpc,0.147,0.728,severe,46,0
AC-067,268,engine_hpc,0.144,0.733,severe,45,0
AC-067,269,engine_hpc,0.141,0.739,severe,44,0
AC-067,270,engine_hpc,0.137,0.744,severe,43,0
AC-067,271,engine_hpc,0.134,0.75,severe,42,0
AC-067,272,engine_hpc,0.131,0.755,severe,41,0
AC-067,273,engine_hpc,0.128,0.761,severe,40,0
AC-067,274,engine_hpc,0.125,0.766,severe,39,0
AC-067,275,engine_hpc,0.121,0.772,severe,38,0
AC-067,276,engine_hpc,0.118,0.778,severe,37,0
AC-067,277,engine_hpc,0.115,0.783,severe,36,0
AC-067,278,engine_hpc,0.112,0.789,severe,35,0
AC-067,279,engine_hpc,0.109,0.795,severe,34,0
AC-067,280,engine_hpc,0.105,0.8,severe,33,0
AC-067,281,engine_hpc,0.102,0.806,severe,32,0
AC-067,282,engine_hpc,0.099,0.812,severe,31,0
AC-067,283,engine_hpc,0.096,0.817,severe,30,1
AC-067,284,engine_hpc,0.093,0.823,severe,29,1
AC-067,285,engine_hpc,0.089,0.829,severe,28,1
AC-067,286,engine_hpc,0.086,0.835,severe,27,1
AC-067,287,engine_hpc,0.083,0.841,severe,26,1
AC-067,288,engine_hpc,0.08,0.847,severe,25,1
AC-067,289,engine_hpc,0.077,0.853,severe,24,1
AC-067,290,engine_hpc,0.073,0.858,severe,23,1
AC-067,291,engine_hpc,0.07,0.864,severe,22,1
AC-067,292,engine_hpc,0.067,0.87,severe,21,1
AC-067,293,engine_hpc,0.064,0.876,severe,20,1
AC-067,294,engine_hpc,0.061,0.882,severe,19,1
AC-067,295,engine_hpc,0.058,0.888,severe,18,1
AC-067,296,engine_hpc,0.054,0.894,severe,17,1
AC-067,297,engine_hpc,0.051,0.9,severe,16,1
AC-067,298,engine_hpc,0.048,0.906,severe,15,1
AC-067,299,engine_hpc,0.045,0.913,severe,14,1
AC-067,300,engine_hpc,0.042,0.919,severe,13,1
AC-067,301,engine_hpc,0.038,0.925,severe,12,1
AC-067,302,engine_hpc,0.035,0.931,severe,11,1
AC-067,303,engine_hpc,0.032,0.937,severe,10,1
AC-067,304,engine_hpc,0.029,0.943,severe,9,1
AC-067,305,engine_hpc,0.026,0.95,severe,8,1
AC-067,306,engine_hpc,0.022,0.956,severe,7,1
AC-067,307,engine_hpc,0.019,0.962,severe,6,1
AC-067,308,engine_hpc,0.016,0.968,severe,5,1
AC-067,309,engine_hpc,0.013,0.975,severe,4,1
AC-067,310,engine_hpc,0.01,0.981,severe,3,1
AC-067,311,engine_hpc,0.006,0.987,severe,2,1
AC-067,312,engine_hpc,0.003,0.994,severe,1,1
AC-067,313,engine_hpc,0.0,1.0,severe,0,1
AC-068,1,engine_hpc,0.995,0.0,healthy,198,0
AC-068,2,engine_hpc,0.99,0.0,healthy,197,0
AC-068,3,engine_hpc,0.985,0.0,healthy,196,0
AC-068,4,engine_hpc,0.98,0.0,healthy,195,0
AC-068,5,engine_hpc,0.975,0.001,healthy,194,0
AC-068,6,engine_hpc,0.97,0.001,healthy,193,0
AC-068,7,engine_hpc,0.965,0.001,healthy,192,0
AC-068,8,engine_hpc,0.96,0.002,healthy,191,0
AC-068,9,engine_hpc,0.955,0.002,healthy,190,0
AC-068,10,engine_hpc,0.95,0.003,healthy,189,0
AC-068,11,engine_hpc,0.945,0.003,healthy,188,0
AC-068,12,engine_hpc,0.94,0.004,healthy,187,0
AC-068,13,engine_hpc,0.935,0.004,healthy,186,0
AC-068,14,engine_hpc,0.93,0.005,healthy,185,0
AC-068,15,engine_hpc,0.925,0.006,healthy,184,0
AC-068,16,engine_hpc,0.92,0.006,healthy,183,0
AC-068,17,engine_hpc,0.915,0.007,healthy,182,0
AC-068,18,engine_hpc,0.91,0.008,healthy,181,0
AC-068,19,engine_hpc,0.905,0.009,healthy,180,0
AC-068,20,engine_hpc,0.899,0.01,healthy,179,0
AC-068,21,engine_hpc,0.894,0.011,healthy,178,0
AC-068,22,engine_hpc,0.889,0.012,healthy,177,0
AC-068,23,engine_hpc,0.884,0.013,healthy,176,0
AC-068,24,engine_hpc,0.879,0.015,healthy,175,0
AC-068,25,engine_hpc,0.874,0.016,healthy,174,0
AC-068,26,engine_hpc,0.869,0.017,healthy,173,0
AC-068,27,engine_hpc,0.864,0.018,healthy,172,0
AC-068,28,engine_hpc,0.859,0.02,healthy,171,0
AC-068,29,engine_hpc,0.854,0.021,healthy,170,0
AC-068,30,engine_hpc,0.849,0.023,healthy,169,0
AC-068,31,engine_hpc,0.844,0.024,healthy,168,0
AC-068,32,engine_hpc,0.839,0.026,healthy,167,0
AC-068,33,engine_hpc,0.834,0.027,healthy,166,0
AC-068,34,engine_hpc,0.829,0.029,healthy,165,0
AC-068,35,engine_hpc,0.824,0.031,healthy,164,0
AC-068,36,engine_hpc,0.819,0.033,healthy,163,0
AC-068,37,engine_hpc,0.814,0.035,healthy,162,0
AC-068,38,engine_hpc,0.809,0.036,healthy,161,0
AC-068,39,engine_hpc,0.804,0.038,healthy,160,0
AC-068,40,engine_hpc,0.799,0.04,healthy,159,0
AC-068,41,engine_hpc,0.794,0.042,healthy,158,0
AC-068,42,engine_hpc,0.789,0.045,healthy,157,0
AC-068,43,engine_hpc,0.784,0.047,healthy,156,0
AC-068,44,engine_hpc,0.779,0.049,healthy,155,0
AC-068,45,engine_hpc,0.774,0.051,healthy,154,0
AC-068,46,engine_hpc,0.769,0.053,healthy,153,0
AC-068,47,engine_hpc,0.764,0.056,healthy,152,0
AC-068,48,engine_hpc,0.759,0.058,healthy,151,0
AC-068,49,engine_hpc,0.754,0.061,healthy,150,0
AC-068,50,engine_hpc,0.749,0.063,healthy,149,0
AC-068,51,engine_hpc,0.744,0.066,healthy,148,0
AC-068,52,engine_hpc,0.739,0.068,healthy,147,0
AC-068,53,engine_hpc,0.734,0.071,healthy,146,0
AC-068,54,engine_hpc,0.729,0.074,healthy,145,0
AC-068,55,engine_hpc,0.724,0.076,healthy,144,0
AC-068,56,engine_hpc,0.719,0.079,healthy,143,0
AC-068,57,engine_hpc,0.714,0.082,healthy,142,0
AC-068,58,engine_hpc,0.709,0.085,healthy,141,0
AC-068,59,engine_hpc,0.704,0.088,healthy,140,0
AC-068,60,engine_hpc,0.698,0.091,healthy,139,0
AC-068,61,engine_hpc,0.693,0.094,healthy,138,0
AC-068,62,engine_hpc,0.688,0.097,healthy,137,0
AC-068,63,engine_hpc,0.683,0.1,healthy,136,0
AC-068,64,engine_hpc,0.678,0.103,healthy,135,0
AC-068,65,engine_hpc,0.673,0.107,healthy,134,0
AC-068,66,engine_hpc,0.668,0.11,healthy,133,0
AC-068,67,engine_hpc,0.663,0.113,healthy,132,0
AC-068,68,engine_hpc,0.658,0.117,healthy,131,0
AC-068,69,engine_hpc,0.653,0.12,healthy,130,0
AC-068,70,engine_hpc,0.648,0.124,healthy,129,0
AC-068,71,engine_hpc,0.643,0.127,healthy,128,0
AC-068,72,engine_hpc,0.638,0.131,healthy,127,0
AC-068,73,engine_hpc,0.633,0.135,healthy,126,0
AC-068,74,engine_hpc,0.628,0.138,healthy,125,0
AC-068,75,engine_hpc,0.623,0.142,healthy,124,0
AC-068,76,engine_hpc,0.618,0.146,healthy,123,0
AC-068,77,engine_hpc,0.613,0.15,healthy,122,0
AC-068,78,engine_hpc,0.608,0.154,healthy,121,0
AC-068,79,engine_hpc,0.603,0.158,healthy,120,0
AC-068,80,engine_hpc,0.598,0.162,healthy,119,0
AC-068,81,engine_hpc,0.593,0.166,healthy,118,0
AC-068,82,engine_hpc,0.588,0.17,healthy,117,0
AC-068,83,engine_hpc,0.583,0.174,healthy,116,0
AC-068,84,engine_hpc,0.578,0.178,healthy,115,0
AC-068,85,engine_hpc,0.573,0.182,healthy,114,0
AC-068,86,engine_hpc,0.568,0.187,healthy,113,0
AC-068,87,engine_hpc,0.563,0.191,healthy,112,0
AC-068,88,engine_hpc,0.558,0.196,healthy,111,0
AC-068,89,engine_hpc,0.553,0.2,healthy,110,0
AC-068,90,engine_hpc,0.548,0.205,healthy,109,0
AC-068,91,engine_hpc,0.543,0.209,healthy,108,0
AC-068,92,engine_hpc,0.538,0.214,healthy,107,0
AC-068,93,engine_hpc,0.533,0.218,healthy,106,0
AC-068,94,engine_hpc,0.528,0.223,healthy,105,0
AC-068,95,engine_hpc,0.523,0.228,healthy,104,0
AC-068,96,engine_hpc,0.518,0.233,healthy,103,0
AC-068,97,engine_hpc,0.513,0.238,healthy,102,0
AC-068,98,engine_hpc,0.508,0.243,healthy,101,0
AC-068,99,engine_hpc,0.503,0.247,healthy,100,0
AC-068,100,engine_hpc,0.497,0.253,degraded,99,0
AC-068,101,engine_hpc,0.492,0.258,degraded,98,0
AC-068,102,engine_hpc,0.487,0.263,degraded,97,0
AC-068,103,engine_hpc,0.482,0.268,degraded,96,0
AC-068,104,engine_hpc,0.477,0.273,degraded,95,0
AC-068,105,engine_hpc,0.472,0.278,degraded,94,0
AC-068,106,engine_hpc,0.467,0.284,degraded,93,0
AC-068,107,engine_hpc,0.462,0.289,degraded,92,0
AC-068,108,engine_hpc,0.457,0.295,degraded,91,0
AC-068,109,engine_hpc,0.452,0.3,degraded,90,0
AC-068,110,engine_hpc,0.447,0.306,degraded,89,0
AC-068,111,engine_hpc,0.442,0.311,degraded,88,0
AC-068,112,engine_hpc,0.437,0.317,degraded,87,0
AC-068,113,engine_hpc,0.432,0.322,degraded,86,0
AC-068,114,engine_hpc,0.427,0.328,degraded,85,0
AC-068,115,engine_hpc,0.422,0.334,degraded,84,0
AC-068,116,engine_hpc,0.417,0.34,degraded,83,0
AC-068,117,engine_hpc,0.412,0.346,degraded,82,0
AC-068,118,engine_hpc,0.407,0.352,degraded,81,0
AC-068,119,engine_hpc,0.402,0.358,degraded,80,0
AC-068,120,engine_hpc,0.397,0.364,degraded,79,0
AC-068,121,engine_hpc,0.392,0.37,degraded,78,0
AC-068,122,engine_hpc,0.387,0.376,degraded,77,0
AC-068,123,engine_hpc,0.382,0.382,degraded,76,0
AC-068,124,engine_hpc,0.377,0.388,degraded,75,0
AC-068,125,engine_hpc,0.372,0.395,degraded,74,0
AC-068,126,engine_hpc,0.367,0.401,degraded,73,0
AC-068,127,engine_hpc,0.362,0.407,degraded,72,0
AC-068,128,engine_hpc,0.357,0.414,degraded,71,0
AC-068,129,engine_hpc,0.352,0.42,degraded,70,0
AC-068,130,engine_hpc,0.347,0.427,degraded,69,0
AC-068,131,engine_hpc,0.342,0.433,degraded,68,0
AC-068,132,engine_hpc,0.337,0.44,degraded,67,0
AC-068,133,engine_hpc,0.332,0.447,degraded,66,0
AC-068,134,engine_hpc,0.327,0.453,degraded,65,0
AC-068,135,engine_hpc,0.322,0.46,degraded,64,0
AC-068,136,engine_hpc,0.317,0.467,degraded,63,0
AC-068,137,engine_hpc,0.312,0.474,degraded,62,0
AC-068,138,engine_hpc,0.307,0.481,degraded,61,0
AC-068,139,engine_hpc,0.302,0.488,degraded,60,0
AC-068,140,engine_hpc,0.296,0.495,degraded,59,0
AC-068,141,engine_hpc,0.291,0.502,degraded,58,0
AC-068,142,engine_hpc,0.286,0.509,degraded,57,0
AC-068,143,engine_hpc,0.281,0.516,degraded,56,0
AC-068,144,engine_hpc,0.276,0.524,degraded,55,0
AC-068,145,engine_hpc,0.271,0.531,degraded,54,0
AC-068,146,engine_hpc,0.266,0.538,degraded,53,0
AC-068,147,engine_hpc,0.261,0.546,degraded,52,0
AC-068,148,engine_hpc,0.256,0.553,degraded,51,0
AC-068,149,engine_hpc,0.251,0.561,degraded,50,0
AC-068,150,engine_hpc,0.246,0.568,degraded,49,0
AC-068,151,engine_hpc,0.241,0.576,degraded,48,0
AC-068,152,engine_hpc,0.236,0.583,degraded,47,0
AC-068,153,engine_hpc,0.231,0.591,degraded,46,0
AC-068,154,engine_hpc,0.226,0.599,degraded,45,0
AC-068,155,engine_hpc,0.221,0.607,degraded,44,0
AC-068,156,engine_hpc,0.216,0.615,degraded,43,0
AC-068,157,engine_hpc,0.211,0.622,degraded,42,0
AC-068,158,engine_hpc,0.206,0.63,degraded,41,0
AC-068,159,engine_hpc,0.201,0.638,degraded,40,0
AC-068,160,engine_hpc,0.196,0.646,degraded,39,0
AC-068,161,engine_hpc,0.191,0.655,degraded,38,0
AC-068,162,engine_hpc,0.186,0.663,degraded,37,0
AC-068,163,engine_hpc,0.181,0.671,degraded,36,0
AC-068,164,engine_hpc,0.176,0.679,degraded,35,0
AC-068,165,engine_hpc,0.171,0.687,degraded,34,0
AC-068,166,engine_hpc,0.166,0.696,degraded,33,0
AC-068,167,engine_hpc,0.161,0.704,degraded,32,0
AC-068,168,engine_hpc,0.156,0.713,degraded,31,0
AC-068,169,engine_hpc,0.151,0.721,degraded,30,1
AC-068,170,engine_hpc,0.146,0.73,severe,29,1
AC-068,171,engine_hpc,0.141,0.738,severe,28,1
AC-068,172,engine_hpc,0.136,0.747,severe,27,1
AC-068,173,engine_hpc,0.131,0.756,severe,26,1
AC-068,174,engine_hpc,0.126,0.765,severe,25,1
AC-068,175,engine_hpc,0.121,0.773,severe,24,1
AC-068,176,engine_hpc,0.116,0.782,severe,23,1
AC-068,177,engine_hpc,0.111,0.791,severe,22,1
AC-068,178,engine_hpc,0.106,0.8,severe,21,1
AC-068,179,engine_hpc,0.101,0.809,severe,20,1
AC-068,180,engine_hpc,0.095,0.818,severe,19,1
AC-068,181,engine_hpc,0.09,0.827,severe,18,1
AC-068,182,engine_hpc,0.085,0.836,severe,17,1
AC-068,183,engine_hpc,0.08,0.846,severe,16,1
AC-068,184,engine_hpc,0.075,0.855,severe,15,1
AC-068,185,engine_hpc,0.07,0.864,severe,14,1
AC-068,186,engine_hpc,0.065,0.874,severe,13,1
AC-068,187,engine_hpc,0.06,0.883,severe,12,1
AC-068,188,engine_hpc,0.055,0.893,severe,11,1
AC-068,189,engine_hpc,0.05,0.902,severe,10,1
AC-068,190,engine_hpc,0.045,0.912,severe,9,1
AC-068,191,engine_hpc,0.04,0.921,severe,8,1
AC-068,192,engine_hpc,0.035,0.931,severe,7,1
AC-068,193,engine_hpc,0.03,0.941,severe,6,1
AC-068,194,engine_hpc,0.025,0.95,severe,5,1
AC-068,195,engine_hpc,0.02,0.96,severe,4,1
AC-068,196,engine_hpc,0.015,0.97,severe,3,1
AC-068,197,engine_hpc,0.01,0.98,severe,2,1
AC-068,198,engine_hpc,0.005,0.99,severe,1,1
AC-068,199,engine_hpc,0.0,1.0,severe,0,1
AC-069,1,engine_hpc,0.997,0.0,healthy,361,0
AC-069,2,engine_hpc,0.994,0.0,healthy,360,0
AC-069,3,engine_hpc,0.992,0.0,healthy,359,0
AC-069,4,engine_hpc,0.989,0.0,healthy,358,0
AC-069,5,engine_hpc,0.986,0.0,healthy,357,0
AC-069,6,engine_hpc,0.983,0.0,healthy,356,0
AC-069,7,engine_hpc,0.981,0.0,healthy,355,0
AC-069,8,engine_hpc,0.978,0.0,healthy,354,0
AC-069,9,engine_hpc,0.975,0.001,healthy,353,0
AC-069,10,engine_hpc,0.972,0.001,healthy,352,0
AC-069,11,engine_hpc,0.97,0.001,healthy,351,0
AC-069,12,engine_hpc,0.967,0.001,healthy,350,0
AC-069,13,engine_hpc,0.964,0.001,healthy,349,0
AC-069,14,engine_hpc,0.961,0.001,healthy,348,0
AC-069,15,engine_hpc,0.959,0.002,healthy,347,0
AC-069,16,engine_hpc,0.956,0.002,healthy,346,0
AC-069,17,engine_hpc,0.953,0.002,healthy,345,0
AC-069,18,engine_hpc,0.95,0.002,healthy,344,0
AC-069,19,engine_hpc,0.948,0.003,healthy,343,0
AC-069,20,engine_hpc,0.945,0.003,healthy,342,0
AC-069,21,engine_hpc,0.942,0.003,healthy,341,0
AC-069,22,engine_hpc,0.939,0.004,healthy,340,0
AC-069,23,engine_hpc,0.936,0.004,healthy,339,0
AC-069,24,engine_hpc,0.934,0.004,healthy,338,0
AC-069,25,engine_hpc,0.931,0.005,healthy,337,0
AC-069,26,engine_hpc,0.928,0.005,healthy,336,0
AC-069,27,engine_hpc,0.925,0.006,healthy,335,0
AC-069,28,engine_hpc,0.923,0.006,healthy,334,0
AC-069,29,engine_hpc,0.92,0.006,healthy,333,0
AC-069,30,engine_hpc,0.917,0.007,healthy,332,0
AC-069,31,engine_hpc,0.914,0.007,healthy,331,0
AC-069,32,engine_hpc,0.912,0.008,healthy,330,0
AC-069,33,engine_hpc,0.909,0.008,healthy,329,0
AC-069,34,engine_hpc,0.906,0.009,healthy,328,0
AC-069,35,engine_hpc,0.903,0.009,healthy,327,0
AC-069,36,engine_hpc,0.901,0.01,healthy,326,0
AC-069,37,engine_hpc,0.898,0.01,healthy,325,0
AC-069,38,engine_hpc,0.895,0.011,healthy,324,0
AC-069,39,engine_hpc,0.892,0.012,healthy,323,0
AC-069,40,engine_hpc,0.89,0.012,healthy,322,0
AC-069,41,engine_hpc,0.887,0.013,healthy,321,0
AC-069,42,engine_hpc,0.884,0.013,healthy,320,0
AC-069,43,engine_hpc,0.881,0.014,healthy,319,0
AC-069,44,engine_hpc,0.878,0.015,healthy,318,0
AC-069,45,engine_hpc,0.876,0.015,healthy,317,0
AC-069,46,engine_hpc,0.873,0.016,healthy,316,0
AC-069,47,engine_hpc,0.87,0.017,healthy,315,0
AC-069,48,engine_hpc,0.867,0.018,healthy,314,0
AC-069,49,engine_hpc,0.865,0.018,healthy,313,0
AC-069,50,engine_hpc,0.862,0.019,healthy,312,0
AC-069,51,engine_hpc,0.859,0.02,healthy,311,0
AC-069,52,engine_hpc,0.856,0.021,healthy,310,0
AC-069,53,engine_hpc,0.854,0.021,healthy,309,0
AC-069,54,engine_hpc,0.851,0.022,healthy,308,0
AC-069,55,engine_hpc,0.848,0.023,healthy,307,0
AC-069,56,engine_hpc,0.845,0.024,healthy,306,0
AC-069,57,engine_hpc,0.843,0.025,healthy,305,0
AC-069,58,engine_hpc,0.84,0.026,healthy,304,0
AC-069,59,engine_hpc,0.837,0.027,healthy,303,0
AC-069,60,engine_hpc,0.834,0.027,healthy,302,0
AC-069,61,engine_hpc,0.831,0.028,healthy,301,0
AC-069,62,engine_hpc,0.829,0.029,healthy,300,0
AC-069,63,engine_hpc,0.826,0.03,healthy,299,0
AC-069,64,engine_hpc,0.823,0.031,healthy,298,0
AC-069,65,engine_hpc,0.82,0.032,healthy,297,0
AC-069,66,engine_hpc,0.818,0.033,healthy,296,0
AC-069,67,engine_hpc,0.815,0.034,healthy,295,0
AC-069,68,engine_hpc,0.812,0.035,healthy,294,0
AC-069,69,engine_hpc,0.809,0.036,healthy,293,0
AC-069,70,engine_hpc,0.807,0.037,healthy,292,0
AC-069,71,engine_hpc,0.804,0.038,healthy,291,0
AC-069,72,engine_hpc,0.801,0.04,healthy,290,0
AC-069,73,engine_hpc,0.798,0.041,healthy,289,0
AC-069,74,engine_hpc,0.796,0.042,healthy,288,0
AC-069,75,engine_hpc,0.793,0.043,healthy,287,0
AC-069,76,engine_hpc,0.79,0.044,healthy,286,0
AC-069,77,engine_hpc,0.787,0.045,healthy,285,0
AC-069,78,engine_hpc,0.785,0.046,healthy,284,0
AC-069,79,engine_hpc,0.782,0.048,healthy,283,0
AC-069,80,engine_hpc,0.779,0.049,healthy,282,0
AC-069,81,engine_hpc,0.776,0.05,healthy,281,0
AC-069,82,engine_hpc,0.773,0.051,healthy,280,0
AC-069,83,engine_hpc,0.771,0.053,healthy,279,0
AC-069,84,engine_hpc,0.768,0.054,healthy,278,0
AC-069,85,engine_hpc,0.765,0.055,healthy,277,0
AC-069,86,engine_hpc,0.762,0.056,healthy,276,0
AC-069,87,engine_hpc,0.76,0.058,healthy,275,0
AC-069,88,engine_hpc,0.757,0.059,healthy,274,0
AC-069,89,engine_hpc,0.754,0.06,healthy,273,0
AC-069,90,engine_hpc,0.751,0.062,healthy,272,0
AC-069,91,engine_hpc,0.749,0.063,healthy,271,0
AC-069,92,engine_hpc,0.746,0.065,healthy,270,0
AC-069,93,engine_hpc,0.743,0.066,healthy,269,0
AC-069,94,engine_hpc,0.74,0.067,healthy,268,0
AC-069,95,engine_hpc,0.738,0.069,healthy,267,0
AC-069,96,engine_hpc,0.735,0.07,healthy,266,0
AC-069,97,engine_hpc,0.732,0.072,healthy,265,0
AC-069,98,engine_hpc,0.729,0.073,healthy,264,0
AC-069,99,engine_hpc,0.727,0.075,healthy,263,0
AC-069,100,engine_hpc,0.724,0.076,healthy,262,0
AC-069,101,engine_hpc,0.721,0.078,healthy,261,0
AC-069,102,engine_hpc,0.718,0.079,healthy,260,0
AC-069,103,engine_hpc,0.715,0.081,healthy,259,0
AC-069,104,engine_hpc,0.713,0.083,healthy,258,0
AC-069,105,engine_hpc,0.71,0.084,healthy,257,0
AC-069,106,engine_hpc,0.707,0.086,healthy,256,0
AC-069,107,engine_hpc,0.704,0.087,healthy,255,0
AC-069,108,engine_hpc,0.702,0.089,healthy,254,0
AC-069,109,engine_hpc,0.699,0.091,healthy,253,0
AC-069,110,engine_hpc,0.696,0.092,healthy,252,0
AC-069,111,engine_hpc,0.693,0.094,healthy,251,0
AC-069,112,engine_hpc,0.691,0.096,healthy,250,0
AC-069,113,engine_hpc,0.688,0.097,healthy,249,0
AC-069,114,engine_hpc,0.685,0.099,healthy,248,0
AC-069,115,engine_hpc,0.682,0.101,healthy,247,0
AC-069,116,engine_hpc,0.68,0.103,healthy,246,0
AC-069,117,engine_hpc,0.677,0.104,healthy,245,0
AC-069,118,engine_hpc,0.674,0.106,healthy,244,0
AC-069,119,engine_hpc,0.671,0.108,healthy,243,0
AC-069,120,engine_hpc,0.669,0.11,healthy,242,0
AC-069,121,engine_hpc,0.666,0.112,healthy,241,0
AC-069,122,engine_hpc,0.663,0.114,healthy,240,0
AC-069,123,engine_hpc,0.66,0.115,healthy,239,0
AC-069,124,engine_hpc,0.657,0.117,healthy,238,0
AC-069,125,engine_hpc,0.655,0.119,healthy,237,0
AC-069,126,engine_hpc,0.652,0.121,healthy,236,0
AC-069,127,engine_hpc,0.649,0.123,healthy,235,0
AC-069,128,engine_hpc,0.646,0.125,healthy,234,0
AC-069,129,engine_hpc,0.644,0.127,healthy,233,0
AC-069,130,engine_hpc,0.641,0.129,healthy,232,0
AC-069,131,engine_hpc,0.638,0.131,healthy,231,0
AC-069,132,engine_hpc,0.635,0.133,healthy,230,0
AC-069,133,engine_hpc,0.633,0.135,healthy,229,0
AC-069,134,engine_hpc,0.63,0.137,healthy,228,0
AC-069,135,engine_hpc,0.627,0.139,healthy,227,0
AC-069,136,engine_hpc,0.624,0.141,healthy,226,0
AC-069,137,engine_hpc,0.622,0.143,healthy,225,0
AC-069,138,engine_hpc,0.619,0.145,healthy,224,0
AC-069,139,engine_hpc,0.616,0.147,healthy,223,0
AC-069,140,engine_hpc,0.613,0.15,healthy,222,0
AC-069,141,engine_hpc,0.61,0.152,healthy,221,0
AC-069,142,engine_hpc,0.608,0.154,healthy,220,0
AC-069,143,engine_hpc,0.605,0.156,healthy,219,0
AC-069,144,engine_hpc,0.602,0.158,healthy,218,0
AC-069,145,engine_hpc,0.599,0.16,healthy,217,0
AC-069,146,engine_hpc,0.597,0.163,healthy,216,0
AC-069,147,engine_hpc,0.594,0.165,healthy,215,0
AC-069,148,engine_hpc,0.591,0.167,healthy,214,0
AC-069,149,engine_hpc,0.588,0.169,healthy,213,0
AC-069,150,engine_hpc,0.586,0.172,healthy,212,0
AC-069,151,engine_hpc,0.583,0.174,healthy,211,0
AC-069,152,engine_hpc,0.58,0.176,healthy,210,0
AC-069,153,engine_hpc,0.577,0.179,healthy,209,0
AC-069,154,engine_hpc,0.575,0.181,healthy,208,0
AC-069,155,engine_hpc,0.572,0.183,healthy,207,0
AC-069,156,engine_hpc,0.569,0.186,healthy,206,0
AC-069,157,engine_hpc,0.566,0.188,healthy,205,0
AC-069,158,engine_hpc,0.564,0.191,healthy,204,0
AC-069,159,engine_hpc,0.561,0.193,healthy,203,0
AC-069,160,engine_hpc,0.558,0.195,healthy,202,0
AC-069,161,engine_hpc,0.555,0.198,healthy,201,0
AC-069,162,engine_hpc,0.552,0.2,healthy,200,0
AC-069,163,engine_hpc,0.55,0.203,healthy,199,0
AC-069,164,engine_hpc,0.547,0.205,healthy,198,0
AC-069,165,engine_hpc,0.544,0.208,healthy,197,0
AC-069,166,engine_hpc,0.541,0.21,healthy,196,0
AC-069,167,engine_hpc,0.539,0.213,healthy,195,0
AC-069,168,engine_hpc,0.536,0.215,healthy,194,0
AC-069,169,engine_hpc,0.533,0.218,healthy,193,0
AC-069,170,engine_hpc,0.53,0.221,healthy,192,0
AC-069,171,engine_hpc,0.528,0.223,healthy,191,0
AC-069,172,engine_hpc,0.525,0.226,healthy,190,0
AC-069,173,engine_hpc,0.522,0.228,healthy,189,0
AC-069,174,engine_hpc,0.519,0.231,healthy,188,0
AC-069,175,engine_hpc,0.517,0.234,healthy,187,0
AC-069,176,engine_hpc,0.514,0.236,healthy,186,0
AC-069,177,engine_hpc,0.511,0.239,healthy,185,0
AC-069,178,engine_hpc,0.508,0.242,healthy,184,0
AC-069,179,engine_hpc,0.506,0.245,healthy,183,0
AC-069,180,engine_hpc,0.503,0.247,healthy,182,0
AC-069,181,engine_hpc,0.5,0.25,degraded,181,0
AC-069,182,engine_hpc,0.497,0.253,degraded,180,0
AC-069,183,engine_hpc,0.494,0.256,degraded,179,0
AC-069,184,engine_hpc,0.492,0.258,degraded,178,0
AC-069,185,engine_hpc,0.489,0.261,degraded,177,0
AC-069,186,engine_hpc,0.486,0.264,degraded,176,0
AC-069,187,engine_hpc,0.483,0.267,degraded,175,0
AC-069,188,engine_hpc,0.481,0.27,degraded,174,0
AC-069,189,engine_hpc,0.478,0.273,degraded,173,0
AC-069,190,engine_hpc,0.475,0.275,degraded,172,0
AC-069,191,engine_hpc,0.472,0.278,degraded,171,0
AC-069,192,engine_hpc,0.47,0.281,degraded,170,0
AC-069,193,engine_hpc,0.467,0.284,degraded,169,0
AC-069,194,engine_hpc,0.464,0.287,degraded,168,0
AC-069,195,engine_hpc,0.461,0.29,degraded,167,0
AC-069,196,engine_hpc,0.459,0.293,degraded,166,0
AC-069,197,engine_hpc,0.456,0.296,degraded,165,0
AC-069,198,engine_hpc,0.453,0.299,degraded,164,0
AC-069,199,engine_hpc,0.45,0.302,degraded,163,0
AC-069,200,engine_hpc,0.448,0.305,degraded,162,0
AC-069,201,engine_hpc,0.445,0.308,degraded,161,0
AC-069,202,engine_hpc,0.442,0.311,degraded,160,0
AC-069,203,engine_hpc,0.439,0.314,degraded,159,0
AC-069,204,engine_hpc,0.436,0.318,degraded,158,0
AC-069,205,engine_hpc,0.434,0.321,degraded,157,0
AC-069,206,engine_hpc,0.431,0.324,degraded,156,0
AC-069,207,engine_hpc,0.428,0.327,degraded,155,0
AC-069,208,engine_hpc,0.425,0.33,degraded,154,0
AC-069,209,engine_hpc,0.423,0.333,degraded,153,0
AC-069,210,engine_hpc,0.42,0.337,degraded,152,0
AC-069,211,engine_hpc,0.417,0.34,degraded,151,0
AC-069,212,engine_hpc,0.414,0.343,degraded,150,0
AC-069,213,engine_hpc,0.412,0.346,degraded,149,0
AC-069,214,engine_hpc,0.409,0.349,degraded,148,0
AC-069,215,engine_hpc,0.406,0.353,degraded,147,0
AC-069,216,engine_hpc,0.403,0.356,degraded,146,0
AC-069,217,engine_hpc,0.401,0.359,degraded,145,0
AC-069,218,engine_hpc,0.398,0.363,degraded,144,0
AC-069,219,engine_hpc,0.395,0.366,degraded,143,0
AC-069,220,engine_hpc,0.392,0.369,degraded,142,0
AC-069,221,engine_hpc,0.39,0.373,degraded,141,0
AC-069,222,engine_hpc,0.387,0.376,degraded,140,0
AC-069,223,engine_hpc,0.384,0.379,degraded,139,0
AC-069,224,engine_hpc,0.381,0.383,degraded,138,0
AC-069,225,engine_hpc,0.378,0.386,degraded,137,0
AC-069,226,engine_hpc,0.376,0.39,degraded,136,0
AC-069,227,engine_hpc,0.373,0.393,degraded,135,0
AC-069,228,engine_hpc,0.37,0.397,degraded,134,0
AC-069,229,engine_hpc,0.367,0.4,degraded,133,0
AC-069,230,engine_hpc,0.365,0.404,degraded,132,0
AC-069,231,engine_hpc,0.362,0.407,degraded,131,0
AC-069,232,engine_hpc,0.359,0.411,degraded,130,0
AC-069,233,engine_hpc,0.356,0.414,degraded,129,0
AC-069,234,engine_hpc,0.354,0.418,degraded,128,0
AC-069,235,engine_hpc,0.351,0.421,degraded,127,0
AC-069,236,engine_hpc,0.348,0.425,degraded,126,0
AC-069,237,engine_hpc,0.345,0.429,degraded,125,0
AC-069,238,engine_hpc,0.343,0.432,degraded,124,0
AC-069,239,engine_hpc,0.34,0.436,degraded,123,0
AC-069,240,engine_hpc,0.337,0.44,degraded,122,0
AC-069,241,engine_hpc,0.334,0.443,degraded,121,0
AC-069,242,engine_hpc,0.331,0.447,degraded,120,0
AC-069,243,engine_hpc,0.329,0.451,degraded,119,0
AC-069,244,engine_hpc,0.326,0.454,degraded,118,0
AC-069,245,engine_hpc,0.323,0.458,degraded,117,0
AC-069,246,engine_hpc,0.32,0.462,degraded,116,0
AC-069,247,engine_hpc,0.318,0.466,degraded,115,0
AC-069,248,engine_hpc,0.315,0.469,degraded,114,0
AC-069,249,engine_hpc,0.312,0.473,degraded,113,0
AC-069,250,engine_hpc,0.309,0.477,degraded,112,0
AC-069,251,engine_hpc,0.307,0.481,degraded,111,0
AC-069,252,engine_hpc,0.304,0.485,degraded,110,0
AC-069,253,engine_hpc,0.301,0.488,degraded,109,0
AC-069,254,engine_hpc,0.298,0.492,degraded,108,0
AC-069,255,engine_hpc,0.296,0.496,degraded,107,0
AC-069,256,engine_hpc,0.293,0.5,degraded,106,0
AC-069,257,engine_hpc,0.29,0.504,degraded,105,0
AC-069,258,engine_hpc,0.287,0.508,degraded,104,0
AC-069,259,engine_hpc,0.285,0.512,degraded,103,0
AC-069,260,engine_hpc,0.282,0.516,degraded,102,0
AC-069,261,engine_hpc,0.279,0.52,degraded,101,0
AC-069,262,engine_hpc,0.276,0.524,degraded,100,0
AC-069,263,engine_hpc,0.273,0.528,degraded,99,0
AC-069,264,engine_hpc,0.271,0.532,degraded,98,0
AC-069,265,engine_hpc,0.268,0.536,degraded,97,0
AC-069,266,engine_hpc,0.265,0.54,degraded,96,0
AC-069,267,engine_hpc,0.262,0.544,degraded,95,0
AC-069,268,engine_hpc,0.26,0.548,degraded,94,0
AC-069,269,engine_hpc,0.257,0.552,degraded,93,0
AC-069,270,engine_hpc,0.254,0.556,degraded,92,0
AC-069,271,engine_hpc,0.251,0.56,degraded,91,0
AC-069,272,engine_hpc,0.249,0.565,degraded,90,0
AC-069,273,engine_hpc,0.246,0.569,degraded,89,0
AC-069,274,engine_hpc,0.243,0.573,degraded,88,0
AC-069,275,engine_hpc,0.24,0.577,degraded,87,0
AC-069,276,engine_hpc,0.238,0.581,degraded,86,0
AC-069,277,engine_hpc,0.235,0.586,degraded,85,0
AC-069,278,engine_hpc,0.232,0.59,degraded,84,0
AC-069,279,engine_hpc,0.229,0.594,degraded,83,0
AC-069,280,engine_hpc,0.227,0.598,degraded,82,0
AC-069,281,engine_hpc,0.224,0.603,degraded,81,0
AC-069,282,engine_hpc,0.221,0.607,degraded,80,0
AC-069,283,engine_hpc,0.218,0.611,degraded,79,0
AC-069,284,engine_hpc,0.215,0.615,degraded,78,0
AC-069,285,engine_hpc,0.213,0.62,degraded,77,0
AC-069,286,engine_hpc,0.21,0.624,degraded,76,0
AC-069,287,engine_hpc,0.207,0.629,degraded,75,0
AC-069,288,engine_hpc,0.204,0.633,degraded,74,0
AC-069,289,engine_hpc,0.202,0.637,degraded,73,0
AC-069,290,engine_hpc,0.199,0.642,degraded,72,0
AC-069,291,engine_hpc,0.196,0.646,degraded,71,0
AC-069,292,engine_hpc,0.193,0.651,degraded,70,0
AC-069,293,engine_hpc,0.191,0.655,degraded,69,0
AC-069,294,engine_hpc,0.188,0.66,degraded,68,0
AC-069,295,engine_hpc,0.185,0.664,degraded,67,0
AC-069,296,engine_hpc,0.182,0.669,degraded,66,0
AC-069,297,engine_hpc,0.18,0.673,degraded,65,0
AC-069,298,engine_hpc,0.177,0.678,degraded,64,0
AC-069,299,engine_hpc,0.174,0.682,degraded,63,0
AC-069,300,engine_hpc,0.171,0.687,degraded,62,0
AC-069,301,engine_hpc,0.169,0.691,degraded,61,0
AC-069,302,engine_hpc,0.166,0.696,degraded,60,0
AC-069,303,engine_hpc,0.163,0.701,degraded,59,0
AC-069,304,engine_hpc,0.16,0.705,degraded,58,0
AC-069,305,engine_hpc,0.157,0.71,degraded,57,0
AC-069,306,engine_hpc,0.155,0.715,degraded,56,0
AC-069,307,engine_hpc,0.152,0.719,degraded,55,0
AC-069,308,engine_hpc,0.149,0.724,severe,54,0
AC-069,309,engine_hpc,0.146,0.729,severe,53,0
AC-069,310,engine_hpc,0.144,0.733,severe,52,0
AC-069,311,engine_hpc,0.141,0.738,severe,51,0
AC-069,312,engine_hpc,0.138,0.743,severe,50,0
AC-069,313,engine_hpc,0.135,0.748,severe,49,0
AC-069,314,engine_hpc,0.133,0.752,severe,48,0
AC-069,315,engine_hpc,0.13,0.757,severe,47,0
AC-069,316,engine_hpc,0.127,0.762,severe,46,0
AC-069,317,engine_hpc,0.124,0.767,severe,45,0
AC-069,318,engine_hpc,0.122,0.772,severe,44,0
AC-069,319,engine_hpc,0.119,0.777,severe,43,0
AC-069,320,engine_hpc,0.116,0.781,severe,42,0
AC-069,321,engine_hpc,0.113,0.786,severe,41,0
AC-069,322,engine_hpc,0.11,0.791,severe,40,0
AC-069,323,engine_hpc,0.108,0.796,severe,39,0
AC-069,324,engine_hpc,0.105,0.801,severe,38,0
AC-069,325,engine_hpc,0.102,0.806,severe,37,0
AC-069,326,engine_hpc,0.099,0.811,severe,36,0
AC-069,327,engine_hpc,0.097,0.816,severe,35,0
AC-069,328,engine_hpc,0.094,0.821,severe,34,0
AC-069,329,engine_hpc,0.091,0.826,severe,33,0
AC-069,330,engine_hpc,0.088,0.831,severe,32,0
AC-069,331,engine_hpc,0.086,0.836,severe,31,0
AC-069,332,engine_hpc,0.083,0.841,severe,30,1
AC-069,333,engine_hpc,0.08,0.846,severe,29,1
AC-069,334,engine_hpc,0.077,0.851,severe,28,1
AC-069,335,engine_hpc,0.075,0.856,severe,27,1
AC-069,336,engine_hpc,0.072,0.862,severe,26,1
AC-069,337,engine_hpc,0.069,0.867,severe,25,1
AC-069,338,engine_hpc,0.066,0.872,severe,24,1
AC-069,339,engine_hpc,0.064,0.877,severe,23,1
AC-069,340,engine_hpc,0.061,0.882,severe,22,1
AC-069,341,engine_hpc,0.058,0.887,severe,21,1
AC-069,342,engine_hpc,0.055,0.893,severe,20,1
AC-069,343,engine_hpc,0.052,0.898,severe,19,1
AC-069,344,engine_hpc,0.05,0.903,severe,18,1
AC-069,345,engine_hpc,0.047,0.908,severe,17,1
AC-069,346,engine_hpc,0.044,0.914,severe,16,1
AC-069,347,engine_hpc,0.041,0.919,severe,15,1
AC-069,348,engine_hpc,0.039,0.924,severe,14,1
AC-069,349,engine_hpc,0.036,0.929,severe,13,1
AC-069,350,engine_hpc,0.033,0.935,severe,12,1
AC-069,351,engine_hpc,0.03,0.94,severe,11,1
AC-069,352,engine_hpc,0.028,0.946,severe,10,1
AC-069,353,engine_hpc,0.025,0.951,severe,9,1
AC-069,354,engine_hpc,0.022,0.956,severe,8,1
AC-069,355,engine_hpc,0.019,0.962,severe,7,1
AC-069,356,engine_hpc,0.017,0.967,severe,6,1
AC-069,357,engine_hpc,0.014,0.973,severe,5,1
AC-069,358,engine_hpc,0.011,0.978,severe,4,1
AC-069,359,engine_hpc,0.008,0.983,severe,3,1
AC-069,360,engine_hpc,0.006,0.989,severe,2,1
AC-069,361,engine_hpc,0.003,0.994,severe,1,1
AC-069,362,engine_hpc,0.0,1.0,severe,0,1
AC-075,1,engine_hpc,0.996,0.0,healthy,228,0
AC-075,2,engine_hpc,0.991,0.0,healthy,227,0
AC-075,3,engine_hpc,0.987,0.0,healthy,226,0
AC-075,4,engine_hpc,0.983,0.0,healthy,225,0
AC-075,5,engine_hpc,0.978,0.0,healthy,224,0
AC-075,6,engine_hpc,0.974,0.001,healthy,223,0
AC-075,7,engine_hpc,0.969,0.001,healthy,222,0
AC-075,8,engine_hpc,0.965,0.001,healthy,221,0
AC-075,9,engine_hpc,0.961,0.002,healthy,220,0
AC-075,10,engine_hpc,0.956,0.002,healthy,219,0
AC-075,11,engine_hpc,0.952,0.002,healthy,218,0
AC-075,12,engine_hpc,0.948,0.003,healthy,217,0
AC-075,13,engine_hpc,0.943,0.003,healthy,216,0
AC-075,14,engine_hpc,0.939,0.004,healthy,215,0
AC-075,15,engine_hpc,0.934,0.004,healthy,214,0
AC-075,16,engine_hpc,0.93,0.005,healthy,213,0
AC-075,17,engine_hpc,0.926,0.006,healthy,212,0
AC-075,18,engine_hpc,0.921,0.006,healthy,211,0
AC-075,19,engine_hpc,0.917,0.007,healthy,210,0
AC-075,20,engine_hpc,0.913,0.008,healthy,209,0
AC-075,21,engine_hpc,0.908,0.008,healthy,208,0
AC-075,22,engine_hpc,0.904,0.009,healthy,207,0
AC-075,23,engine_hpc,0.9,0.01,healthy,206,0
AC-075,24,engine_hpc,0.895,0.011,healthy,205,0
AC-075,25,engine_hpc,0.891,0.012,healthy,204,0
AC-075,26,engine_hpc,0.886,0.013,healthy,203,0
AC-075,27,engine_hpc,0.882,0.014,healthy,202,0
AC-075,28,engine_hpc,0.878,0.015,healthy,201,0
AC-075,29,engine_hpc,0.873,0.016,healthy,200,0
AC-075,30,engine_hpc,0.869,0.017,healthy,199,0
AC-075,31,engine_hpc,0.865,0.018,healthy,198,0
AC-075,32,engine_hpc,0.86,0.02,healthy,197,0
AC-075,33,engine_hpc,0.856,0.021,healthy,196,0
AC-075,34,engine_hpc,0.852,0.022,healthy,195,0
AC-075,35,engine_hpc,0.847,0.023,healthy,194,0
AC-075,36,engine_hpc,0.843,0.025,healthy,193,0
AC-075,37,engine_hpc,0.838,0.026,healthy,192,0
AC-075,38,engine_hpc,0.834,0.028,healthy,191,0
AC-075,39,engine_hpc,0.83,0.029,healthy,190,0
AC-075,40,engine_hpc,0.825,0.031,healthy,189,0
AC-075,41,engine_hpc,0.821,0.032,healthy,188,0
AC-075,42,engine_hpc,0.817,0.034,healthy,187,0
AC-075,43,engine_hpc,0.812,0.035,healthy,186,0
AC-075,44,engine_hpc,0.808,0.037,healthy,185,0
AC-075,45,engine_hpc,0.803,0.039,healthy,184,0
AC-075,46,engine_hpc,0.799,0.04,healthy,183,0
AC-075,47,engine_hpc,0.795,0.042,healthy,182,0
AC-075,48,engine_hpc,0.79,0.044,healthy,181,0
AC-075,49,engine_hpc,0.786,0.046,healthy,180,0
AC-075,50,engine_hpc,0.782,0.048,healthy,179,0
AC-075,51,engine_hpc,0.777,0.05,healthy,178,0
AC-075,52,engine_hpc,0.773,0.052,healthy,177,0
AC-075,53,engine_hpc,0.769,0.054,healthy,176,0
AC-075,54,engine_hpc,0.764,0.056,healthy,175,0
AC-075,55,engine_hpc,0.76,0.058,healthy,174,0
AC-075,56,engine_hpc,0.755,0.06,healthy,173,0
AC-075,57,engine_hpc,0.751,0.062,healthy,172,0
AC-075,58,engine_hpc,0.747,0.064,healthy,171,0
AC-075,59,engine_hpc,0.742,0.066,healthy,170,0
AC-075,60,engine_hpc,0.738,0.069,healthy,169,0
AC-075,61,engine_hpc,0.734,0.071,healthy,168,0
AC-075,62,engine_hpc,0.729,0.073,healthy,167,0
AC-075,63,engine_hpc,0.725,0.076,healthy,166,0
AC-075,64,engine_hpc,0.721,0.078,healthy,165,0
AC-075,65,engine_hpc,0.716,0.081,healthy,164,0
AC-075,66,engine_hpc,0.712,0.083,healthy,163,0
AC-075,67,engine_hpc,0.707,0.086,healthy,162,0
AC-075,68,engine_hpc,0.703,0.088,healthy,161,0
AC-075,69,engine_hpc,0.699,0.091,healthy,160,0
AC-075,70,engine_hpc,0.694,0.093,healthy,159,0
AC-075,71,engine_hpc,0.69,0.096,healthy,158,0
AC-075,72,engine_hpc,0.686,0.099,healthy,157,0
AC-075,73,engine_hpc,0.681,0.102,healthy,156,0
AC-075,74,engine_hpc,0.677,0.104,healthy,155,0
AC-075,75,engine_hpc,0.672,0.107,healthy,154,0
AC-075,76,engine_hpc,0.668,0.11,healthy,153,0
AC-075,77,engine_hpc,0.664,0.113,healthy,152,0
AC-075,78,engine_hpc,0.659,0.116,healthy,151,0
AC-075,79,engine_hpc,0.655,0.119,healthy,150,0
AC-075,80,engine_hpc,0.651,0.122,healthy,149,0
AC-075,81,engine_hpc,0.646,0.125,healthy,148,0
AC-075,82,engine_hpc,0.642,0.128,healthy,147,0
AC-075,83,engine_hpc,0.638,0.131,healthy,146,0
AC-075,84,engine_hpc,0.633,0.135,healthy,145,0
AC-075,85,engine_hpc,0.629,0.138,healthy,144,0
AC-075,86,engine_hpc,0.624,0.141,healthy,143,0
AC-075,87,engine_hpc,0.62,0.144,healthy,142,0
AC-075,88,engine_hpc,0.616,0.148,healthy,141,0
AC-075,89,engine_hpc,0.611,0.151,healthy,140,0
AC-075,90,engine_hpc,0.607,0.154,healthy,139,0
AC-075,91,engine_hpc,0.603,0.158,healthy,138,0
AC-075,92,engine_hpc,0.598,0.161,healthy,137,0
AC-075,93,engine_hpc,0.594,0.165,healthy,136,0
AC-075,94,engine_hpc,0.59,0.168,healthy,135,0
AC-075,95,engine_hpc,0.585,0.172,healthy,134,0
AC-075,96,engine_hpc,0.581,0.176,healthy,133,0
AC-075,97,engine_hpc,0.576,0.179,healthy,132,0
AC-075,98,engine_hpc,0.572,0.183,healthy,131,0
AC-075,99,engine_hpc,0.568,0.187,healthy,130,0
AC-075,100,engine_hpc,0.563,0.191,healthy,129,0
AC-075,101,engine_hpc,0.559,0.195,healthy,128,0
AC-075,102,engine_hpc,0.555,0.198,healthy,127,0
AC-075,103,engine_hpc,0.55,0.202,healthy,126,0
AC-075,104,engine_hpc,0.546,0.206,healthy,125,0
AC-075,105,engine_hpc,0.541,0.21,healthy,124,0
AC-075,106,engine_hpc,0.537,0.214,healthy,123,0
AC-075,107,engine_hpc,0.533,0.218,healthy,122,0
AC-075,108,engine_hpc,0.528,0.222,healthy,121,0
AC-075,109,engine_hpc,0.524,0.227,healthy,120,0
AC-075,110,engine_hpc,0.52,0.231,healthy,119,0
AC-075,111,engine_hpc,0.515,0.235,healthy,118,0
AC-075,112,engine_hpc,0.511,0.239,healthy,117,0
AC-075,113,engine_hpc,0.507,0.243,healthy,116,0
AC-075,114,engine_hpc,0.502,0.248,healthy,115,0
AC-075,115,engine_hpc,0.498,0.252,degraded,114,0
AC-075,116,engine_hpc,0.493,0.257,degraded,113,0
AC-075,117,engine_hpc,0.489,0.261,degraded,112,0
AC-075,118,engine_hpc,0.485,0.266,degraded,111,0
AC-075,119,engine_hpc,0.48,0.27,degraded,110,0
AC-075,120,engine_hpc,0.476,0.275,degraded,109,0
AC-075,121,engine_hpc,0.472,0.279,degraded,108,0
AC-075,122,engine_hpc,0.467,0.284,degraded,107,0
AC-075,123,engine_hpc,0.463,0.288,degraded,106,0
AC-075,124,engine_hpc,0.459,0.293,degraded,105,0
AC-075,125,engine_hpc,0.454,0.298,degraded,104,0
AC-075,126,engine_hpc,0.45,0.303,degraded,103,0
AC-075,127,engine_hpc,0.445,0.308,degraded,102,0
AC-075,128,engine_hpc,0.441,0.312,degraded,101,0
AC-075,129,engine_hpc,0.437,0.317,degraded,100,0
AC-075,130,engine_hpc,0.432,0.322,degraded,99,0
AC-075,131,engine_hpc,0.428,0.327,degraded,98,0
AC-075,132,engine_hpc,0.424,0.332,degraded,97,0
AC-075,133,engine_hpc,0.419,0.337,degraded,96,0
AC-075,134,engine_hpc,0.415,0.342,degraded,95,0
AC-075,135,engine_hpc,0.41,0.348,degraded,94,0
AC-075,136,engine_hpc,0.406,0.353,degraded,93,0
AC-075,137,engine_hpc,0.402,0.358,degraded,92,0
AC-075,138,engine_hpc,0.397,0.363,degraded,91,0
AC-075,139,engine_hpc,0.393,0.368,degraded,90,0
AC-075,140,engine_hpc,0.389,0.374,degraded,89,0
AC-075,141,engine_hpc,0.384,0.379,degraded,88,0
AC-075,142,engine_hpc,0.38,0.385,degraded,87,0
AC-075,143,engine_hpc,0.376,0.39,degraded,86,0
AC-075,144,engine_hpc,0.371,0.395,degraded,85,0
AC-075,145,engine_hpc,0.367,0.401,degraded,84,0
AC-075,146,engine_hpc,0.362,0.406,degraded,83,0
AC-075,147,engine_hpc,0.358,0.412,degraded,82,0
AC-075,148,engine_hpc,0.354,0.418,degraded,81,0
AC-075,149,engine_hpc,0.349,0.423,degraded,80,0
AC-075,150,engine_hpc,0.345,0.429,degraded,79,0
AC-075,151,engine_hpc,0.341,0.435,degraded,78,0
AC-075,152,engine_hpc,0.336,0.441,degraded,77,0
AC-075,153,engine_hpc,0.332,0.446,degraded,76,0
AC-075,154,engine_hpc,0.328,0.452,degraded,75,0
AC-075,155,engine_hpc,0.323,0.458,degraded,74,0
AC-075,156,engine_hpc,0.319,0.464,degraded,73,0
AC-075,157,engine_hpc,0.314,0.47,degraded,72,0
AC-075,158,engine_hpc,0.31,0.476,degraded,71,0
AC-075,159,engine_hpc,0.306,0.482,degraded,70,0
AC-075,160,engine_hpc,0.301,0.488,degraded,69,0
AC-075,161,engine_hpc,0.297,0.494,degraded,68,0
AC-075,162,engine_hpc,0.293,0.5,degraded,67,0
AC-075,163,engine_hpc,0.288,0.507,degraded,66,0
AC-075,164,engine_hpc,0.284,0.513,degraded,65,0
AC-075,165,engine_hpc,0.279,0.519,degraded,64,0
AC-075,166,engine_hpc,0.275,0.525,degraded,63,0
AC-075,167,engine_hpc,0.271,0.532,degraded,62,0
AC-075,168,engine_hpc,0.266,0.538,degraded,61,0
AC-075,169,engine_hpc,0.262,0.545,degraded,60,0
AC-075,170,engine_hpc,0.258,0.551,degraded,59,0
AC-075,171,engine_hpc,0.253,0.558,degraded,58,0
AC-075,172,engine_hpc,0.249,0.564,degraded,57,0
AC-075,173,engine_hpc,0.245,0.571,degraded,56,0
AC-075,174,engine_hpc,0.24,0.577,degraded,55,0
AC-075,175,engine_hpc,0.236,0.584,degraded,54,0
AC-075,176,engine_hpc,0.231,0.591,degraded,53,0
AC-075,177,engine_hpc,0.227,0.597,degraded,52,0
AC-075,178,engine_hpc,0.223,0.604,degraded,51,0
AC-075,179,engine_hpc,0.218,0.611,degraded,50,0
AC-075,180,engine_hpc,0.214,0.618,degraded,49,0
AC-075,181,engine_hpc,0.21,0.625,degraded,48,0
AC-075,182,engine_hpc,0.205,0.632,degraded,47,0
AC-075,183,engine_hpc,0.201,0.639,degraded,46,0
AC-075,184,engine_hpc,0.197,0.646,degraded,45,0
AC-075,185,engine_hpc,0.192,0.653,degraded,44,0
AC-075,186,engine_hpc,0.188,0.66,degraded,43,0
AC-075,187,engine_hpc,0.183,0.667,degraded,42,0
AC-075,188,engine_hpc,0.179,0.674,degraded,41,0
AC-075,189,engine_hpc,0.175,0.681,degraded,40,0
AC-075,190,engine_hpc,0.17,0.688,degraded,39,0
AC-075,191,engine_hpc,0.166,0.696,degraded,38,0
AC-075,192,engine_hpc,0.162,0.703,degraded,37,0
AC-075,193,engine_hpc,0.157,0.71,degraded,36,0
AC-075,194,engine_hpc,0.153,0.718,degraded,35,0
AC-075,195,engine_hpc,0.148,0.725,severe,34,0
AC-075,196,engine_hpc,0.144,0.733,severe,33,0
AC-075,197,engine_hpc,0.14,0.74,severe,32,0
AC-075,198,engine_hpc,0.135,0.748,severe,31,0
AC-075,199,engine_hpc,0.131,0.755,severe,30,1
AC-075,200,engine_hpc,0.127,0.763,severe,29,1
AC-075,201,engine_hpc,0.122,0.77,severe,28,1
AC-075,202,engine_hpc,0.118,0.778,severe,27,1
AC-075,203,engine_hpc,0.114,0.786,severe,26,1
AC-075,204,engine_hpc,0.109,0.794,severe,25,1
AC-075,205,engine_hpc,0.105,0.801,severe,24,1
AC-075,206,engine_hpc,0.1,0.809,severe,23,1
AC-075,207,engine_hpc,0.096,0.817,severe,22,1
AC-075,208,engine_hpc,0.092,0.825,severe,21,1
AC-075,209,engine_hpc,0.087,0.833,severe,20,1
AC-075,210,engine_hpc,0.083,0.841,severe,19,1
AC-075,211,engine_hpc,0.079,0.849,severe,18,1
AC-075,212,engine_hpc,0.074,0.857,severe,17,1
AC-075,213,engine_hpc,0.07,0.865,severe,16,1
AC-075,214,engine_hpc,0.066,0.873,severe,15,1
AC-075,215,engine_hpc,0.061,0.881,severe,14,1
AC-075,216,engine_hpc,0.057,0.89,severe,13,1
AC-075,217,engine_hpc,0.052,0.898,severe,12,1
AC-075,218,engine_hpc,0.048,0.906,severe,11,1
AC-075,219,engine_hpc,0.044,0.915,severe,10,1
AC-075,220,engine_hpc,0.039,0.923,severe,9,1
AC-075,221,engine_hpc,0.035,0.931,severe,8,1
AC-075,222,engine_hpc,0.031,0.94,severe,7,1
AC-075,223,engine_hpc,0.026,0.948,severe,6,1
AC-075,224,engine_hpc,0.022,0.957,severe,5,1
AC-075,225,engine_hpc,0.017,0.965,severe,4,1
AC-075,226,engine_hpc,0.013,0.974,severe,3,1
AC-075,227,engine_hpc,0.009,0.983,severe,2,1
AC-075,228,engine_hpc,0.004,0.991,severe,1,1
AC-075,229,engine_hpc,0.0,1.0,severe,0,1
AC-076,1,engine_hpc,0.995,0.0,healthy,209,0
AC-076,2,engine_hpc,0.99,0.0,healthy,208,0
AC-076,3,engine_hpc,0.986,0.0,healthy,207,0
AC-076,4,engine_hpc,0.981,0.0,healthy,206,0
AC-076,5,engine_hpc,0.976,0.001,healthy,205,0
AC-076,6,engine_hpc,0.971,0.001,healthy,204,0
AC-076,7,engine_hpc,0.967,0.001,healthy,203,0
AC-076,8,engine_hpc,0.962,0.001,healthy,202,0
AC-076,9,engine_hpc,0.957,0.002,healthy,201,0
AC-076,10,engine_hpc,0.952,0.002,healthy,200,0
AC-076,11,engine_hpc,0.948,0.003,healthy,199,0
AC-076,12,engine_hpc,0.943,0.003,healthy,198,0
AC-076,13,engine_hpc,0.938,0.004,healthy,197,0
AC-076,14,engine_hpc,0.933,0.004,healthy,196,0
AC-076,15,engine_hpc,0.929,0.005,healthy,195,0
AC-076,16,engine_hpc,0.924,0.006,healthy,194,0
AC-076,17,engine_hpc,0.919,0.007,healthy,193,0
AC-076,18,engine_hpc,0.914,0.007,healthy,192,0
AC-076,19,engine_hpc,0.91,0.008,healthy,191,0
AC-076,20,engine_hpc,0.905,0.009,healthy,190,0
AC-076,21,engine_hpc,0.9,0.01,healthy,189,0
AC-076,22,engine_hpc,0.895,0.011,healthy,188,0
AC-076,23,engine_hpc,0.89,0.012,healthy,187,0
AC-076,24,engine_hpc,0.886,0.013,healthy,186,0
AC-076,25,engine_hpc,0.881,0.014,healthy,185,0
AC-076,26,engine_hpc,0.876,0.015,healthy,184,0
AC-076,27,engine_hpc,0.871,0.017,healthy,183,0
AC-076,28,engine_hpc,0.867,0.018,healthy,182,0
AC-076,29,engine_hpc,0.862,0.019,healthy,181,0
AC-076,30,engine_hpc,0.857,0.02,healthy,180,0
AC-076,31,engine_hpc,0.852,0.022,healthy,179,0
AC-076,32,engine_hpc,0.848,0.023,healthy,178,0
AC-076,33,engine_hpc,0.843,0.025,healthy,177,0
AC-076,34,engine_hpc,0.838,0.026,healthy,176,0
AC-076,35,engine_hpc,0.833,0.028,healthy,175,0
AC-076,36,engine_hpc,0.829,0.029,healthy,174,0
AC-076,37,engine_hpc,0.824,0.031,healthy,173,0
AC-076,38,engine_hpc,0.819,0.033,healthy,172,0
AC-076,39,engine_hpc,0.814,0.034,healthy,171,0
AC-076,40,engine_hpc,0.81,0.036,healthy,170,0
AC-076,41,engine_hpc,0.805,0.038,healthy,169,0
AC-076,42,engine_hpc,0.8,0.04,healthy,168,0
AC-076,43,engine_hpc,0.795,0.042,healthy,167,0
AC-076,44,engine_hpc,0.79,0.044,healthy,166,0
AC-076,45,engine_hpc,0.786,0.046,healthy,165,0
AC-076,46,engine_hpc,0.781,0.048,healthy,164,0
AC-076,47,engine_hpc,0.776,0.05,healthy,163,0
AC-076,48,engine_hpc,0.771,0.052,healthy,162,0
AC-076,49,engine_hpc,0.767,0.054,healthy,161,0
AC-076,50,engine_hpc,0.762,0.057,healthy,160,0
AC-076,51,engine_hpc,0.757,0.059,healthy,159,0
AC-076,52,engine_hpc,0.752,0.061,healthy,158,0
AC-076,53,engine_hpc,0.748,0.064,healthy,157,0
AC-076,54,engine_hpc,0.743,0.066,healthy,156,0
AC-076,55,engine_hpc,0.738,0.069,healthy,155,0
AC-076,56,engine_hpc,0.733,0.071,healthy,154,0
AC-076,57,engine_hpc,0.729,0.074,healthy,153,0
AC-076,58,engine_hpc,0.724,0.076,healthy,152,0
AC-076,59,engine_hpc,0.719,0.079,healthy,151,0
AC-076,60,engine_hpc,0.714,0.082,healthy,150,0
AC-076,61,engine_hpc,0.71,0.084,healthy,149,0
AC-076,62,engine_hpc,0.705,0.087,healthy,148,0
AC-076,63,engine_hpc,0.7,0.09,healthy,147,0
AC-076,64,engine_hpc,0.695,0.093,healthy,146,0
AC-076,65,engine_hpc,0.69,0.096,healthy,145,0
AC-076,66,engine_hpc,0.686,0.099,healthy,144,0
AC-076,67,engine_hpc,0.681,0.102,healthy,143,0
AC-076,68,engine_hpc,0.676,0.105,healthy,142,0
AC-076,69,engine_hpc,0.671,0.108,healthy,141,0
AC-076,70,engine_hpc,0.667,0.111,healthy,140,0
AC-076,71,engine_hpc,0.662,0.114,healthy,139,0
AC-076,72,engine_hpc,0.657,0.118,healthy,138,0
AC-076,73,engine_hpc,0.652,0.121,healthy,137,0
AC-076,74,engine_hpc,0.648,0.124,healthy,136,0
AC-076,75,engine_hpc,0.643,0.128,healthy,135,0
AC-076,76,engine_hpc,0.638,0.131,healthy,134,0
AC-076,77,engine_hpc,0.633,0.134,healthy,133,0
AC-076,78,engine_hpc,0.629,0.138,healthy,132,0
AC-076,79,engine_hpc,0.624,0.142,healthy,131,0
AC-076,80,engine_hpc,0.619,0.145,healthy,130,0
AC-076,81,engine_hpc,0.614,0.149,healthy,129,0
AC-076,82,engine_hpc,0.61,0.152,healthy,128,0
AC-076,83,engine_hpc,0.605,0.156,healthy,127,0
AC-076,84,engine_hpc,0.6,0.16,healthy,126,0
AC-076,85,engine_hpc,0.595,0.164,healthy,125,0
AC-076,86,engine_hpc,0.59,0.168,healthy,124,0
AC-076,87,engine_hpc,0.586,0.172,healthy,123,0
AC-076,88,engine_hpc,0.581,0.176,healthy,122,0
AC-076,89,engine_hpc,0.576,0.18,healthy,121,0
AC-076,90,engine_hpc,0.571,0.184,healthy,120,0
AC-076,91,engine_hpc,0.567,0.188,healthy,119,0
AC-076,92,engine_hpc,0.562,0.192,healthy,118,0
AC-076,93,engine_hpc,0.557,0.196,healthy,117,0
AC-076,94,engine_hpc,0.552,0.2,healthy,116,0
AC-076,95,engine_hpc,0.548,0.205,healthy,115,0
AC-076,96,engine_hpc,0.543,0.209,healthy,114,0
AC-076,97,engine_hpc,0.538,0.213,healthy,113,0
AC-076,98,engine_hpc,0.533,0.218,healthy,112,0
AC-076,99,engine_hpc,0.529,0.222,healthy,111,0
AC-076,100,engine_hpc,0.524,0.227,healthy,110,0
AC-076,101,engine_hpc,0.519,0.231,healthy,109,0
AC-076,102,engine_hpc,0.514,0.236,healthy,108,0
AC-076,103,engine_hpc,0.51,0.241,healthy,107,0
AC-076,104,engine_hpc,0.505,0.245,healthy,106,0
AC-076,105,engine_hpc,0.5,0.25,degraded,105,0
AC-076,106,engine_hpc,0.495,0.255,degraded,104,0
AC-076,107,engine_hpc,0.49,0.26,degraded,103,0
AC-076,108,engine_hpc,0.486,0.264,degraded,102,0
AC-076,109,engine_hpc,0.481,0.269,degraded,101,0
AC-076,110,engine_hpc,0.476,0.274,degraded,100,0
AC-076,111,engine_hpc,0.471,0.279,degraded,99,0
AC-076,112,engine_hpc,0.467,0.284,degraded,98,0
AC-076,113,engine_hpc,0.462,0.29,degraded,97,0
AC-076,114,engine_hpc,0.457,0.295,degraded,96,0
AC-076,115,engine_hpc,0.452,0.3,degraded,95,0
AC-076,116,engine_hpc,0.448,0.305,degraded,94,0
AC-076,117,engine_hpc,0.443,0.31,degraded,93,0
AC-076,118,engine_hpc,0.438,0.316,degraded,92,0
AC-076,119,engine_hpc,0.433,0.321,degraded,91,0
AC-076,120,engine_hpc,0.429,0.327,degraded,90,0
AC-076,121,engine_hpc,0.424,0.332,degraded,89,0
AC-076,122,engine_hpc,0.419,0.338,degraded,88,0
AC-076,123,engine_hpc,0.414,0.343,degraded,87,0
AC-076,124,engine_hpc,0.41,0.349,degraded,86,0
AC-076,125,engine_hpc,0.405,0.354,degraded,85,0
AC-076,126,engine_hpc,0.4,0.36,degraded,84,0
AC-076,127,engine_hpc,0.395,0.366,degraded,83,0
AC-076,128,engine_hpc,0.39,0.372,degraded,82,0
AC-076,129,engine_hpc,0.386,0.377,degraded,81,0
AC-076,130,engine_hpc,0.381,0.383,degraded,80,0
AC-076,131,engine_hpc,0.376,0.389,degraded,79,0
AC-076,132,engine_hpc,0.371,0.395,degraded,78,0
AC-076,133,engine_hpc,0.367,0.401,degraded,77,0
AC-076,134,engine_hpc,0.362,0.407,degraded,76,0
AC-076,135,engine_hpc,0.357,0.413,degraded,75,0
AC-076,136,engine_hpc,0.352,0.419,degraded,74,0
AC-076,137,engine_hpc,0.348,0.426,degraded,73,0
AC-076,138,engine_hpc,0.343,0.432,degraded,72,0
AC-076,139,engine_hpc,0.338,0.438,degraded,71,0
AC-076,140,engine_hpc,0.333,0.444,degraded,70,0
AC-076,141,engine_hpc,0.329,0.451,degraded,69,0
AC-076,142,engine_hpc,0.324,0.457,degraded,68,0
AC-076,143,engine_hpc,0.319,0.464,degraded,67,0
AC-076,144,engine_hpc,0.314,0.47,degraded,66,0
AC-076,145,engine_hpc,0.31,0.477,degraded,65,0
AC-076,146,engine_hpc,0.305,0.483,degraded,64,0
AC-076,147,engine_hpc,0.3,0.49,degraded,63,0
AC-076,148,engine_hpc,0.295,0.497,degraded,62,0
AC-076,149,engine_hpc,0.29,0.503,degraded,61,0
AC-076,150,engine_hpc,0.286,0.51,degraded,60,0
AC-076,151,engine_hpc,0.281,0.517,degraded,59,0
AC-076,152,engine_hpc,0.276,0.524,degraded,58,0
AC-076,153,engine_hpc,0.271,0.531,degraded,57,0
AC-076,154,engine_hpc,0.267,0.538,degraded,56,0
AC-076,155,engine_hpc,0.262,0.545,degraded,55,0
AC-076,156,engine_hpc,0.257,0.552,degraded,54,0
AC-076,157,engine_hpc,0.252,0.559,degraded,53,0
AC-076,158,engine_hpc,0.248,0.566,degraded,52,0
AC-076,159,engine_hpc,0.243,0.573,degraded,51,0
AC-076,160,engine_hpc,0.238,0.58,degraded,50,0
AC-076,161,engine_hpc,0.233,0.588,degraded,49,0
AC-076,162,engine_hpc,0.229,0.595,degraded,48,0
AC-076,163,engine_hpc,0.224,0.602,degraded,47,0
AC-076,164,engine_hpc,0.219,0.61,degraded,46,0
AC-076,165,engine_hpc,0.214,0.617,degraded,45,0
AC-076,166,engine_hpc,0.21,0.625,degraded,44,0
AC-076,167,engine_hpc,0.205,0.632,degraded,43,0
AC-076,168,engine_hpc,0.2,0.64,degraded,42,0
AC-076,169,engine_hpc,0.195,0.648,degraded,41,0
AC-076,170,engine_hpc,0.19,0.655,degraded,40,0
AC-076,171,engine_hpc,0.186,0.663,degraded,39,0
AC-076,172,engine_hpc,0.181,0.671,degraded,38,0
AC-076,173,engine_hpc,0.176,0.679,degraded,37,0
AC-076,174,engine_hpc,0.171,0.687,degraded,36,0
AC-076,175,engine_hpc,0.167,0.694,degraded,35,0
AC-076,176,engine_hpc,0.162,0.702,degraded,34,0
AC-076,177,engine_hpc,0.157,0.71,degraded,33,0
AC-076,178,engine_hpc,0.152,0.718,degraded,32,0
AC-076,179,engine_hpc,0.148,0.727,severe,31,0
AC-076,180,engine_hpc,0.143,0.735,severe,30,1
AC-076,181,engine_hpc,0.138,0.743,severe,29,1
AC-076,182,engine_hpc,0.133,0.751,severe,28,1
AC-076,183,engine_hpc,0.129,0.759,severe,27,1
AC-076,184,engine_hpc,0.124,0.768,severe,26,1
AC-076,185,engine_hpc,0.119,0.776,severe,25,1
AC-076,186,engine_hpc,0.114,0.784,severe,24,1
AC-076,187,engine_hpc,0.11,0.793,severe,23,1
AC-076,188,engine_hpc,0.105,0.801,severe,22,1
AC-076,189,engine_hpc,0.1,0.81,severe,21,1
AC-076,190,engine_hpc,0.095,0.819,severe,20,1
AC-076,191,engine_hpc,0.09,0.827,severe,19,1
AC-076,192,engine_hpc,0.086,0.836,severe,18,1
AC-076,193,engine_hpc,0.081,0.845,severe,17,1
AC-076,194,engine_hpc,0.076,0.853,severe,16,1
AC-076,195,engine_hpc,0.071,0.862,severe,15,1
AC-076,196,engine_hpc,0.067,0.871,severe,14,1
AC-076,197,engine_hpc,0.062,0.88,severe,13,1
AC-076,198,engine_hpc,0.057,0.889,severe,12,1
AC-076,199,engine_hpc,0.052,0.898,severe,11,1
AC-076,200,engine_hpc,0.048,0.907,severe,10,1
AC-076,201,engine_hpc,0.043,0.916,severe,9,1
AC-076,202,engine_hpc,0.038,0.925,severe,8,1
AC-076,203,engine_hpc,0.033,0.934,severe,7,1
AC-076,204,engine_hpc,0.029,0.944,severe,6,1
AC-076,205,engine_hpc,0.024,0.953,severe,5,1
AC-076,206,engine_hpc,0.019,0.962,severe,4,1
AC-076,207,engine_hpc,0.014,0.972,severe,3,1
AC-076,208,engine_hpc,0.01,0.981,severe,2,1
AC-076,209,engine_hpc,0.005,0.99,severe,1,1
AC-076,210,engine_hpc,0.0,1.0,severe,0,1
AC-077,1,engine_hpc,0.994,0.0,healthy,153,0
AC-077,2,engine_hpc,0.987,0.0,healthy,152,0
AC-077,3,engine_hpc,0.981,0.0,healthy,151,0
AC-077,4,engine_hpc,0.974,0.001,healthy,150,0
AC-077,5,engine_hpc,0.968,0.001,healthy,149,0
AC-077,6,engine_hpc,0.961,0.002,healthy,148,0
AC-077,7,engine_hpc,0.955,0.002,healthy,147,0
AC-077,8,engine_hpc,0.948,0.003,healthy,146,0
AC-077,9,engine_hpc,0.942,0.003,healthy,145,0
AC-077,10,engine_hpc,0.935,0.004,healthy,144,0
AC-077,11,engine_hpc,0.929,0.005,healthy,143,0
AC-077,12,engine_hpc,0.922,0.006,healthy,142,0
AC-077,13,engine_hpc,0.916,0.007,healthy,141,0
AC-077,14,engine_hpc,0.909,0.008,healthy,140,0
AC-077,15,engine_hpc,0.903,0.009,healthy,139,0
AC-077,16,engine_hpc,0.896,0.011,healthy,138,0
AC-077,17,engine_hpc,0.89,0.012,healthy,137,0
AC-077,18,engine_hpc,0.883,0.014,healthy,136,0
AC-077,19,engine_hpc,0.877,0.015,healthy,135,0
AC-077,20,engine_hpc,0.87,0.017,healthy,134,0
AC-077,21,engine_hpc,0.864,0.019,healthy,133,0
AC-077,22,engine_hpc,0.857,0.02,healthy,132,0
AC-077,23,engine_hpc,0.851,0.022,healthy,131,0
AC-077,24,engine_hpc,0.844,0.024,healthy,130,0
AC-077,25,engine_hpc,0.838,0.026,healthy,129,0
AC-077,26,engine_hpc,0.831,0.029,healthy,128,0
AC-077,27,engine_hpc,0.825,0.031,healthy,127,0
AC-077,28,engine_hpc,0.818,0.033,healthy,126,0
AC-077,29,engine_hpc,0.812,0.035,healthy,125,0
AC-077,30,engine_hpc,0.805,0.038,healthy,124,0
AC-077,31,engine_hpc,0.799,0.041,healthy,123,0
AC-077,32,engine_hpc,0.792,0.043,healthy,122,0
AC-077,33,engine_hpc,0.786,0.046,healthy,121,0
AC-077,34,engine_hpc,0.779,0.049,healthy,120,0
AC-077,35,engine_hpc,0.773,0.052,healthy,119,0
AC-077,36,engine_hpc,0.766,0.055,healthy,118,0
AC-077,37,engine_hpc,0.76,0.058,healthy,117,0
AC-077,38,engine_hpc,0.753,0.061,healthy,116,0
AC-077,39,engine_hpc,0.747,0.064,healthy,115,0
AC-077,40,engine_hpc,0.74,0.067,healthy,114,0
AC-077,41,engine_hpc,0.734,0.071,healthy,113,0
AC-077,42,engine_hpc,0.727,0.074,healthy,112,0
AC-077,43,engine_hpc,0.721,0.078,healthy,111,0
AC-077,44,engine_hpc,0.714,0.082,healthy,110,0
AC-077,45,engine_hpc,0.708,0.085,healthy,109,0
AC-077,46,engine_hpc,0.701,0.089,healthy,108,0
AC-077,47,engine_hpc,0.695,0.093,healthy,107,0
AC-077,48,engine_hpc,0.688,0.097,healthy,106,0
AC-077,49,engine_hpc,0.682,0.101,healthy,105,0
AC-077,50,engine_hpc,0.675,0.105,healthy,104,0
AC-077,51,engine_hpc,0.669,0.11,healthy,103,0
AC-077,52,engine_hpc,0.662,0.114,healthy,102,0
AC-077,53,engine_hpc,0.656,0.118,healthy,101,0
AC-077,54,engine_hpc,0.649,0.123,healthy,100,0
AC-077,55,engine_hpc,0.643,0.128,healthy,99,0
AC-077,56,engine_hpc,0.636,0.132,healthy,98,0
AC-077,57,engine_hpc,0.63,0.137,healthy,97,0
AC-077,58,engine_hpc,0.623,0.142,healthy,96,0
AC-077,59,engine_hpc,0.617,0.147,healthy,95,0
AC-077,60,engine_hpc,0.61,0.152,healthy,94,0
AC-077,61,engine_hpc,0.604,0.157,healthy,93,0
AC-077,62,engine_hpc,0.597,0.162,healthy,92,0
AC-077,63,engine_hpc,0.591,0.167,healthy,91,0
AC-077,64,engine_hpc,0.584,0.173,healthy,90,0
AC-077,65,engine_hpc,0.578,0.178,healthy,89,0
AC-077,66,engine_hpc,0.571,0.184,healthy,88,0
AC-077,67,engine_hpc,0.565,0.189,healthy,87,0
AC-077,68,engine_hpc,0.558,0.195,healthy,86,0
AC-077,69,engine_hpc,0.552,0.201,healthy,85,0
AC-077,70,engine_hpc,0.545,0.207,healthy,84,0
AC-077,71,engine_hpc,0.539,0.213,healthy,83,0
AC-077,72,engine_hpc,0.532,0.219,healthy,82,0
AC-077,73,engine_hpc,0.526,0.225,healthy,81,0
AC-077,74,engine_hpc,0.519,0.231,healthy,80,0
AC-077,75,engine_hpc,0.513,0.237,healthy,79,0
AC-077,76,engine_hpc,0.506,0.244,healthy,78,0
AC-077,77,engine_hpc,0.5,0.25,degraded,77,0
AC-077,78,engine_hpc,0.494,0.257,degraded,76,0
AC-077,79,engine_hpc,0.487,0.263,degraded,75,0
AC-077,80,engine_hpc,0.481,0.27,degraded,74,0
AC-077,81,engine_hpc,0.474,0.277,degraded,73,0
AC-077,82,engine_hpc,0.468,0.284,degraded,72,0
AC-077,83,engine_hpc,0.461,0.29,degraded,71,0
AC-077,84,engine_hpc,0.455,0.298,degraded,70,0
AC-077,85,engine_hpc,0.448,0.305,degraded,69,0
AC-077,86,engine_hpc,0.442,0.312,degraded,68,0
AC-077,87,engine_hpc,0.435,0.319,degraded,67,0
AC-077,88,engine_hpc,0.429,0.327,degraded,66,0
AC-077,89,engine_hpc,0.422,0.334,degraded,65,0
AC-077,90,engine_hpc,0.416,0.342,degraded,64,0
AC-077,91,engine_hpc,0.409,0.349,degraded,63,0
AC-077,92,engine_hpc,0.403,0.357,degraded,62,0
AC-077,93,engine_hpc,0.396,0.365,degraded,61,0
AC-077,94,engine_hpc,0.39,0.373,degraded,60,0
AC-077,95,engine_hpc,0.383,0.381,degraded,59,0
AC-077,96,engine_hpc,0.377,0.389,degraded,58,0
AC-077,97,engine_hpc,0.37,0.397,degraded,57,0
AC-077,98,engine_hpc,0.364,0.405,degraded,56,0
AC-077,99,engine_hpc,0.357,0.413,degraded,55,0
AC-077,100,engine_hpc,0.351,0.422,degraded,54,0
AC-077,101,engine_hpc,0.344,0.43,degraded,53,0
AC-077,102,engine_hpc,0.338,0.439,degraded,52,0
AC-077,103,engine_hpc,0.331,0.447,degraded,51,0
AC-077,104,engine_hpc,0.325,0.456,degraded,50,0
AC-077,105,engine_hpc,0.318,0.465,degraded,49,0
AC-077,106,engine_hpc,0.312,0.474,degraded,48,0
AC-077,107,engine_hpc,0.305,0.483,degraded,47,0
AC-077,108,engine_hpc,0.299,0.492,degraded,46,0
AC-077,109,engine_hpc,0.292,0.501,degraded,45,0
AC-077,110,engine_hpc,0.286,0.51,degraded,44,0
AC-077,111,engine_hpc,0.279,0.52,degraded,43,0
AC-077,112,engine_hpc,0.273,0.529,degraded,42,0
AC-077,113,engine_hpc,0.266,0.538,degraded,41,0
AC-077,114,engine_hpc,0.26,0.548,degraded,40,0
AC-077,115,engine_hpc,0.253,0.558,degraded,39,0
AC-077,116,engine_hpc,0.247,0.567,degraded,38,0
AC-077,117,engine_hpc,0.24,0.577,degraded,37,0
AC-077,118,engine_hpc,0.234,0.587,degraded,36,0
AC-077,119,engine_hpc,0.227,0.597,degraded,35,0
AC-077,120,engine_hpc,0.221,0.607,degraded,34,0
AC-077,121,engine_hpc,0.214,0.617,degraded,33,0
AC-077,122,engine_hpc,0.208,0.628,degraded,32,0
AC-077,123,engine_hpc,0.201,0.638,degraded,31,0
AC-077,124,engine_hpc,0.195,0.648,degraded,30,1
AC-077,125,engine_hpc,0.188,0.659,degraded,29,1
AC-077,126,engine_hpc,0.182,0.669,degraded,28,1
AC-077,127,engine_hpc,0.175,0.68,degraded,27,1
AC-077,128,engine_hpc,0.169,0.691,degraded,26,1
AC-077,129,engine_hpc,0.162,0.702,degraded,25,1
AC-077,130,engine_hpc,0.156,0.713,degraded,24,1
AC-077,131,engine_hpc,0.149,0.724,severe,23,1
AC-077,132,engine_hpc,0.143,0.735,severe,22,1
AC-077,133,engine_hpc,0.136,0.746,severe,21,1
AC-077,134,engine_hpc,0.13,0.757,severe,20,1
AC-077,135,engine_hpc,0.123,0.768,severe,19,1
AC-077,136,engine_hpc,0.117,0.78,severe,18,1
AC-077,137,engine_hpc,0.11,0.791,severe,17,1
AC-077,138,engine_hpc,0.104,0.803,severe,16,1
AC-077,139,engine_hpc,0.097,0.815,severe,15,1
AC-077,140,engine_hpc,0.091,0.826,severe,14,1
AC-077,141,engine_hpc,0.084,0.838,severe,13,1
AC-077,142,engine_hpc,0.078,0.85,severe,12,1
AC-077,143,engine_hpc,0.071,0.862,severe,11,1
AC-077,144,engine_hpc,0.065,0.874,severe,10,1
AC-077,145,engine_hpc,0.058,0.887,severe,9,1
AC-077,146,engine_hpc,0.052,0.899,severe,8,1
AC-077,147,engine_hpc,0.045,0.911,severe,7,1
AC-077,148,engine_hpc,0.039,0.924,severe,6,1
AC-077,149,engine_hpc,0.032,0.936,severe,5,1
AC-077,150,engine_hpc,0.026,0.949,severe,4,1
AC-077,151,engine_hpc,0.019,0.961,severe,3,1
AC-077,152,engine_hpc,0.013,0.974,severe,2,1
AC-077,153,engine_hpc,0.006,0.987,severe,1,1
AC-077,154,engine_hpc,0.0,1.0,severe,0,1
AC-080,1,engine_hpc,0.995,0.0,healthy,184,0
AC-080,2,engine_hpc,0.989,0.0,healthy,183,0
AC-080,3,engine_hpc,0.984,0.0,healthy,182,0
AC-080,4,engine_hpc,0.978,0.0,healthy,181,0
AC-080,5,engine_hpc,0.973,0.001,healthy,180,0
AC-080,6,engine_hpc,0.968,0.001,healthy,179,0
AC-080,7,engine_hpc,0.962,0.001,healthy,178,0
AC-080,8,engine_hpc,0.957,0.002,healthy,177,0
AC-080,9,engine_hpc,0.951,0.002,healthy,176,0
AC-080,10,engine_hpc,0.946,0.003,healthy,175,0
AC-080,11,engine_hpc,0.941,0.004,healthy,174,0
AC-080,12,engine_hpc,0.935,0.004,healthy,173,0
AC-080,13,engine_hpc,0.93,0.005,healthy,172,0
AC-080,14,engine_hpc,0.924,0.006,healthy,171,0
AC-080,15,engine_hpc,0.919,0.007,healthy,170,0
AC-080,16,engine_hpc,0.914,0.007,healthy,169,0
AC-080,17,engine_hpc,0.908,0.008,healthy,168,0
AC-080,18,engine_hpc,0.903,0.009,healthy,167,0
AC-080,19,engine_hpc,0.897,0.011,healthy,166,0
AC-080,20,engine_hpc,0.892,0.012,healthy,165,0
AC-080,21,engine_hpc,0.886,0.013,healthy,164,0
AC-080,22,engine_hpc,0.881,0.014,healthy,163,0
AC-080,23,engine_hpc,0.876,0.015,healthy,162,0
AC-080,24,engine_hpc,0.87,0.017,healthy,161,0
AC-080,25,engine_hpc,0.865,0.018,healthy,160,0
AC-080,26,engine_hpc,0.859,0.02,healthy,159,0
AC-080,27,engine_hpc,0.854,0.021,healthy,158,0
AC-080,28,engine_hpc,0.849,0.023,healthy,157,0
AC-080,29,engine_hpc,0.843,0.025,healthy,156,0
AC-080,30,engine_hpc,0.838,0.026,healthy,155,0
AC-080,31,engine_hpc,0.832,0.028,healthy,154,0
AC-080,32,engine_hpc,0.827,0.03,healthy,153,0
AC-080,33,engine_hpc,0.822,0.032,healthy,152,0
AC-080,34,engine_hpc,0.816,0.034,healthy,151,0
AC-080,35,engine_hpc,0.811,0.036,healthy,150,0
AC-080,36,engine_hpc,0.805,0.038,healthy,149,0
AC-080,37,engine_hpc,0.8,0.04,healthy,148,0
AC-080,38,engine_hpc,0.795,0.042,healthy,147,0
AC-080,39,engine_hpc,0.789,0.044,healthy,146,0
AC-080,40,engine_hpc,0.784,0.047,healthy,145,0
AC-080,41,engine_hpc,0.778,0.049,healthy,144,0
AC-080,42,engine_hpc,0.773,0.052,healthy,143,0
AC-080,43,engine_hpc,0.768,0.054,healthy,142,0
AC-080,44,engine_hpc,0.762,0.057,healthy,141,0
AC-080,45,engine_hpc,0.757,0.059,healthy,140,0
AC-080,46,engine_hpc,0.751,0.062,healthy,139,0
AC-080,47,engine_hpc,0.746,0.065,healthy,138,0
AC-080,48,engine_hpc,0.741,0.067,healthy,137,0
AC-080,49,engine_hpc,0.735,0.07,healthy,136,0
AC-080,50,engine_hpc,0.73,0.073,healthy,135,0
AC-080,51,engine_hpc,0.724,0.076,healthy,134,0
AC-080,52,engine_hpc,0.719,0.079,healthy,133,0
AC-080,53,engine_hpc,0.714,0.082,healthy,132,0
AC-080,54,engine_hpc,0.708,0.085,healthy,131,0
AC-080,55,engine_hpc,0.703,0.088,healthy,130,0
AC-080,56,engine_hpc,0.697,0.092,healthy,129,0
AC-080,57,engine_hpc,0.692,0.095,healthy,128,0
AC-080,58,engine_hpc,0.686,0.098,healthy,127,0
AC-080,59,engine_hpc,0.681,0.102,healthy,126,0
AC-080,60,engine_hpc,0.676,0.105,healthy,125,0
AC-080,61,engine_hpc,0.67,0.109,healthy,124,0
AC-080,62,engine_hpc,0.665,0.112,healthy,123,0
AC-080,63,engine_hpc,0.659,0.116,healthy,122,0
AC-080,64,engine_hpc,0.654,0.12,healthy,121,0
AC-080,65,engine_hpc,0.649,0.123,healthy,120,0
AC-080,66,engine_hpc,0.643,0.127,healthy,119,0
AC-080,67,engine_hpc,0.638,0.131,healthy,118,0
AC-080,68,engine_hpc,0.632,0.135,healthy,117,0
AC-080,69,engine_hpc,0.627,0.139,healthy,116,0
AC-080,70,engine_hpc,0.622,0.143,healthy,115,0
AC-080,71,engine_hpc,0.616,0.147,healthy,114,0
AC-080,72,engine_hpc,0.611,0.151,healthy,113,0
AC-080,73,engine_hpc,0.605,0.156,healthy,112,0
AC-080,74,engine_hpc,0.6,0.16,healthy,111,0
AC-080,75,engine_hpc,0.595,0.164,healthy,110,0
AC-080,76,engine_hpc,0.589,0.169,healthy,109,0
AC-080,77,engine_hpc,0.584,0.173,healthy,108,0
AC-080,78,engine_hpc,0.578,0.178,healthy,107,0
AC-080,79,engine_hpc,0.573,0.182,healthy,106,0
AC-080,80,engine_hpc,0.568,0.187,healthy,105,0
AC-080,81,engine_hpc,0.562,0.192,healthy,104,0
AC-080,82,engine_hpc,0.557,0.196,healthy,103,0
AC-080,83,engine_hpc,0.551,0.201,healthy,102,0
AC-080,84,engine_hpc,0.546,0.206,healthy,101,0
AC-080,85,engine_hpc,0.541,0.211,healthy,100,0
AC-080,86,engine_hpc,0.535,0.216,healthy,99,0
AC-080,87,engine_hpc,0.53,0.221,healthy,98,0
AC-080,88,engine_hpc,0.524,0.226,healthy,97,0
AC-080,89,engine_hpc,0.519,0.231,healthy,96,0
AC-080,90,engine_hpc,0.514,0.237,healthy,95,0
AC-080,91,engine_hpc,0.508,0.242,healthy,94,0
AC-080,92,engine_hpc,0.503,0.247,healthy,93,0
AC-080,93,engine_hpc,0.497,0.253,degraded,92,0
AC-080,94,engine_hpc,0.492,0.258,degraded,91,0
AC-080,95,engine_hpc,0.486,0.264,degraded,90,0
AC-080,96,engine_hpc,0.481,0.269,degraded,89,0
AC-080,97,engine_hpc,0.476,0.275,degraded,88,0
AC-080,98,engine_hpc,0.47,0.281,degraded,87,0
AC-080,99,engine_hpc,0.465,0.286,degraded,86,0
AC-080,100,engine_hpc,0.459,0.292,degraded,85,0
AC-080,101,engine_hpc,0.454,0.298,degraded,84,0
AC-080,102,engine_hpc,0.449,0.304,degraded,83,0
AC-080,103,engine_hpc,0.443,0.31,degraded,82,0
AC-080,104,engine_hpc,0.438,0.316,degraded,81,0
AC-080,105,engine_hpc,0.432,0.322,degraded,80,0
AC-080,106,engine_hpc,0.427,0.328,degraded,79,0
AC-080,107,engine_hpc,0.422,0.335,degraded,78,0
AC-080,108,engine_hpc,0.416,0.341,degraded,77,0
AC-080,109,engine_hpc,0.411,0.347,degraded,76,0
AC-080,110,engine_hpc,0.405,0.354,degraded,75,0
AC-080,111,engine_hpc,0.4,0.36,degraded,74,0
AC-080,112,engine_hpc,0.395,0.367,degraded,73,0
AC-080,113,engine_hpc,0.389,0.373,degraded,72,0
AC-080,114,engine_hpc,0.384,0.38,degraded,71,0
AC-080,115,engine_hpc,0.378,0.386,degraded,70,0
AC-080,116,engine_hpc,0.373,0.393,degraded,69,0
AC-080,117,engine_hpc,0.368,0.4,degraded,68,0
AC-080,118,engine_hpc,0.362,0.407,degraded,67,0
AC-080,119,engine_hpc,0.357,0.414,degraded,66,0
AC-080,120,engine_hpc,0.351,0.421,degraded,65,0
AC-080,121,engine_hpc,0.346,0.428,degraded,64,0
AC-080,122,engine_hpc,0.341,0.435,degraded,63,0
AC-080,123,engine_hpc,0.335,0.442,degraded,62,0
AC-080,124,engine_hpc,0.33,0.449,degraded,61,0
AC-080,125,engine_hpc,0.324,0.457,degraded,60,0
AC-080,126,engine_hpc,0.319,0.464,degraded,59,0
AC-080,127,engine_hpc,0.314,0.471,degraded,58,0
AC-080,128,engine_hpc,0.308,0.479,degraded,57,0
AC-080,129,engine_hpc,0.303,0.486,degraded,56,0
AC-080,130,engine_hpc,0.297,0.494,degraded,55,0
AC-080,131,engine_hpc,0.292,0.501,degraded,54,0
AC-080,132,engine_hpc,0.286,0.509,degraded,53,0
AC-080,133,engine_hpc,0.281,0.517,degraded,52,0
AC-080,134,engine_hpc,0.276,0.525,degraded,51,0
AC-080,135,engine_hpc,0.27,0.533,degraded,50,0
AC-080,136,engine_hpc,0.265,0.54,degraded,49,0
AC-080,137,engine_hpc,0.259,0.548,degraded,48,0
AC-080,138,engine_hpc,0.254,0.556,degraded,47,0
AC-080,139,engine_hpc,0.249,0.565,degraded,46,0
AC-080,140,engine_hpc,0.243,0.573,degraded,45,0
AC-080,141,engine_hpc,0.238,0.581,degraded,44,0
AC-080,142,engine_hpc,0.232,0.589,degraded,43,0
AC-080,143,engine_hpc,0.227,0.597,degraded,42,0
AC-080,144,engine_hpc,0.222,0.606,degraded,41,0
AC-080,145,engine_hpc,0.216,0.614,degraded,40,0
AC-080,146,engine_hpc,0.211,0.623,degraded,39,0
AC-080,147,engine_hpc,0.205,0.631,degraded,38,0
AC-080,148,engine_hpc,0.2,0.64,degraded,37,0
AC-080,149,engine_hpc,0.195,0.649,degraded,36,0
AC-080,150,engine_hpc,0.189,0.657,degraded,35,0
AC-080,151,engine_hpc,0.184,0.666,degraded,34,0
AC-080,152,engine_hpc,0.178,0.675,degraded,33,0
AC-080,153,engine_hpc,0.173,0.684,degraded,32,0
AC-080,154,engine_hpc,0.168,0.693,degraded,31,0
AC-080,155,engine_hpc,0.162,0.702,degraded,30,1
AC-080,156,engine_hpc,0.157,0.711,degraded,29,1
AC-080,157,engine_hpc,0.151,0.72,degraded,28,1
AC-080,158,engine_hpc,0.146,0.729,severe,27,1
AC-080,159,engine_hpc,0.141,0.739,severe,26,1
AC-080,160,engine_hpc,0.135,0.748,severe,25,1
AC-080,161,engine_hpc,0.13,0.757,severe,24,1
AC-080,162,engine_hpc,0.124,0.767,severe,23,1
AC-080,163,engine_hpc,0.119,0.776,severe,22,1
AC-080,164,engine_hpc,0.114,0.786,severe,21,1
AC-080,165,engine_hpc,0.108,0.795,severe,20,1
AC-080,166,engine_hpc,0.103,0.805,severe,19,1
AC-080,167,engine_hpc,0.097,0.815,severe,18,1
AC-080,168,engine_hpc,0.092,0.825,severe,17,1
AC-080,169,engine_hpc,0.086,0.835,severe,16,1
AC-080,170,engine_hpc,0.081,0.844,severe,15,1
AC-080,171,engine_hpc,0.076,0.854,severe,14,1
AC-080,172,engine_hpc,0.07,0.864,severe,13,1
AC-080,173,engine_hpc,0.065,0.874,severe,12,1
AC-080,174,engine_hpc,0.059,0.885,severe,11,1
AC-080,175,engine_hpc,0.054,0.895,severe,10,1
AC-080,176,engine_hpc,0.049,0.905,severe,9,1
AC-080,177,engine_hpc,0.043,0.915,severe,8,1
AC-080,178,engine_hpc,0.038,0.926,severe,7,1
AC-080,179,engine_hpc,0.032,0.936,severe,6,1
AC-080,180,engine_hpc,0.027,0.947,severe,5,1
AC-080,181,engine_hpc,0.022,0.957,severe,4,1
AC-080,182,engine_hpc,0.016,0.968,severe,3,1
AC-080,183,engine_hpc,0.011,0.978,severe,2,1
AC-080,184,engine_hpc,0.005,0.989,severe,1,1
AC-080,185,engine_hpc,0.0,1.0,severe,0,1
AC-082,1,engine_hpc,0.995,0.0,healthy,213,0
AC-082,2,engine_hpc,0.991,0.0,healthy,212,0
AC-082,3,engine_hpc,0.986,0.0,healthy,211,0
AC-082,4,engine_hpc,0.981,0.0,healthy,210,0
AC-082,5,engine_hpc,0.977,0.001,healthy,209,0
AC-082,6,engine_hpc,0.972,0.001,healthy,208,0
AC-082,7,engine_hpc,0.967,0.001,healthy,207,0
AC-082,8,engine_hpc,0.963,0.001,healthy,206,0
AC-082,9,engine_hpc,0.958,0.002,healthy,205,0
AC-082,10,engine_hpc,0.953,0.002,healthy,204,0
AC-082,11,engine_hpc,0.949,0.003,healthy,203,0
AC-082,12,engine_hpc,0.944,0.003,healthy,202,0
AC-082,13,engine_hpc,0.939,0.004,healthy,201,0
AC-082,14,engine_hpc,0.935,0.004,healthy,200,0
AC-082,15,engine_hpc,0.93,0.005,healthy,199,0
AC-082,16,engine_hpc,0.925,0.006,healthy,198,0
AC-082,17,engine_hpc,0.921,0.006,healthy,197,0
AC-082,18,engine_hpc,0.916,0.007,healthy,196,0
AC-082,19,engine_hpc,0.911,0.008,healthy,195,0
AC-082,20,engine_hpc,0.907,0.009,healthy,194,0
AC-082,21,engine_hpc,0.902,0.01,healthy,193,0
AC-082,22,engine_hpc,0.897,0.011,healthy,192,0
AC-082,23,engine_hpc,0.893,0.012,healthy,191,0
AC-082,24,engine_hpc,0.888,0.013,healthy,190,0
AC-082,25,engine_hpc,0.883,0.014,healthy,189,0
AC-082,26,engine_hpc,0.879,0.015,healthy,188,0
AC-082,27,engine_hpc,0.874,0.016,healthy,187,0
AC-082,28,engine_hpc,0.869,0.017,healthy,186,0
AC-082,29,engine_hpc,0.864,0.018,healthy,185,0
AC-082,30,engine_hpc,0.86,0.02,healthy,184,0
AC-082,31,engine_hpc,0.855,0.021,healthy,183,0
AC-082,32,engine_hpc,0.85,0.022,healthy,182,0
AC-082,33,engine_hpc,0.846,0.024,healthy,181,0
AC-082,34,engine_hpc,0.841,0.025,healthy,180,0
AC-082,35,engine_hpc,0.836,0.027,healthy,179,0
AC-082,36,engine_hpc,0.832,0.028,healthy,178,0
AC-082,37,engine_hpc,0.827,0.03,healthy,177,0
AC-082,38,engine_hpc,0.822,0.032,healthy,176,0
AC-082,39,engine_hpc,0.818,0.033,healthy,175,0
AC-082,40,engine_hpc,0.813,0.035,healthy,174,0
AC-082,41,engine_hpc,0.808,0.037,healthy,173,0
AC-082,42,engine_hpc,0.804,0.039,healthy,172,0
AC-082,43,engine_hpc,0.799,0.04,healthy,171,0
AC-082,44,engine_hpc,0.794,0.042,healthy,170,0
AC-082,45,engine_hpc,0.79,0.044,healthy,169,0
AC-082,46,engine_hpc,0.785,0.046,healthy,168,0
AC-082,47,engine_hpc,0.78,0.048,healthy,167,0
AC-082,48,engine_hpc,0.776,0.05,healthy,166,0
AC-082,49,engine_hpc,0.771,0.052,healthy,165,0
AC-082,50,engine_hpc,0.766,0.055,healthy,164,0
AC-082,51,engine_hpc,0.762,0.057,healthy,163,0
AC-082,52,engine_hpc,0.757,0.059,healthy,162,0
AC-082,53,engine_hpc,0.752,0.061,healthy,161,0
AC-082,54,engine_hpc,0.748,0.064,healthy,160,0
AC-082,55,engine_hpc,0.743,0.066,healthy,159,0
AC-082,56,engine_hpc,0.738,0.068,healthy,158,0
AC-082,57,engine_hpc,0.734,0.071,healthy,157,0
AC-082,58,engine_hpc,0.729,0.073,healthy,156,0
AC-082,59,engine_hpc,0.724,0.076,healthy,155,0
AC-082,60,engine_hpc,0.72,0.079,healthy,154,0
AC-082,61,engine_hpc,0.715,0.081,healthy,153,0
AC-082,62,engine_hpc,0.71,0.084,healthy,152,0
AC-082,63,engine_hpc,0.706,0.087,healthy,151,0
AC-082,64,engine_hpc,0.701,0.089,healthy,150,0
AC-082,65,engine_hpc,0.696,0.092,healthy,149,0
AC-082,66,engine_hpc,0.692,0.095,healthy,148,0
AC-082,67,engine_hpc,0.687,0.098,healthy,147,0
AC-082,68,engine_hpc,0.682,0.101,healthy,146,0
AC-082,69,engine_hpc,0.678,0.104,healthy,145,0
AC-082,70,engine_hpc,0.673,0.107,healthy,144,0
AC-082,71,engine_hpc,0.668,0.11,healthy,143,0
AC-082,72,engine_hpc,0.664,0.113,healthy,142,0
AC-082,73,engine_hpc,0.659,0.116,healthy,141,0
AC-082,74,engine_hpc,0.654,0.12,healthy,140,0
AC-082,75,engine_hpc,0.65,0.123,healthy,139,0
AC-082,76,engine_hpc,0.645,0.126,healthy,138,0
AC-082,77,engine_hpc,0.64,0.129,healthy,137,0
AC-082,78,engine_hpc,0.636,0.133,healthy,136,0
AC-082,79,engine_hpc,0.631,0.136,healthy,135,0
AC-082,80,engine_hpc,0.626,0.14,healthy,134,0
AC-082,81,engine_hpc,0.621,0.143,healthy,133,0
AC-082,82,engine_hpc,0.617,0.147,healthy,132,0
AC-082,83,engine_hpc,0.612,0.15,healthy,131,0
AC-082,84,engine_hpc,0.607,0.154,healthy,130,0
AC-082,85,engine_hpc,0.603,0.158,healthy,129,0
AC-082,86,engine_hpc,0.598,0.161,healthy,128,0
AC-082,87,engine_hpc,0.593,0.165,healthy,127,0
AC-082,88,engine_hpc,0.589,0.169,healthy,126,0
AC-082,89,engine_hpc,0.584,0.173,healthy,125,0
AC-082,90,engine_hpc,0.579,0.177,healthy,124,0
AC-082,91,engine_hpc,0.575,0.181,healthy,123,0
AC-082,92,engine_hpc,0.57,0.185,healthy,122,0
AC-082,93,engine_hpc,0.565,0.189,healthy,121,0
AC-082,94,engine_hpc,0.561,0.193,healthy,120,0
AC-082,95,engine_hpc,0.556,0.197,healthy,119,0
AC-082,96,engine_hpc,0.551,0.201,healthy,118,0
AC-082,97,engine_hpc,0.547,0.205,healthy,117,0
AC-082,98,engine_hpc,0.542,0.21,healthy,116,0
AC-082,99,engine_hpc,0.537,0.214,healthy,115,0
AC-082,100,engine_hpc,0.533,0.218,healthy,114,0
AC-082,101,engine_hpc,0.528,0.223,healthy,113,0
AC-082,102,engine_hpc,0.523,0.227,healthy,112,0
AC-082,103,engine_hpc,0.519,0.232,healthy,111,0
AC-082,104,engine_hpc,0.514,0.236,healthy,110,0
AC-082,105,engine_hpc,0.509,0.241,healthy,109,0
AC-082,106,engine_hpc,0.505,0.245,healthy,108,0
AC-082,107,engine_hpc,0.5,0.25,degraded,107,0
AC-082,108,engine_hpc,0.495,0.255,degraded,106,0
AC-082,109,engine_hpc,0.491,0.259,degraded,105,0
AC-082,110,engine_hpc,0.486,0.264,degraded,104,0
AC-082,111,engine_hpc,0.481,0.269,degraded,103,0
AC-082,112,engine_hpc,0.477,0.274,degraded,102,0
AC-082,113,engine_hpc,0.472,0.279,degraded,101,0
AC-082,114,engine_hpc,0.467,0.284,degraded,100,0
AC-082,115,engine_hpc,0.463,0.289,degraded,99,0
AC-082,116,engine_hpc,0.458,0.294,degraded,98,0
AC-082,117,engine_hpc,0.453,0.299,degraded,97,0
AC-082,118,engine_hpc,0.449,0.304,degraded,96,0
AC-082,119,engine_hpc,0.444,0.309,degraded,95,0
AC-082,120,engine_hpc,0.439,0.314,degraded,94,0
AC-082,121,engine_hpc,0.435,0.32,degraded,93,0
AC-082,122,engine_hpc,0.43,0.325,degraded,92,0
AC-082,123,engine_hpc,0.425,0.33,degraded,91,0
AC-082,124,engine_hpc,0.421,0.336,degraded,90,0
AC-082,125,engine_hpc,0.416,0.341,degraded,89,0
AC-082,126,engine_hpc,0.411,0.347,degraded,88,0
AC-082,127,engine_hpc,0.407,0.352,degraded,87,0
AC-082,128,engine_hpc,0.402,0.358,degraded,86,0
AC-082,129,engine_hpc,0.397,0.363,degraded,85,0
AC-082,130,engine_hpc,0.393,0.369,degraded,84,0
AC-082,131,engine_hpc,0.388,0.375,degraded,83,0
AC-082,132,engine_hpc,0.383,0.38,degraded,82,0
AC-082,133,engine_hpc,0.379,0.386,degraded,81,0
AC-082,134,engine_hpc,0.374,0.392,degraded,80,0
AC-082,135,engine_hpc,0.369,0.398,degraded,79,0
AC-082,136,engine_hpc,0.364,0.404,degraded,78,0
AC-082,137,engine_hpc,0.36,0.41,degraded,77,0
AC-082,138,engine_hpc,0.355,0.416,degraded,76,0
AC-082,139,engine_hpc,0.35,0.422,degraded,75,0
AC-082,140,engine_hpc,0.346,0.428,degraded,74,0
AC-082,141,engine_hpc,0.341,0.434,degraded,73,0
AC-082,142,engine_hpc,0.336,0.44,degraded,72,0
AC-082,143,engine_hpc,0.332,0.447,degraded,71,0
AC-082,144,engine_hpc,0.327,0.453,degraded,70,0
AC-082,145,engine_hpc,0.322,0.459,degraded,69,0
AC-082,146,engine_hpc,0.318,0.465,degraded,68,0
AC-082,147,engine_hpc,0.313,0.472,degraded,67,0
AC-082,148,engine_hpc,0.308,0.478,degraded,66,0
AC-082,149,engine_hpc,0.304,0.485,degraded,65,0
AC-082,150,engine_hpc,0.299,0.491,degraded,64,0
AC-082,151,engine_hpc,0.294,0.498,degraded,63,0
AC-082,152,engine_hpc,0.29,0.504,degraded,62,0
AC-082,153,engine_hpc,0.285,0.511,degraded,61,0
AC-082,154,engine_hpc,0.28,0.518,degraded,60,0
AC-082,155,engine_hpc,0.276,0.525,degraded,59,0
AC-082,156,engine_hpc,0.271,0.531,degraded,58,0
AC-082,157,engine_hpc,0.266,0.538,degraded,57,0
AC-082,158,engine_hpc,0.262,0.545,degraded,56,0
AC-082,159,engine_hpc,0.257,0.552,degraded,55,0
AC-082,160,engine_hpc,0.252,0.559,degraded,54,0
AC-082,161,engine_hpc,0.248,0.566,degraded,53,0
AC-082,162,engine_hpc,0.243,0.573,degraded,52,0
AC-082,163,engine_hpc,0.238,0.58,degraded,51,0
AC-082,164,engine_hpc,0.234,0.587,degraded,50,0
AC-082,165,engine_hpc,0.229,0.594,degraded,49,0
AC-082,166,engine_hpc,0.224,0.602,degraded,48,0
AC-082,167,engine_hpc,0.22,0.609,degraded,47,0
AC-082,168,engine_hpc,0.215,0.616,degraded,46,0
AC-082,169,engine_hpc,0.21,0.624,degraded,45,0
AC-082,170,engine_hpc,0.206,0.631,degraded,44,0
AC-082,171,engine_hpc,0.201,0.639,degraded,43,0
AC-082,172,engine_hpc,0.196,0.646,degraded,42,0
AC-082,173,engine_hpc,0.192,0.654,degraded,41,0
AC-082,174,engine_hpc,0.187,0.661,degraded,40,0
AC-082,175,engine_hpc,0.182,0.669,degraded,39,0
AC-082,176,engine_hpc,0.178,0.676,degraded,38,0
AC-082,177,engine_hpc,0.173,0.684,degraded,37,0
AC-082,178,engine_hpc,0.168,0.692,degraded,36,0
AC-082,179,engine_hpc,0.164,0.7,degraded,35,0
AC-082,180,engine_hpc,0.159,0.707,degraded,34,0
AC-082,181,engine_hpc,0.154,0.715,degraded,33,0
AC-082,182,engine_hpc,0.15,0.723,severe,32,0
AC-082,183,engine_hpc,0.145,0.731,severe,31,0
AC-082,184,engine_hpc,0.14,0.739,severe,30,1
AC-082,185,engine_hpc,0.136,0.747,severe,29,1
AC-082,186,engine_hpc,0.131,0.755,severe,28,1
AC-082,187,engine_hpc,0.126,0.764,severe,27,1
AC-082,188,engine_hpc,0.121,0.772,severe,26,1
AC-082,189,engine_hpc,0.117,0.78,severe,25,1
AC-082,190,engine_hpc,0.112,0.788,severe,24,1
AC-082,191,engine_hpc,0.107,0.797,severe,23,1
AC-082,192,engine_hpc,0.103,0.805,severe,22,1
AC-082,193,engine_hpc,0.098,0.813,severe,21,1
AC-082,194,engine_hpc,0.093,0.822,severe,20,1
AC-082,195,engine_hpc,0.089,0.83,severe,19,1
AC-082,196,engine_hpc,0.084,0.839,severe,18,1
AC-082,197,engine_hpc,0.079,0.847,severe,17,1
AC-082,198,engine_hpc,0.075,0.856,severe,16,1
AC-082,199,engine_hpc,0.07,0.865,severe,15,1
AC-082,200,engine_hpc,0.065,0.873,severe,14,1
AC-082,201,engine_hpc,0.061,0.882,severe,13,1
AC-082,202,engine_hpc,0.056,0.891,severe,12,1
AC-082,203,engine_hpc,0.051,0.9,severe,11,1
AC-082,204,engine_hpc,0.047,0.909,severe,10,1
AC-082,205,engine_hpc,0.042,0.918,severe,9,1
AC-082,206,engine_hpc,0.037,0.927,severe,8,1
AC-082,207,engine_hpc,0.033,0.936,severe,7,1
AC-082,208,engine_hpc,0.028,0.945,severe,6,1
AC-082,209,engine_hpc,0.023,0.954,severe,5,1
AC-082,210,engine_hpc,0.019,0.963,severe,4,1
AC-082,211,engine_hpc,0.014,0.972,severe,3,1
AC-082,212,engine_hpc,0.009,0.981,severe,2,1
AC-082,213,engine_hpc,0.005,0.991,severe,1,1
AC-082,214,engine_hpc,0.0,1.0,severe,0,1
AC-089,1,engine_hpc,0.995,0.0,healthy,216,0
AC-089,2,engine_hpc,0.991,0.0,healthy,215,0
AC-089,3,engine_hpc,0.986,0.0,healthy,214,0
AC-089,4,engine_hpc,0.982,0.0,healthy,213,0
AC-089,5,engine_hpc,0.977,0.001,healthy,212,0
AC-089,6,engine_hpc,0.972,0.001,healthy,211,0
AC-089,7,engine_hpc,0.968,0.001,healthy,210,0
AC-089,8,engine_hpc,0.963,0.001,healthy,209,0
AC-089,9,engine_hpc,0.959,0.002,healthy,208,0
AC-089,10,engine_hpc,0.954,0.002,healthy,207,0
AC-089,11,engine_hpc,0.949,0.003,healthy,206,0
AC-089,12,engine_hpc,0.945,0.003,healthy,205,0
AC-089,13,engine_hpc,0.94,0.004,healthy,204,0
AC-089,14,engine_hpc,0.935,0.004,healthy,203,0
AC-089,15,engine_hpc,0.931,0.005,healthy,202,0
AC-089,16,engine_hpc,0.926,0.005,healthy,201,0
AC-089,17,engine_hpc,0.922,0.006,healthy,200,0
AC-089,18,engine_hpc,0.917,0.007,healthy,199,0
AC-089,19,engine_hpc,0.912,0.008,healthy,198,0
AC-089,20,engine_hpc,0.908,0.008,healthy,197,0
AC-089,21,engine_hpc,0.903,0.009,healthy,196,0
AC-089,22,engine_hpc,0.899,0.01,healthy,195,0
AC-089,23,engine_hpc,0.894,0.011,healthy,194,0
AC-089,24,engine_hpc,0.889,0.012,healthy,193,0
AC-089,25,engine_hpc,0.885,0.013,healthy,192,0
AC-089,26,engine_hpc,0.88,0.014,healthy,191,0
AC-089,27,engine_hpc,0.876,0.015,healthy,190,0
AC-089,28,engine_hpc,0.871,0.017,healthy,189,0
AC-089,29,engine_hpc,0.866,0.018,healthy,188,0
AC-089,30,engine_hpc,0.862,0.019,healthy,187,0
AC-089,31,engine_hpc,0.857,0.02,healthy,186,0
AC-089,32,engine_hpc,0.853,0.022,healthy,185,0
AC-089,33,engine_hpc,0.848,0.023,healthy,184,0
AC-089,34,engine_hpc,0.843,0.025,healthy,183,0
AC-089,35,engine_hpc,0.839,0.026,healthy,182,0
AC-089,36,engine_hpc,0.834,0.028,healthy,181,0
AC-089,37,engine_hpc,0.829,0.029,healthy,180,0
AC-089,38,engine_hpc,0.825,0.031,healthy,179,0
AC-089,39,engine_hpc,0.82,0.032,healthy,178,0
AC-089,40,engine_hpc,0.816,0.034,healthy,177,0
AC-089,41,engine_hpc,0.811,0.036,healthy,176,0
AC-089,42,engine_hpc,0.806,0.037,healthy,175,0
AC-089,43,engine_hpc,0.802,0.039,healthy,174,0
AC-089,44,engine_hpc,0.797,0.041,healthy,173,0
AC-089,45,engine_hpc,0.793,0.043,healthy,172,0
AC-089,46,engine_hpc,0.788,0.045,healthy,171,0
AC-089,47,engine_hpc,0.783,0.047,healthy,170,0
AC-089,48,engine_hpc,0.779,0.049,healthy,169,0
AC-089,49,engine_hpc,0.774,0.051,healthy,168,0
AC-089,50,engine_hpc,0.77,0.053,healthy,167,0
AC-089,51,engine_hpc,0.765,0.055,healthy,166,0
AC-089,52,engine_hpc,0.76,0.057,healthy,165,0
AC-089,53,engine_hpc,0.756,0.06,healthy,164,0
AC-089,54,engine_hpc,0.751,0.062,healthy,163,0
AC-089,55,engine_hpc,0.747,0.064,healthy,162,0
AC-089,56,engine_hpc,0.742,0.067,healthy,161,0
AC-089,57,engine_hpc,0.737,0.069,healthy,160,0
AC-089,58,engine_hpc,0.733,0.071,healthy,159,0
AC-089,59,engine_hpc,0.728,0.074,healthy,158,0
AC-089,60,engine_hpc,0.724,0.076,healthy,157,0
AC-089,61,engine_hpc,0.719,0.079,healthy,156,0
AC-089,62,engine_hpc,0.714,0.082,healthy,155,0
AC-089,63,engine_hpc,0.71,0.084,healthy,154,0
AC-089,64,engine_hpc,0.705,0.087,healthy,153,0
AC-089,65,engine_hpc,0.7,0.09,healthy,152,0
AC-089,66,engine_hpc,0.696,0.093,healthy,151,0
AC-089,67,engine_hpc,0.691,0.095,healthy,150,0
AC-089,68,engine_hpc,0.687,0.098,healthy,149,0
AC-089,69,engine_hpc,0.682,0.101,healthy,148,0
AC-089,70,engine_hpc,0.677,0.104,healthy,147,0
AC-089,71,engine_hpc,0.673,0.107,healthy,146,0
AC-089,72,engine_hpc,0.668,0.11,healthy,145,0
AC-089,73,engine_hpc,0.664,0.113,healthy,144,0
AC-089,74,engine_hpc,0.659,0.116,healthy,143,0
AC-089,75,engine_hpc,0.654,0.119,healthy,142,0
AC-089,76,engine_hpc,0.65,0.123,healthy,141,0
AC-089,77,engine_hpc,0.645,0.126,healthy,140,0
AC-089,78,engine_hpc,0.641,0.129,healthy,139,0
AC-089,79,engine_hpc,0.636,0.133,healthy,138,0
AC-089,80,engine_hpc,0.631,0.136,healthy,137,0
AC-089,81,engine_hpc,0.627,0.139,healthy,136,0
AC-089,82,engine_hpc,0.622,0.143,healthy,135,0
AC-089,83,engine_hpc,0.618,0.146,healthy,134,0
AC-089,84,engine_hpc,0.613,0.15,healthy,133,0
AC-089,85,engine_hpc,0.608,0.153,healthy,132,0
AC-089,86,engine_hpc,0.604,0.157,healthy,131,0
AC-089,87,engine_hpc,0.599,0.161,healthy,130,0
AC-089,88,engine_hpc,0.594,0.164,healthy,129,0
AC-089,89,engine_hpc,0.59,0.168,healthy,128,0
AC-089,90,engine_hpc,0.585,0.172,healthy,127,0
AC-089,91,engine_hpc,0.581,0.176,healthy,126,0
AC-089,92,engine_hpc,0.576,0.18,healthy,125,0
AC-089,93,engine_hpc,0.571,0.184,healthy,124,0
AC-089,94,engine_hpc,0.567,0.188,healthy,123,0
AC-089,95,engine_hpc,0.562,0.192,healthy,122,0
AC-089,96,engine_hpc,0.558,0.196,healthy,121,0
AC-089,97,engine_hpc,0.553,0.2,healthy,120,0
AC-089,98,engine_hpc,0.548,0.204,healthy,119,0
AC-089,99,engine_hpc,0.544,0.208,healthy,118,0
AC-089,100,engine_hpc,0.539,0.212,healthy,117,0
AC-089,101,engine_hpc,0.535,0.217,healthy,116,0
AC-089,102,engine_hpc,0.53,0.221,healthy,115,0
AC-089,103,engine_hpc,0.525,0.225,healthy,114,0
AC-089,104,engine_hpc,0.521,0.23,healthy,113,0
AC-089,105,engine_hpc,0.516,0.234,healthy,112,0
AC-089,106,engine_hpc,0.512,0.239,healthy,111,0
AC-089,107,engine_hpc,0.507,0.243,healthy,110,0
AC-089,108,engine_hpc,0.502,0.248,healthy,109,0
AC-089,109,engine_hpc,0.498,0.252,degraded,108,0
AC-089,110,engine_hpc,0.493,0.257,degraded,107,0
AC-089,111,engine_hpc,0.488,0.262,degraded,106,0
AC-089,112,engine_hpc,0.484,0.266,degraded,105,0
AC-089,113,engine_hpc,0.479,0.271,degraded,104,0
AC-089,114,engine_hpc,0.475,0.276,degraded,103,0
AC-089,115,engine_hpc,0.47,0.281,degraded,102,0
AC-089,116,engine_hpc,0.465,0.286,degraded,101,0
AC-089,117,engine_hpc,0.461,0.291,degraded,100,0
AC-089,118,engine_hpc,0.456,0.296,degraded,99,0
AC-089,119,engine_hpc,0.452,0.301,degraded,98,0
AC-089,120,engine_hpc,0.447,0.306,degraded,97,0
AC-089,121,engine_hpc,0.442,0.311,degraded,96,0
AC-089,122,engine_hpc,0.438,0.316,degraded,95,0
AC-089,123,engine_hpc,0.433,0.321,degraded,94,0
AC-089,124,engine_hpc,0.429,0.327,degraded,93,0
AC-089,125,engine_hpc,0.424,0.332,degraded,92,0
AC-089,126,engine_hpc,0.419,0.337,degraded,91,0
AC-089,127,engine_hpc,0.415,0.343,degraded,90,0
AC-089,128,engine_hpc,0.41,0.348,degraded,89,0
AC-089,129,engine_hpc,0.406,0.353,degraded,88,0
AC-089,130,engine_hpc,0.401,0.359,degraded,87,0
AC-089,131,engine_hpc,0.396,0.364,degraded,86,0
AC-089,132,engine_hpc,0.392,0.37,degraded,85,0
AC-089,133,engine_hpc,0.387,0.376,degraded,84,0
AC-089,134,engine_hpc,0.382,0.381,degraded,83,0
AC-089,135,engine_hpc,0.378,0.387,degraded,82,0
AC-089,136,engine_hpc,0.373,0.393,degraded,81,0
AC-089,137,engine_hpc,0.369,0.399,degraded,80,0
AC-089,138,engine_hpc,0.364,0.404,degraded,79,0
AC-089,139,engine_hpc,0.359,0.41,degraded,78,0
AC-089,140,engine_hpc,0.355,0.416,degraded,77,0
AC-089,141,engine_hpc,0.35,0.422,degraded,76,0
AC-089,142,engine_hpc,0.346,0.428,degraded,75,0
AC-089,143,engine_hpc,0.341,0.434,degraded,74,0
AC-089,144,engine_hpc,0.336,0.44,degraded,73,0
AC-089,145,engine_hpc,0.332,0.446,degraded,72,0
AC-089,146,engine_hpc,0.327,0.453,degraded,71,0
AC-089,147,engine_hpc,0.323,0.459,degraded,70,0
AC-089,148,engine_hpc,0.318,0.465,degraded,69,0
AC-089,149,engine_hpc,0.313,0.471,degraded,68,0
AC-089,150,engine_hpc,0.309,0.478,degraded,67,0
AC-089,151,engine_hpc,0.304,0.484,degraded,66,0
AC-089,152,engine_hpc,0.3,0.491,degraded,65,0
AC-089,153,engine_hpc,0.295,0.497,degraded,64,0
AC-089,154,engine_hpc,0.29,0.504,degraded,63,0
AC-089,155,engine_hpc,0.286,0.51,degraded,62,0
AC-089,156,engine_hpc,0.281,0.517,degraded,61,0
AC-089,157,engine_hpc,0.276,0.523,degraded,60,0
AC-089,158,engine_hpc,0.272,0.53,degraded,59,0
AC-089,159,engine_hpc,0.267,0.537,degraded,58,0
AC-089,160,engine_hpc,0.263,0.544,degraded,57,0
AC-089,161,engine_hpc,0.258,0.55,degraded,56,0
AC-089,162,engine_hpc,0.253,0.557,degraded,55,0
AC-089,163,engine_hpc,0.249,0.564,degraded,54,0
AC-089,164,engine_hpc,0.244,0.571,degraded,53,0
AC-089,165,engine_hpc,0.24,0.578,degraded,52,0
AC-089,166,engine_hpc,0.235,0.585,degraded,51,0
AC-089,167,engine_hpc,0.23,0.592,degraded,50,0
AC-089,168,engine_hpc,0.226,0.599,degraded,49,0
AC-089,169,engine_hpc,0.221,0.607,degraded,48,0
AC-089,170,engine_hpc,0.217,0.614,degraded,47,0
AC-089,171,engine_hpc,0.212,0.621,degraded,46,0
AC-089,172,engine_hpc,0.207,0.628,degraded,45,0
AC-089,173,engine_hpc,0.203,0.636,degraded,44,0
AC-089,174,engine_hpc,0.198,0.643,degraded,43,0
AC-089,175,engine_hpc,0.194,0.65,degraded,42,0
AC-089,176,engine_hpc,0.189,0.658,degraded,41,0
AC-089,177,engine_hpc,0.184,0.665,degraded,40,0
AC-089,178,engine_hpc,0.18,0.673,degraded,39,0
AC-089,179,engine_hpc,0.175,0.68,degraded,38,0
AC-089,180,engine_hpc,0.171,0.688,degraded,37,0
AC-089,181,engine_hpc,0.166,0.696,degraded,36,0
AC-089,182,engine_hpc,0.161,0.703,degraded,35,0
AC-089,183,engine_hpc,0.157,0.711,degraded,34,0
AC-089,184,engine_hpc,0.152,0.719,degraded,33,0
AC-089,185,engine_hpc,0.147,0.727,severe,32,0
AC-089,186,engine_hpc,0.143,0.735,severe,31,0
AC-089,187,engine_hpc,0.138,0.743,severe,30,1
AC-089,188,engine_hpc,0.134,0.751,severe,29,1
AC-089,189,engine_hpc,0.129,0.759,severe,28,1
AC-089,190,engine_hpc,0.124,0.767,severe,27,1
AC-089,191,engine_hpc,0.12,0.775,severe,26,1
AC-089,192,engine_hpc,0.115,0.783,severe,25,1
AC-089,193,engine_hpc,0.111,0.791,severe,24,1
AC-089,194,engine_hpc,0.106,0.799,severe,23,1
AC-089,195,engine_hpc,0.101,0.808,severe,22,1
AC-089,196,engine_hpc,0.097,0.816,severe,21,1
AC-089,197,engine_hpc,0.092,0.824,severe,20,1
AC-089,198,engine_hpc,0.088,0.833,severe,19,1
AC-089,199,engine_hpc,0.083,0.841,severe,18,1
AC-089,200,engine_hpc,0.078,0.849,severe,17,1
AC-089,201,engine_hpc,0.074,0.858,severe,16,1
AC-089,202,engine_hpc,0.069,0.867,severe,15,1
AC-089,203,engine_hpc,0.065,0.875,severe,14,1
AC-089,204,engine_hpc,0.06,0.884,severe,13,1
AC-089,205,engine_hpc,0.055,0.892,severe,12,1
AC-089,206,engine_hpc,0.051,0.901,severe,11,1
AC-089,207,engine_hpc,0.046,0.91,severe,10,1
AC-089,208,engine_hpc,0.041,0.919,severe,9,1
AC-089,209,engine_hpc,0.037,0.928,severe,8,1
AC-089,210,engine_hpc,0.032,0.937,severe,7,1
AC-089,211,engine_hpc,0.028,0.945,severe,6,1
AC-089,212,engine_hpc,0.023,0.954,severe,5,1
AC-089,213,engine_hpc,0.018,0.963,severe,4,1
AC-089,214,engine_hpc,0.014,0.973,severe,3,1
AC-089,215,engine_hpc,0.009,0.982,severe,2,1
AC-089,216,engine_hpc,0.005,0.991,severe,1,1
AC-089,217,engine_hpc,0.0,1.0,severe,0,1
AC-090,1,engine_hpc,0.994,0.0,healthy,153,0
AC-090,2,engine_hpc,0.987,0.0,healthy,152,0
AC-090,3,engine_hpc,0.981,0.0,healthy,151,0
AC-090,4,engine_hpc,0.974,0.001,healthy,150,0
AC-090,5,engine_hpc,0.968,0.001,healthy,149,0
AC-090,6,engine_hpc,0.961,0.002,healthy,148,0
AC-090,7,engine_hpc,0.955,0.002,healthy,147,0
AC-090,8,engine_hpc,0.948,0.003,healthy,146,0
AC-090,9,engine_hpc,0.942,0.003,healthy,145,0
AC-090,10,engine_hpc,0.935,0.004,healthy,144,0
AC-090,11,engine_hpc,0.929,0.005,healthy,143,0
AC-090,12,engine_hpc,0.922,0.006,healthy,142,0
AC-090,13,engine_hpc,0.916,0.007,healthy,141,0
AC-090,14,engine_hpc,0.909,0.008,healthy,140,0
AC-090,15,engine_hpc,0.903,0.009,healthy,139,0
AC-090,16,engine_hpc,0.896,0.011,healthy,138,0
AC-090,17,engine_hpc,0.89,0.012,healthy,137,0
AC-090,18,engine_hpc,0.883,0.014,healthy,136,0
AC-090,19,engine_hpc,0.877,0.015,healthy,135,0
AC-090,20,engine_hpc,0.87,0.017,healthy,134,0
AC-090,21,engine_hpc,0.864,0.019,healthy,133,0
AC-090,22,engine_hpc,0.857,0.02,healthy,132,0
AC-090,23,engine_hpc,0.851,0.022,healthy,131,0
AC-090,24,engine_hpc,0.844,0.024,healthy,130,0
AC-090,25,engine_hpc,0.838,0.026,healthy,129,0
AC-090,26,engine_hpc,0.831,0.029,healthy,128,0
AC-090,27,engine_hpc,0.825,0.031,healthy,127,0
AC-090,28,engine_hpc,0.818,0.033,healthy,126,0
AC-090,29,engine_hpc,0.812,0.035,healthy,125,0
AC-090,30,engine_hpc,0.805,0.038,healthy,124,0
AC-090,31,engine_hpc,0.799,0.041,healthy,123,0
AC-090,32,engine_hpc,0.792,0.043,healthy,122,0
AC-090,33,engine_hpc,0.786,0.046,healthy,121,0
AC-090,34,engine_hpc,0.779,0.049,healthy,120,0
AC-090,35,engine_hpc,0.773,0.052,healthy,119,0
AC-090,36,engine_hpc,0.766,0.055,healthy,118,0
AC-090,37,engine_hpc,0.76,0.058,healthy,117,0
AC-090,38,engine_hpc,0.753,0.061,healthy,116,0
AC-090,39,engine_hpc,0.747,0.064,healthy,115,0
AC-090,40,engine_hpc,0.74,0.067,healthy,114,0
AC-090,41,engine_hpc,0.734,0.071,healthy,113,0
AC-090,42,engine_hpc,0.727,0.074,healthy,112,0
AC-090,43,engine_hpc,0.721,0.078,healthy,111,0
AC-090,44,engine_hpc,0.714,0.082,healthy,110,0
AC-090,45,engine_hpc,0.708,0.085,healthy,109,0
AC-090,46,engine_hpc,0.701,0.089,healthy,108,0
AC-090,47,engine_hpc,0.695,0.093,healthy,107,0
AC-090,48,engine_hpc,0.688,0.097,healthy,106,0
AC-090,49,engine_hpc,0.682,0.101,healthy,105,0
AC-090,50,engine_hpc,0.675,0.105,healthy,104,0
AC-090,51,engine_hpc,0.669,0.11,healthy,103,0
AC-090,52,engine_hpc,0.662,0.114,healthy,102,0
AC-090,53,engine_hpc,0.656,0.118,healthy,101,0
AC-090,54,engine_hpc,0.649,0.123,healthy,100,0
AC-090,55,engine_hpc,0.643,0.128,healthy,99,0
AC-090,56,engine_hpc,0.636,0.132,healthy,98,0
AC-090,57,engine_hpc,0.63,0.137,healthy,97,0
AC-090,58,engine_hpc,0.623,0.142,healthy,96,0
AC-090,59,engine_hpc,0.617,0.147,healthy,95,0
AC-090,60,engine_hpc,0.61,0.152,healthy,94,0
AC-090,61,engine_hpc,0.604,0.157,healthy,93,0
AC-090,62,engine_hpc,0.597,0.162,healthy,92,0
AC-090,63,engine_hpc,0.591,0.167,healthy,91,0
AC-090,64,engine_hpc,0.584,0.173,healthy,90,0
AC-090,65,engine_hpc,0.578,0.178,healthy,89,0
AC-090,66,engine_hpc,0.571,0.184,healthy,88,0
AC-090,67,engine_hpc,0.565,0.189,healthy,87,0
AC-090,68,engine_hpc,0.558,0.195,healthy,86,0
AC-090,69,engine_hpc,0.552,0.201,healthy,85,0
AC-090,70,engine_hpc,0.545,0.207,healthy,84,0
AC-090,71,engine_hpc,0.539,0.213,healthy,83,0
AC-090,72,engine_hpc,0.532,0.219,healthy,82,0
AC-090,73,engine_hpc,0.526,0.225,healthy,81,0
AC-090,74,engine_hpc,0.519,0.231,healthy,80,0
AC-090,75,engine_hpc,0.513,0.237,healthy,79,0
AC-090,76,engine_hpc,0.506,0.244,healthy,78,0
AC-090,77,engine_hpc,0.5,0.25,degraded,77,0
AC-090,78,engine_hpc,0.494,0.257,degraded,76,0
AC-090,79,engine_hpc,0.487,0.263,degraded,75,0
AC-090,80,engine_hpc,0.481,0.27,degraded,74,0
AC-090,81,engine_hpc,0.474,0.277,degraded,73,0
AC-090,82,engine_hpc,0.468,0.284,degraded,72,0
AC-090,83,engine_hpc,0.461,0.29,degraded,71,0
AC-090,84,engine_hpc,0.455,0.298,degraded,70,0
AC-090,85,engine_hpc,0.448,0.305,degraded,69,0
AC-090,86,engine_hpc,0.442,0.312,degraded,68,0
AC-090,87,engine_hpc,0.435,0.319,degraded,67,0
AC-090,88,engine_hpc,0.429,0.327,degraded,66,0
AC-090,89,engine_hpc,0.422,0.334,degraded,65,0
AC-090,90,engine_hpc,0.416,0.342,degraded,64,0
AC-090,91,engine_hpc,0.409,0.349,degraded,63,0
AC-090,92,engine_hpc,0.403,0.357,degraded,62,0
AC-090,93,engine_hpc,0.396,0.365,degraded,61,0
AC-090,94,engine_hpc,0.39,0.373,degraded,60,0
AC-090,95,engine_hpc,0.383,0.381,degraded,59,0
AC-090,96,engine_hpc,0.377,0.389,degraded,58,0
AC-090,97,engine_hpc,0.37,0.397,degraded,57,0
AC-090,98,engine_hpc,0.364,0.405,degraded,56,0
AC-090,99,engine_hpc,0.357,0.413,degraded,55,0
AC-090,100,engine_hpc,0.351,0.422,degraded,54,0
AC-090,101,engine_hpc,0.344,0.43,degraded,53,0
AC-090,102,engine_hpc,0.338,0.439,degraded,52,0
AC-090,103,engine_hpc,0.331,0.447,degraded,51,0
AC-090,104,engine_hpc,0.325,0.456,degraded,50,0
AC-090,105,engine_hpc,0.318,0.465,degraded,49,0
AC-090,106,engine_hpc,0.312,0.474,degraded,48,0
AC-090,107,engine_hpc,0.305,0.483,degraded,47,0
AC-090,108,engine_hpc,0.299,0.492,degraded,46,0
AC-090,109,engine_hpc,0.292,0.501,degraded,45,0
AC-090,110,engine_hpc,0.286,0.51,degraded,44,0
AC-090,111,engine_hpc,0.279,0.52,degraded,43,0
AC-090,112,engine_hpc,0.273,0.529,degraded,42,0
AC-090,113,engine_hpc,0.266,0.538,degraded,41,0
AC-090,114,engine_hpc,0.26,0.548,degraded,40,0
AC-090,115,engine_hpc,0.253,0.558,degraded,39,0
AC-090,116,engine_hpc,0.247,0.567,degraded,38,0
AC-090,117,engine_hpc,0.24,0.577,degraded,37,0
AC-090,118,engine_hpc,0.234,0.587,degraded,36,0
AC-090,119,engine_hpc,0.227,0.597,degraded,35,0
AC-090,120,engine_hpc,0.221,0.607,degraded,34,0
AC-090,121,engine_hpc,0.214,0.617,degraded,33,0
AC-090,122,engine_hpc,0.208,0.628,degraded,32,0
AC-090,123,engine_hpc,0.201,0.638,degraded,31,0
AC-090,124,engine_hpc,0.195,0.648,degraded,30,1
AC-090,125,engine_hpc,0.188,0.659,degraded,29,1
AC-090,126,engine_hpc,0.182,0.669,degraded,28,1
AC-090,127,engine_hpc,0.175,0.68,degraded,27,1
AC-090,128,engine_hpc,0.169,0.691,degraded,26,1
AC-090,129,engine_hpc,0.162,0.702,degraded,25,1
AC-090,130,engine_hpc,0.156,0.713,degraded,24,1
AC-090,131,engine_hpc,0.149,0.724,severe,23,1
AC-090,132,engine_hpc,0.143,0.735,severe,22,1
AC-090,133,engine_hpc,0.136,0.746,severe,21,1
AC-090,134,engine_hpc,0.13,0.757,severe,20,1
AC-090,135,engine_hpc,0.123,0.768,severe,19,1
AC-090,136,engine_hpc,0.117,0.78,severe,18,1
AC-090,137,engine_hpc,0.11,0.791,severe,17,1
AC-090,138,engine_hpc,0.104,0.803,severe,16,1
AC-090,139,engine_hpc,0.097,0.815,severe,15,1
AC-090,140,engine_hpc,0.091,0.826,severe,14,1
AC-090,141,engine_hpc,0.084,0.838,severe,13,1
AC-090,142,engine_hpc,0.078,0.85,severe,12,1
AC-090,143,engine_hpc,0.071,0.862,severe,11,1
AC-090,144,engine_hpc,0.065,0.874,severe,10,1
AC-090,145,engine_hpc,0.058,0.887,severe,9,1
AC-090,146,engine_hpc,0.052,0.899,severe,8,1
AC-090,147,engine_hpc,0.045,0.911,severe,7,1
AC-090,148,engine_hpc,0.039,0.924,severe,6,1
AC-090,149,engine_hpc,0.032,0.936,severe,5,1
AC-090,150,engine_hpc,0.026,0.949,severe,4,1
AC-090,151,engine_hpc,0.019,0.961,severe,3,1
AC-090,152,engine_hpc,0.013,0.974,severe,2,1
AC-090,153,engine_hpc,0.006,0.987,severe,1,1
AC-090,154,engine_hpc,0.0,1.0,severe,0,1
AC-092,1,engine_hpc,0.997,0.0,healthy,340,0
AC-092,2,engine_hpc,0.994,0.0,healthy,339,0
AC-092,3,engine_hpc,0.991,0.0,healthy,338,0
AC-092,4,engine_hpc,0.988,0.0,healthy,337,0
AC-092,5,engine_hpc,0.985,0.0,healthy,336,0
AC-092,6,engine_hpc,0.982,0.0,healthy,335,0
AC-092,7,engine_hpc,0.979,0.0,healthy,334,0
AC-092,8,engine_hpc,0.977,0.001,healthy,333,0
AC-092,9,engine_hpc,0.974,0.001,healthy,332,0
AC-092,10,engine_hpc,0.971,0.001,healthy,331,0
AC-092,11,engine_hpc,0.968,0.001,healthy,330,0
AC-092,12,engine_hpc,0.965,0.001,healthy,329,0
AC-092,13,engine_hpc,0.962,0.001,healthy,328,0
AC-092,14,engine_hpc,0.959,0.002,healthy,327,0
AC-092,15,engine_hpc,0.956,0.002,healthy,326,0
AC-092,16,engine_hpc,0.953,0.002,healthy,325,0
AC-092,17,engine_hpc,0.95,0.002,healthy,324,0
AC-092,18,engine_hpc,0.947,0.003,healthy,323,0
AC-092,19,engine_hpc,0.944,0.003,healthy,322,0
AC-092,20,engine_hpc,0.941,0.003,healthy,321,0
AC-092,21,engine_hpc,0.938,0.004,healthy,320,0
AC-092,22,engine_hpc,0.935,0.004,healthy,319,0
AC-092,23,engine_hpc,0.933,0.005,healthy,318,0
AC-092,24,engine_hpc,0.93,0.005,healthy,317,0
AC-092,25,engine_hpc,0.927,0.005,healthy,316,0
AC-092,26,engine_hpc,0.924,0.006,healthy,315,0
AC-092,27,engine_hpc,0.921,0.006,healthy,314,0
AC-092,28,engine_hpc,0.918,0.007,healthy,313,0
AC-092,29,engine_hpc,0.915,0.007,healthy,312,0
AC-092,30,engine_hpc,0.912,0.008,healthy,311,0
AC-092,31,engine_hpc,0.909,0.008,healthy,310,0
AC-092,32,engine_hpc,0.906,0.009,healthy,309,0
AC-092,33,engine_hpc,0.903,0.009,healthy,308,0
AC-092,34,engine_hpc,0.9,0.01,healthy,307,0
AC-092,35,engine_hpc,0.897,0.011,healthy,306,0
AC-092,36,engine_hpc,0.894,0.011,healthy,305,0
AC-092,37,engine_hpc,0.891,0.012,healthy,304,0
AC-092,38,engine_hpc,0.889,0.012,healthy,303,0
AC-092,39,engine_hpc,0.886,0.013,healthy,302,0
AC-092,40,engine_hpc,0.883,0.014,healthy,301,0
AC-092,41,engine_hpc,0.88,0.014,healthy,300,0
AC-092,42,engine_hpc,0.877,0.015,healthy,299,0
AC-092,43,engine_hpc,0.874,0.016,healthy,298,0
AC-092,44,engine_hpc,0.871,0.017,healthy,297,0
AC-092,45,engine_hpc,0.868,0.017,healthy,296,0
AC-092,46,engine_hpc,0.865,0.018,healthy,295,0
AC-092,47,engine_hpc,0.862,0.019,healthy,294,0
AC-092,48,engine_hpc,0.859,0.02,healthy,293,0
AC-092,49,engine_hpc,0.856,0.021,healthy,292,0
AC-092,50,engine_hpc,0.853,0.021,healthy,291,0
AC-092,51,engine_hpc,0.85,0.022,healthy,290,0
AC-092,52,engine_hpc,0.848,0.023,healthy,289,0
AC-092,53,engine_hpc,0.845,0.024,healthy,288,0
AC-092,54,engine_hpc,0.842,0.025,healthy,287,0
AC-092,55,engine_hpc,0.839,0.026,healthy,286,0
AC-092,56,engine_hpc,0.836,0.027,healthy,285,0
AC-092,57,engine_hpc,0.833,0.028,healthy,284,0
AC-092,58,engine_hpc,0.83,0.029,healthy,283,0
AC-092,59,engine_hpc,0.827,0.03,healthy,282,0
AC-092,60,engine_hpc,0.824,0.031,healthy,281,0
AC-092,61,engine_hpc,0.821,0.032,healthy,280,0
AC-092,62,engine_hpc,0.818,0.033,healthy,279,0
AC-092,63,engine_hpc,0.815,0.034,healthy,278,0
AC-092,64,engine_hpc,0.812,0.035,healthy,277,0
AC-092,65,engine_hpc,0.809,0.036,healthy,276,0
AC-092,66,engine_hpc,0.806,0.037,healthy,275,0
AC-092,67,engine_hpc,0.804,0.039,healthy,274,0
AC-092,68,engine_hpc,0.801,0.04,healthy,273,0
AC-092,69,engine_hpc,0.798,0.041,healthy,272,0
AC-092,70,engine_hpc,0.795,0.042,healthy,271,0
AC-092,71,engine_hpc,0.792,0.043,healthy,270,0
AC-092,72,engine_hpc,0.789,0.045,healthy,269,0
AC-092,73,engine_hpc,0.786,0.046,healthy,268,0
AC-092,74,engine_hpc,0.783,0.047,healthy,267,0
AC-092,75,engine_hpc,0.78,0.048,healthy,266,0
AC-092,76,engine_hpc,0.777,0.05,healthy,265,0
AC-092,77,engine_hpc,0.774,0.051,healthy,264,0
AC-092,78,engine_hpc,0.771,0.052,healthy,263,0
AC-092,79,engine_hpc,0.768,0.054,healthy,262,0
AC-092,80,engine_hpc,0.765,0.055,healthy,261,0
AC-092,81,engine_hpc,0.762,0.056,healthy,260,0
AC-092,82,engine_hpc,0.76,0.058,healthy,259,0
AC-092,83,engine_hpc,0.757,0.059,healthy,258,0
AC-092,84,engine_hpc,0.754,0.061,healthy,257,0
AC-092,85,engine_hpc,0.751,0.062,healthy,256,0
AC-092,86,engine_hpc,0.748,0.064,healthy,255,0
AC-092,87,engine_hpc,0.745,0.065,healthy,254,0
AC-092,88,engine_hpc,0.742,0.067,healthy,253,0
AC-092,89,engine_hpc,0.739,0.068,healthy,252,0
AC-092,90,engine_hpc,0.736,0.07,healthy,251,0
AC-092,91,engine_hpc,0.733,0.071,healthy,250,0
AC-092,92,engine_hpc,0.73,0.073,healthy,249,0
AC-092,93,engine_hpc,0.727,0.074,healthy,248,0
AC-092,94,engine_hpc,0.724,0.076,healthy,247,0
AC-092,95,engine_hpc,0.721,0.078,healthy,246,0
AC-092,96,engine_hpc,0.718,0.079,healthy,245,0
AC-092,97,engine_hpc,0.716,0.081,healthy,244,0
AC-092,98,engine_hpc,0.713,0.083,healthy,243,0
AC-092,99,engine_hpc,0.71,0.084,healthy,242,0
AC-092,100,engine_hpc,0.707,0.086,healthy,241,0
AC-092,101,engine_hpc,0.704,0.088,healthy,240,0
AC-092,102,engine_hpc,0.701,0.089,healthy,239,0
AC-092,103,engine_hpc,0.698,0.091,healthy,238,0
AC-092,104,engine_hpc,0.695,0.093,healthy,237,0
AC-092,105,engine_hpc,0.692,0.095,healthy,236,0
AC-092,106,engine_hpc,0.689,0.097,healthy,235,0
AC-092,107,engine_hpc,0.686,0.098,healthy,234,0
AC-092,108,engine_hpc,0.683,0.1,healthy,233,0
AC-092,109,engine_hpc,0.68,0.102,healthy,232,0
AC-092,110,engine_hpc,0.677,0.104,healthy,231,0
AC-092,111,engine_hpc,0.674,0.106,healthy,230,0
AC-092,112,engine_hpc,0.672,0.108,healthy,229,0
AC-092,113,engine_hpc,0.669,0.11,healthy,228,0
AC-092,114,engine_hpc,0.666,0.112,healthy,227,0
AC-092,115,engine_hpc,0.663,0.114,healthy,226,0
AC-092,116,engine_hpc,0.66,0.116,healthy,225,0
AC-092,117,engine_hpc,0.657,0.118,healthy,224,0
AC-092,118,engine_hpc,0.654,0.12,healthy,223,0
AC-092,119,engine_hpc,0.651,0.122,healthy,222,0
AC-092,120,engine_hpc,0.648,0.124,healthy,221,0
AC-092,121,engine_hpc,0.645,0.126,healthy,220,0
AC-092,122,engine_hpc,0.642,0.128,healthy,219,0
AC-092,123,engine_hpc,0.639,0.13,healthy,218,0
AC-092,124,engine_hpc,0.636,0.132,healthy,217,0
AC-092,125,engine_hpc,0.633,0.134,healthy,216,0
AC-092,126,engine_hpc,0.63,0.137,healthy,215,0
AC-092,127,engine_hpc,0.628,0.139,healthy,214,0
AC-092,128,engine_hpc,0.625,0.141,healthy,213,0
AC-092,129,engine_hpc,0.622,0.143,healthy,212,0
AC-092,130,engine_hpc,0.619,0.145,healthy,211,0
AC-092,131,engine_hpc,0.616,0.148,healthy,210,0
AC-092,132,engine_hpc,0.613,0.15,healthy,209,0
AC-092,133,engine_hpc,0.61,0.152,healthy,208,0
AC-092,134,engine_hpc,0.607,0.154,healthy,207,0
AC-092,135,engine_hpc,0.604,0.157,healthy,206,0
AC-092,136,engine_hpc,0.601,0.159,healthy,205,0
AC-092,137,engine_hpc,0.598,0.161,healthy,204,0
AC-092,138,engine_hpc,0.595,0.164,healthy,203,0
AC-092,139,engine_hpc,0.592,0.166,healthy,202,0
AC-092,140,engine_hpc,0.589,0.169,healthy,201,0
AC-092,141,engine_hpc,0.587,0.171,healthy,200,0
AC-092,142,engine_hpc,0.584,0.173,healthy,199,0
AC-092,143,engine_hpc,0.581,0.176,healthy,198,0
AC-092,144,engine_hpc,0.578,0.178,healthy,197,0
AC-092,145,engine_hpc,0.575,0.181,healthy,196,0
AC-092,146,engine_hpc,0.572,0.183,healthy,195,0
AC-092,147,engine_hpc,0.569,0.186,healthy,194,0
AC-092,148,engine_hpc,0.566,0.188,healthy,193,0
AC-092,149,engine_hpc,0.563,0.191,healthy,192,0
AC-092,150,engine_hpc,0.56,0.193,healthy,191,0
AC-092,151,engine_hpc,0.557,0.196,healthy,190,0
AC-092,152,engine_hpc,0.554,0.199,healthy,189,0
AC-092,153,engine_hpc,0.551,0.201,healthy,188,0
AC-092,154,engine_hpc,0.548,0.204,healthy,187,0
AC-092,155,engine_hpc,0.545,0.207,healthy,186,0
AC-092,156,engine_hpc,0.543,0.209,healthy,185,0
AC-092,157,engine_hpc,0.54,0.212,healthy,184,0
AC-092,158,engine_hpc,0.537,0.215,healthy,183,0
AC-092,159,engine_hpc,0.534,0.217,healthy,182,0
AC-092,160,engine_hpc,0.531,0.22,healthy,181,0
AC-092,161,engine_hpc,0.528,0.223,healthy,180,0
AC-092,162,engine_hpc,0.525,0.226,healthy,179,0
AC-092,163,engine_hpc,0.522,0.228,healthy,178,0
AC-092,164,engine_hpc,0.519,0.231,healthy,177,0
AC-092,165,engine_hpc,0.516,0.234,healthy,176,0
AC-092,166,engine_hpc,0.513,0.237,healthy,175,0
AC-092,167,engine_hpc,0.51,0.24,healthy,174,0
AC-092,168,engine_hpc,0.507,0.243,healthy,173,0
AC-092,169,engine_hpc,0.504,0.246,healthy,172,0
AC-092,170,engine_hpc,0.501,0.249,healthy,171,0
AC-092,171,engine_hpc,0.499,0.251,degraded,170,0
AC-092,172,engine_hpc,0.496,0.254,degraded,169,0
AC-092,173,engine_hpc,0.493,0.257,degraded,168,0
AC-092,174,engine_hpc,0.49,0.26,degraded,167,0
AC-092,175,engine_hpc,0.487,0.263,degraded,166,0
AC-092,176,engine_hpc,0.484,0.266,degraded,165,0
AC-092,177,engine_hpc,0.481,0.269,degraded,164,0
AC-092,178,engine_hpc,0.478,0.272,degraded,163,0
AC-092,179,engine_hpc,0.475,0.276,degraded,162,0
AC-092,180,engine_hpc,0.472,0.279,degraded,161,0
AC-092,181,engine_hpc,0.469,0.282,degraded,160,0
AC-092,182,engine_hpc,0.466,0.285,degraded,159,0
AC-092,183,engine_hpc,0.463,0.288,degraded,158,0
AC-092,184,engine_hpc,0.46,0.291,degraded,157,0
AC-092,185,engine_hpc,0.457,0.294,degraded,156,0
AC-092,186,engine_hpc,0.455,0.298,degraded,155,0
AC-092,187,engine_hpc,0.452,0.301,degraded,154,0
AC-092,188,engine_hpc,0.449,0.304,degraded,153,0
AC-092,189,engine_hpc,0.446,0.307,degraded,152,0
AC-092,190,engine_hpc,0.443,0.31,degraded,151,0
AC-092,191,engine_hpc,0.44,0.314,degraded,150,0
AC-092,192,engine_hpc,0.437,0.317,degraded,149,0
AC-092,193,engine_hpc,0.434,0.32,degraded,148,0
AC-092,194,engine_hpc,0.431,0.324,degraded,147,0
AC-092,195,engine_hpc,0.428,0.327,degraded,146,0
AC-092,196,engine_hpc,0.425,0.33,degraded,145,0
AC-092,197,engine_hpc,0.422,0.334,degraded,144,0
AC-092,198,engine_hpc,0.419,0.337,degraded,143,0
AC-092,199,engine_hpc,0.416,0.341,degraded,142,0
AC-092,200,engine_hpc,0.413,0.344,degraded,141,0
AC-092,201,engine_hpc,0.411,0.347,degraded,140,0
AC-092,202,engine_hpc,0.408,0.351,degraded,139,0
AC-092,203,engine_hpc,0.405,0.354,degraded,138,0
AC-092,204,engine_hpc,0.402,0.358,degraded,137,0
AC-092,205,engine_hpc,0.399,0.361,degraded,136,0
AC-092,206,engine_hpc,0.396,0.365,degraded,135,0
AC-092,207,engine_hpc,0.393,0.368,degraded,134,0
AC-092,208,engine_hpc,0.39,0.372,degraded,133,0
AC-092,209,engine_hpc,0.387,0.376,degraded,132,0
AC-092,210,engine_hpc,0.384,0.379,degraded,131,0
AC-092,211,engine_hpc,0.381,0.383,degraded,130,0
AC-092,212,engine_hpc,0.378,0.387,degraded,129,0
AC-092,213,engine_hpc,0.375,0.39,degraded,128,0
AC-092,214,engine_hpc,0.372,0.394,degraded,127,0
AC-092,215,engine_hpc,0.37,0.398,degraded,126,0
AC-092,216,engine_hpc,0.367,0.401,degraded,125,0
AC-092,217,engine_hpc,0.364,0.405,degraded,124,0
AC-092,218,engine_hpc,0.361,0.409,degraded,123,0
AC-092,219,engine_hpc,0.358,0.412,degraded,122,0
AC-092,220,engine_hpc,0.355,0.416,degraded,121,0
AC-092,221,engine_hpc,0.352,0.42,degraded,120,0
AC-092,222,engine_hpc,0.349,0.424,degraded,119,0
AC-092,223,engine_hpc,0.346,0.428,degraded,118,0
AC-092,224,engine_hpc,0.343,0.432,degraded,117,0
AC-092,225,engine_hpc,0.34,0.435,degraded,116,0
AC-092,226,engine_hpc,0.337,0.439,degraded,115,0
AC-092,227,engine_hpc,0.334,0.443,degraded,114,0
AC-092,228,engine_hpc,0.331,0.447,degraded,113,0
AC-092,229,engine_hpc,0.328,0.451,degraded,112,0
AC-092,230,engine_hpc,0.326,0.455,degraded,111,0
AC-092,231,engine_hpc,0.323,0.459,degraded,110,0
AC-092,232,engine_hpc,0.32,0.463,degraded,109,0
AC-092,233,engine_hpc,0.317,0.467,degraded,108,0
AC-092,234,engine_hpc,0.314,0.471,degraded,107,0
AC-092,235,engine_hpc,0.311,0.475,degraded,106,0
AC-092,236,engine_hpc,0.308,0.479,degraded,105,0
AC-092,237,engine_hpc,0.305,0.483,degraded,104,0
AC-092,238,engine_hpc,0.302,0.487,degraded,103,0
AC-092,239,engine_hpc,0.299,0.491,degraded,102,0
AC-092,240,engine_hpc,0.296,0.495,degraded,101,0
AC-092,241,engine_hpc,0.293,0.499,degraded,100,0
AC-092,242,engine_hpc,0.29,0.504,degraded,99,0
AC-092,243,engine_hpc,0.287,0.508,degraded,98,0
AC-092,244,engine_hpc,0.284,0.512,degraded,97,0
AC-092,245,engine_hpc,0.282,0.516,degraded,96,0
AC-092,246,engine_hpc,0.279,0.52,degraded,95,0
AC-092,247,engine_hpc,0.276,0.525,degraded,94,0
AC-092,248,engine_hpc,0.273,0.529,degraded,93,0
AC-092,249,engine_hpc,0.27,0.533,degraded,92,0
AC-092,250,engine_hpc,0.267,0.537,degraded,91,0
AC-092,251,engine_hpc,0.264,0.542,degraded,90,0
AC-092,252,engine_hpc,0.261,0.546,degraded,89,0
AC-092,253,engine_hpc,0.258,0.55,degraded,88,0
AC-092,254,engine_hpc,0.255,0.555,degraded,87,0
AC-092,255,engine_hpc,0.252,0.559,degraded,86,0
AC-092,256,engine_hpc,0.249,0.564,degraded,85,0
AC-092,257,engine_hpc,0.246,0.568,degraded,84,0
AC-092,258,engine_hpc,0.243,0.572,degraded,83,0
AC-092,259,engine_hpc,0.24,0.577,degraded,82,0
AC-092,260,engine_hpc,0.238,0.581,degraded,81,0
AC-092,261,engine_hpc,0.235,0.586,degraded,80,0
AC-092,262,engine_hpc,0.232,0.59,degraded,79,0
AC-092,263,engine_hpc,0.229,0.595,degraded,78,0
AC-092,264,engine_hpc,0.226,0.599,degraded,77,0
AC-092,265,engine_hpc,0.223,0.604,degraded,76,0
AC-092,266,engine_hpc,0.22,0.608,degraded,75,0
AC-092,267,engine_hpc,0.217,0.613,degraded,74,0
AC-092,268,engine_hpc,0.214,0.618,degraded,73,0
AC-092,269,engine_hpc,0.211,0.622,degraded,72,0
AC-092,270,engine_hpc,0.208,0.627,degraded,71,0
AC-092,271,engine_hpc,0.205,0.632,degraded,70,0
AC-092,272,engine_hpc,0.202,0.636,degraded,69,0
AC-092,273,engine_hpc,0.199,0.641,degraded,68,0
AC-092,274,engine_hpc,0.196,0.646,degraded,67,0
AC-092,275,engine_hpc,0.194,0.65,degraded,66,0
AC-092,276,engine_hpc,0.191,0.655,degraded,65,0
AC-092,277,engine_hpc,0.188,0.66,degraded,64,0
AC-092,278,engine_hpc,0.185,0.665,degraded,63,0
AC-092,279,engine_hpc,0.182,0.669,degraded,62,0
AC-092,280,engine_hpc,0.179,0.674,degraded,61,0
AC-092,281,engine_hpc,0.176,0.679,degraded,60,0
AC-092,282,engine_hpc,0.173,0.684,degraded,59,0
AC-092,283,engine_hpc,0.17,0.689,degraded,58,0
AC-092,284,engine_hpc,0.167,0.694,degraded,57,0
AC-092,285,engine_hpc,0.164,0.699,degraded,56,0
AC-092,286,engine_hpc,0.161,0.703,degraded,55,0
AC-092,287,engine_hpc,0.158,0.708,degraded,54,0
AC-092,288,engine_hpc,0.155,0.713,degraded,53,0
AC-092,289,engine_hpc,0.152,0.718,degraded,52,0
AC-092,290,engine_hpc,0.15,0.723,severe,51,0
AC-092,291,engine_hpc,0.147,0.728,severe,50,0
AC-092,292,engine_hpc,0.144,0.733,severe,49,0
AC-092,293,engine_hpc,0.141,0.738,severe,48,0
AC-092,294,engine_hpc,0.138,0.743,severe,47,0
AC-092,295,engine_hpc,0.135,0.748,severe,46,0
AC-092,296,engine_hpc,0.132,0.753,severe,45,0
AC-092,297,engine_hpc,0.129,0.759,severe,44,0
AC-092,298,engine_hpc,0.126,0.764,severe,43,0
AC-092,299,engine_hpc,0.123,0.769,severe,42,0
AC-092,300,engine_hpc,0.12,0.774,severe,41,0
AC-092,301,engine_hpc,0.117,0.779,severe,40,0
AC-092,302,engine_hpc,0.114,0.784,severe,39,0
AC-092,303,engine_hpc,0.111,0.79,severe,38,0
AC-092,304,engine_hpc,0.109,0.795,severe,37,0
AC-092,305,engine_hpc,0.106,0.8,severe,36,0
AC-092,306,engine_hpc,0.103,0.805,severe,35,0
AC-092,307,engine_hpc,0.1,0.811,severe,34,0
AC-092,308,engine_hpc,0.097,0.816,severe,33,0
AC-092,309,engine_hpc,0.094,0.821,severe,32,0
AC-092,310,engine_hpc,0.091,0.826,severe,31,0
AC-092,311,engine_hpc,0.088,0.832,severe,30,1
AC-092,312,engine_hpc,0.085,0.837,severe,29,1
AC-092,313,engine_hpc,0.082,0.843,severe,28,1
AC-092,314,engine_hpc,0.079,0.848,severe,27,1
AC-092,315,engine_hpc,0.076,0.853,severe,26,1
AC-092,316,engine_hpc,0.073,0.859,severe,25,1
AC-092,317,engine_hpc,0.07,0.864,severe,24,1
AC-092,318,engine_hpc,0.067,0.87,severe,23,1
AC-092,319,engine_hpc,0.065,0.875,severe,22,1
AC-092,320,engine_hpc,0.062,0.881,severe,21,1
AC-092,321,engine_hpc,0.059,0.886,severe,20,1
AC-092,322,engine_hpc,0.056,0.892,severe,19,1
AC-092,323,engine_hpc,0.053,0.897,severe,18,1
AC-092,324,engine_hpc,0.05,0.903,severe,17,1
AC-092,325,engine_hpc,0.047,0.908,severe,16,1
AC-092,326,engine_hpc,0.044,0.914,severe,15,1
AC-092,327,engine_hpc,0.041,0.92,severe,14,1
AC-092,328,engine_hpc,0.038,0.925,severe,13,1
AC-092,329,engine_hpc,0.035,0.931,severe,12,1
AC-092,330,engine_hpc,0.032,0.937,severe,11,1
AC-092,331,engine_hpc,0.029,0.942,severe,10,1
AC-092,332,engine_hpc,0.026,0.948,severe,9,1
AC-092,333,engine_hpc,0.023,0.954,severe,8,1
AC-092,334,engine_hpc,0.021,0.959,severe,7,1
AC-092,335,engine_hpc,0.018,0.965,severe,6,1
AC-092,336,engine_hpc,0.015,0.971,severe,5,1
AC-092,337,engine_hpc,0.012,0.977,severe,4,1
AC-092,338,engine_hpc,0.009,0.982,severe,3,1
AC-092,339,engine_hpc,0.006,0.988,severe,2,1
AC-092,340,engine_hpc,0.003,0.994,severe,1,1
AC-092,341,engine_hpc,0.0,1.0,severe,0,1
AC-095,1,engine_hpc,0.996,0.0,healthy,282,0
AC-095,2,engine_hpc,0.993,0.0,healthy,281,0
AC-095,3,engine_hpc,0.989,0.0,healthy,280,0
AC-095,4,engine_hpc,0.986,0.0,healthy,279,0
AC-095,5,engine_hpc,0.982,0.0,healthy,278,0
AC-095,6,engine_hpc,0.979,0.0,healthy,277,0
AC-095,7,engine_hpc,0.975,0.001,healthy,276,0
AC-095,8,engine_hpc,0.972,0.001,healthy,275,0
AC-095,9,engine_hpc,0.968,0.001,healthy,274,0
AC-095,10,engine_hpc,0.965,0.001,healthy,273,0
AC-095,11,engine_hpc,0.961,0.002,healthy,272,0
AC-095,12,engine_hpc,0.958,0.002,healthy,271,0
AC-095,13,engine_hpc,0.954,0.002,healthy,270,0
AC-095,14,engine_hpc,0.951,0.002,healthy,269,0
AC-095,15,engine_hpc,0.947,0.003,healthy,268,0
AC-095,16,engine_hpc,0.943,0.003,healthy,267,0
AC-095,17,engine_hpc,0.94,0.004,healthy,266,0
AC-095,18,engine_hpc,0.936,0.004,healthy,265,0
AC-095,19,engine_hpc,0.933,0.005,healthy,264,0
AC-095,20,engine_hpc,0.929,0.005,healthy,263,0
AC-095,21,engine_hpc,0.926,0.006,healthy,262,0
AC-095,22,engine_hpc,0.922,0.006,healthy,261,0
AC-095,23,engine_hpc,0.919,0.007,healthy,260,0
AC-095,24,engine_hpc,0.915,0.007,healthy,259,0
AC-095,25,engine_hpc,0.912,0.008,healthy,258,0
AC-095,26,engine_hpc,0.908,0.008,healthy,257,0
AC-095,27,engine_hpc,0.905,0.009,healthy,256,0
AC-095,28,engine_hpc,0.901,0.01,healthy,255,0
AC-095,29,engine_hpc,0.898,0.011,healthy,254,0
AC-095,30,engine_hpc,0.894,0.011,healthy,253,0
AC-095,31,engine_hpc,0.89,0.012,healthy,252,0
AC-095,32,engine_hpc,0.887,0.013,healthy,251,0
AC-095,33,engine_hpc,0.883,0.014,healthy,250,0
AC-095,34,engine_hpc,0.88,0.014,healthy,249,0
AC-095,35,engine_hpc,0.876,0.015,healthy,248,0
AC-095,36,engine_hpc,0.873,0.016,healthy,247,0
AC-095,37,engine_hpc,0.869,0.017,healthy,246,0
AC-095,38,engine_hpc,0.866,0.018,healthy,245,0
AC-095,39,engine_hpc,0.862,0.019,healthy,244,0
AC-095,40,engine_hpc,0.859,0.02,healthy,243,0
AC-095,41,engine_hpc,0.855,0.021,healthy,242,0
AC-095,42,engine_hpc,0.852,0.022,healthy,241,0
AC-095,43,engine_hpc,0.848,0.023,healthy,240,0
AC-095,44,engine_hpc,0.845,0.024,healthy,239,0
AC-095,45,engine_hpc,0.841,0.025,healthy,238,0
AC-095,46,engine_hpc,0.837,0.026,healthy,237,0
AC-095,47,engine_hpc,0.834,0.028,healthy,236,0
AC-095,48,engine_hpc,0.83,0.029,healthy,235,0
AC-095,49,engine_hpc,0.827,0.03,healthy,234,0
AC-095,50,engine_hpc,0.823,0.031,healthy,233,0
AC-095,51,engine_hpc,0.82,0.032,healthy,232,0
AC-095,52,engine_hpc,0.816,0.034,healthy,231,0
AC-095,53,engine_hpc,0.813,0.035,healthy,230,0
AC-095,54,engine_hpc,0.809,0.036,healthy,229,0
AC-095,55,engine_hpc,0.806,0.038,healthy,228,0
AC-095,56,engine_hpc,0.802,0.039,healthy,227,0
AC-095,57,engine_hpc,0.799,0.041,healthy,226,0
AC-095,58,engine_hpc,0.795,0.042,healthy,225,0
AC-095,59,engine_hpc,0.792,0.043,healthy,224,0
AC-095,60,engine_hpc,0.788,0.045,healthy,223,0
AC-095,61,engine_hpc,0.784,0.046,healthy,222,0
AC-095,62,engine_hpc,0.781,0.048,healthy,221,0
AC-095,63,engine_hpc,0.777,0.05,healthy,220,0
AC-095,64,engine_hpc,0.774,0.051,healthy,219,0
AC-095,65,engine_hpc,0.77,0.053,healthy,218,0
AC-095,66,engine_hpc,0.767,0.054,healthy,217,0
AC-095,67,engine_hpc,0.763,0.056,healthy,216,0
AC-095,68,engine_hpc,0.76,0.058,healthy,215,0
AC-095,69,engine_hpc,0.756,0.059,healthy,214,0
AC-095,70,engine_hpc,0.753,0.061,healthy,213,0
AC-095,71,engine_hpc,0.749,0.063,healthy,212,0
AC-095,72,engine_hpc,0.746,0.065,healthy,211,0
AC-095,73,engine_hpc,0.742,0.067,healthy,210,0
AC-095,74,engine_hpc,0.739,0.068,healthy,209,0
AC-095,75,engine_hpc,0.735,0.07,healthy,208,0
AC-095,76,engine_hpc,0.731,0.072,healthy,207,0
AC-095,77,engine_hpc,0.728,0.074,healthy,206,0
AC-095,78,engine_hpc,0.724,0.076,healthy,205,0
AC-095,79,engine_hpc,0.721,0.078,healthy,204,0
AC-095,80,engine_hpc,0.717,0.08,healthy,203,0
AC-095,81,engine_hpc,0.714,0.082,healthy,202,0
AC-095,82,engine_hpc,0.71,0.084,healthy,201,0
AC-095,83,engine_hpc,0.707,0.086,healthy,200,0
AC-095,84,engine_hpc,0.703,0.088,healthy,199,0
AC-095,85,engine_hpc,0.7,0.09,healthy,198,0
AC-095,86,engine_hpc,0.696,0.092,healthy,197,0
AC-095,87,engine_hpc,0.693,0.095,healthy,196,0
AC-095,88,engine_hpc,0.689,0.097,healthy,195,0
AC-095,89,engine_hpc,0.686,0.099,healthy,194,0
AC-095,90,engine_hpc,0.682,0.101,healthy,193,0
AC-095,91,engine_hpc,0.678,0.103,healthy,192,0
AC-095,92,engine_hpc,0.675,0.106,healthy,191,0
AC-095,93,engine_hpc,0.671,0.108,healthy,190,0
AC-095,94,engine_hpc,0.668,0.11,healthy,189,0
AC-095,95,engine_hpc,0.664,0.113,healthy,188,0
AC-095,96,engine_hpc,0.661,0.115,healthy,187,0
AC-095,97,engine_hpc,0.657,0.117,healthy,186,0
AC-095,98,engine_hpc,0.654,0.12,healthy,185,0
AC-095,99,engine_hpc,0.65,0.122,healthy,184,0
AC-095,100,engine_hpc,0.647,0.125,healthy,183,0
AC-095,101,engine_hpc,0.643,0.127,healthy,182,0
AC-095,102,engine_hpc,0.64,0.13,healthy,181,0
AC-095,103,engine_hpc,0.636,0.132,healthy,180,0
AC-095,104,engine_hpc,0.633,0.135,healthy,179,0
AC-095,105,engine_hpc,0.629,0.138,healthy,178,0
AC-095,106,engine_hpc,0.625,0.14,healthy,177,0
AC-095,107,engine_hpc,0.622,0.143,healthy,176,0
AC-095,108,engine_hpc,0.618,0.146,healthy,175,0
AC-095,109,engine_hpc,0.615,0.148,healthy,174,0
AC-095,110,engine_hpc,0.611,0.151,healthy,173,0
AC-095,111,engine_hpc,0.608,0.154,healthy,172,0
AC-095,112,engine_hpc,0.604,0.157,healthy,171,0
AC-095,113,engine_hpc,0.601,0.159,healthy,170,0
AC-095,114,engine_hpc,0.597,0.162,healthy,169,0
AC-095,115,engine_hpc,0.594,0.165,healthy,168,0
AC-095,116,engine_hpc,0.59,0.168,healthy,167,0
AC-095,117,engine_hpc,0.587,0.171,healthy,166,0
AC-095,118,engine_hpc,0.583,0.174,healthy,165,0
AC-095,119,engine_hpc,0.58,0.177,healthy,164,0
AC-095,120,engine_hpc,0.576,0.18,healthy,163,0
AC-095,121,engine_hpc,0.572,0.183,healthy,162,0
AC-095,122,engine_hpc,0.569,0.186,healthy,161,0
AC-095,123,engine_hpc,0.565,0.189,healthy,160,0
AC-095,124,engine_hpc,0.562,0.192,healthy,159,0
AC-095,125,engine_hpc,0.558,0.195,healthy,158,0
AC-095,126,engine_hpc,0.555,0.198,healthy,157,0
AC-095,127,engine_hpc,0.551,0.201,healthy,156,0
AC-095,128,engine_hpc,0.548,0.205,healthy,155,0
AC-095,129,engine_hpc,0.544,0.208,healthy,154,0
AC-095,130,engine_hpc,0.541,0.211,healthy,153,0
AC-095,131,engine_hpc,0.537,0.214,healthy,152,0
AC-095,132,engine_hpc,0.534,0.218,healthy,151,0
AC-095,133,engine_hpc,0.53,0.221,healthy,150,0
AC-095,134,engine_hpc,0.527,0.224,healthy,149,0
AC-095,135,engine_hpc,0.523,0.228,healthy,148,0
AC-095,136,engine_hpc,0.519,0.231,healthy,147,0
AC-095,137,engine_hpc,0.516,0.234,healthy,146,0
AC-095,138,engine_hpc,0.512,0.238,healthy,145,0
AC-095,139,engine_hpc,0.509,0.241,healthy,144,0
AC-095,140,engine_hpc,0.505,0.245,healthy,143,0
AC-095,141,engine_hpc,0.502,0.248,healthy,142,0
AC-095,142,engine_hpc,0.498,0.252,degraded,141,0
AC-095,143,engine_hpc,0.495,0.255,degraded,140,0
AC-095,144,engine_hpc,0.491,0.259,degraded,139,0
AC-095,145,engine_hpc,0.488,0.263,degraded,138,0
AC-095,146,engine_hpc,0.484,0.266,degraded,137,0
AC-095,147,engine_hpc,0.481,0.27,degraded,136,0
AC-095,148,engine_hpc,0.477,0.273,degraded,135,0
AC-095,149,engine_hpc,0.473,0.277,degraded,134,0
AC-095,150,engine_hpc,0.47,0.281,degraded,133,0
AC-095,151,engine_hpc,0.466,0.285,degraded,132,0
AC-095,152,engine_hpc,0.463,0.288,degraded,131,0
AC-095,153,engine_hpc,0.459,0.292,degraded,130,0
AC-095,154,engine_hpc,0.456,0.296,degraded,129,0
AC-095,155,engine_hpc,0.452,0.3,degraded,128,0
AC-095,156,engine_hpc,0.449,0.304,degraded,127,0
AC-095,157,engine_hpc,0.445,0.308,degraded,126,0
AC-095,158,engine_hpc,0.442,0.312,degraded,125,0
AC-095,159,engine_hpc,0.438,0.316,degraded,124,0
AC-095,160,engine_hpc,0.435,0.32,degraded,123,0
AC-095,161,engine_hpc,0.431,0.324,degraded,122,0
AC-095,162,engine_hpc,0.428,0.328,degraded,121,0
AC-095,163,engine_hpc,0.424,0.332,degraded,120,0
AC-095,164,engine_hpc,0.42,0.336,degraded,119,0
AC-095,165,engine_hpc,0.417,0.34,degraded,118,0
AC-095,166,engine_hpc,0.413,0.344,degraded,117,0
AC-095,167,engine_hpc,0.41,0.348,degraded,116,0
AC-095,168,engine_hpc,0.406,0.352,degraded,115,0
AC-095,169,engine_hpc,0.403,0.357,degraded,114,0
AC-095,170,engine_hpc,0.399,0.361,degraded,113,0
AC-095,171,engine_hpc,0.396,0.365,degraded,112,0
AC-095,172,engine_hpc,0.392,0.369,degraded,111,0
AC-095,173,engine_hpc,0.389,0.374,degraded,110,0
AC-095,174,engine_hpc,0.385,0.378,degraded,109,0
AC-095,175,engine_hpc,0.382,0.382,degraded,108,0
AC-095,176,engine_hpc,0.378,0.387,degraded,107,0
AC-095,177,engine_hpc,0.375,0.391,degraded,106,0
AC-095,178,engine_hpc,0.371,0.396,degraded,105,0
AC-095,179,engine_hpc,0.367,0.4,degraded,104,0
AC-095,180,engine_hpc,0.364,0.405,degraded,103,0
AC-095,181,engine_hpc,0.36,0.409,degraded,102,0
AC-095,182,engine_hpc,0.357,0.414,degraded,101,0
AC-095,183,engine_hpc,0.353,0.418,degraded,100,0
AC-095,184,engine_hpc,0.35,0.423,degraded,99,0
AC-095,185,engine_hpc,0.346,0.427,degraded,98,0
AC-095,186,engine_hpc,0.343,0.432,degraded,97,0
AC-095,187,engine_hpc,0.339,0.437,degraded,96,0
AC-095,188,engine_hpc,0.336,0.441,degraded,95,0
AC-095,189,engine_hpc,0.332,0.446,degraded,94,0
AC-095,190,engine_hpc,0.329,0.451,degraded,93,0
AC-095,191,engine_hpc,0.325,0.456,degraded,92,0
AC-095,192,engine_hpc,0.322,0.46,degraded,91,0
AC-095,193,engine_hpc,0.318,0.465,degraded,90,0
AC-095,194,engine_hpc,0.314,0.47,degraded,89,0
AC-095,195,engine_hpc,0.311,0.475,degraded,88,0
AC-095,196,engine_hpc,0.307,0.48,degraded,87,0
AC-095,197,engine_hpc,0.304,0.485,degraded,86,0
AC-095,198,engine_hpc,0.3,0.49,degraded,85,0
AC-095,199,engine_hpc,0.297,0.494,degraded,84,0
AC-095,200,engine_hpc,0.293,0.499,degraded,83,0
AC-095,201,engine_hpc,0.29,0.504,degraded,82,0
AC-095,202,engine_hpc,0.286,0.509,degraded,81,0
AC-095,203,engine_hpc,0.283,0.515,degraded,80,0
AC-095,204,engine_hpc,0.279,0.52,degraded,79,0
AC-095,205,engine_hpc,0.276,0.525,degraded,78,0
AC-095,206,engine_hpc,0.272,0.53,degraded,77,0
AC-095,207,engine_hpc,0.269,0.535,degraded,76,0
AC-095,208,engine_hpc,0.265,0.54,degraded,75,0
AC-095,209,engine_hpc,0.261,0.545,degraded,74,0
AC-095,210,engine_hpc,0.258,0.551,degraded,73,0
AC-095,211,engine_hpc,0.254,0.556,degraded,72,0
AC-095,212,engine_hpc,0.251,0.561,degraded,71,0
AC-095,213,engine_hpc,0.247,0.566,degraded,70,0
AC-095,214,engine_hpc,0.244,0.572,degraded,69,0
AC-095,215,engine_hpc,0.24,0.577,degraded,68,0
AC-095,216,engine_hpc,0.237,0.583,degraded,67,0
AC-095,217,engine_hpc,0.233,0.588,degraded,66,0
AC-095,218,engine_hpc,0.23,0.593,degraded,65,0
AC-095,219,engine_hpc,0.226,0.599,degraded,64,0
AC-095,220,engine_hpc,0.223,0.604,degraded,63,0
AC-095,221,engine_hpc,0.219,0.61,degraded,62,0
AC-095,222,engine_hpc,0.216,0.615,degraded,61,0
AC-095,223,engine_hpc,0.212,0.621,degraded,60,0
AC-095,224,engine_hpc,0.208,0.627,degraded,59,0
AC-095,225,engine_hpc,0.205,0.632,degraded,58,0
AC-095,226,engine_hpc,0.201,0.638,degraded,57,0
AC-095,227,engine_hpc,0.198,0.643,degraded,56,0
AC-095,228,engine_hpc,0.194,0.649,degraded,55,0
AC-095,229,engine_hpc,0.191,0.655,degraded,54,0
AC-095,230,engine_hpc,0.187,0.661,degraded,53,0
AC-095,231,engine_hpc,0.184,0.666,degraded,52,0
AC-095,232,engine_hpc,0.18,0.672,degraded,51,0
AC-095,233,engine_hpc,0.177,0.678,degraded,50,0
AC-095,234,engine_hpc,0.173,0.684,degraded,49,0
AC-095,235,engine_hpc,0.17,0.69,degraded,48,0
AC-095,236,engine_hpc,0.166,0.695,degraded,47,0
AC-095,237,engine_hpc,0.163,0.701,degraded,46,0
AC-095,238,engine_hpc,0.159,0.707,degraded,45,0
AC-095,239,engine_hpc,0.155,0.713,degraded,44,0
AC-095,240,engine_hpc,0.152,0.719,degraded,43,0
AC-095,241,engine_hpc,0.148,0.725,severe,42,0
AC-095,242,engine_hpc,0.145,0.731,severe,41,0
AC-095,243,engine_hpc,0.141,0.737,severe,40,0
AC-095,244,engine_hpc,0.138,0.743,severe,39,0
AC-095,245,engine_hpc,0.134,0.749,severe,38,0
AC-095,246,engine_hpc,0.131,0.756,severe,37,0
AC-095,247,engine_hpc,0.127,0.762,severe,36,0
AC-095,248,engine_hpc,0.124,0.768,severe,35,0
AC-095,249,engine_hpc,0.12,0.774,severe,34,0
AC-095,250,engine_hpc,0.117,0.78,severe,33,0
AC-095,251,engine_hpc,0.113,0.787,severe,32,0
AC-095,252,engine_hpc,0.11,0.793,severe,31,0
AC-095,253,engine_hpc,0.106,0.799,severe,30,1
AC-095,254,engine_hpc,0.102,0.806,severe,29,1
AC-095,255,engine_hpc,0.099,0.812,severe,28,1
AC-095,256,engine_hpc,0.095,0.818,severe,27,1
AC-095,257,engine_hpc,0.092,0.825,severe,26,1
AC-095,258,engine_hpc,0.088,0.831,severe,25,1
AC-095,259,engine_hpc,0.085,0.838,severe,24,1
AC-095,260,engine_hpc,0.081,0.844,severe,23,1
AC-095,261,engine_hpc,0.078,0.851,severe,22,1
AC-095,262,engine_hpc,0.074,0.857,severe,21,1
AC-095,263,engine_hpc,0.071,0.864,severe,20,1
AC-095,264,engine_hpc,0.067,0.87,severe,19,1
AC-095,265,engine_hpc,0.064,0.877,severe,18,1
AC-095,266,engine_hpc,0.06,0.883,severe,17,1
AC-095,267,engine_hpc,0.057,0.89,severe,16,1
AC-095,268,engine_hpc,0.053,0.897,severe,15,1
AC-095,269,engine_hpc,0.049,0.904,severe,14,1
AC-095,270,engine_hpc,0.046,0.91,severe,13,1
AC-095,271,engine_hpc,0.042,0.917,severe,12,1
AC-095,272,engine_hpc,0.039,0.924,severe,11,1
AC-095,273,engine_hpc,0.035,0.931,severe,10,1
AC-095,274,engine_hpc,0.032,0.937,severe,9,1
AC-095,275,engine_hpc,0.028,0.944,severe,8,1
AC-095,276,engine_hpc,0.025,0.951,severe,7,1
AC-095,277,engine_hpc,0.021,0.958,severe,6,1
AC-095,278,engine_hpc,0.018,0.965,severe,5,1
AC-095,279,engine_hpc,0.014,0.972,severe,4,1
AC-095,280,engine_hpc,0.011,0.979,severe,3,1
AC-095,281,engine_hpc,0.007,0.986,severe,2,1
AC-095,282,engine_hpc,0.004,0.993,severe,1,1
AC-095,283,engine_hpc,0.0,1.0,severe,0,1
AC-097,1,engine_hpc,0.995,0.0,healthy,201,0
AC-097,2,engine_hpc,0.99,0.0,healthy,200,0
AC-097,3,engine_hpc,0.985,0.0,healthy,199,0
AC-097,4,engine_hpc,0.98,0.0,healthy,198,0
AC-097,5,engine_hpc,0.975,0.001,healthy,197,0
AC-097,6,engine_hpc,0.97,0.001,healthy,196,0
AC-097,7,engine_hpc,0.965,0.001,healthy,195,0
AC-097,8,engine_hpc,0.96,0.002,healthy,194,0
AC-097,9,engine_hpc,0.955,0.002,healthy,193,0
AC-097,10,engine_hpc,0.95,0.002,healthy,192,0
AC-097,11,engine_hpc,0.946,0.003,healthy,191,0
AC-097,12,engine_hpc,0.941,0.004,healthy,190,0
AC-097,13,engine_hpc,0.936,0.004,healthy,189,0
AC-097,14,engine_hpc,0.931,0.005,healthy,188,0
AC-097,15,engine_hpc,0.926,0.006,healthy,187,0
AC-097,16,engine_hpc,0.921,0.006,healthy,186,0
AC-097,17,engine_hpc,0.916,0.007,healthy,185,0
AC-097,18,engine_hpc,0.911,0.008,healthy,184,0
AC-097,19,engine_hpc,0.906,0.009,healthy,183,0
AC-097,20,engine_hpc,0.901,0.01,healthy,182,0
AC-097,21,engine_hpc,0.896,0.011,healthy,181,0
AC-097,22,engine_hpc,0.891,0.012,healthy,180,0
AC-097,23,engine_hpc,0.886,0.013,healthy,179,0
AC-097,24,engine_hpc,0.881,0.014,healthy,178,0
AC-097,25,engine_hpc,0.876,0.015,healthy,177,0
AC-097,26,engine_hpc,0.871,0.017,healthy,176,0
AC-097,27,engine_hpc,0.866,0.018,healthy,175,0
AC-097,28,engine_hpc,0.861,0.019,healthy,174,0
AC-097,29,engine_hpc,0.856,0.021,healthy,173,0
AC-097,30,engine_hpc,0.851,0.022,healthy,172,0
AC-097,31,engine_hpc,0.847,0.024,healthy,171,0
AC-097,32,engine_hpc,0.842,0.025,healthy,170,0
AC-097,33,engine_hpc,0.837,0.027,healthy,169,0
AC-097,34,engine_hpc,0.832,0.028,healthy,168,0
AC-097,35,engine_hpc,0.827,0.03,healthy,167,0
AC-097,36,engine_hpc,0.822,0.032,healthy,166,0
AC-097,37,engine_hpc,0.817,0.034,healthy,165,0
AC-097,38,engine_hpc,0.812,0.035,healthy,164,0
AC-097,39,engine_hpc,0.807,0.037,healthy,163,0
AC-097,40,engine_hpc,0.802,0.039,healthy,162,0
AC-097,41,engine_hpc,0.797,0.041,healthy,161,0
AC-097,42,engine_hpc,0.792,0.043,healthy,160,0
AC-097,43,engine_hpc,0.787,0.045,healthy,159,0
AC-097,44,engine_hpc,0.782,0.047,healthy,158,0
AC-097,45,engine_hpc,0.777,0.05,healthy,157,0
AC-097,46,engine_hpc,0.772,0.052,healthy,156,0
AC-097,47,engine_hpc,0.767,0.054,healthy,155,0
AC-097,48,engine_hpc,0.762,0.056,healthy,154,0
AC-097,49,engine_hpc,0.757,0.059,healthy,153,0
AC-097,50,engine_hpc,0.752,0.061,healthy,152,0
AC-097,51,engine_hpc,0.748,0.064,healthy,151,0
AC-097,52,engine_hpc,0.743,0.066,healthy,150,0
AC-097,53,engine_hpc,0.738,0.069,healthy,149,0
AC-097,54,engine_hpc,0.733,0.071,healthy,148,0
AC-097,55,engine_hpc,0.728,0.074,healthy,147,0
AC-097,56,engine_hpc,0.723,0.077,healthy,146,0
AC-097,57,engine_hpc,0.718,0.08,healthy,145,0
AC-097,58,engine_hpc,0.713,0.082,healthy,144,0
AC-097,59,engine_hpc,0.708,0.085,healthy,143,0
AC-097,60,engine_hpc,0.703,0.088,healthy,142,0
AC-097,61,engine_hpc,0.698,0.091,healthy,141,0
AC-097,62,engine_hpc,0.693,0.094,healthy,140,0
AC-097,63,engine_hpc,0.688,0.097,healthy,139,0
AC-097,64,engine_hpc,0.683,0.1,healthy,138,0
AC-097,65,engine_hpc,0.678,0.104,healthy,137,0
AC-097,66,engine_hpc,0.673,0.107,healthy,136,0
AC-097,67,engine_hpc,0.668,0.11,healthy,135,0
AC-097,68,engine_hpc,0.663,0.113,healthy,134,0
AC-097,69,engine_hpc,0.658,0.117,healthy,133,0
AC-097,70,engine_hpc,0.653,0.12,healthy,132,0
AC-097,71,engine_hpc,0.649,0.124,healthy,131,0
AC-097,72,engine_hpc,0.644,0.127,healthy,130,0
AC-097,73,engine_hpc,0.639,0.131,healthy,129,0
AC-097,74,engine_hpc,0.634,0.134,healthy,128,0
AC-097,75,engine_hpc,0.629,0.138,healthy,127,0
AC-097,76,engine_hpc,0.624,0.142,healthy,126,0
AC-097,77,engine_hpc,0.619,0.145,healthy,125,0
AC-097,78,engine_hpc,0.614,0.149,healthy,124,0
AC-097,79,engine_hpc,0.609,0.153,healthy,123,0
AC-097,80,engine_hpc,0.604,0.157,healthy,122,0
AC-097,81,engine_hpc,0.599,0.161,healthy,121,0
AC-097,82,engine_hpc,0.594,0.165,healthy,120,0
AC-097,83,engine_hpc,0.589,0.169,healthy,119,0
AC-097,84,engine_hpc,0.584,0.173,healthy,118,0
AC-097,85,engine_hpc,0.579,0.177,healthy,117,0
AC-097,86,engine_hpc,0.574,0.181,healthy,116,0
AC-097,87,engine_hpc,0.569,0.185,healthy,115,0
AC-097,88,engine_hpc,0.564,0.19,healthy,114,0
AC-097,89,engine_hpc,0.559,0.194,healthy,113,0
AC-097,90,engine_hpc,0.554,0.199,healthy,112,0
AC-097,91,engine_hpc,0.55,0.203,healthy,111,0
AC-097,92,engine_hpc,0.545,0.207,healthy,110,0
AC-097,93,engine_hpc,0.54,0.212,healthy,109,0
AC-097,94,engine_hpc,0.535,0.217,healthy,108,0
AC-097,95,engine_hpc,0.53,0.221,healthy,107,0
AC-097,96,engine_hpc,0.525,0.226,healthy,106,0
AC-097,97,engine_hpc,0.52,0.231,healthy,105,0
AC-097,98,engine_hpc,0.515,0.235,healthy,104,0
AC-097,99,engine_hpc,0.51,0.24,healthy,103,0
AC-097,100,engine_hpc,0.505,0.245,healthy,102,0
AC-097,101,engine_hpc,0.5,0.25,degraded,101,0
AC-097,102,engine_hpc,0.495,0.255,degraded,100,0
AC-097,103,engine_hpc,0.49,0.26,degraded,99,0
AC-097,104,engine_hpc,0.485,0.265,degraded,98,0
AC-097,105,engine_hpc,0.48,0.27,degraded,97,0
AC-097,106,engine_hpc,0.475,0.275,degraded,96,0
AC-097,107,engine_hpc,0.47,0.281,degraded,95,0
AC-097,108,engine_hpc,0.465,0.286,degraded,94,0
AC-097,109,engine_hpc,0.46,0.291,degraded,93,0
AC-097,110,engine_hpc,0.455,0.297,degraded,92,0
AC-097,111,engine_hpc,0.45,0.302,degraded,91,0
AC-097,112,engine_hpc,0.446,0.307,degraded,90,0
AC-097,113,engine_hpc,0.441,0.313,degraded,89,0
AC-097,114,engine_hpc,0.436,0.318,degraded,88,0
AC-097,115,engine_hpc,0.431,0.324,degraded,87,0
AC-097,116,engine_hpc,0.426,0.33,degraded,86,0
AC-097,117,engine_hpc,0.421,0.335,degraded,85,0
AC-097,118,engine_hpc,0.416,0.341,degraded,84,0
AC-097,119,engine_hpc,0.411,0.347,degraded,83,0
AC-097,120,engine_hpc,0.406,0.353,degraded,82,0
AC-097,121,engine_hpc,0.401,0.359,degraded,81,0
AC-097,122,engine_hpc,0.396,0.365,degraded,80,0
AC-097,123,engine_hpc,0.391,0.371,degraded,79,0
AC-097,124,engine_hpc,0.386,0.377,degraded,78,0
AC-097,125,engine_hpc,0.381,0.383,degraded,77,0
AC-097,126,engine_hpc,0.376,0.389,degraded,76,0
AC-097,127,engine_hpc,0.371,0.395,degraded,75,0
AC-097,128,engine_hpc,0.366,0.402,degraded,74,0
AC-097,129,engine_hpc,0.361,0.408,degraded,73,0
AC-097,130,engine_hpc,0.356,0.414,degraded,72,0
AC-097,131,engine_hpc,0.351,0.421,degraded,71,0
AC-097,132,engine_hpc,0.347,0.427,degraded,70,0
AC-097,133,engine_hpc,0.342,0.434,degraded,69,0
AC-097,134,engine_hpc,0.337,0.44,degraded,68,0
AC-097,135,engine_hpc,0.332,0.447,degraded,67,0
AC-097,136,engine_hpc,0.327,0.453,degraded,66,0
AC-097,137,engine_hpc,0.322,0.46,degraded,65,0
AC-097,138,engine_hpc,0.317,0.467,degraded,64,0
AC-097,139,engine_hpc,0.312,0.474,degraded,63,0
AC-097,140,engine_hpc,0.307,0.48,degraded,62,0
AC-097,141,engine_hpc,0.302,0.487,degraded,61,0
AC-097,142,engine_hpc,0.297,0.494,degraded,60,0
AC-097,143,engine_hpc,0.292,0.501,degraded,59,0
AC-097,144,engine_hpc,0.287,0.508,degraded,58,0
AC-097,145,engine_hpc,0.282,0.515,degraded,57,0
AC-097,146,engine_hpc,0.277,0.522,degraded,56,0
AC-097,147,engine_hpc,0.272,0.53,degraded,55,0
AC-097,148,engine_hpc,0.267,0.537,degraded,54,0
AC-097,149,engine_hpc,0.262,0.544,degraded,53,0
AC-097,150,engine_hpc,0.257,0.551,degraded,52,0
AC-097,151,engine_hpc,0.252,0.559,degraded,51,0
AC-097,152,engine_hpc,0.248,0.566,degraded,50,0
AC-097,153,engine_hpc,0.243,0.574,degraded,49,0
AC-097,154,engine_hpc,0.238,0.581,degraded,48,0
AC-097,155,engine_hpc,0.233,0.589,degraded,47,0
AC-097,156,engine_hpc,0.228,0.596,degraded,46,0
AC-097,157,engine_hpc,0.223,0.604,degraded,45,0
AC-097,158,engine_hpc,0.218,0.612,degraded,44,0
AC-097,159,engine_hpc,0.213,0.62,degraded,43,0
AC-097,160,engine_hpc,0.208,0.627,degraded,42,0
AC-097,161,engine_hpc,0.203,0.635,degraded,41,0
AC-097,162,engine_hpc,0.198,0.643,degraded,40,0
AC-097,163,engine_hpc,0.193,0.651,degraded,39,0
AC-097,164,engine_hpc,0.188,0.659,degraded,38,0
AC-097,165,engine_hpc,0.183,0.667,degraded,37,0
AC-097,166,engine_hpc,0.178,0.675,degraded,36,0
AC-097,167,engine_hpc,0.173,0.683,degraded,35,0
AC-097,168,engine_hpc,0.168,0.692,degraded,34,0
AC-097,169,engine_hpc,0.163,0.7,degraded,33,0
AC-097,170,engine_hpc,0.158,0.708,degraded,32,0
AC-097,171,engine_hpc,0.153,0.717,degraded,31,0
AC-097,172,engine_hpc,0.149,0.725,severe,30,1
AC-097,173,engine_hpc,0.144,0.733,severe,29,1
AC-097,174,engine_hpc,0.139,0.742,severe,28,1
AC-097,175,engine_hpc,0.134,0.751,severe,27,1
AC-097,176,engine_hpc,0.129,0.759,severe,26,1
AC-097,177,engine_hpc,0.124,0.768,severe,25,1
AC-097,178,engine_hpc,0.119,0.776,severe,24,1
AC-097,179,engine_hpc,0.114,0.785,severe,23,1
AC-097,180,engine_hpc,0.109,0.794,severe,22,1
AC-097,181,engine_hpc,0.104,0.803,severe,21,1
AC-097,182,engine_hpc,0.099,0.812,severe,20,1
AC-097,183,engine_hpc,0.094,0.821,severe,19,1
AC-097,184,engine_hpc,0.089,0.83,severe,18,1
AC-097,185,engine_hpc,0.084,0.839,severe,17,1
AC-097,186,engine_hpc,0.079,0.848,severe,16,1
AC-097,187,engine_hpc,0.074,0.857,severe,15,1
AC-097,188,engine_hpc,0.069,0.866,severe,14,1
AC-097,189,engine_hpc,0.064,0.875,severe,13,1
AC-097,190,engine_hpc,0.059,0.885,severe,12,1
AC-097,191,engine_hpc,0.054,0.894,severe,11,1
AC-097,192,engine_hpc,0.05,0.903,severe,10,1
AC-097,193,engine_hpc,0.045,0.913,severe,9,1
AC-097,194,engine_hpc,0.04,0.922,severe,8,1
AC-097,195,engine_hpc,0.035,0.932,severe,7,1
AC-097,196,engine_hpc,0.03,0.941,severe,6,1
AC-097,197,engine_hpc,0.025,0.951,severe,5,1
AC-097,198,engine_hpc,0.02,0.961,severe,4,1
AC-097,199,engine_hpc,0.015,0.971,severe,3,1
AC-097,200,engine_hpc,0.01,0.98,severe,2,1
AC-097,201,engine_hpc,0.005,0.99,severe,1,1
AC-097,202,engine_hpc,0.0,1.0,severe,0,1
