asset_id,cycle,operational_setting_1,operational_setting_2,operational_setting_3,s2,s3,s4,s7,s8,s9,s11,s12,s14,s15,s17,s20,s21
AC-003,1,0.0008,0.0005,100.0,642.04,1584.2,1398.13,553.96,2388.06,9056.95,47.14,522.24,8138.4,8.4207,391,38.96,23.3205
AC-003,2,-0.001,0.0,100.0,642.66,1587.04,1398.62,554.76,2388.05,9059.67,47.35,522.03,8137.38,8.3949,390,39.07,23.4369
AC-003,3,0.0013,-0.0002,100.0,642.07,1580.75,1401.1,554.51,2388.03,9050.43,46.94,522.16,8137.2,8.382,393,39.03,23.3162
AC-003,4,0.0008,-0.0002,100.0,642.5,1580.12,1395.76,554.48,2388.07,9060.43,47.44,522.31,8139.35,8.394,391,38.94,23.4901
AC-003,5,0.002,0.0004,100.0,641.97,1581.48,1394.05,554.14,2388.01,9054.36,47.16,522.0,8135.99,8.4233,391,38.9,23.419
AC-003,6,-0.001,-0.0003,100.0,642.65,1581.26,1397.98,554.86,2388.08,9048.62,47.12,522.58,8137.99,8.4126,392,39.04,23.4656
AC-003,7,-0.0018,-0.0003,100.0,642.62,1583.68,1405.76,554.29,2388.06,9051.91,47.26,522.08,8141.85,8.4369,393,39.03,23.4051
AC-003,8,0.0017,-0.0005,100.0,642.23,1581.6,1401.86,554.11,2388.0,9059.59,47.13,521.87,8141.47,8.4197,392,38.85,23.3564
AC-003,9,0.0,0.0003,100.0,642.6,1581.04,1398.3,554.61,2387.99,9060.04,47.16,522.47,8136.84,8.4151,392,39.02,23.3873
AC-003,10,-0.0009,0.0003,100.0,642.72,1582.2,1400.07,554.28,2388.0,9053.42,47.22,522.4,8130.42,8.4063,392,38.96,23.3129
AC-003,11,-0.0009,0.0002,100.0,641.94,1591.43,1400.59,554.88,2388.03,9051.86,47.4,522.02,8138.08,8.4237,391,38.8,23.4161
AC-003,12,-0.0029,0.0003,100.0,642.61,1583.92,1404.93,553.45,2388.06,9049.23,47.17,522.07,8141.09,8.3779,393,38.9,23.3028
AC-003,13,0.0002,0.0003,100.0,642.63,1583.25,1403.52,555.25,2388.03,9057.09,47.25,522.26,8138.75,8.3743,390,39.16,23.3372
AC-003,14,0.0,0.0004,100.0,642.16,1591.03,1396.35,554.31,2388.02,9056.59,47.27,521.69,8141.57,8.4339,391,38.9,23.3506
AC-003,15,-0.0015,0.0001,100.0,641.83,1585.29,1398.77,554.36,2388.05,9058.29,47.15,522.0,8138.07,8.4311,390,39.02,23.2825
AC-003,16,-0.0064,-0.0002,100.0,642.65,1589.05,1392.15,554.17,2388.05,9051.12,47.26,522.25,8137.26,8.4147,391,38.94,23.4078
AC-003,17,-0.0018,-0.0001,100.0,642.78,1588.94,1395.76,553.74,2388.0,9051.79,47.35,522.37,8140.24,8.4018,393,39.13,23.4031
AC-003,18,-0.0013,-0.0005,100.0,642.26,1584.36,1402.3,554.52,2388.0,9055.82,47.38,521.8,8141.53,8.4244,390,39.0,23.3709
AC-003,19,0.0029,-0.0004,100.0,642.05,1580.67,1402.82,553.99,2388.03,9051.22,47.23,522.18,8144.32,8.413,391,39.12,23.4505
AC-003,20,-0.002,-0.0002,100.0,642.25,1580.73,1394.57,554.54,2388.06,9047.08,47.1,522.29,8135.13,8.398,391,38.93,23.3357
AC-003,21,-0.0006,0.0004,100.0,642.18,1586.78,1398.83,554.32,2388.02,9052.89,47.27,522.67,8138.16,8.4302,392,39.13,23.3923
AC-003,22,-0.0052,-0.0001,100.0,642.34,1589.55,1405.28,554.71,2388.06,9060.66,47.3,522.53,8141.91,8.432,392,39.09,23.4213
AC-003,23,-0.0004,-0.0002,100.0,642.07,1585.2,1395.59,554.04,2387.99,9058.17,47.12,522.22,8133.61,8.3839,392,38.94,23.3791
AC-003,24,-0.0038,-0.0002,100.0,642.24,1585.08,1395.73,554.65,2388.05,9047.82,47.26,521.66,8140.94,8.3768,391,38.81,23.3903
AC-003,25,-0.0005,-0.0004,100.0,642.24,1579.4,1390.93,554.21,2388.05,9055.08,47.17,522.15,8134.79,8.3845,391,38.9,23.4004
AC-003,26,-0.0023,-0.0005,100.0,641.61,1586.92,1401.63,553.9,2388.04,9047.81,47.28,521.93,8140.65,8.4062,391,39.01,23.2767
AC-003,27,0.001,0.0002,100.0,642.36,1581.83,1400.85,554.67,2388.03,9058.62,47.17,521.69,8138.31,8.4095,392,38.97,23.3769
AC-003,28,0.0001,-0.0,100.0,641.48,1590.59,1400.68,553.51,2388.04,9054.91,47.22,522.27,8131.13,8.3998,392,38.91,23.4092
AC-003,29,0.0038,0.0004,100.0,642.01,1584.71,1396.05,554.94,2388.03,9056.29,47.24,522.15,8135.88,8.4387,392,39.15,23.3378
AC-003,30,0.0012,0.0004,100.0,642.21,1584.95,1398.1,554.05,2388.01,9051.75,47.23,522.35,8140.32,8.3927,392,39.01,23.3824
AC-003,31,0.0039,0.0001,100.0,642.33,1588.68,1393.95,553.06,2388.04,9056.38,47.33,521.92,8143.37,8.393,391,38.98,23.3272
AC-003,32,0.0018,0.0002,100.0,642.55,1583.7,1400.58,554.32,2388.04,9052.73,47.3,522.11,8135.67,8.392,393,39.1,23.3545
AC-003,33,0.0004,0.0002,100.0,641.82,1583.55,1403.93,554.27,2388.0,9055.13,47.31,522.1,8134.74,8.4086,392,38.98,23.4537
AC-003,34,-0.0014,0.0005,100.0,642.83,1584.17,1397.47,554.42,2388.01,9058.0,47.2,522.34,8142.72,8.4035,393,39.0,23.3728
AC-003,35,-0.0013,0.0001,100.0,642.08,1584.57,1396.92,554.1,2388.04,9058.14,47.26,522.19,8136.27,8.3924,391,39.03,23.343
AC-003,36,-0.0018,0.0001,100.0,642.06,1580.96,1399.12,554.11,2388.05,9059.15,47.33,522.77,8144.61,8.3794,393,38.84,23.3414
AC-003,37,0.0058,0.0001,100.0,641.68,1582.96,1396.65,555.28,2388.02,9055.79,47.17,522.14,8140.71,8.4142,394,38.78,23.2711
AC-003,38,0.0006,0.0001,100.0,641.72,1577.99,1401.83,554.11,2388.09,9062.07,47.44,521.81,8134.72,8.4094,393,38.98,23.3501
AC-003,39,0.0011,0.0004,100.0,641.94,1580.42,1400.8,554.18,2388.05,9056.99,47.1,522.0,8139.81,8.3738,392,38.79,23.3514
AC-003,40,-0.0038,0.0001,100.0,641.97,1579.38,1403.24,553.75,2388.03,9056.52,47.09,521.84,8131.57,8.3987,392,39.09,23.4079
AC-003,41,0.0009,-0.0002,100.0,642.79,1586.38,1394.92,554.68,2388.02,9060.55,47.32,522.69,8143.58,8.3682,392,38.99,23.3774
AC-003,42,0.0027,-0.0003,100.0,642.61,1586.25,1404.49,554.31,2387.97,9058.97,47.31,522.02,8140.13,8.3828,390,39.11,23.4412
AC-003,43,0.0044,-0.0003,100.0,642.58,1587.9,1401.51,554.18,2388.0,9061.97,47.35,521.7,8138.47,8.4397,392,39.03,23.3024
AC-003,44,-0.0022,-0.0005,100.0,642.21,1586.83,1395.48,554.45,2388.0,9060.44,47.17,522.47,8144.65,8.4259,391,39.14,23.448
AC-003,45,-0.0025,-0.0005,100.0,642.15,1582.99,1398.33,554.43,2388.04,9055.97,47.06,522.17,8138.89,8.4342,392,39.23,23.4284
AC-003,46,0.0015,0.0004,100.0,642.42,1590.25,1401.55,554.0,2388.05,9067.35,47.38,521.88,8141.07,8.4024,392,38.81,23.3352
AC-003,47,-0.0013,-0.0004,100.0,642.26,1587.55,1395.3,554.82,2388.04,9055.04,47.29,522.2,8139.29,8.4134,393,39.01,23.4428
AC-003,48,0.0002,0.0001,100.0,642.01,1587.21,1392.94,554.41,2388.05,9054.47,47.32,521.88,8138.95,8.4199,392,38.92,23.406
AC-003,49,-0.0002,-0.0,100.0,642.16,1583.53,1396.11,554.28,2388.03,9051.92,47.33,522.28,8138.36,8.3716,392,39.0,23.3813
AC-003,50,0.0012,-0.0004,100.0,642.51,1586.16,1402.64,553.87,2388.03,9056.79,47.27,522.07,8140.55,8.4054,391,39.02,23.4013
AC-003,51,0.0022,0.0001,100.0,642.39,1592.16,1401.05,554.15,2387.94,9054.5,47.14,522.18,8135.1,8.4004,392,39.02,23.3874
AC-003,52,0.0042,-0.0,100.0,642.29,1582.66,1404.99,554.39,2387.99,9061.17,47.36,522.73,8142.51,8.3954,392,39.14,23.4006
AC-003,53,0.0032,0.0002,100.0,642.02,1588.04,1399.78,554.54,2388.06,9065.15,47.21,522.54,8141.43,8.4046,391,38.99,23.3824
AC-003,54,0.0003,0.0002,100.0,642.03,1585.66,1407.04,554.28,2388.04,9054.67,47.45,522.19,8143.47,8.3958,391,38.85,23.4086
AC-003,55,-0.0001,0.0002,100.0,642.41,1594.2,1399.08,554.34,2388.03,9058.13,47.22,522.09,8141.34,8.4135,393,38.9,23.4306
AC-003,56,-0.0001,-0.0002,100.0,642.73,1586.08,1403.97,554.47,2388.07,9057.83,47.14,522.08,8136.63,8.4042,394,39.1,23.4319
AC-003,57,0.0004,-0.0005,100.0,642.56,1581.97,1398.55,553.99,2388.06,9058.76,47.28,522.06,8137.58,8.4128,392,38.92,23.366
AC-003,58,0.004,-0.0005,100.0,642.52,1581.31,1403.99,553.58,2388.06,9055.97,47.35,521.85,8130.67,8.4032,392,38.88,23.3982
AC-003,59,0.0011,0.0002,100.0,642.31,1587.46,1397.56,553.88,2388.03,9056.23,47.22,522.85,8142.01,8.4039,390,39.15,23.388
AC-003,60,0.0011,0.0003,100.0,641.8,1586.82,1405.66,553.34,2388.05,9051.65,47.47,522.23,8136.68,8.4616,394,38.94,23.2905
AC-003,61,-0.0006,0.0002,100.0,642.5,1585.5,1392.35,554.01,2388.07,9063.57,47.26,521.8,8138.34,8.4046,393,38.83,23.3697
AC-003,62,0.0009,0.0002,100.0,642.18,1591.5,1403.57,553.67,2388.07,9058.94,47.28,522.16,8143.24,8.417,393,38.96,23.4182
AC-003,63,0.0018,0.0004,100.0,642.1,1583.42,1398.98,554.61,2388.07,9052.2,47.27,522.27,8149.09,8.4241,393,39.01,23.3903
AC-003,64,0.0004,0.0001,100.0,642.53,1590.04,1404.68,553.9,2388.04,9061.33,47.24,522.24,8143.14,8.4227,393,39.13,23.3791
AC-003,65,-0.0024,-0.0003,100.0,641.69,1586.21,1400.69,554.63,2388.03,9057.61,47.29,522.25,8139.64,8.4379,392,39.12,23.4958
AC-003,66,-0.0003,0.0,100.0,642.25,1577.22,1397.9,553.79,2388.01,9059.8,47.31,522.15,8141.08,8.4032,391,38.92,23.432
AC-003,67,-0.004,-0.0005,100.0,642.0,1584.55,1403.87,553.84,2388.1,9060.7,47.29,521.81,8139.27,8.419,392,39.04,23.4697
AC-003,68,0.0034,-0.0002,100.0,642.94,1587.27,1400.37,554.43,2388.04,9056.56,47.31,522.14,8141.67,8.4005,392,39.08,23.3725
AC-003,69,0.0051,-0.0001,100.0,642.05,1581.93,1404.2,555.14,2388.05,9061.76,47.24,521.69,8139.2,8.4404,392,39.07,23.3595
AC-003,70,-0.0011,0.0004,100.0,642.54,1587.02,1397.09,553.8,2387.99,9067.14,47.44,521.88,8137.91,8.4183,392,39.12,23.4527
AC-003,71,0.0002,0.0001,100.0,642.9,1579.41,1401.19,554.59,2388.1,9063.98,47.43,522.0,8139.03,8.3895,392,38.89,23.3944
AC-003,72,-0.0014,-0.0002,100.0,642.25,1590.21,1389.86,554.25,2388.06,9052.95,47.48,521.66,8138.14,8.4042,392,38.88,23.293
AC-003,73,0.0009,0.0002,100.0,642.42,1585.01,1400.06,554.31,2388.07,9062.66,47.23,523.18,8139.97,8.406,392,38.89,23.4922
AC-003,74,0.0023,-0.0001,100.0,642.75,1589.64,1405.76,554.4,2388.03,9060.23,47.14,521.78,8142.13,8.4211,392,38.93,23.3845
AC-003,75,-0.0007,-0.0002,100.0,642.25,1592.23,1406.98,553.73,2388.05,9059.09,47.25,522.24,8144.98,8.4043,392,39.1,23.41
AC-003,76,-0.0032,-0.0001,100.0,642.52,1589.35,1405.34,553.91,2388.0,9062.69,47.35,522.25,8140.33,8.3813,392,38.95,23.4065
AC-003,77,-0.0001,0.0001,100.0,642.98,1584.13,1405.99,554.08,2388.02,9069.75,47.16,522.52,8143.62,8.4375,393,38.78,23.4131
AC-003,78,-0.0003,-0.0005,100.0,642.43,1579.52,1400.53,553.62,2388.06,9064.15,47.38,521.57,8140.42,8.4174,390,38.97,23.3301
AC-003,79,0.0006,0.0004,100.0,642.31,1582.4,1403.49,553.6,2388.03,9063.54,47.28,522.72,8144.12,8.384,393,38.92,23.3451
AC-003,80,-0.0003,-0.0003,100.0,641.74,1580.95,1405.37,553.21,2388.03,9062.23,47.34,521.97,8148.72,8.3935,392,39.03,23.5181
AC-003,81,-0.0007,0.0002,100.0,642.55,1581.73,1402.65,553.88,2388.1,9056.0,47.46,521.34,8144.95,8.4145,391,38.86,23.3728
AC-003,82,-0.003,-0.0003,100.0,642.24,1583.69,1400.4,553.7,2388.05,9071.16,47.22,522.16,8148.16,8.4089,393,38.87,23.3822
AC-003,83,-0.0007,-0.0004,100.0,642.27,1591.3,1398.73,553.79,2388.0,9062.92,47.51,522.02,8143.8,8.3789,393,39.0,23.4426
AC-003,84,-0.0031,0.0004,100.0,642.18,1593.32,1400.62,554.01,2388.03,9062.78,47.51,522.19,8141.69,8.3901,392,38.89,23.3873
AC-003,85,0.0043,-0.0001,100.0,641.95,1587.14,1414.11,554.09,2388.01,9067.15,47.25,521.84,8144.64,8.3949,391,38.87,23.314
AC-003,86,-0.0018,0.0003,100.0,642.69,1586.09,1401.01,553.83,2387.99,9067.61,47.37,522.19,8145.65,8.4188,393,39.03,23.3333
AC-003,87,-0.0005,0.0,100.0,642.32,1588.25,1402.17,554.11,2388.01,9063.48,47.32,522.1,8145.39,8.3939,391,39.01,23.3373
AC-003,88,0.0031,-0.0,100.0,642.27,1585.9,1400.09,553.59,2388.02,9067.17,47.33,521.9,8146.69,8.4078,393,39.04,23.2656
AC-003,89,0.0006,0.0004,100.0,642.33,1582.29,1404.14,555.01,2388.05,9066.64,47.39,521.93,8146.55,8.4044,394,38.81,23.3864
AC-003,90,-0.0008,-0.0002,100.0,642.36,1597.84,1406.26,554.58,2388.06,9068.61,47.4,521.92,8146.94,8.3972,393,38.81,23.2711
AC-003,91,0.0051,-0.0004,100.0,641.99,1582.81,1399.5,553.72,2388.03,9058.01,47.38,521.83,8139.12,8.4327,393,38.95,23.3909
AC-003,92,0.0022,-0.0004,100.0,642.29,1590.07,1400.27,553.5,2387.99,9066.58,47.39,521.96,8152.49,8.373,391,38.87,23.4344
AC-003,93,0.0002,-0.0001,100.0,642.1,1593.66,1409.21,553.83,2387.99,9070.02,47.43,521.6,8146.23,8.4032,392,39.21,23.2352
AC-003,94,0.0023,0.0005,100.0,642.58,1588.9,1401.08,554.76,2388.0,9069.01,47.48,521.94,8147.33,8.4166,392,39.0,23.4437
AC-003,95,-0.0006,-0.0001,100.0,642.37,1585.69,1406.13,554.41,2388.09,9063.16,47.32,521.79,8146.34,8.4012,392,38.89,23.4594
AC-003,96,-0.0003,0.0001,100.0,642.89,1582.86,1400.62,554.08,2388.0,9065.97,47.31,521.48,8146.97,8.4333,393,38.87,23.378
AC-003,97,0.0008,-0.0005,100.0,642.94,1587.51,1408.05,554.13,2388.05,9066.74,47.41,522.71,8152.99,8.4313,393,38.79,23.3339
AC-003,98,0.0006,-0.0004,100.0,642.4,1586.19,1403.62,553.85,2388.03,9066.24,47.35,521.93,8148.92,8.4405,392,38.96,23.2921
AC-003,99,0.0005,-0.0001,100.0,642.67,1589.42,1398.72,553.82,2388.0,9067.95,47.37,522.06,8147.73,8.4388,392,38.91,23.3834
AC-003,100,0.0008,-0.0004,100.0,642.29,1579.98,1404.16,554.94,2388.01,9071.46,47.3,522.01,8148.27,8.4212,390,38.88,23.3073
AC-003,101,0.0002,-0.0003,100.0,642.24,1587.77,1405.55,554.34,2388.03,9067.93,47.42,522.6,8146.15,8.4112,392,38.75,23.3883
AC-003,102,0.0003,0.0,100.0,642.63,1579.35,1408.84,553.87,2388.04,9068.94,47.39,521.95,8154.61,8.3913,392,38.97,23.3669
AC-003,103,0.0003,-0.0003,100.0,642.28,1585.62,1395.4,553.38,2388.05,9075.57,47.48,522.05,8154.38,8.4025,391,38.96,23.3251
AC-003,104,0.0051,0.0,100.0,642.46,1586.74,1403.37,554.63,2388.05,9070.59,47.44,521.66,8146.65,8.4345,393,38.93,23.2958
AC-003,105,-0.0022,0.0004,100.0,641.85,1591.89,1397.73,553.69,2388.08,9062.39,47.32,521.73,8145.37,8.4312,392,38.93,23.321
AC-003,106,-0.0014,-0.0001,100.0,642.51,1586.44,1405.62,554.31,2388.04,9074.76,47.32,522.11,8157.87,8.4098,392,38.93,23.3755
AC-003,107,0.0004,0.0003,100.0,642.36,1586.96,1410.67,553.57,2388.07,9071.53,47.45,521.79,8146.39,8.4326,392,38.89,23.3666
AC-003,108,-0.0005,-0.0002,100.0,642.98,1583.29,1405.94,553.52,2388.08,9068.9,47.25,521.48,8147.9,8.4371,392,38.89,23.4032
AC-003,109,-0.0006,-0.0003,100.0,642.48,1588.21,1402.77,554.91,2388.05,9073.77,47.32,521.59,8149.98,8.4285,392,38.9,23.2637
AC-003,110,-0.0008,0.0001,100.0,642.92,1592.41,1403.14,554.15,2388.04,9075.03,47.41,521.46,8150.96,8.4157,393,38.88,23.2577
AC-003,111,0.001,-0.0005,100.0,642.25,1583.83,1401.73,553.74,2388.04,9070.35,47.41,522.09,8152.99,8.4242,394,38.77,23.3791
AC-003,112,-0.0007,0.0002,100.0,642.65,1584.14,1400.61,553.64,2388.03,9067.74,47.41,521.35,8155.89,8.4176,393,39.0,23.314
AC-003,113,0.0029,-0.0,100.0,642.5,1590.74,1408.52,554.0,2388.05,9071.48,47.41,522.28,8152.76,8.4318,393,38.95,23.3993
AC-003,114,0.0019,-0.0005,100.0,642.46,1588.4,1407.81,554.04,2388.04,9076.18,47.18,521.68,8154.99,8.4222,392,38.78,23.3687
AC-003,115,-0.001,0.0001,100.0,642.22,1588.97,1400.56,553.54,2388.02,9076.34,47.53,521.6,8152.31,8.4566,393,39.01,23.3428
AC-003,116,0.0008,0.0002,100.0,642.62,1591.56,1407.84,553.54,2388.06,9068.22,47.36,521.91,8145.08,8.4083,392,38.77,23.4147
AC-003,117,0.0012,0.0001,100.0,642.76,1587.74,1402.28,553.84,2388.05,9086.93,47.48,521.74,8152.14,8.423,391,38.84,23.4284
AC-003,118,0.0004,0.0,100.0,642.26,1590.05,1408.53,553.52,2388.03,9076.02,47.44,522.37,8152.0,8.4675,392,38.92,23.2813
AC-003,119,0.0022,-0.0002,100.0,642.0,1588.1,1398.22,553.47,2388.05,9075.77,47.53,521.72,8157.34,8.4442,393,38.85,23.2826
AC-003,120,-0.0012,0.0005,100.0,642.6,1585.58,1408.79,553.63,2388.06,9075.42,47.35,521.47,8161.18,8.4458,391,38.83,23.3816
AC-003,121,-0.0036,-0.0003,100.0,642.27,1585.86,1413.79,553.75,2388.03,9082.5,47.48,521.77,8162.35,8.4103,392,38.92,23.2834
AC-003,122,0.0011,-0.0002,100.0,642.72,1586.83,1406.06,553.77,2388.02,9084.14,47.43,521.94,8160.58,8.413,393,38.72,23.2005
AC-003,123,-0.0009,0.0001,100.0,642.49,1594.72,1408.04,554.28,2388.04,9079.55,47.56,522.27,8164.19,8.4506,394,39.0,23.4
AC-003,124,-0.0048,-0.0003,100.0,642.0,1588.41,1405.29,553.12,2388.04,9083.78,47.31,521.32,8161.91,8.4264,394,39.09,23.3056
AC-003,125,-0.0007,0.0002,100.0,642.82,1580.5,1405.04,553.25,2388.01,9081.3,47.34,521.86,8161.3,8.464,394,38.8,23.2509
AC-003,126,0.0013,0.0004,100.0,642.76,1583.13,1409.96,554.41,2388.02,9076.07,47.41,521.56,8156.2,8.4597,394,38.9,23.2845
AC-003,127,0.0029,0.0001,100.0,642.67,1593.61,1395.95,554.01,2388.05,9088.03,47.54,521.42,8164.96,8.437,392,38.91,23.2823
AC-003,128,-0.0008,-0.0003,100.0,642.22,1592.24,1409.32,553.67,2388.02,9084.04,47.55,522.15,8169.19,8.4587,394,38.89,23.3247
AC-003,129,0.0003,0.0005,100.0,643.1,1597.5,1405.91,553.56,2388.07,9091.26,47.33,522.43,8163.03,8.43,393,38.87,23.2454
AC-003,130,-0.0006,0.0,100.0,642.57,1584.08,1410.11,553.51,2388.1,9089.67,47.53,521.55,8168.38,8.4656,392,38.85,23.322
AC-003,131,-0.0042,0.0002,100.0,642.5,1589.91,1406.13,553.7,2388.09,9085.91,47.44,521.22,8166.86,8.4311,394,38.77,23.2491
AC-003,132,-0.0013,-0.0001,100.0,642.35,1592.88,1408.51,553.0,2388.07,9095.25,47.57,521.22,8166.4,8.4631,394,38.82,23.3883
AC-003,133,-0.001,-0.0003,100.0,642.62,1589.14,1409.48,553.52,2388.01,9089.42,47.47,521.44,8167.34,8.4447,394,38.75,23.3143
AC-003,134,0.0005,-0.0005,100.0,642.45,1586.99,1406.61,554.21,2388.05,9091.09,47.64,521.6,8169.28,8.4601,393,38.84,23.208
AC-003,135,0.0012,-0.0,100.0,642.52,1588.65,1407.5,553.69,2387.99,9089.64,47.54,521.63,8163.38,8.4512,393,38.79,23.3407
AC-003,136,0.0015,-0.0001,100.0,642.6,1592.25,1405.41,553.83,2388.08,9097.15,47.6,521.37,8166.47,8.4234,395,38.66,23.272
AC-003,137,-0.0039,0.0004,100.0,642.75,1589.57,1409.77,554.36,2388.08,9097.8,47.33,521.66,8173.71,8.4339,394,38.74,23.244
AC-003,138,0.0013,-0.0,100.0,642.3,1599.56,1407.3,553.57,2388.01,9097.97,47.52,521.91,8166.72,8.4614,393,38.88,23.2957
AC-003,139,-0.0022,0.0005,100.0,643.08,1594.87,1415.14,553.81,2388.08,9089.36,47.53,521.71,8173.47,8.4823,393,38.86,23.3022
AC-003,140,-0.0009,0.0002,100.0,642.87,1589.67,1414.46,553.12,2388.04,9089.2,47.39,521.33,8175.9,8.4544,394,38.89,23.2051
AC-003,141,0.0025,0.0003,100.0,643.08,1584.87,1412.02,553.08,2388.11,9098.7,47.66,521.7,8177.5,8.4394,394,38.77,23.2201
AC-003,142,-0.0012,0.0003,100.0,643.03,1587.35,1413.05,552.85,2388.02,9098.87,47.69,521.23,8177.01,8.4786,394,38.91,23.3298
AC-003,143,0.0012,0.0004,100.0,642.48,1594.94,1402.45,553.0,2388.05,9101.3,47.56,521.36,8177.99,8.4217,394,38.73,23.3126
AC-003,144,0.004,-0.0001,100.0,642.48,1593.19,1416.18,552.94,2388.06,9101.55,47.49,521.33,8179.98,8.4587,391,38.71,23.2089
AC-003,145,-0.0022,-0.0003,100.0,642.65,1591.66,1403.51,553.55,2388.06,9105.53,47.47,521.27,8179.92,8.4219,394,38.88,23.2711
AC-003,146,0.0017,0.0004,100.0,643.71,1589.2,1413.64,553.85,2388.07,9109.59,47.43,521.16,8183.78,8.458,393,38.74,23.331
AC-003,147,0.0023,0.0001,100.0,643.07,1590.59,1411.55,553.79,2388.09,9109.19,47.62,521.37,8183.29,8.4965,396,38.92,23.3225
AC-003,148,-0.0013,0.0003,100.0,642.69,1589.28,1421.05,553.37,2388.05,9112.94,47.5,521.1,8177.05,8.4426,394,38.77,23.2463
AC-003,149,0.0014,-0.0,100.0,643.26,1594.66,1414.51,552.71,2388.09,9113.8,47.64,521.18,8183.53,8.4499,394,38.8,23.3094
AC-003,150,0.0002,-0.0003,100.0,643.08,1591.34,1407.58,553.35,2388.04,9108.76,47.78,521.77,8185.67,8.4995,393,38.84,23.2518
AC-003,151,0.0009,-0.0,100.0,643.04,1594.47,1420.87,552.82,2388.05,9117.82,47.61,521.26,8192.2,8.442,393,38.74,23.2479
AC-003,152,-0.002,-0.0003,100.0,643.34,1599.53,1411.65,553.59,2388.06,9116.1,47.66,520.99,8186.26,8.4818,395,38.86,23.3026
AC-003,153,-0.001,0.0004,100.0,642.89,1594.75,1416.95,553.63,2388.08,9114.32,47.63,521.06,8191.86,8.4479,395,38.72,23.1607
AC-003,154,0.0021,-0.0001,100.0,643.15,1599.04,1414.53,553.26,2388.03,9123.01,47.63,521.48,8191.96,8.4483,393,38.63,23.1781
AC-003,155,0.0006,0.0002,100.0,642.83,1588.51,1413.92,553.47,2388.05,9130.48,47.69,521.28,8193.56,8.462,395,38.71,23.2262
AC-003,156,-0.0002,-0.0003,100.0,643.52,1597.3,1411.91,553.03,2388.09,9121.93,47.67,521.1,8196.33,8.4749,396,38.7,23.1933
AC-003,157,-0.0006,0.0004,100.0,642.84,1599.31,1414.01,552.54,2388.11,9126.88,47.82,521.11,8195.97,8.4683,395,38.6,23.0792
AC-003,158,-0.0003,-0.0003,100.0,643.19,1593.16,1421.83,553.21,2388.1,9134.44,47.74,521.26,8204.2,8.4977,394,38.56,23.1803
AC-003,159,-0.0005,-0.0004,100.0,642.71,1597.8,1415.2,553.19,2388.11,9127.25,47.72,521.08,8198.23,8.4882,394,38.6,23.1906
AC-003,160,0.0058,0.0002,100.0,642.48,1595.61,1415.88,553.16,2388.1,9131.44,47.76,521.16,8203.54,8.4458,393,38.69,23.2144
AC-003,161,-0.0015,-0.0001,100.0,643.6,1594.41,1416.4,552.82,2388.06,9146.21,47.68,520.48,8202.48,8.4779,394,38.62,23.19
AC-003,162,0.0022,0.0002,100.0,643.11,1594.78,1420.33,552.97,2388.12,9134.86,47.89,521.51,8204.85,8.4726,393,38.67,23.0617
AC-003,163,-0.0016,0.0,100.0,643.0,1597.51,1422.22,553.11,2388.13,9142.78,47.58,521.34,8209.22,8.4766,394,38.64,23.1448
AC-003,164,0.0007,-0.0003,100.0,643.09,1601.99,1416.56,552.81,2388.09,9143.64,47.81,520.78,8209.0,8.5019,395,38.74,23.0846
AC-003,165,-0.0005,-0.0001,100.0,642.96,1601.94,1416.31,552.94,2388.09,9150.46,47.97,521.1,8215.68,8.4846,396,38.69,23.123
AC-003,166,0.003,-0.0002,100.0,642.9,1598.82,1419.27,552.56,2388.04,9153.66,47.79,520.98,8218.07,8.5133,395,38.52,23.1578
AC-003,167,0.0027,0.0004,100.0,643.38,1605.41,1415.96,551.95,2388.17,9149.93,47.97,520.47,8223.46,8.4815,396,38.68,23.147
AC-003,168,-0.0012,0.0002,100.0,643.46,1593.72,1422.59,552.04,2388.11,9154.65,47.93,520.75,8221.68,8.5141,395,38.49,23.2036
AC-003,169,0.0016,-0.0001,100.0,643.55,1602.9,1424.39,552.76,2388.13,9157.05,47.9,520.19,8230.54,8.4936,395,38.52,23.1723
AC-003,170,-0.0015,-0.0003,100.0,643.35,1606.1,1428.52,553.34,2388.12,9159.3,48.14,520.62,8230.71,8.4758,395,38.48,23.1829
AC-003,171,-0.0011,-0.0003,100.0,643.36,1603.48,1419.33,551.57,2388.16,9170.51,47.91,520.75,8233.24,8.5011,395,38.7,23.1225
AC-003,172,-0.0017,-0.0004,100.0,643.62,1597.73,1426.38,552.89,2388.08,9168.78,47.64,520.25,8235.35,8.5219,396,38.85,23.2086
AC-003,173,0.0028,-0.0002,100.0,643.64,1604.78,1417.29,552.16,2388.14,9174.85,48.16,520.7,8234.4,8.4763,394,38.51,23.1498
AC-003,174,0.0034,-0.0005,100.0,643.46,1602.86,1424.79,552.29,2388.13,9179.87,47.84,520.02,8234.96,8.5363,396,38.53,23.0144
AC-003,175,-0.003,0.0004,100.0,643.15,1603.74,1424.17,551.47,2388.06,9172.76,48.12,520.34,8238.86,8.5066,396,38.49,22.9909
AC-003,176,-0.0008,0.0002,100.0,643.93,1595.61,1438.51,551.93,2388.18,9185.88,47.98,520.91,8251.82,8.5245,396,38.49,23.0656
AC-003,177,-0.0041,-0.0002,100.0,643.68,1601.21,1423.5,552.17,2388.13,9191.53,48.1,520.19,8249.86,8.5286,397,38.37,23.0336
AC-003,178,-0.001,0.0001,100.0,643.66,1606.5,1430.55,551.31,2388.19,9193.98,48.38,520.14,8253.84,8.5351,399,38.57,23.1323
AC-003,179,0.0012,0.0,100.0,643.51,1604.8,1428.23,551.91,2388.14,9197.52,48.09,519.53,8255.34,8.5056,398,38.4,22.9562
AC-004,1,0.0025,0.0005,100.0,642.6,1585.4,1402.85,553.97,2388.06,9051.1,47.29,521.94,8131.5,8.42,393,39.04,23.3814
AC-004,2,0.0002,-0.0004,100.0,642.45,1583.54,1410.36,554.62,2388.06,9048.41,47.35,521.7,8129.53,8.3999,391,39.02,23.4437
AC-004,3,-0.0025,-0.0,100.0,642.16,1586.59,1398.65,553.52,2388.08,9052.57,47.4,521.35,8131.24,8.415,391,38.96,23.3314
AC-004,4,0.0024,-0.0003,100.0,642.73,1583.96,1400.32,553.58,2388.08,9047.7,47.39,522.0,8132.9,8.4309,392,38.87,23.4338
AC-004,5,0.0012,-0.0002,100.0,642.11,1590.62,1399.42,552.91,2388.1,9046.98,47.26,521.35,8126.94,8.4164,393,38.91,23.2896
AC-004,6,0.0023,0.0005,100.0,642.46,1588.76,1407.78,553.12,2388.04,9048.78,47.18,521.9,8136.69,8.4313,392,38.94,23.3491
AC-004,7,-0.002,0.0002,100.0,642.26,1586.91,1404.44,554.42,2388.06,9053.53,47.45,521.96,8130.68,8.4372,393,38.87,23.4134
AC-004,8,0.0014,-0.0004,100.0,641.97,1584.18,1406.22,553.93,2388.05,9048.79,47.24,521.77,8134.3,8.4169,393,38.91,23.4044
AC-004,9,0.0059,0.0005,100.0,642.59,1584.78,1403.51,553.78,2388.06,9051.3,47.43,522.23,8132.18,8.388,393,38.88,23.3179
AC-004,10,0.0006,-0.0003,100.0,642.78,1586.0,1400.12,553.54,2388.06,9050.49,47.5,521.54,8131.5,8.4233,392,38.94,23.3154
AC-004,11,0.0034,0.0003,100.0,642.21,1588.75,1395.79,553.58,2388.07,9049.29,47.31,522.35,8130.08,8.4134,394,39.21,23.4153
AC-004,12,0.0014,-0.0001,100.0,642.63,1584.33,1403.67,554.39,2388.09,9053.08,47.35,521.77,8129.83,8.4208,394,38.93,23.2962
AC-004,13,-0.0018,0.0005,100.0,642.24,1587.74,1395.23,553.5,2388.06,9053.94,47.29,521.78,8127.22,8.433,392,38.87,23.3162
AC-004,14,-0.0019,0.0005,100.0,642.62,1583.38,1407.62,553.65,2388.05,9045.65,47.49,521.91,8134.1,8.4236,393,38.92,23.4073
AC-004,15,-0.0021,-0.0001,100.0,642.47,1592.08,1401.13,554.7,2388.03,9050.65,47.35,521.98,8132.16,8.4369,392,38.91,23.3439
AC-004,16,0.0014,-0.0001,100.0,642.17,1585.39,1409.84,554.72,2388.09,9049.49,47.3,521.66,8125.32,8.4203,393,39.04,23.313
AC-004,17,0.0014,0.0004,100.0,642.06,1587.82,1406.43,553.57,2388.1,9050.63,47.39,522.35,8129.65,8.4309,392,38.95,23.2397
AC-004,18,0.0002,-0.0002,100.0,642.36,1589.62,1403.75,554.23,2388.08,9047.81,47.52,521.96,8132.26,8.4229,393,39.01,23.2961
AC-004,19,-0.0029,0.0005,100.0,643.02,1589.9,1406.34,553.62,2388.02,9051.51,47.28,521.95,8138.08,8.4111,392,39.1,23.2799
AC-004,20,0.0022,-0.0003,100.0,642.53,1589.76,1401.19,553.97,2388.05,9047.8,47.26,521.62,8128.24,8.3897,392,38.91,23.3725
AC-004,21,-0.0029,-0.0001,100.0,642.49,1593.11,1398.49,554.01,2388.05,9056.58,47.33,521.5,8139.62,8.4263,393,38.97,23.2878
AC-004,22,0.0025,-0.0003,100.0,642.68,1594.65,1405.05,554.28,2388.09,9047.38,47.7,521.78,8131.9,8.3904,391,39.17,23.2002
AC-004,23,0.0022,0.0,100.0,642.41,1592.74,1401.8,554.49,2388.14,9049.85,47.44,521.97,8134.54,8.4255,395,39.12,23.3787
AC-004,24,0.0022,-0.0002,100.0,642.51,1589.01,1400.24,553.74,2388.08,9056.76,47.46,522.11,8127.73,8.4394,390,38.69,23.2943
AC-004,25,0.0011,-0.0004,100.0,642.05,1592.65,1399.14,554.33,2388.04,9052.67,47.52,521.87,8129.9,8.3954,391,38.81,23.3862
AC-004,26,0.0031,0.0001,100.0,642.35,1589.28,1399.54,553.62,2388.07,9049.02,47.21,521.71,8138.85,8.4235,393,38.95,23.338
AC-004,27,0.0022,0.0001,100.0,642.08,1582.09,1402.27,553.71,2388.05,9056.66,47.37,522.37,8135.0,8.4328,392,38.85,23.3876
AC-004,28,-0.0002,0.0001,100.0,642.59,1583.69,1400.85,553.79,2388.09,9049.03,47.61,521.72,8131.59,8.4004,390,38.84,23.2796
AC-004,29,-0.0002,0.0,100.0,642.34,1585.53,1401.61,554.14,2388.07,9049.24,47.42,521.56,8131.82,8.418,393,38.91,23.3161
AC-004,30,-0.0011,-0.0002,100.0,642.7,1584.4,1403.21,554.09,2388.1,9055.69,47.57,521.68,8131.94,8.4294,391,38.79,23.357
AC-004,31,-0.001,0.0001,100.0,642.42,1580.87,1400.49,554.05,2388.05,9051.85,47.4,521.84,8129.66,8.4268,392,38.96,23.3364
AC-004,32,-0.0012,0.0004,100.0,642.1,1589.33,1406.42,553.8,2388.08,9047.22,47.3,521.76,8133.15,8.4672,392,38.85,23.4112
AC-004,33,-0.0002,-0.0004,100.0,642.79,1590.98,1405.72,554.62,2388.11,9052.54,47.34,521.7,8136.37,8.4295,393,38.86,23.349
AC-004,34,0.0006,-0.0002,100.0,642.29,1587.97,1396.73,553.61,2388.06,9051.75,47.5,521.65,8130.49,8.4369,392,38.88,23.2764
AC-004,35,0.0003,-0.0002,100.0,642.42,1587.89,1398.89,553.72,2388.05,9054.05,47.38,521.49,8135.26,8.4134,393,38.94,23.3307
AC-004,36,-0.0004,0.0,100.0,642.08,1589.48,1406.77,552.71,2388.13,9050.82,47.32,522.12,8132.53,8.4194,393,38.87,23.3539
AC-004,37,0.0011,0.0001,100.0,642.62,1582.75,1411.83,553.92,2388.06,9050.21,47.28,521.23,8133.01,8.4065,391,38.85,23.4505
AC-004,38,-0.0015,-0.0004,100.0,642.69,1591.19,1400.63,553.4,2388.08,9051.77,47.36,521.87,8131.17,8.4118,393,39.07,23.4142
AC-004,39,-0.0002,-0.0003,100.0,642.14,1581.05,1406.06,553.06,2388.08,9057.41,47.56,521.81,8133.67,8.4111,393,38.76,23.3571
AC-004,40,0.0026,0.0003,100.0,642.77,1596.22,1407.38,553.77,2388.04,9053.55,47.38,522.2,8134.81,8.3846,391,38.79,23.3047
AC-004,41,0.0029,-0.0001,100.0,642.44,1588.31,1403.4,553.44,2388.02,9057.66,47.27,521.95,8132.78,8.3683,393,39.11,23.3804
AC-004,42,-0.0003,-0.0003,100.0,642.62,1587.0,1401.08,553.94,2388.05,9046.9,47.42,521.83,8137.1,8.4684,390,39.04,23.5074
AC-004,43,-0.0029,-0.0002,100.0,642.12,1589.99,1407.47,553.71,2388.09,9056.77,47.47,521.67,8132.67,8.4196,393,38.89,23.4416
AC-004,44,-0.0003,0.0005,100.0,641.81,1585.87,1403.08,553.47,2388.13,9054.81,47.29,522.07,8131.23,8.4386,391,39.03,23.4158
AC-004,45,-0.0023,0.0001,100.0,642.58,1587.46,1403.12,553.89,2388.08,9050.89,47.3,521.96,8133.1,8.4115,392,38.98,23.3737
AC-004,46,-0.0007,-0.0003,100.0,642.99,1584.18,1415.57,553.59,2388.03,9052.66,47.54,521.66,8135.14,8.4334,393,38.7,23.3137
AC-004,47,-0.0035,-0.0003,100.0,642.15,1591.57,1409.99,553.8,2388.02,9057.44,47.51,521.69,8132.89,8.4093,393,38.74,23.2122
AC-004,48,0.0028,-0.0004,100.0,642.33,1586.8,1405.17,554.54,2388.08,9056.15,47.46,522.02,8131.02,8.3869,392,38.97,23.3181
AC-004,49,-0.0006,-0.0002,100.0,642.82,1590.52,1408.42,553.87,2388.09,9050.03,47.52,521.75,8130.35,8.3928,392,38.98,23.3336
AC-004,50,0.004,-0.0002,100.0,642.05,1586.99,1403.54,552.53,2388.12,9058.09,47.35,521.85,8137.83,8.4348,391,38.93,23.2186
AC-004,51,-0.0007,0.0005,100.0,642.3,1584.29,1407.61,553.63,2388.07,9057.14,47.22,521.8,8138.87,8.3844,392,38.85,23.4029
AC-004,52,-0.0022,-0.0001,100.0,642.82,1593.22,1407.67,553.9,2388.11,9053.23,47.31,521.99,8137.16,8.4321,394,38.89,23.3655
AC-004,53,0.0023,-0.0,100.0,642.41,1586.77,1407.4,554.5,2388.1,9055.97,47.38,521.19,8134.39,8.4154,393,39.04,23.4327
AC-004,54,-0.0002,-0.0001,100.0,642.54,1592.6,1405.04,553.9,2388.06,9053.65,47.28,521.34,8130.82,8.4348,393,38.93,23.2384
AC-004,55,0.0004,0.0002,100.0,642.02,1587.01,1406.46,554.03,2388.06,9053.51,47.16,521.4,8139.57,8.401,393,38.82,23.3281
AC-004,56,-0.0035,0.0001,100.0,642.8,1594.24,1403.34,553.93,2388.03,9052.37,47.35,521.47,8134.14,8.42,390,39.01,23.3547
AC-004,57,0.0018,0.0003,100.0,642.3,1585.96,1404.0,553.5,2388.08,9051.38,47.43,521.84,8132.78,8.4312,392,38.73,23.4221
AC-004,58,0.0002,0.0003,100.0,642.66,1590.94,1405.24,553.27,2388.07,9047.2,47.39,522.02,8135.85,8.4203,393,38.87,23.2575
AC-004,59,-0.0002,0.0,100.0,642.32,1600.12,1398.12,554.75,2388.07,9048.52,47.46,522.35,8134.77,8.383,391,38.8,23.3164
AC-004,60,-0.0024,-0.0003,100.0,642.31,1576.64,1404.66,553.49,2388.08,9050.23,47.29,521.94,8130.55,8.4349,392,38.96,23.3673
AC-004,61,-0.0012,0.0003,100.0,642.56,1587.51,1407.15,553.77,2388.1,9059.18,47.39,521.79,8138.03,8.4231,392,38.95,23.3748
AC-004,62,0.0003,0.0004,100.0,642.69,1588.08,1407.72,553.74,2388.06,9045.33,47.16,521.39,8135.29,8.4133,391,38.88,23.2919
AC-004,63,0.0015,0.0002,100.0,642.45,1587.6,1410.95,553.89,2388.02,9052.34,47.39,522.11,8135.39,8.4424,393,38.86,23.3359
AC-004,64,-0.003,0.0,100.0,642.68,1591.76,1403.8,554.25,2388.06,9049.6,47.33,521.61,8139.28,8.4002,393,38.84,23.2918
AC-004,65,0.0002,0.0005,100.0,642.8,1590.85,1407.01,554.03,2388.04,9048.79,47.24,522.14,8130.59,8.4314,392,39.04,23.4812
AC-004,66,0.0023,0.0,100.0,642.9,1583.9,1402.56,554.13,2388.06,9061.64,47.35,521.43,8134.65,8.405,394,38.89,23.3588
AC-004,67,0.0029,-0.0003,100.0,642.21,1592.37,1395.74,553.47,2388.08,9051.73,47.43,521.63,8137.62,8.4517,393,38.87,23.4225
AC-004,68,0.0041,-0.0001,100.0,642.44,1587.83,1408.43,554.03,2388.09,9054.44,47.53,521.92,8131.88,8.433,390,38.85,23.4063
AC-004,69,-0.0002,-0.0003,100.0,642.74,1588.44,1409.93,553.75,2388.06,9060.71,47.33,521.74,8137.23,8.4094,391,38.97,23.3788
AC-004,70,0.0002,0.0003,100.0,642.42,1590.37,1403.68,553.6,2388.1,9054.66,47.37,521.9,8136.58,8.4232,392,38.96,23.2755
AC-004,71,-0.0022,-0.0003,100.0,642.63,1585.71,1410.7,554.23,2388.11,9053.94,47.37,521.71,8135.4,8.417,393,38.8,23.3652
AC-004,72,-0.0021,0.0002,100.0,642.69,1584.72,1408.21,553.62,2388.07,9052.99,47.27,521.5,8140.48,8.4053,394,38.89,23.3367
AC-004,73,0.0001,0.0001,100.0,642.35,1588.43,1409.32,554.1,2388.15,9058.6,47.4,521.85,8137.42,8.4666,394,39.17,23.2982
AC-004,74,0.0044,0.0001,100.0,642.6,1588.1,1407.74,553.31,2388.11,9056.63,47.31,521.67,8139.0,8.431,394,38.74,23.3864
AC-004,75,-0.0003,-0.0003,100.0,642.42,1593.17,1400.47,554.13,2388.08,9057.3,47.43,521.95,8138.83,8.4095,393,38.85,23.3053
AC-004,76,0.0055,0.0,100.0,641.86,1588.78,1405.44,553.56,2388.04,9061.17,47.42,521.95,8140.73,8.4142,392,38.82,23.2617
AC-004,77,0.002,0.0004,100.0,642.77,1588.91,1398.16,553.43,2388.03,9062.96,47.32,521.22,8137.46,8.423,394,38.95,23.2448
AC-004,78,-0.0014,0.0001,100.0,642.66,1587.09,1408.49,554.03,2388.06,9053.78,47.46,521.53,8137.48,8.4084,392,38.78,23.3512
AC-004,79,0.0014,0.0004,100.0,642.14,1592.26,1407.47,553.13,2388.1,9056.85,47.39,521.93,8136.08,8.4384,393,39.05,23.4146
AC-004,80,-0.0,0.0001,100.0,642.98,1588.2,1405.22,554.66,2388.05,9059.21,47.36,521.78,8136.75,8.3982,394,38.92,23.2887
AC-004,81,-0.0003,0.0,100.0,642.26,1582.27,1408.32,553.51,2388.04,9052.44,47.39,521.35,8135.47,8.4252,392,38.82,23.34
AC-004,82,-0.0003,0.0004,100.0,642.66,1582.04,1404.73,553.76,2388.05,9053.33,47.3,521.87,8136.0,8.4169,392,38.93,23.2496
AC-004,83,-0.0002,0.0005,100.0,642.13,1588.16,1406.59,554.25,2388.08,9057.38,47.34,521.82,8134.95,8.4433,393,38.98,23.3686
AC-004,84,-0.0029,0.0006,100.0,642.91,1589.92,1403.9,553.48,2388.09,9053.78,47.52,521.63,8134.57,8.4081,392,38.72,23.4161
AC-004,85,-0.0001,0.0001,100.0,642.29,1579.9,1399.07,553.85,2388.05,9063.79,47.27,521.6,8143.55,8.4401,394,38.94,23.3839
AC-004,86,0.0016,-0.0,100.0,642.21,1591.36,1407.58,553.52,2388.08,9060.26,47.42,521.74,8140.42,8.4306,393,38.8,23.3293
AC-004,87,-0.0015,0.0005,100.0,642.7,1587.37,1406.05,553.83,2388.09,9053.77,47.5,522.01,8137.57,8.4359,393,38.92,23.3269
AC-004,88,0.0001,-0.0003,100.0,642.68,1584.7,1398.74,554.23,2388.1,9067.32,47.32,521.36,8141.36,8.4428,394,38.87,23.2128
AC-004,89,0.0006,-0.0002,100.0,641.97,1578.65,1394.77,553.55,2388.09,9058.52,47.56,522.15,8140.68,8.4233,392,38.74,23.3807
AC-004,90,0.0001,0.0003,100.0,643.32,1586.92,1408.45,553.98,2388.05,9063.48,47.32,522.22,8143.04,8.4484,393,38.98,23.322
AC-004,91,0.0018,0.0002,100.0,642.79,1589.6,1404.18,553.48,2388.07,9062.96,47.15,522.23,8144.13,8.4301,393,38.87,23.2897
AC-004,92,0.0015,0.0004,100.0,642.41,1590.17,1403.99,554.49,2388.08,9055.76,47.55,521.56,8143.49,8.4255,393,38.79,23.284
AC-004,93,-0.003,0.0005,100.0,642.24,1588.28,1398.67,554.07,2388.09,9054.9,47.58,521.54,8140.33,8.3856,392,38.77,23.3528
AC-004,94,-0.0036,0.0004,100.0,642.5,1588.54,1406.69,553.76,2388.16,9056.18,47.34,521.82,8138.34,8.4313,392,38.85,23.3703
AC-004,95,0.0041,0.0004,100.0,642.48,1586.25,1398.8,553.44,2388.08,9060.39,47.5,521.88,8142.43,8.4065,392,39.05,23.3431
AC-004,96,-0.0015,0.0003,100.0,642.18,1578.8,1406.96,554.08,2388.05,9059.77,47.36,521.8,8137.86,8.4226,392,38.9,23.3729
AC-004,97,0.0001,0.0006,100.0,642.95,1586.68,1411.12,553.05,2388.03,9065.08,47.5,521.96,8139.63,8.4375,393,38.84,23.2882
AC-004,98,-0.0011,0.0001,100.0,643.06,1583.61,1403.34,553.68,2388.07,9063.37,47.3,521.65,8144.29,8.4055,392,38.87,23.2429
AC-004,99,-0.0005,-0.0004,100.0,642.79,1592.78,1405.64,554.62,2388.11,9063.53,47.28,521.35,8133.9,8.4113,392,38.98,23.1897
AC-004,100,-0.0005,-0.0003,100.0,642.67,1588.11,1406.26,553.72,2388.07,9061.39,47.25,521.77,8140.27,8.4332,392,38.91,23.3289
AC-004,101,0.0005,0.0003,100.0,642.29,1590.1,1412.21,553.91,2388.08,9065.91,47.42,521.3,8140.2,8.4383,392,38.89,23.3956
AC-004,102,0.0002,0.0002,100.0,642.5,1593.07,1400.79,553.63,2388.06,9064.33,47.54,521.4,8142.87,8.435,393,38.75,23.2938
AC-004,103,-0.0024,0.0001,100.0,642.83,1596.05,1400.74,553.62,2388.06,9056.6,47.39,521.69,8138.22,8.4328,393,38.8,23.4523
AC-004,104,0.0012,0.0005,100.0,642.27,1593.03,1403.56,553.84,2388.09,9058.91,47.39,522.48,8145.23,8.4194,394,38.95,23.3294
AC-004,105,0.0001,0.0002,100.0,642.48,1587.15,1406.58,553.9,2388.06,9064.82,47.31,521.63,8143.33,8.4449,394,38.93,23.3576
AC-004,106,-0.0032,-0.0004,100.0,642.24,1588.91,1402.75,553.63,2388.07,9061.75,47.53,521.62,8143.18,8.444,393,38.88,23.2776
AC-004,107,0.0,-0.0002,100.0,642.55,1585.56,1400.45,553.78,2388.09,9066.51,47.4,521.19,8147.26,8.4383,392,38.93,23.3614
AC-004,108,-0.0026,0.0,100.0,642.13,1585.18,1412.75,553.97,2388.07,9068.42,47.44,521.99,8144.81,8.4316,394,38.93,23.3725
AC-004,109,0.0007,-0.0004,100.0,642.89,1586.34,1407.61,553.4,2388.06,9073.67,47.36,522.15,8142.55,8.4531,393,38.87,23.364
AC-004,110,-0.0009,0.0004,100.0,642.47,1581.85,1401.8,553.86,2388.07,9068.93,47.37,521.74,8147.39,8.428,393,39.06,23.4095
AC-004,111,-0.0013,-0.0003,100.0,642.16,1584.52,1405.22,554.14,2388.06,9058.48,47.31,521.69,8147.19,8.4456,393,38.81,23.2463
AC-004,112,0.0016,0.0002,100.0,642.15,1597.05,1400.11,552.93,2388.04,9072.19,47.42,522.25,8143.21,8.4411,394,38.86,23.3104
AC-004,113,0.0004,0.0,100.0,642.41,1592.69,1416.04,552.71,2388.02,9062.6,47.43,521.8,8148.24,8.4388,393,38.97,23.3268
AC-004,114,0.0011,0.0001,100.0,642.5,1585.29,1404.61,553.9,2388.03,9070.88,47.61,521.65,8148.18,8.4342,394,38.84,23.3543
AC-004,115,0.0017,0.0,100.0,643.11,1584.82,1399.39,552.89,2388.04,9064.63,47.61,521.77,8149.17,8.4147,394,38.83,23.3361
AC-004,116,0.0015,0.0003,100.0,642.57,1587.97,1409.77,553.1,2388.07,9063.99,47.49,521.75,8143.24,8.427,394,38.88,23.2845
AC-004,117,-0.0047,-0.0,100.0,642.97,1588.0,1409.2,552.71,2388.06,9070.89,47.32,521.82,8149.32,8.4302,394,38.9,23.2139
AC-004,118,-0.0015,0.0,100.0,642.45,1595.31,1404.31,554.2,2388.06,9065.88,47.6,521.78,8144.55,8.4114,393,39.05,23.3721
AC-004,119,0.0005,-0.0002,100.0,642.81,1587.57,1411.87,553.91,2388.05,9061.66,47.56,521.37,8145.98,8.4816,393,38.72,23.2425
AC-004,120,0.0015,0.0001,100.0,642.13,1590.46,1405.88,553.5,2388.07,9069.1,47.52,521.55,8146.54,8.4146,393,39.01,23.1853
AC-004,121,-0.0022,-0.0003,100.0,642.58,1598.61,1403.36,553.35,2388.09,9070.9,47.59,521.67,8144.47,8.4659,393,38.97,23.341
AC-004,122,0.0003,-0.0004,100.0,643.12,1594.36,1405.56,553.28,2388.06,9063.29,47.42,521.2,8150.73,8.4275,393,38.73,23.2929
AC-004,123,0.0007,0.0004,100.0,642.56,1586.4,1411.81,553.42,2388.1,9067.29,47.59,521.67,8144.19,8.4384,393,38.89,23.3391
AC-004,124,-0.0019,0.0001,100.0,642.64,1587.87,1400.87,552.7,2388.03,9073.32,47.49,521.33,8152.25,8.4403,394,38.99,23.3158
AC-004,125,0.0002,0.0002,100.0,642.59,1580.17,1404.02,554.55,2388.05,9070.65,47.41,521.68,8148.95,8.4458,395,38.96,23.3211
AC-004,126,0.0012,-0.0003,100.0,642.56,1592.43,1405.07,553.81,2388.12,9072.48,47.58,521.34,8149.92,8.4565,394,38.91,23.3087
AC-004,127,0.0027,-0.0001,100.0,641.87,1591.59,1410.29,553.36,2388.05,9074.47,47.49,521.72,8152.75,8.4477,393,38.61,23.309
AC-004,128,0.0008,0.0001,100.0,642.77,1592.21,1417.91,553.31,2388.04,9078.47,47.79,521.41,8153.2,8.4198,396,38.86,23.3167
AC-004,129,0.0026,0.0001,100.0,642.3,1589.44,1403.6,553.88,2388.02,9068.1,47.45,521.31,8154.04,8.4495,393,38.74,23.372
AC-004,130,-0.002,0.0002,100.0,642.28,1593.61,1406.21,553.45,2388.1,9075.76,47.48,521.63,8148.92,8.4323,392,38.92,23.4297
AC-004,131,-0.0022,-0.0003,100.0,642.81,1593.8,1399.75,553.55,2388.08,9071.08,47.5,521.17,8155.09,8.4256,394,38.79,23.2136
AC-004,132,0.0007,0.0004,100.0,642.41,1591.45,1409.15,552.95,2388.07,9086.47,47.75,521.67,8153.64,8.4385,394,38.76,23.2413
AC-004,133,-0.0006,0.0,100.0,642.95,1592.11,1412.36,553.82,2388.09,9072.61,47.62,521.53,8154.88,8.4652,393,38.8,23.1877
AC-004,134,-0.0001,0.0006,100.0,642.82,1590.54,1413.59,553.25,2388.1,9082.5,47.61,521.45,8152.47,8.43,394,38.77,23.3469
AC-004,135,-0.0009,-0.0002,100.0,642.8,1586.98,1406.54,553.14,2388.1,9086.62,47.67,521.43,8155.68,8.4922,393,38.62,23.2783
AC-004,136,-0.0009,0.0001,100.0,642.88,1588.88,1410.65,553.84,2388.1,9080.72,47.76,521.58,8156.39,8.4835,393,38.72,23.2597
AC-004,137,0.0021,0.0004,100.0,642.35,1585.35,1408.59,553.73,2388.09,9085.86,47.39,521.1,8163.63,8.477,393,38.77,23.2531
AC-004,138,0.0001,-0.0003,100.0,642.62,1589.11,1403.15,553.42,2388.09,9079.96,47.46,521.47,8159.62,8.4499,394,38.9,23.1688
AC-004,139,0.002,-0.0001,100.0,642.51,1590.51,1411.62,553.22,2388.06,9084.37,47.45,521.29,8160.55,8.4225,391,38.74,23.3399
AC-004,140,-0.0014,0.0005,100.0,642.43,1589.98,1410.55,553.09,2388.09,9084.41,47.56,521.39,8166.82,8.4522,393,38.95,23.2221
AC-004,141,0.0051,0.0004,100.0,642.78,1586.02,1408.52,553.54,2388.1,9082.87,47.65,521.74,8162.37,8.4545,394,38.75,23.2515
AC-004,142,-0.0003,0.0002,100.0,642.15,1595.19,1409.14,553.18,2388.11,9084.27,47.69,521.28,8157.58,8.4665,394,38.83,23.1726
AC-004,143,-0.0012,0.0003,100.0,642.74,1586.75,1406.34,553.08,2388.07,9090.71,47.54,520.98,8169.05,8.4173,393,38.79,23.3044
AC-004,144,-0.0008,0.0003,100.0,642.6,1588.23,1411.01,552.42,2388.06,9091.62,47.69,521.76,8163.6,8.4334,394,38.71,23.2699
AC-004,145,0.0006,0.0005,100.0,643.07,1594.62,1405.43,553.62,2388.09,9090.55,47.57,521.38,8164.83,8.4518,393,38.74,23.2125
AC-004,146,0.0005,0.0003,100.0,642.72,1595.94,1417.08,553.21,2388.01,9097.65,47.61,521.18,8168.06,8.4524,394,38.84,23.1458
AC-004,147,-0.0004,0.0004,100.0,642.82,1590.96,1411.57,552.95,2388.06,9090.6,47.66,520.91,8166.29,8.4496,394,38.71,23.1977
AC-004,148,-0.0018,-0.0001,100.0,643.09,1593.59,1418.28,553.32,2388.1,9092.25,47.67,521.91,8171.39,8.4355,393,38.88,23.2993
AC-004,149,-0.0008,0.0004,100.0,642.58,1595.24,1414.42,553.21,2388.09,9094.94,47.76,520.79,8165.4,8.4816,394,38.89,23.2122
AC-004,150,-0.0007,-0.0003,100.0,642.46,1598.82,1407.68,553.14,2388.03,9096.18,47.64,521.43,8178.72,8.4365,395,38.75,23.1649
AC-004,151,0.0013,0.0003,100.0,643.25,1594.25,1410.11,552.94,2388.09,9097.14,47.65,521.43,8171.6,8.4765,395,38.66,23.3152
AC-004,152,-0.0026,-0.0002,100.0,642.68,1588.06,1415.81,552.63,2388.05,9096.41,47.55,521.42,8172.77,8.461,394,38.75,23.2845
AC-004,153,-0.0003,0.0001,100.0,643.02,1589.96,1410.75,553.13,2388.1,9106.73,47.64,520.97,8174.74,8.43,392,38.79,23.2261
AC-004,154,0.0038,0.0002,100.0,642.87,1596.48,1407.58,553.0,2388.04,9105.93,47.76,521.02,8174.36,8.4262,395,38.7,23.3318
AC-004,155,0.0022,0.0001,100.0,643.05,1591.94,1406.1,552.85,2388.11,9109.24,47.84,520.72,8172.07,8.4545,395,38.74,23.2332
AC-004,156,-0.0002,-0.0001,100.0,642.54,1594.01,1414.19,552.21,2388.08,9100.84,47.65,521.36,8172.29,8.4546,393,38.73,23.2384
AC-004,157,0.0027,0.0,100.0,642.8,1597.71,1413.68,553.49,2388.09,9112.83,47.6,521.41,8184.87,8.43,394,38.66,23.277
AC-004,158,-0.003,-0.0004,100.0,643.0,1593.74,1420.79,553.11,2388.12,9114.81,47.63,520.95,8184.25,8.46,393,38.6,23.3178
AC-004,159,0.002,0.0005,100.0,642.82,1590.08,1417.62,552.63,2388.07,9098.78,47.61,520.9,8182.09,8.475,395,38.57,23.276
AC-004,160,-0.0004,0.0005,100.0,643.24,1597.66,1412.93,553.83,2388.07,9108.85,47.7,520.75,8185.01,8.4473,393,38.71,23.2558
AC-004,161,-0.0,0.0004,100.0,643.02,1590.53,1413.51,552.28,2388.08,9116.28,47.64,521.19,8184.82,8.4741,397,38.72,23.1832
AC-004,162,-0.0028,0.0004,100.0,642.91,1589.2,1419.09,553.87,2388.1,9127.02,47.63,520.91,8190.55,8.4931,394,38.52,23.3013
AC-004,163,-0.0041,-0.0002,100.0,643.32,1596.69,1417.32,552.17,2388.13,9119.48,47.92,520.94,8188.26,8.4594,395,38.53,23.1648
AC-004,164,-0.0029,-0.0002,100.0,643.2,1588.21,1411.81,552.75,2388.09,9124.06,47.91,520.75,8189.67,8.4816,394,38.76,23.1351
AC-004,165,0.0037,0.0003,100.0,643.38,1598.42,1413.9,552.16,2388.08,9125.58,47.56,521.46,8189.3,8.4613,394,38.71,23.2052
AC-004,166,-0.0043,-0.0003,100.0,642.83,1595.07,1410.18,552.22,2388.15,9127.24,47.82,520.54,8195.14,8.4633,395,38.73,23.1746
AC-004,167,-0.0006,0.0,100.0,642.97,1596.98,1410.22,552.3,2388.09,9130.81,47.91,521.24,8198.35,8.4678,395,38.72,23.1656
AC-004,168,-0.0028,0.0002,100.0,642.86,1594.46,1416.01,552.58,2388.06,9124.84,47.83,521.13,8194.73,8.4806,396,38.62,23.2878
AC-004,169,0.0011,0.0001,100.0,643.25,1592.7,1419.62,552.91,2388.05,9136.79,47.8,521.24,8200.08,8.4926,398,38.63,23.1847
AC-004,170,0.0023,0.0002,100.0,643.6,1595.73,1412.94,552.45,2388.12,9138.79,47.8,520.77,8202.15,8.492,396,38.68,23.2325
AC-004,171,0.002,-0.0003,100.0,643.69,1594.79,1416.71,552.21,2388.14,9133.85,47.74,520.85,8204.3,8.49,396,38.66,23.2471
AC-004,172,0.0015,-0.0002,100.0,643.28,1597.1,1417.89,552.65,2388.14,9129.92,47.88,520.72,8208.53,8.5017,395,38.66,23.0502
AC-004,173,-0.0033,-0.0,100.0,642.87,1598.3,1422.56,552.08,2388.12,9142.07,47.61,520.53,8208.18,8.4829,396,38.66,23.1664
AC-004,174,0.0021,-0.0003,100.0,643.09,1600.79,1423.58,552.74,2388.08,9150.69,47.85,520.61,8212.15,8.4928,395,38.52,23.2417
AC-004,175,0.0027,0.0004,100.0,643.17,1598.28,1419.52,552.39,2388.1,9143.78,47.95,520.47,8221.41,8.4826,396,38.73,23.1571
AC-004,176,0.0033,0.0003,100.0,643.36,1601.11,1427.72,552.62,2388.12,9149.82,47.83,520.61,8219.43,8.4822,395,38.81,23.1426
AC-004,177,0.0034,-0.0001,100.0,643.15,1603.1,1424.69,552.77,2388.14,9155.26,47.99,520.82,8219.59,8.5026,396,38.5,23.1635
AC-004,178,0.0006,0.0003,100.0,643.38,1606.48,1431.78,551.71,2388.17,9164.28,47.86,520.28,8221.61,8.4992,394,38.67,23.1181
AC-004,179,0.0014,0.0,100.0,643.6,1604.11,1424.1,552.19,2388.18,9156.61,48.0,520.52,8223.02,8.5289,397,38.55,23.0599
AC-004,180,0.0001,-0.0002,100.0,643.58,1610.29,1425.23,551.7,2388.15,9163.18,47.95,520.33,8228.25,8.4966,398,38.36,23.1739
AC-004,181,0.0004,-0.0002,100.0,643.34,1597.16,1413.99,551.82,2388.11,9168.97,47.95,520.24,8230.94,8.4821,396,38.57,23.1169
AC-004,182,0.0007,-0.0,100.0,643.42,1603.95,1429.48,551.77,2388.12,9166.16,47.96,520.55,8229.71,8.5069,395,38.29,23.0709
AC-004,183,0.0034,0.0002,100.0,644.5,1602.97,1426.55,551.6,2388.12,9175.69,48.08,520.17,8239.91,8.5034,399,38.47,23.0511
AC-004,184,-0.001,0.0003,100.0,643.44,1608.22,1426.27,552.01,2388.12,9174.67,48.04,520.07,8242.61,8.5011,395,38.39,23.0651
AC-004,185,-0.0031,0.0005,100.0,643.27,1607.57,1429.22,551.91,2388.1,9184.41,48.19,520.12,8246.77,8.5254,396,38.47,23.118
AC-004,186,-0.0003,-0.0001,100.0,643.45,1608.24,1427.17,551.9,2388.13,9187.57,48.21,520.26,8241.99,8.4873,396,38.55,23.1353
AC-004,187,-0.0005,0.0005,100.0,643.69,1603.04,1422.74,552.02,2388.14,9203.22,48.08,519.6,8253.53,8.5283,396,38.49,23.0135
AC-004,188,0.0006,0.0001,100.0,643.48,1602.23,1434.12,551.81,2388.16,9192.89,48.15,520.12,8251.11,8.5462,398,38.45,23.071
AC-004,189,-0.0024,-0.0002,100.0,644.53,1612.11,1432.55,551.93,2388.13,9198.32,48.15,519.84,8259.42,8.5246,398,38.44,23.1006
AC-006,1,-0.0019,0.0003,100.0,642.73,1584.4,1412.34,552.99,2388.12,9037.26,47.56,521.69,8116.86,8.4286,394,38.94,23.3086
AC-006,2,0.0021,-0.0004,100.0,642.07,1590.38,1401.1,553.02,2388.09,9045.95,47.65,521.03,8126.01,8.4343,393,38.89,23.2645
AC-006,3,-0.0031,0.0001,100.0,642.57,1588.18,1405.86,552.76,2388.13,9044.75,47.49,521.68,8125.49,8.4072,392,38.79,23.2163
AC-006,4,0.0006,0.0,100.0,641.97,1589.4,1401.21,553.1,2388.1,9036.97,47.38,521.84,8117.06,8.4012,394,38.83,23.3215
AC-006,5,0.0029,-0.0005,100.0,642.62,1595.13,1409.67,553.27,2388.15,9040.85,47.49,521.37,8124.1,8.4583,394,38.87,23.324
AC-006,6,0.0038,0.0002,100.0,642.33,1589.59,1408.46,553.91,2388.15,9039.36,47.49,521.29,8121.04,8.4994,393,38.88,23.2869
AC-006,7,-0.0003,0.0005,100.0,642.44,1586.65,1403.63,553.28,2388.11,9049.25,47.49,521.38,8121.85,8.4163,395,38.85,23.2894
AC-006,8,0.0004,-0.0003,100.0,642.33,1586.78,1404.99,553.89,2388.16,9041.47,47.69,521.71,8123.6,8.4739,393,38.93,23.287
AC-006,9,0.0012,-0.0004,100.0,643.36,1585.15,1407.48,553.54,2388.15,9040.9,47.6,522.21,8126.08,8.4614,393,38.73,23.3138
AC-006,10,0.0,-0.0003,100.0,642.81,1587.89,1414.99,553.28,2388.15,9034.79,47.45,521.08,8122.22,8.4129,391,38.75,23.2454
AC-006,11,0.0039,-0.0005,100.0,642.5,1586.81,1401.78,552.84,2388.19,9046.12,47.67,521.55,8123.31,8.4694,394,38.98,23.3941
AC-006,12,-0.0033,-0.0,100.0,642.28,1594.5,1404.65,552.36,2388.13,9040.82,47.4,521.25,8122.73,8.4313,394,38.86,23.3945
AC-006,13,0.002,0.0002,100.0,642.37,1589.99,1409.91,553.67,2388.12,9044.29,47.6,520.78,8122.02,8.4537,394,38.93,23.3845
AC-006,14,-0.0035,0.0003,100.0,642.91,1592.99,1406.48,553.98,2388.15,9039.81,47.61,521.79,8123.95,8.4495,393,38.84,23.3262
AC-006,15,-0.001,-0.0004,100.0,642.55,1584.5,1410.62,553.84,2388.11,9037.5,47.59,521.53,8117.53,8.4468,394,38.64,23.3293
AC-006,16,0.0003,0.0002,100.0,643.02,1589.35,1411.03,553.15,2388.1,9045.23,47.68,521.48,8124.29,8.4485,394,38.88,23.3919
AC-006,17,0.0015,-0.0005,100.0,643.11,1588.67,1411.59,552.85,2388.08,9042.32,47.49,521.35,8122.36,8.445,392,38.87,23.2692
AC-006,18,0.003,0.0005,100.0,642.68,1587.04,1410.2,552.43,2388.1,9036.7,47.7,521.41,8118.77,8.4504,392,38.9,23.4346
AC-006,19,0.0031,-0.0,100.0,642.19,1588.21,1408.93,552.77,2388.13,9048.39,47.59,522.16,8126.26,8.4358,394,38.87,23.2571
AC-006,20,0.0002,-0.0004,100.0,642.63,1590.31,1405.84,553.16,2388.12,9045.94,47.47,521.32,8122.53,8.4163,393,38.76,23.2654
AC-006,21,0.0014,0.0005,100.0,642.41,1587.62,1411.2,553.52,2388.08,9037.73,47.51,521.03,8120.2,8.4108,393,38.94,23.2284
AC-006,22,0.0001,0.0004,100.0,642.75,1586.8,1412.36,553.78,2388.14,9038.39,47.53,521.78,8124.21,8.4461,393,38.71,23.2824
AC-006,23,-0.0035,0.0,100.0,642.65,1592.61,1405.78,552.93,2388.19,9039.07,47.49,521.47,8122.56,8.4343,395,38.71,23.2665
AC-006,24,0.0013,-0.0002,100.0,642.64,1587.84,1408.88,552.66,2388.1,9042.18,47.54,521.47,8119.7,8.4512,394,38.77,23.2691
AC-006,25,-0.0025,-0.0005,100.0,642.6,1588.2,1404.17,553.01,2388.12,9041.67,47.37,521.51,8119.54,8.4449,393,38.81,23.2809
AC-006,26,0.0023,0.0003,100.0,643.19,1591.45,1409.38,553.53,2388.13,9045.49,47.59,521.75,8121.5,8.4876,392,38.76,23.3463
AC-006,27,-0.002,0.0002,100.0,642.91,1587.33,1408.41,553.68,2388.13,9043.31,47.56,521.33,8126.84,8.4485,392,38.83,23.4141
AC-006,28,0.0024,0.0003,100.0,642.68,1590.93,1407.17,553.42,2388.13,9040.91,47.58,521.25,8122.7,8.4252,394,38.83,23.27
AC-006,29,0.0036,-0.0003,100.0,642.02,1587.92,1411.63,552.83,2388.18,9045.71,47.36,521.17,8120.58,8.414,393,38.88,23.1688
AC-006,30,-0.0012,-0.0001,100.0,642.1,1583.0,1409.32,553.29,2388.1,9040.37,47.46,521.46,8115.3,8.4518,393,38.97,23.388
AC-006,31,-0.0013,-0.0002,100.0,642.36,1591.59,1402.06,553.17,2388.11,9044.26,47.48,521.13,8123.97,8.4004,393,38.79,23.3245
AC-006,32,-0.0002,-0.0005,100.0,643.03,1588.4,1407.94,553.34,2388.13,9039.21,47.53,521.57,8125.27,8.4248,394,38.75,23.4517
AC-006,33,0.0027,-0.0003,100.0,642.59,1590.24,1400.61,553.47,2388.14,9037.23,47.51,521.73,8122.74,8.4597,393,38.66,23.3406
AC-006,34,-0.001,0.0005,100.0,642.41,1593.18,1412.46,553.22,2388.14,9039.33,47.53,520.92,8121.72,8.3972,395,38.97,23.2439
AC-006,35,-0.0021,0.0002,100.0,642.81,1581.62,1406.36,553.45,2388.15,9037.87,47.44,521.76,8122.51,8.4314,393,38.98,23.2475
AC-006,36,-0.0032,0.0003,100.0,642.88,1587.89,1410.89,553.71,2388.14,9038.05,47.55,520.89,8119.95,8.4222,394,38.82,23.2876
AC-006,37,-0.001,0.0002,100.0,642.47,1591.16,1409.57,553.08,2388.13,9048.27,47.57,521.27,8116.95,8.4108,394,38.9,23.3248
AC-006,38,0.0013,-0.0001,100.0,642.47,1586.16,1407.91,553.28,2388.1,9051.18,47.55,521.36,8120.98,8.439,394,38.76,23.3234
AC-006,39,-0.0035,-0.0003,100.0,642.68,1588.69,1410.96,553.47,2388.13,9044.21,47.5,521.12,8122.82,8.4124,392,39.1,23.2799
AC-006,40,0.0016,-0.0,100.0,642.67,1584.77,1414.82,553.58,2388.11,9040.44,47.4,521.46,8121.14,8.4366,394,38.78,23.3596
AC-006,41,0.0032,0.0001,100.0,643.18,1586.37,1409.15,552.81,2388.18,9046.52,47.43,520.88,8122.0,8.4154,392,38.76,23.2997
AC-006,42,-0.001,0.0003,100.0,641.82,1583.49,1409.75,553.23,2388.1,9039.62,47.51,521.5,8118.08,8.4311,394,38.8,23.24
AC-006,43,0.004,0.0004,100.0,642.98,1587.55,1403.0,552.65,2388.16,9039.51,47.55,520.8,8119.96,8.4261,393,38.85,23.3042
AC-006,44,0.0022,0.0005,100.0,642.42,1594.67,1406.01,553.21,2388.15,9043.7,47.62,521.45,8123.94,8.4426,392,38.65,23.3354
AC-006,45,-0.0008,0.0,100.0,642.41,1588.48,1409.32,553.61,2388.15,9046.21,47.54,520.93,8123.77,8.4607,393,38.79,23.2485
AC-006,46,-0.0001,0.0004,100.0,642.94,1587.34,1403.16,553.37,2388.12,9042.49,47.5,521.49,8121.11,8.5029,394,39.06,23.2163
AC-006,47,-0.0002,-0.0,100.0,642.06,1587.53,1405.63,552.47,2388.16,9041.69,47.54,521.19,8119.87,8.4127,393,38.89,23.3982
AC-006,48,0.0027,0.0004,100.0,642.64,1586.67,1405.29,552.99,2388.11,9043.89,47.54,521.21,8124.11,8.4406,392,38.87,23.3222
AC-006,49,-0.0005,0.0002,100.0,642.85,1592.36,1412.66,553.58,2388.1,9031.97,47.7,521.57,8122.04,8.4796,394,38.66,23.3686
AC-006,50,-0.0027,0.0001,100.0,642.55,1591.46,1401.18,553.22,2388.15,9046.78,47.62,521.01,8123.57,8.4519,394,38.82,23.2389
AC-006,51,0.0023,-0.0004,100.0,643.18,1587.6,1411.46,553.58,2388.09,9044.0,47.54,521.57,8122.02,8.4422,394,38.73,23.2563
AC-006,52,-0.0011,-0.0001,100.0,642.81,1591.54,1407.97,553.58,2388.11,9036.51,47.52,521.32,8124.78,8.4499,393,38.65,23.3049
AC-006,53,-0.0025,0.0001,100.0,642.72,1587.56,1411.47,553.47,2388.12,9037.0,47.61,521.41,8119.78,8.4628,392,38.83,23.3784
AC-006,54,-0.0023,-0.0004,100.0,643.0,1594.48,1408.17,553.57,2388.12,9037.25,47.37,520.91,8122.97,8.452,393,38.82,23.3575
AC-006,55,0.001,-0.0001,100.0,642.62,1593.8,1410.73,553.6,2388.12,9038.34,47.49,521.44,8116.16,8.4378,394,38.74,23.3015
AC-006,56,-0.0037,0.0004,100.0,642.53,1589.29,1411.17,553.4,2388.16,9039.3,47.49,521.11,8120.19,8.4589,393,38.93,23.2232
AC-006,57,0.0032,-0.0001,100.0,642.4,1592.85,1409.82,553.45,2388.13,9036.78,47.53,521.1,8117.74,8.4325,394,38.96,23.3324
AC-006,58,-0.0052,-0.0004,100.0,642.83,1585.97,1414.39,553.0,2388.16,9040.97,47.61,521.14,8124.15,8.4269,393,38.9,23.1848
AC-006,59,0.0014,0.0005,100.0,642.99,1588.01,1410.16,552.76,2388.11,9037.86,47.58,521.25,8123.31,8.4444,393,38.78,23.2489
AC-006,60,-0.0026,-0.0002,100.0,642.75,1590.14,1406.9,552.75,2388.15,9040.18,47.47,521.5,8122.11,8.4205,392,38.71,23.2712
AC-006,61,0.0,0.0002,100.0,643.24,1595.27,1413.96,553.3,2388.12,9040.45,47.87,521.17,8118.39,8.4707,394,38.89,23.2791
AC-006,62,-0.0007,-0.0001,100.0,642.59,1593.19,1404.16,553.03,2388.1,9040.55,47.37,520.97,8120.01,8.431,393,38.82,23.2902
AC-006,63,0.0015,-0.0005,100.0,642.55,1597.51,1412.65,553.6,2388.13,9041.28,47.49,521.93,8119.94,8.4408,394,38.91,23.4008
AC-006,64,0.0006,-0.0004,100.0,643.19,1589.76,1407.19,553.58,2388.12,9038.75,47.52,520.57,8125.42,8.4561,393,38.8,23.3289
AC-006,65,-0.0017,-0.0004,100.0,642.56,1591.75,1411.47,553.4,2388.12,9038.59,47.68,521.23,8121.92,8.4261,392,38.77,23.2611
AC-006,66,0.0038,0.0003,100.0,642.7,1594.43,1408.8,553.41,2388.2,9040.03,47.47,521.27,8122.76,8.4617,394,38.74,23.2412
AC-006,67,-0.0005,0.0005,100.0,642.87,1588.19,1412.54,553.11,2388.15,9040.94,47.45,521.5,8119.46,8.4238,394,38.91,23.314
AC-006,68,0.002,-0.0002,100.0,642.66,1587.59,1413.13,553.19,2388.16,9040.5,47.61,521.15,8123.1,8.4473,392,38.79,23.2079
AC-006,69,-0.0037,0.0001,100.0,642.48,1592.19,1406.96,553.28,2388.17,9039.42,47.68,521.25,8125.43,8.445,393,38.9,23.2988
AC-006,70,0.0022,-0.0003,100.0,643.06,1599.27,1409.21,553.1,2388.18,9038.52,47.5,521.09,8122.54,8.4269,395,38.77,23.2539
AC-006,71,-0.0019,-0.0002,100.0,642.89,1594.41,1412.36,553.41,2388.15,9038.86,47.59,521.14,8118.76,8.4253,392,38.64,23.2522
AC-006,72,0.0002,0.0003,100.0,642.92,1586.94,1415.8,553.13,2388.14,9042.84,47.42,521.11,8125.71,8.466,392,38.79,23.2914
AC-006,73,-0.0005,0.0003,100.0,643.07,1590.53,1410.2,552.74,2388.15,9042.42,47.7,521.03,8123.17,8.4582,392,38.64,23.1547
AC-006,74,0.0021,0.0004,100.0,642.53,1588.12,1409.58,552.94,2388.1,9037.56,47.65,521.41,8125.89,8.4368,393,38.96,23.2868
AC-006,75,-0.0003,-0.0002,100.0,642.69,1583.72,1410.5,552.67,2388.23,9043.39,47.66,520.65,8128.37,8.4528,391,38.98,23.1768
AC-006,76,-0.0002,0.0003,100.0,642.28,1592.11,1412.11,552.24,2388.14,9036.63,47.52,522.03,8127.15,8.4406,395,39.05,23.2793
AC-006,77,-0.0025,0.0003,100.0,643.32,1587.84,1416.71,553.91,2388.13,9045.17,47.76,521.18,8121.46,8.3731,393,38.67,23.2879
AC-006,78,-0.0009,0.0001,100.0,643.26,1586.98,1411.31,553.99,2388.13,9045.66,47.44,520.99,8118.31,8.4405,394,38.66,23.2259
AC-006,79,-0.0004,0.0004,100.0,643.12,1593.19,1414.85,553.54,2388.12,9044.06,47.83,521.2,8122.79,8.453,393,38.72,23.2171
AC-006,80,0.0012,0.0002,100.0,642.86,1593.18,1409.06,552.67,2388.11,9043.31,47.53,521.16,8126.68,8.4183,393,38.77,23.3326
AC-006,81,-0.0007,-0.0002,100.0,642.38,1595.09,1411.1,553.81,2388.12,9043.46,47.51,520.97,8118.93,8.4261,392,38.8,23.2556
AC-006,82,0.0019,-0.0002,100.0,642.48,1588.5,1410.57,552.88,2388.16,9047.64,47.66,521.26,8119.97,8.461,394,38.71,23.1779
AC-006,83,0.0003,-0.0002,100.0,642.74,1593.02,1415.45,552.77,2388.11,9039.56,47.67,521.04,8124.93,8.4679,394,38.69,23.149
AC-006,84,-0.0003,0.0002,100.0,643.14,1584.71,1409.65,553.22,2388.13,9040.29,47.66,520.92,8121.79,8.4291,392,38.91,23.3213
AC-006,85,0.0004,-0.0001,100.0,642.75,1600.84,1405.68,552.61,2388.17,9040.25,47.55,520.75,8120.67,8.4785,394,38.85,23.1478
AC-006,86,0.0003,0.0003,100.0,642.72,1595.44,1416.17,552.66,2388.12,9041.27,47.48,521.23,8119.66,8.4256,393,38.65,23.2822
AC-006,87,-0.0052,-0.0004,100.0,642.6,1588.86,1409.65,553.3,2388.15,9040.56,47.53,521.71,8123.4,8.4544,392,38.65,23.2917
AC-006,88,-0.0008,-0.0001,100.0,642.92,1590.45,1404.54,553.89,2388.18,9032.12,47.52,520.81,8125.1,8.4613,391,38.91,23.3254
AC-006,89,-0.0006,0.0003,100.0,643.03,1596.52,1417.55,552.79,2388.18,9042.3,47.62,521.21,8123.6,8.4588,392,38.63,23.2402
AC-006,90,0.0021,-0.0003,100.0,642.61,1593.37,1413.78,553.14,2388.18,9031.92,47.73,520.96,8125.22,8.4425,394,38.79,23.2619
AC-006,91,-0.0007,-0.0001,100.0,643.24,1585.21,1406.95,552.88,2388.12,9048.37,47.7,521.83,8119.5,8.4328,393,38.82,23.3813
AC-006,92,-0.003,-0.0004,100.0,642.8,1591.9,1407.76,552.35,2388.16,9032.39,47.63,520.89,8121.11,8.4485,395,38.85,23.2665
AC-006,93,0.0017,-0.0004,100.0,642.76,1597.36,1414.44,553.4,2388.13,9040.06,47.69,520.97,8122.17,8.4366,395,38.67,23.3089
AC-006,94,-0.0004,-0.0002,100.0,642.65,1587.86,1409.07,553.14,2388.2,9041.52,47.75,521.28,8118.58,8.441,392,38.78,23.1543
AC-006,95,0.001,0.0001,100.0,643.05,1594.11,1412.55,553.76,2388.14,9041.13,47.53,521.31,8123.95,8.44,394,38.61,23.2977
AC-006,96,0.0018,-0.0004,100.0,642.87,1593.96,1415.55,552.97,2388.16,9038.96,47.77,521.04,8119.23,8.4585,393,38.57,23.2981
AC-006,97,-0.001,0.0005,100.0,642.89,1590.23,1408.62,552.68,2388.13,9035.83,47.67,520.83,8120.5,8.4826,393,38.77,23.2104
AC-006,98,0.0039,0.0003,100.0,642.82,1597.14,1416.6,553.32,2388.18,9040.58,47.72,521.27,8124.59,8.4042,393,38.64,23.2394
AC-006,99,-0.0021,-0.0005,100.0,643.16,1597.69,1412.9,552.68,2388.18,9043.45,47.78,521.51,8124.62,8.4578,394,38.78,23.3449
AC-006,100,0.0016,-0.0005,100.0,642.73,1592.11,1406.43,552.83,2388.13,9039.34,47.58,521.31,8124.35,8.4534,394,38.74,23.247
AC-006,101,0.0017,0.0005,100.0,642.49,1594.92,1419.53,553.13,2388.19,9034.71,47.68,521.22,8121.86,8.4841,395,38.79,23.2526
AC-006,102,-0.0,0.0005,100.0,642.84,1596.24,1412.98,552.57,2388.18,9038.46,47.51,520.73,8117.68,8.4427,395,38.72,23.3435
AC-006,103,-0.0026,0.0001,100.0,642.46,1588.07,1414.95,553.43,2388.15,9032.68,47.63,521.1,8122.79,8.4697,393,38.86,23.1537
AC-006,104,0.0013,-0.0004,100.0,642.87,1590.41,1415.34,553.22,2388.21,9040.49,47.62,521.3,8119.77,8.4603,392,38.76,23.3138
AC-006,105,0.0035,0.0003,100.0,641.96,1587.32,1411.0,552.88,2388.19,9040.44,47.55,521.47,8116.47,8.4821,393,38.62,23.2931
AC-006,106,0.0029,-0.0001,100.0,643.18,1592.66,1405.57,553.47,2388.15,9043.74,47.77,521.06,8121.34,8.4704,394,38.81,23.3
AC-006,107,-0.0004,-0.0004,100.0,642.85,1590.97,1409.77,553.18,2388.15,9039.82,47.73,521.58,8123.82,8.4887,393,38.77,23.2435
AC-006,108,0.0007,0.0004,100.0,643.17,1589.04,1410.71,552.89,2388.17,9045.14,47.69,520.74,8121.3,8.4718,393,38.89,23.161
AC-006,109,-0.0022,0.0001,100.0,642.92,1590.02,1411.74,552.94,2388.13,9038.86,47.57,521.54,8123.68,8.4538,394,38.77,23.264
AC-006,110,0.001,0.0,100.0,642.61,1587.91,1409.73,553.39,2388.17,9040.57,47.59,520.66,8118.24,8.408,394,38.85,23.2346
AC-006,111,0.0033,0.0002,100.0,642.8,1593.61,1415.82,553.26,2388.17,9046.03,47.67,521.47,8120.03,8.4459,394,38.62,23.1654
AC-006,112,-0.0023,0.0005,100.0,642.52,1599.51,1415.13,552.97,2388.17,9038.92,47.59,520.79,8121.05,8.4752,394,38.7,23.3133
AC-006,113,-0.0032,-0.0002,100.0,643.26,1596.12,1415.38,552.35,2388.14,9038.58,47.47,520.61,8120.35,8.4536,393,38.62,23.2642
AC-006,114,-0.0011,0.0005,100.0,643.31,1590.48,1411.76,552.62,2388.2,9046.25,47.58,521.3,8115.41,8.4292,393,38.68,23.2137
AC-006,115,-0.0013,-0.0005,100.0,643.01,1598.31,1408.65,552.68,2388.14,9046.07,47.69,521.42,8118.47,8.4618,392,38.75,23.2763
AC-006,116,0.0034,0.0,100.0,642.85,1594.33,1413.04,553.41,2388.13,9043.45,47.72,520.72,8117.11,8.4525,392,38.75,23.1882
AC-006,117,-0.0006,-0.0004,100.0,643.36,1593.99,1411.06,553.51,2388.19,9045.74,47.69,520.81,8123.53,8.4787,391,38.86,23.2211
AC-006,118,-0.004,-0.0,100.0,642.68,1593.66,1420.65,552.54,2388.18,9033.72,47.77,520.91,8119.29,8.4578,395,38.59,23.326
AC-006,119,-0.0006,0.0003,100.0,643.15,1598.18,1417.57,553.83,2388.18,9045.46,47.64,520.88,8122.8,8.4266,392,38.83,23.2015
AC-006,120,-0.0023,-0.0005,100.0,642.88,1591.39,1411.38,553.03,2388.18,9038.35,47.79,520.86,8117.44,8.4439,394,38.76,23.1803
AC-006,121,0.0037,-0.0,100.0,642.64,1588.74,1411.89,552.17,2388.16,9041.43,47.66,520.7,8121.6,8.4645,393,38.63,23.261
AC-006,122,0.0009,0.0005,100.0,642.8,1600.48,1415.47,553.1,2388.18,9041.95,47.65,521.3,8119.97,8.471,394,38.79,23.3114
AC-006,123,-0.0005,-0.0003,100.0,642.93,1591.88,1411.83,552.6,2388.18,9038.22,47.87,520.61,8120.84,8.4667,396,38.65,23.2467
AC-006,124,0.0008,0.0004,100.0,642.77,1587.78,1412.33,552.94,2388.19,9032.18,47.85,520.24,8111.71,8.4617,393,38.75,23.1654
AC-006,125,0.0038,-0.0005,100.0,643.0,1595.44,1410.66,552.75,2388.21,9035.2,47.74,520.87,8117.13,8.4444,395,38.78,23.2842
AC-006,126,-0.0003,0.0004,100.0,643.38,1601.09,1413.47,552.44,2388.28,9038.71,47.86,520.49,8120.48,8.4416,394,38.57,23.1861
AC-006,127,-0.0011,-0.0001,100.0,643.4,1589.95,1413.29,552.63,2388.14,9040.44,47.92,520.53,8118.97,8.4305,396,38.73,23.2081
AC-006,128,0.0009,0.0002,100.0,642.91,1598.04,1412.09,552.66,2388.22,9039.38,47.59,521.33,8113.73,8.4582,392,38.64,23.169
AC-006,129,0.0025,-0.0004,100.0,643.04,1586.2,1410.4,552.98,2388.19,9043.58,47.74,520.96,8118.05,8.4189,393,38.65,23.2023
AC-006,130,0.0044,-0.0001,100.0,642.85,1593.74,1421.59,552.63,2388.2,9043.59,47.72,520.85,8121.84,8.4902,393,38.54,23.2272
AC-006,131,0.001,-0.0004,100.0,643.31,1594.83,1420.65,552.31,2388.17,9040.93,47.87,520.76,8119.82,8.4566,395,38.64,23.2274
AC-006,132,-0.0021,0.0002,100.0,642.87,1590.0,1406.78,553.06,2388.23,9037.44,47.76,520.99,8124.03,8.4882,394,38.76,23.1832
AC-006,133,0.001,0.0004,100.0,642.92,1592.53,1415.54,551.83,2388.18,9044.63,47.69,521.01,8119.55,8.4459,393,38.76,23.1887
AC-006,134,-0.0047,0.0005,100.0,643.28,1596.67,1419.29,552.27,2388.19,9045.36,47.8,521.0,8111.06,8.4316,394,38.76,23.1851
AC-006,135,-0.0011,0.0003,100.0,643.1,1591.43,1417.4,552.97,2388.17,9043.58,47.69,520.91,8121.32,8.4711,394,38.71,23.259
AC-006,136,-0.0051,-0.0,100.0,643.32,1586.81,1413.17,552.54,2388.13,9035.33,47.77,520.77,8115.7,8.4686,394,38.73,23.1808
AC-006,137,-0.0001,0.0002,100.0,643.11,1588.99,1411.43,552.93,2388.18,9036.33,47.72,520.35,8121.17,8.481,396,38.56,23.2665
AC-006,138,0.0034,-0.0002,100.0,643.02,1590.59,1416.62,552.7,2388.22,9039.61,47.83,521.26,8117.16,8.4617,394,38.77,23.1353
AC-006,139,0.0009,-0.0005,100.0,643.28,1591.23,1418.23,552.38,2388.14,9039.41,47.94,521.03,8117.46,8.4807,393,38.61,23.152
AC-006,140,-0.0003,0.0001,100.0,643.86,1590.28,1414.25,552.22,2388.17,9037.57,47.87,520.66,8116.9,8.4614,393,38.75,23.2593
AC-006,141,0.0023,-0.0004,100.0,642.88,1593.21,1418.38,552.61,2388.19,9040.16,47.86,520.65,8116.34,8.4774,393,38.64,23.2356
AC-006,142,-0.0017,-0.0,100.0,642.64,1596.49,1422.25,552.21,2388.24,9035.47,47.73,520.64,8113.06,8.494,393,38.53,23.2209
AC-006,143,0.0003,0.0,100.0,643.22,1592.7,1415.86,552.52,2388.16,9035.2,48.05,520.36,8115.63,8.4654,395,38.66,23.1573
AC-006,144,-0.0001,-0.0005,100.0,643.15,1595.07,1415.58,552.47,2388.25,9033.21,47.93,520.94,8116.37,8.5124,396,38.5,23.1998
AC-006,145,-0.0019,0.0003,100.0,643.09,1595.65,1415.82,552.24,2388.14,9037.48,47.84,520.56,8119.97,8.4829,392,38.61,23.1925
AC-006,146,0.0024,-0.0001,100.0,642.69,1596.92,1417.09,552.1,2388.26,9041.75,47.82,520.25,8118.47,8.4998,394,38.56,23.1448
AC-006,147,0.0008,-0.0003,100.0,642.99,1595.61,1416.96,552.76,2388.24,9035.42,48.09,520.6,8116.14,8.4471,394,38.51,23.1658
AC-006,148,-0.0003,0.0005,100.0,642.95,1604.49,1418.66,552.83,2388.23,9041.95,47.94,520.07,8118.99,8.4855,394,38.64,23.2531
AC-006,149,-0.0013,0.0002,100.0,643.28,1599.29,1421.19,552.23,2388.23,9041.98,47.86,520.73,8120.16,8.5238,395,38.85,23.1125
AC-006,150,0.0039,0.0,100.0,643.0,1599.67,1420.07,553.03,2388.22,9028.11,48.01,520.39,8110.47,8.4504,394,38.66,23.1979
AC-006,151,0.0014,-0.0003,100.0,643.16,1592.0,1423.27,552.71,2388.21,9036.02,47.76,520.24,8117.87,8.4897,395,38.8,23.1737
AC-006,152,0.0001,-0.0004,100.0,643.34,1600.51,1424.84,552.56,2388.2,9031.9,47.91,520.33,8120.52,8.4706,394,38.59,23.1844
AC-006,153,-0.0069,0.0003,100.0,643.05,1590.37,1420.74,551.51,2388.23,9034.77,47.8,520.46,8119.23,8.479,393,38.64,23.2475
AC-006,154,-0.001,-0.0002,100.0,643.4,1600.39,1419.33,552.4,2388.22,9034.53,47.95,520.47,8114.66,8.4693,395,38.75,23.2128
AC-006,155,-0.0013,0.0005,100.0,642.67,1589.15,1419.23,551.6,2388.22,9043.17,47.96,520.22,8111.29,8.4829,395,38.55,23.1345
AC-006,156,-0.004,-0.0003,100.0,643.45,1595.36,1417.31,552.31,2388.25,9031.69,47.99,519.98,8122.7,8.4754,396,38.55,23.1299
AC-006,157,-0.0004,-0.0002,100.0,642.35,1590.18,1419.84,551.98,2388.3,9037.1,47.82,520.51,8112.24,8.4886,394,38.6,23.1102
AC-006,158,-0.0028,0.0004,100.0,643.66,1596.43,1422.25,552.5,2388.2,9031.25,48.12,520.5,8117.24,8.4734,395,38.64,23.1349
AC-006,159,-0.001,-0.0,100.0,642.93,1592.5,1417.03,552.26,2388.2,9039.84,47.82,520.73,8117.71,8.492,395,38.49,23.1826
AC-006,160,-0.002,-0.0002,100.0,643.61,1603.1,1423.05,551.56,2388.24,9032.88,47.87,520.61,8117.63,8.489,396,38.63,23.1757
AC-006,161,-0.0011,0.0001,100.0,643.77,1593.28,1422.93,552.35,2388.24,9029.95,47.89,520.42,8106.4,8.4941,395,38.53,23.1045
AC-006,162,0.002,-0.0005,100.0,643.25,1592.09,1420.87,552.15,2388.21,9042.03,47.94,519.93,8113.88,8.498,395,38.55,23.2763
AC-006,163,0.0043,0.0003,100.0,643.29,1602.42,1423.01,551.51,2388.25,9037.4,48.03,520.22,8113.05,8.504,394,38.72,23.0995
AC-006,164,0.0021,0.0002,100.0,643.45,1605.92,1423.29,552.42,2388.27,9038.27,48.04,520.36,8118.93,8.4686,395,38.67,23.1184
AC-006,165,0.0002,-0.0005,100.0,644.03,1603.61,1423.5,551.82,2388.26,9039.79,48.06,520.42,8115.25,8.4762,395,38.54,23.0665
AC-006,166,0.0027,-0.0005,100.0,644.05,1602.62,1422.7,551.68,2388.29,9045.6,48.03,520.29,8106.29,8.4985,395,38.5,23.1018
AC-006,167,0.0,-0.0005,100.0,643.48,1599.22,1425.97,551.98,2388.18,9039.15,48.03,520.23,8116.64,8.4969,396,38.52,23.0509
AC-006,168,-0.0014,0.0004,100.0,642.87,1590.83,1425.2,552.38,2388.27,9028.0,48.06,520.17,8113.82,8.5203,396,38.55,23.0854
AC-006,169,-0.0002,-0.0001,100.0,644.12,1597.11,1426.68,552.08,2388.27,9032.33,48.07,520.27,8113.93,8.4835,394,38.52,23.2095
AC-006,170,0.0009,-0.0003,100.0,643.91,1599.73,1425.87,551.35,2388.32,9029.79,47.92,519.77,8112.59,8.4852,396,38.66,23.1057
AC-006,171,-0.0027,-0.0002,100.0,643.82,1601.73,1423.31,551.38,2388.25,9034.84,48.09,520.44,8112.98,8.5219,396,38.69,23.1045
AC-006,172,-0.0026,-0.0003,100.0,643.18,1593.7,1432.3,551.45,2388.26,9033.2,48.07,520.31,8115.76,8.4793,396,38.34,23.1505
AC-006,173,-0.0029,0.0002,100.0,643.45,1597.11,1423.89,551.37,2388.26,9032.51,48.05,519.93,8111.88,8.4775,396,38.6,23.1312
AC-006,174,0.0011,0.0004,100.0,643.21,1602.11,1426.34,551.65,2388.27,9032.1,48.05,520.5,8106.85,8.4756,394,38.67,23.1942
AC-006,175,0.0017,0.0003,100.0,643.84,1602.72,1427.35,551.53,2388.32,9035.16,48.17,520.12,8109.68,8.5266,396,38.64,23.1005
AC-006,176,0.001,0.0003,100.0,643.71,1604.31,1423.22,551.47,2388.25,9035.85,48.06,519.41,8112.7,8.4994,395,38.44,23.1595
AC-006,177,0.0,0.0002,100.0,643.5,1590.96,1421.52,551.5,2388.27,9031.6,48.21,520.17,8114.14,8.4993,397,38.52,23.0286
AC-006,178,-0.0025,0.0004,100.0,643.78,1603.27,1424.84,551.24,2388.29,9032.87,48.09,519.7,8113.92,8.5091,395,38.46,23.0738
AC-006,179,-0.0026,-0.0003,100.0,643.58,1607.63,1424.83,551.62,2388.33,9021.73,48.11,519.37,8106.25,8.5102,397,38.4,23.1191
AC-006,180,0.0038,-0.0002,100.0,643.76,1598.73,1426.72,551.27,2388.31,9030.67,48.06,519.81,8110.86,8.4948,396,38.48,23.1165
AC-006,181,-0.0022,-0.0002,100.0,643.44,1603.07,1430.56,551.46,2388.28,9033.9,48.15,519.71,8110.96,8.48,396,38.5,23.1337
AC-006,182,0.0035,-0.0004,100.0,644.0,1596.51,1423.81,551.95,2388.32,9032.36,48.34,519.84,8107.33,8.5167,396,38.63,22.9966
AC-006,183,0.001,0.0005,100.0,644.01,1597.82,1430.47,551.7,2388.32,9035.7,48.05,519.66,8108.33,8.5294,396,38.33,23.0273
AC-006,184,0.0022,0.0004,100.0,643.52,1598.05,1432.22,551.31,2388.25,9031.12,48.07,519.42,8110.1,8.4857,397,38.58,22.9949
AC-006,185,0.0022,0.0001,100.0,643.78,1603.37,1434.09,551.33,2388.35,9035.51,48.21,519.5,8110.79,8.5261,396,38.45,23.1199
AC-006,186,-0.0054,-0.0001,100.0,644.01,1603.59,1430.37,550.59,2388.31,9029.07,48.27,519.8,8108.26,8.5013,395,38.25,22.9396
AC-006,187,-0.002,0.0003,100.0,643.76,1602.69,1423.45,551.45,2388.29,9035.79,48.21,519.03,8109.59,8.5324,396,38.51,23.0449
AC-006,188,0.0014,-0.0004,100.0,643.47,1600.63,1434.92,550.7,2388.34,9027.96,48.21,518.98,8102.82,8.5358,397,38.42,22.9577
AC-007,1,-0.0005,0.0004,100.0,642.38,1589.49,1395.48,554.76,2387.97,9071.27,47.24,522.19,8141.69,8.4081,390,38.97,23.4073
AC-007,2,0.0008,-0.0003,100.0,642.57,1583.11,1395.97,553.97,2388.0,9078.21,47.0,522.3,8148.24,8.4216,391,38.85,23.5043
AC-007,3,-0.0014,-0.0002,100.0,642.25,1589.44,1397.74,554.95,2387.95,9063.37,47.18,522.36,8148.83,8.4258,392,39.07,23.4113
AC-007,4,-0.002,0.0001,100.0,642.31,1585.59,1397.85,553.3,2388.06,9068.16,47.07,522.09,8150.3,8.4175,392,39.12,23.4616
AC-007,5,0.0016,0.0,100.0,642.25,1587.23,1402.54,554.64,2388.04,9066.99,47.31,522.0,8149.4,8.4099,391,38.94,23.4781
AC-007,6,0.0011,-0.0005,100.0,642.49,1586.12,1403.1,553.89,2388.07,9067.91,47.29,521.89,8151.48,8.406,392,39.07,23.394
AC-007,7,-0.0038,0.0002,100.0,642.45,1588.36,1391.19,554.66,2387.98,9069.13,47.21,522.54,8153.91,8.3984,392,38.91,23.349
AC-007,8,-0.0007,-0.0005,100.0,642.41,1586.97,1401.42,554.05,2388.01,9064.8,47.19,522.26,8146.34,8.402,392,38.95,23.381
AC-007,9,-0.0026,0.0,100.0,642.22,1582.13,1401.77,554.31,2387.97,9069.41,47.23,521.78,8153.01,8.3848,392,38.93,23.4429
AC-007,10,0.0019,-0.0002,100.0,642.29,1588.96,1393.25,554.14,2387.96,9065.28,47.14,522.09,8151.36,8.4222,392,38.96,23.3398
AC-007,11,0.0026,-0.0002,100.0,642.74,1585.25,1393.96,554.11,2388.01,9074.91,47.39,522.12,8144.89,8.3948,392,39.14,23.3074
AC-007,12,-0.0036,-0.0004,100.0,642.08,1590.55,1397.36,554.21,2387.99,9071.72,47.28,522.13,8149.4,8.3766,393,38.92,23.3777
AC-007,13,-0.0011,0.0001,100.0,642.47,1584.88,1392.15,554.61,2387.95,9065.52,47.17,522.55,8144.81,8.4199,391,39.01,23.4383
AC-007,14,0.0009,0.0001,100.0,641.76,1579.88,1390.48,554.47,2388.05,9067.42,47.18,521.98,8148.8,8.4196,391,39.02,23.4888
AC-007,15,-0.005,0.0004,100.0,642.29,1582.42,1398.41,554.02,2388.08,9068.28,47.24,521.89,8146.48,8.3901,393,39.07,23.3772
AC-007,16,0.0024,0.0003,100.0,642.3,1588.69,1405.02,554.14,2387.97,9073.41,47.04,522.54,8153.29,8.4122,391,39.08,23.3613
AC-007,17,-0.0019,0.0001,100.0,642.08,1588.75,1397.63,554.94,2387.94,9071.39,47.34,522.02,8151.04,8.419,390,38.93,23.404
AC-007,18,-0.0036,0.0002,100.0,642.47,1583.49,1394.65,553.92,2387.98,9073.12,47.21,522.31,8149.43,8.388,392,38.87,23.4165
AC-007,19,-0.001,-0.0,100.0,642.01,1586.11,1397.51,554.2,2388.0,9065.77,47.16,522.26,8153.83,8.4216,392,39.02,23.4083
AC-007,20,-0.0028,0.0004,100.0,641.99,1585.03,1395.92,554.26,2388.02,9068.68,47.22,522.61,8149.54,8.4111,392,38.87,23.3776
AC-007,21,0.0001,-0.0002,100.0,641.77,1589.77,1404.33,554.69,2388.03,9071.68,47.23,521.78,8148.23,8.3926,393,38.79,23.3863
AC-007,22,0.0011,0.0004,100.0,641.44,1578.03,1394.58,554.63,2388.0,9071.1,47.25,522.02,8145.29,8.3609,393,39.01,23.2512
AC-007,23,-0.0057,-0.0001,100.0,641.76,1586.41,1398.09,554.38,2388.01,9067.09,47.21,522.48,8146.64,8.4143,391,39.06,23.3937
AC-007,24,0.0057,0.0002,100.0,642.44,1583.32,1398.75,553.84,2387.99,9066.23,47.3,522.65,8151.81,8.4022,391,39.03,23.4204
AC-007,25,-0.0009,-0.0004,100.0,641.79,1578.13,1397.07,554.2,2388.07,9072.66,47.26,522.27,8149.05,8.4361,392,39.05,23.3838
AC-007,26,0.0009,-0.0001,100.0,641.87,1585.88,1401.19,554.88,2388.0,9071.55,47.12,522.7,8146.94,8.3712,393,39.01,23.3981
AC-007,27,0.0005,-0.0001,100.0,642.68,1585.5,1397.39,553.65,2388.05,9069.54,47.27,522.38,8156.32,8.4167,391,38.85,23.4148
AC-007,28,-0.0006,0.0004,100.0,642.68,1586.11,1405.38,553.65,2388.02,9071.83,47.21,521.65,8148.06,8.4114,392,39.07,23.376
AC-007,29,-0.0012,-0.0001,100.0,641.9,1589.95,1396.71,555.01,2388.01,9073.64,47.13,522.52,8151.06,8.3806,393,39.08,23.4833
AC-007,30,-0.0016,-0.0004,100.0,642.18,1585.13,1396.49,554.78,2388.03,9069.39,47.19,522.06,8147.52,8.4228,391,39.01,23.4269
AC-007,31,-0.0004,0.0001,100.0,641.99,1589.16,1402.76,554.51,2387.98,9071.21,47.14,522.51,8147.99,8.4266,393,38.97,23.3568
AC-007,32,0.0018,-0.0005,100.0,642.15,1589.46,1397.4,554.74,2387.97,9075.17,47.18,522.37,8144.37,8.3815,393,38.84,23.359
AC-007,33,0.0026,-0.0003,100.0,642.19,1585.17,1399.12,554.47,2387.98,9065.57,47.28,522.75,8149.86,8.387,392,38.97,23.2902
AC-007,34,-0.0024,-0.0002,100.0,642.09,1583.36,1402.93,554.36,2388.02,9054.44,47.19,521.87,8153.09,8.4168,392,39.21,23.4113
AC-007,35,-0.0055,0.0003,100.0,642.67,1591.02,1409.12,554.6,2387.99,9065.34,47.3,522.72,8152.36,8.4014,392,39.14,23.3942
AC-007,36,0.0012,-0.0004,100.0,642.54,1581.96,1393.49,554.98,2387.96,9066.31,47.32,522.31,8146.1,8.4154,394,38.9,23.4273
AC-007,37,-0.004,-0.0001,100.0,642.4,1584.97,1400.55,554.36,2387.95,9062.36,47.12,522.42,8147.06,8.4042,394,39.12,23.4181
AC-007,38,0.004,-0.0004,100.0,642.41,1590.3,1393.57,554.52,2388.0,9068.9,47.13,522.53,8148.72,8.4168,391,38.99,23.4189
AC-007,39,0.0065,-0.0,100.0,642.39,1582.33,1403.52,554.04,2387.96,9076.57,47.35,522.05,8150.14,8.4314,392,39.15,23.3436
AC-007,40,0.0007,-0.0002,100.0,642.14,1587.0,1393.32,554.96,2387.99,9063.64,47.32,522.63,8153.55,8.3988,390,39.11,23.4054
AC-007,41,-0.0014,-0.0002,100.0,642.39,1590.4,1406.12,554.64,2387.99,9063.5,47.08,522.49,8145.41,8.401,392,39.06,23.3194
AC-007,42,0.0018,-0.0002,100.0,642.7,1580.26,1398.14,554.05,2387.98,9078.32,47.21,522.68,8151.03,8.4047,393,39.05,23.3355
AC-007,43,0.0009,0.0004,100.0,642.32,1582.93,1397.5,555.01,2388.01,9066.91,47.2,521.93,8149.53,8.4454,391,39.21,23.3467
AC-007,44,0.002,0.0001,100.0,642.64,1587.5,1398.15,554.95,2388.0,9073.91,47.31,522.52,8148.41,8.4042,392,38.87,23.4205
AC-007,45,0.0019,0.0001,100.0,642.25,1587.23,1399.97,554.07,2388.0,9071.53,47.17,522.39,8151.49,8.3894,392,39.13,23.4295
AC-007,46,-0.0037,0.0003,100.0,642.37,1586.17,1405.02,554.9,2387.98,9067.1,47.42,522.22,8148.61,8.3882,392,39.02,23.4833
AC-007,47,-0.0019,0.0003,100.0,641.94,1587.72,1401.47,553.74,2387.99,9058.35,47.2,522.02,8148.97,8.407,391,38.98,23.2798
AC-007,48,0.0003,0.0,100.0,641.94,1585.35,1398.81,554.05,2387.99,9066.88,47.11,522.33,8146.56,8.4164,391,38.93,23.3583
AC-007,49,0.003,-0.0004,100.0,642.43,1586.42,1396.88,554.21,2387.98,9063.5,47.33,522.03,8146.5,8.4129,391,38.93,23.4089
AC-007,50,-0.0008,0.0004,100.0,642.41,1590.47,1400.31,553.68,2388.04,9073.14,47.22,522.43,8150.6,8.4159,393,38.86,23.5133
AC-007,51,-0.0012,-0.0,100.0,642.17,1580.05,1397.42,553.66,2388.01,9075.92,47.41,522.55,8149.63,8.4323,392,38.81,23.3101
AC-007,52,0.0002,0.0003,100.0,641.91,1585.51,1402.13,555.14,2388.0,9071.36,47.18,522.42,8143.99,8.414,392,39.18,23.4335
AC-007,53,0.0006,-0.0002,100.0,642.38,1582.33,1395.45,553.87,2388.06,9068.45,47.31,522.3,8152.02,8.4169,393,39.11,23.3092
AC-007,54,0.0007,-0.0004,100.0,641.8,1590.77,1400.98,553.78,2387.99,9073.05,47.41,522.21,8150.8,8.4129,392,39.01,23.4177
AC-007,55,0.0002,0.0004,100.0,642.19,1585.93,1399.74,554.13,2387.98,9069.34,47.09,522.02,8144.65,8.3869,392,38.99,23.42
AC-007,56,0.0008,0.0,100.0,642.53,1584.43,1395.08,554.66,2388.02,9064.3,47.37,522.45,8143.72,8.4122,391,38.94,23.2743
AC-007,57,-0.0024,-0.0003,100.0,643.02,1585.71,1398.43,553.87,2387.99,9069.75,47.25,522.5,8152.99,8.41,392,39.12,23.3419
AC-007,58,-0.0043,-0.0001,100.0,642.09,1587.14,1400.97,555.14,2387.99,9066.81,47.19,523.0,8151.29,8.383,392,39.06,23.2486
AC-007,59,0.0002,-0.0,100.0,642.29,1585.96,1397.92,554.73,2388.0,9070.86,47.29,521.81,8152.7,8.433,390,39.22,23.4702
AC-007,60,-0.0001,-0.0003,100.0,642.19,1581.21,1396.21,554.44,2388.01,9074.64,47.24,521.99,8152.6,8.3696,390,39.11,23.2723
AC-007,61,0.003,-0.0004,100.0,642.08,1586.13,1402.82,553.9,2387.98,9068.88,47.26,522.32,8149.72,8.4018,392,39.06,23.4476
AC-007,62,0.0031,-0.0004,100.0,642.15,1585.67,1390.39,553.81,2388.0,9073.22,47.29,522.74,8144.15,8.4175,391,38.99,23.3247
AC-007,63,0.0008,-0.0002,100.0,642.36,1578.24,1400.55,554.64,2388.03,9062.13,47.17,521.82,8151.83,8.4172,391,39.21,23.3449
AC-007,64,-0.0006,0.0002,100.0,642.54,1589.13,1399.36,554.43,2388.03,9065.16,47.28,521.96,8149.32,8.4112,392,39.1,23.4167
AC-007,65,-0.0035,-0.0003,100.0,642.31,1578.07,1396.6,554.11,2388.01,9071.37,47.28,522.18,8150.85,8.4259,390,39.0,23.5043
AC-007,66,0.0,-0.0002,100.0,642.54,1586.72,1399.23,554.53,2387.98,9062.81,47.42,522.88,8148.32,8.4027,393,39.05,23.3637
AC-007,67,0.0005,0.0,100.0,642.61,1582.7,1402.68,554.02,2388.0,9070.66,47.35,522.2,8149.89,8.3811,391,38.94,23.2758
AC-007,68,0.0006,-0.0005,100.0,641.8,1586.66,1395.57,554.02,2388.03,9072.02,47.17,521.64,8144.9,8.393,391,39.09,23.4418
AC-007,69,0.0002,0.0001,100.0,642.22,1593.46,1403.5,554.47,2388.04,9070.6,47.36,522.14,8154.01,8.4268,392,38.96,23.3819
AC-007,70,-0.002,-0.0005,100.0,642.09,1583.19,1399.04,554.01,2388.05,9063.46,47.25,521.82,8151.95,8.363,391,39.01,23.447
AC-007,71,0.0032,0.0004,100.0,641.53,1584.6,1398.9,554.66,2387.95,9068.88,47.37,522.31,8155.14,8.3882,391,39.03,23.406
AC-007,72,0.0012,0.0002,100.0,641.78,1582.54,1406.47,554.88,2387.98,9066.14,47.1,522.54,8146.52,8.4404,391,38.98,23.3463
AC-007,73,-0.0004,-0.0004,100.0,642.12,1588.4,1401.72,554.39,2388.03,9066.59,47.12,521.77,8151.89,8.4095,392,39.15,23.4238
AC-007,74,-0.0004,-0.0001,100.0,642.1,1587.52,1407.77,553.65,2388.01,9073.81,47.28,522.51,8151.1,8.41,394,39.07,23.4331
AC-007,75,-0.001,0.0004,100.0,642.29,1582.94,1402.11,554.73,2388.05,9068.74,47.52,522.01,8148.23,8.3808,392,38.93,23.372
AC-007,76,0.0017,-0.0,100.0,642.11,1585.7,1407.16,554.14,2387.98,9075.29,47.36,522.26,8148.71,8.3883,390,39.02,23.4115
AC-007,77,-0.0072,-0.0001,100.0,642.36,1588.83,1400.6,554.47,2388.06,9072.36,47.29,522.27,8151.03,8.4149,392,38.91,23.3784
AC-007,78,-0.0,0.0001,100.0,642.14,1583.3,1399.64,554.86,2388.07,9065.49,47.33,522.03,8156.05,8.4278,392,38.94,23.501
AC-007,79,0.0008,0.0003,100.0,642.48,1588.28,1404.99,553.91,2388.02,9070.11,47.2,521.78,8144.19,8.45,392,38.97,23.3182
AC-007,80,0.0028,0.0003,100.0,642.07,1585.35,1402.29,553.99,2388.02,9067.14,47.28,522.23,8149.84,8.4374,392,39.01,23.4108
AC-007,81,0.0021,0.0,100.0,641.57,1585.23,1408.11,554.77,2387.98,9072.96,47.3,522.41,8147.82,8.402,392,38.91,23.4851
AC-007,82,-0.0018,-0.0005,100.0,642.13,1588.93,1398.88,554.92,2388.05,9072.86,47.27,522.36,8146.19,8.4272,392,38.88,23.3642
AC-007,83,-0.0053,-0.0004,100.0,641.94,1588.35,1406.01,554.04,2388.02,9062.67,47.32,522.3,8151.0,8.4268,392,38.82,23.3892
AC-007,84,0.0035,0.0001,100.0,642.9,1586.44,1400.85,553.75,2388.02,9072.09,47.13,522.25,8150.99,8.4321,392,39.07,23.3648
AC-007,85,0.0003,-0.0004,100.0,642.75,1583.4,1402.17,554.85,2388.0,9068.09,47.22,522.29,8145.23,8.3837,393,38.98,23.3774
AC-007,86,-0.0012,0.0003,100.0,641.85,1590.03,1397.76,555.11,2388.0,9070.16,47.34,522.19,8151.41,8.3789,392,39.07,23.2998
AC-007,87,-0.004,0.0001,100.0,642.23,1578.42,1404.01,554.16,2387.99,9074.03,47.37,522.15,8143.4,8.404,392,38.83,23.43
AC-007,88,0.0006,0.0004,100.0,642.9,1593.15,1402.65,553.25,2387.99,9073.29,47.31,522.26,8147.3,8.4294,392,38.78,23.2949
AC-007,89,0.0001,-0.0002,100.0,642.34,1593.84,1397.17,554.59,2387.97,9066.73,47.4,521.95,8146.74,8.4486,392,38.92,23.416
AC-007,90,-0.0011,-0.0002,100.0,641.88,1580.81,1402.41,554.92,2388.01,9067.93,47.22,522.44,8154.66,8.4045,393,38.96,23.3656
AC-007,91,-0.002,-0.0004,100.0,641.75,1592.03,1396.28,553.72,2388.04,9072.14,47.22,521.88,8151.57,8.3933,393,39.02,23.2491
AC-007,92,0.0016,-0.0004,100.0,642.45,1587.27,1397.32,554.28,2388.02,9067.38,47.35,521.89,8147.47,8.3913,392,39.07,23.4673
AC-007,93,0.0019,-0.0001,100.0,642.7,1587.11,1402.29,554.17,2388.02,9076.52,47.43,522.23,8151.3,8.4343,393,38.93,23.3579
AC-007,94,0.0029,0.0002,100.0,642.43,1588.87,1401.99,554.2,2387.96,9067.34,47.31,522.37,8150.18,8.4131,393,39.0,23.2955
AC-007,95,0.0027,-0.0001,100.0,642.19,1583.66,1400.37,554.65,2388.03,9066.23,47.31,522.32,8151.27,8.4025,391,38.95,23.4575
AC-007,96,-0.0028,0.0003,100.0,641.78,1582.22,1392.46,554.1,2388.04,9072.33,47.39,522.64,8148.17,8.4236,392,38.99,23.4586
AC-007,97,0.0007,-0.0004,100.0,641.91,1584.35,1401.32,553.96,2388.03,9070.45,47.2,522.02,8141.88,8.4003,392,39.03,23.3957
AC-007,98,-0.0009,0.0003,100.0,642.46,1587.27,1400.02,553.65,2388.05,9069.65,47.14,522.52,8145.74,8.4259,392,38.73,23.2952
AC-007,99,0.0012,0.0003,100.0,642.55,1586.95,1402.16,554.15,2388.0,9074.67,47.51,521.81,8154.63,8.4309,392,38.74,23.4321
AC-007,100,0.0011,0.0,100.0,642.15,1582.66,1402.89,554.86,2388.02,9070.04,47.32,521.84,8149.23,8.4359,391,39.08,23.3657
AC-007,101,-0.0026,0.0005,100.0,642.05,1593.77,1400.18,553.94,2388.04,9070.62,47.31,522.53,8144.28,8.4318,392,38.8,23.3621
AC-007,102,0.0019,-0.0002,100.0,642.78,1592.88,1395.88,554.68,2388.04,9071.56,47.34,522.4,8149.04,8.4509,392,38.96,23.3109
AC-007,103,0.0023,-0.0004,100.0,642.7,1583.74,1405.56,554.22,2388.01,9068.31,47.31,521.74,8149.51,8.3895,392,39.03,23.4005
AC-007,104,-0.0005,0.0005,100.0,642.23,1582.98,1394.15,553.65,2388.0,9063.86,47.27,522.0,8146.09,8.43,392,38.94,23.2999
AC-007,105,0.0001,0.0004,100.0,642.35,1583.76,1401.92,554.37,2388.01,9079.02,47.3,522.04,8153.23,8.3575,393,38.92,23.3385
AC-007,106,0.0043,0.0001,100.0,642.63,1583.08,1409.0,554.22,2387.97,9068.99,47.19,522.88,8155.25,8.4244,392,38.82,23.4925
AC-007,107,0.0048,-0.0001,100.0,642.16,1587.77,1402.69,554.15,2388.07,9072.66,47.26,522.24,8151.87,8.4425,393,38.93,23.3755
AC-007,108,-0.0006,-0.0005,100.0,642.39,1587.75,1401.06,554.13,2388.01,9075.56,47.34,522.64,8147.96,8.3605,391,38.93,23.1841
AC-007,109,0.0014,0.0003,100.0,642.71,1586.93,1395.74,554.65,2387.97,9072.98,47.27,522.46,8153.36,8.3714,392,39.04,23.3796
AC-007,110,-0.0066,-0.0004,100.0,642.65,1592.97,1414.46,554.33,2388.07,9072.55,47.27,522.15,8151.43,8.4191,391,38.92,23.3376
AC-007,111,-0.0028,-0.0005,100.0,642.1,1590.37,1402.57,554.17,2387.98,9070.54,47.07,522.13,8150.91,8.4636,392,38.72,23.4173
AC-007,112,0.0017,-0.0001,100.0,642.28,1578.72,1399.47,554.46,2388.05,9070.71,47.08,521.74,8148.43,8.3952,392,38.95,23.2612
AC-007,113,0.001,-0.0005,100.0,642.56,1580.83,1402.84,554.2,2388.09,9071.13,47.41,521.62,8151.61,8.4005,392,38.92,23.402
AC-007,114,0.0005,0.0002,100.0,642.44,1588.32,1405.78,554.95,2388.01,9074.17,47.27,522.17,8151.74,8.4296,393,39.05,23.3857
AC-007,115,-0.0006,-0.0004,100.0,642.14,1579.89,1405.25,553.3,2387.98,9065.46,47.49,521.37,8147.37,8.4168,394,38.97,23.3281
AC-007,116,-0.001,0.0,100.0,642.18,1590.92,1400.08,554.0,2388.03,9069.41,47.36,522.25,8152.87,8.3865,394,38.81,23.348
AC-007,117,-0.0015,0.0003,100.0,642.51,1595.71,1396.29,554.1,2388.01,9065.86,47.41,522.23,8151.27,8.3981,394,38.87,23.3375
AC-007,118,0.0029,-0.0004,100.0,642.33,1589.6,1396.89,554.32,2388.03,9072.27,47.38,521.46,8152.08,8.416,391,38.89,23.2085
AC-007,119,0.0007,-0.0005,100.0,641.84,1579.78,1400.87,553.82,2388.04,9068.05,47.27,522.02,8151.27,8.4061,392,38.65,23.3169
AC-007,120,0.0017,0.0003,100.0,642.02,1588.45,1397.46,553.51,2388.03,9071.64,47.26,522.0,8149.76,8.4042,390,38.95,23.3628
AC-007,121,-0.006,-0.0004,100.0,642.21,1587.33,1408.25,554.3,2387.99,9067.31,47.27,522.07,8156.61,8.4364,393,38.87,23.4142
AC-007,122,0.0028,-0.0004,100.0,642.58,1592.39,1403.24,554.64,2388.02,9063.65,47.46,521.76,8150.76,8.4226,393,38.82,23.4416
AC-007,123,-0.0018,0.0,100.0,642.56,1582.1,1400.06,553.78,2388.03,9067.19,47.33,522.12,8150.27,8.411,391,39.02,23.3709
AC-007,124,-0.0007,-0.0,100.0,642.25,1592.99,1408.2,553.23,2388.04,9072.88,47.42,521.63,8149.35,8.4018,392,38.92,23.3578
AC-007,125,0.0019,-0.0003,100.0,642.62,1584.19,1402.5,553.96,2387.94,9067.53,47.43,521.7,8154.28,8.3899,392,38.78,23.3456
AC-007,126,0.0053,0.0002,100.0,642.37,1582.3,1397.52,553.59,2388.02,9070.67,47.42,522.16,8152.25,8.3736,393,38.87,23.34
AC-007,127,-0.0009,0.0001,100.0,642.6,1581.37,1402.39,553.71,2388.04,9069.47,47.41,521.89,8150.03,8.4232,392,39.05,23.4135
AC-007,128,-0.0007,0.0001,100.0,642.51,1588.19,1396.92,553.9,2388.04,9072.15,47.39,521.6,8150.53,8.4411,391,38.96,23.3882
AC-007,129,-0.0018,0.0001,100.0,642.42,1584.1,1400.77,553.95,2388.01,9069.0,47.26,521.83,8154.95,8.4104,391,39.02,23.2436
AC-007,130,0.0008,-0.0,100.0,642.08,1580.49,1406.97,554.12,2387.96,9070.22,47.24,521.91,8148.93,8.3917,392,38.93,23.3635
AC-007,131,0.0021,-0.0001,100.0,642.88,1591.82,1403.05,554.21,2388.03,9070.12,47.31,522.42,8147.75,8.3861,392,38.95,23.3784
AC-007,132,0.0011,0.0004,100.0,642.89,1582.94,1408.8,553.78,2388.04,9066.72,47.43,521.71,8153.77,8.401,393,38.67,23.3978
AC-007,133,-0.0005,0.0002,100.0,642.69,1591.77,1398.76,554.34,2388.03,9069.62,47.37,521.91,8151.98,8.4459,393,39.08,23.2516
AC-007,134,-0.0033,0.0003,100.0,642.76,1587.73,1406.99,554.34,2388.07,9077.65,47.14,521.67,8147.45,8.443,393,39.0,23.3091
AC-007,135,0.0035,-0.0004,100.0,642.28,1584.28,1405.56,553.93,2388.04,9077.44,47.39,521.74,8155.39,8.3877,392,38.95,23.3403
AC-007,136,0.0002,-0.0005,100.0,642.34,1586.39,1405.32,553.76,2388.1,9076.53,47.46,521.98,8147.06,8.4344,393,38.9,23.4535
AC-007,137,0.0024,0.0004,100.0,642.02,1587.49,1399.57,553.59,2388.03,9070.37,47.44,521.78,8151.84,8.3974,393,38.87,23.3354
AC-007,138,0.0012,-0.0002,100.0,642.54,1586.83,1410.62,553.56,2388.07,9088.71,47.28,521.56,8150.35,8.4162,393,38.81,23.3105
AC-007,139,0.0026,-0.0004,100.0,642.07,1582.49,1407.34,554.32,2388.0,9069.66,47.38,521.52,8149.37,8.3992,392,38.91,23.3539
AC-007,140,-0.0002,-0.0002,100.0,641.71,1588.01,1397.47,554.19,2388.09,9071.97,47.53,521.99,8152.41,8.4104,392,38.72,23.3992
AC-007,141,0.0026,0.0004,100.0,642.56,1584.06,1405.95,554.37,2387.99,9062.63,47.49,522.03,8147.09,8.4209,392,38.88,23.3839
AC-007,142,0.0026,0.0004,100.0,642.22,1589.54,1408.17,554.43,2388.03,9067.92,47.5,522.12,8150.58,8.4346,393,38.76,23.2755
AC-007,143,-0.0008,-0.0002,100.0,642.17,1591.24,1411.66,553.98,2388.08,9062.89,47.41,521.4,8146.2,8.4113,393,39.01,23.3028
AC-007,144,-0.0006,-0.0003,100.0,642.63,1586.99,1401.53,553.87,2388.04,9072.82,47.51,521.75,8151.97,8.4157,394,38.87,23.3975
AC-007,145,0.0034,-0.0001,100.0,642.17,1584.67,1398.66,554.4,2388.07,9068.35,47.44,521.96,8149.4,8.3993,393,39.0,23.2129
AC-007,146,-0.0003,0.0,100.0,642.78,1586.7,1404.55,554.03,2388.04,9072.51,47.38,521.78,8155.41,8.419,394,38.87,23.2878
AC-007,147,-0.0013,-0.0002,100.0,642.68,1589.94,1408.84,553.91,2388.11,9073.7,47.38,521.46,8148.28,8.4228,392,38.91,23.3109
AC-007,148,0.0017,-0.0005,100.0,642.4,1587.34,1405.2,552.93,2388.02,9074.11,47.45,522.17,8152.79,8.4309,393,38.9,23.3841
AC-007,149,0.0001,0.0001,100.0,642.77,1589.04,1406.22,553.88,2388.07,9073.7,47.46,521.6,8149.44,8.4117,393,38.77,23.3419
AC-007,150,0.0018,0.0004,100.0,642.53,1586.93,1408.45,553.38,2388.1,9067.38,47.46,521.91,8152.07,8.4593,393,38.81,23.3603
AC-007,151,0.0001,-0.0001,100.0,642.46,1587.8,1399.54,553.87,2388.06,9076.04,47.61,521.64,8145.89,8.4323,392,38.86,23.3556
AC-007,152,-0.0002,-0.0005,100.0,642.56,1586.09,1397.99,553.85,2388.09,9072.73,47.36,521.89,8152.18,8.4056,392,38.93,23.3601
AC-007,153,-0.0003,-0.0002,100.0,642.4,1587.05,1402.57,554.08,2388.05,9069.91,47.54,521.54,8155.54,8.4617,394,38.82,23.3405
AC-007,154,0.0001,-0.0004,100.0,642.29,1592.89,1415.0,553.96,2388.11,9067.68,47.41,522.12,8153.17,8.4617,393,38.86,23.4095
AC-007,155,-0.0034,0.0002,100.0,642.76,1587.23,1405.93,554.02,2388.01,9074.46,47.42,521.87,8144.73,8.438,393,39.0,23.3537
AC-007,156,-0.0006,0.0001,100.0,642.48,1583.91,1401.34,553.66,2388.06,9072.19,47.59,521.92,8148.75,8.4213,395,38.96,23.2509
AC-007,157,-0.0032,-0.0005,100.0,642.3,1589.61,1404.74,553.46,2388.04,9071.29,47.54,521.3,8147.32,8.4561,393,38.96,23.3419
AC-007,158,-0.0,0.0001,100.0,642.44,1588.62,1403.17,553.79,2388.09,9070.42,47.59,521.71,8141.94,8.4214,392,38.97,23.2451
AC-007,159,0.0025,0.0,100.0,642.88,1587.63,1405.59,553.68,2388.08,9062.7,47.62,521.97,8148.8,8.4538,393,38.86,23.2677
AC-007,160,0.0002,0.0001,100.0,642.12,1587.0,1408.8,553.73,2388.06,9076.13,47.27,521.81,8150.01,8.4317,393,39.0,23.2458
AC-007,161,0.0001,0.0004,100.0,642.2,1592.83,1407.45,554.02,2388.05,9068.22,47.45,521.95,8144.47,8.4413,393,39.02,23.3433
AC-007,162,-0.0016,0.0001,100.0,642.17,1585.91,1416.62,554.24,2388.09,9072.74,47.64,522.26,8148.64,8.4535,393,38.67,23.3432
AC-007,163,0.0001,0.0002,100.0,642.44,1594.92,1410.41,553.87,2388.06,9074.77,47.56,521.35,8151.31,8.4294,393,38.89,23.3671
AC-007,164,0.0008,-0.0003,100.0,642.3,1581.71,1413.34,553.68,2388.06,9074.82,47.59,521.42,8145.76,8.4141,395,39.16,23.3462
AC-007,165,-0.0034,0.0002,100.0,642.48,1586.57,1408.63,553.88,2388.05,9067.5,47.34,521.74,8152.62,8.4178,393,39.01,23.3804
AC-007,166,-0.0024,0.0004,100.0,643.11,1585.7,1408.71,553.31,2388.06,9070.34,47.3,521.61,8152.91,8.4383,393,38.74,23.3879
AC-007,167,0.0017,-0.0005,100.0,642.65,1583.62,1401.69,554.11,2388.11,9072.18,47.67,521.65,8150.26,8.4419,393,38.9,23.2703
AC-007,168,-0.0013,0.0,100.0,642.23,1591.62,1406.7,553.21,2388.03,9068.51,47.43,521.35,8154.1,8.4295,393,38.78,23.2428
AC-007,169,0.0036,-0.0003,100.0,642.73,1591.4,1405.6,554.35,2388.07,9078.0,47.63,522.64,8153.92,8.4133,390,38.93,23.3726
AC-007,170,0.0011,-0.0003,100.0,642.52,1585.68,1410.37,553.16,2388.08,9067.29,47.26,521.78,8148.34,8.4452,393,38.87,23.3247
AC-007,171,0.0032,-0.0004,100.0,642.58,1589.16,1405.96,553.5,2388.13,9067.28,47.35,521.78,8143.23,8.4461,393,38.73,23.3403
AC-007,172,-0.0019,-0.0003,100.0,642.92,1595.4,1406.01,553.69,2388.06,9081.88,47.62,521.78,8153.61,8.445,393,38.76,23.3599
AC-007,173,0.0008,-0.0005,100.0,643.01,1587.73,1414.03,552.99,2388.07,9076.38,47.5,521.48,8149.05,8.4491,393,38.87,23.2075
AC-007,174,-0.004,-0.0001,100.0,642.49,1586.42,1397.74,553.78,2388.07,9067.96,47.57,521.19,8148.94,8.4332,391,38.72,23.2779
AC-007,175,-0.0017,-0.0004,100.0,642.68,1595.55,1412.11,553.42,2388.08,9077.87,47.66,521.59,8151.3,8.4237,394,38.62,23.1631
AC-007,176,-0.0036,0.0001,100.0,642.28,1597.97,1415.24,553.17,2388.13,9072.06,47.48,521.06,8148.21,8.428,393,38.91,23.2682
AC-007,177,0.0015,0.0003,100.0,642.84,1591.36,1410.93,553.6,2388.06,9071.16,47.38,521.66,8149.93,8.4442,394,38.81,23.3785
AC-007,178,-0.0012,0.0002,100.0,642.67,1588.09,1411.27,553.2,2388.09,9076.86,47.49,521.47,8157.58,8.3954,391,38.66,23.3998
AC-007,179,0.0035,-0.0003,100.0,643.0,1591.3,1400.94,553.07,2388.04,9072.62,47.7,521.34,8151.75,8.4465,393,38.7,23.3864
AC-007,180,0.0038,0.0,100.0,642.74,1591.0,1405.0,553.18,2388.06,9068.39,47.45,522.0,8144.06,8.4947,393,39.0,23.2174
AC-007,181,0.0001,-0.0001,100.0,642.36,1588.42,1412.01,553.78,2388.08,9074.8,47.54,521.47,8147.04,8.47,394,38.77,23.2754
AC-007,182,0.002,0.0001,100.0,642.8,1587.9,1408.38,553.55,2388.07,9063.63,47.54,521.48,8151.06,8.4141,394,38.94,23.2421
AC-007,183,0.0005,0.0003,100.0,642.8,1593.35,1410.52,552.82,2388.07,9075.35,47.54,521.5,8147.77,8.4391,392,38.92,23.2958
AC-007,184,-0.0,-0.0001,100.0,642.51,1598.98,1411.6,553.19,2388.1,9068.83,47.31,521.22,8152.73,8.4299,393,38.88,23.2048
AC-007,185,0.0009,-0.0002,100.0,642.78,1592.49,1404.86,553.48,2388.04,9072.38,47.61,521.51,8154.66,8.4591,394,38.89,23.3153
AC-007,186,-0.0005,0.0002,100.0,642.48,1590.97,1403.32,553.17,2388.08,9076.96,47.7,521.22,8146.38,8.4367,393,38.76,23.2934
AC-007,187,0.0012,0.0004,100.0,642.86,1592.09,1411.99,553.52,2388.08,9069.43,47.7,521.34,8151.22,8.4262,393,38.84,23.2253
AC-007,188,0.0014,0.0,100.0,642.9,1595.07,1412.29,553.51,2388.13,9070.92,47.67,521.14,8147.71,8.4576,394,38.8,23.2395
AC-007,189,-0.0054,-0.0003,100.0,642.8,1591.28,1412.55,553.24,2388.07,9077.06,47.42,521.13,8151.59,8.4633,393,38.63,23.1979
AC-007,190,0.0006,-0.0003,100.0,642.69,1587.13,1415.28,553.74,2388.1,9068.88,47.58,521.61,8152.4,8.4669,394,38.96,23.257
AC-007,191,0.0036,0.0004,100.0,642.46,1591.4,1411.57,553.03,2388.12,9076.52,47.58,520.54,8155.78,8.4436,394,38.7,23.2104
AC-007,192,0.0011,0.0003,100.0,642.86,1591.21,1410.83,552.67,2388.06,9071.04,47.47,521.58,8150.92,8.436,393,38.69,23.3127
AC-007,193,-0.0024,-0.0004,100.0,642.13,1588.41,1409.17,553.42,2388.13,9067.94,47.81,521.3,8145.04,8.4052,394,38.75,23.2723
AC-007,194,-0.0,-0.0002,100.0,642.53,1596.68,1405.47,552.63,2388.07,9076.56,47.47,521.59,8151.29,8.4198,395,38.86,23.2208
AC-007,195,-0.0003,-0.0004,100.0,642.42,1590.85,1412.3,552.33,2388.06,9072.35,47.66,521.07,8151.7,8.4353,395,38.8,23.2506
AC-007,196,0.0005,0.0003,100.0,642.89,1592.59,1414.59,553.03,2388.12,9069.95,47.64,520.89,8150.56,8.5004,394,38.67,23.2805
AC-007,197,0.002,-0.0002,100.0,642.72,1596.21,1411.61,553.37,2388.06,9070.76,47.54,521.09,8158.37,8.4694,395,38.77,23.2351
AC-007,198,0.0023,-0.0002,100.0,642.67,1593.2,1407.03,552.71,2388.15,9074.19,47.59,521.46,8140.93,8.4257,395,38.63,23.2046
AC-007,199,0.0023,0.0002,100.0,642.5,1595.0,1406.95,553.53,2388.16,9069.99,47.62,521.57,8150.49,8.4145,395,38.72,23.3473
AC-007,200,-0.0036,0.0002,100.0,642.33,1595.56,1415.32,553.4,2388.1,9079.46,47.71,520.7,8142.49,8.4652,394,38.85,23.317
AC-007,201,-0.0036,-0.0004,100.0,642.44,1596.61,1410.91,553.07,2388.08,9073.47,47.44,521.37,8158.87,8.4671,393,38.85,23.1116
AC-007,202,-0.0043,0.0003,100.0,642.91,1598.4,1417.06,553.13,2388.06,9072.36,47.55,521.1,8148.87,8.4857,393,38.72,23.3375
AC-007,203,0.0033,-0.0004,100.0,642.88,1596.16,1411.74,552.47,2388.1,9079.01,47.66,521.47,8151.4,8.4414,393,38.89,23.288
AC-007,204,0.0007,-0.0004,100.0,642.8,1597.85,1417.15,552.96,2388.14,9080.23,47.59,521.02,8150.38,8.5011,394,38.65,23.3043
AC-007,205,-0.0022,-0.0001,100.0,642.78,1590.98,1415.44,552.95,2388.11,9076.54,47.58,521.62,8147.95,8.4619,393,38.79,23.2074
AC-007,206,0.0009,-0.0002,100.0,643.48,1586.96,1403.14,553.47,2388.1,9077.9,47.42,520.93,8149.08,8.4322,395,38.8,23.2442
AC-007,207,-0.0003,0.0001,100.0,642.98,1593.97,1413.89,552.98,2388.1,9075.3,47.81,521.11,8151.96,8.4815,395,38.88,23.3537
AC-007,208,-0.0007,0.0002,100.0,642.81,1590.43,1407.37,553.58,2388.13,9074.26,47.65,520.94,8142.49,8.4694,395,38.92,23.2286
AC-007,209,0.002,-0.0005,100.0,642.67,1595.73,1418.83,552.4,2388.13,9074.58,47.72,520.96,8152.83,8.4664,396,38.65,23.3284
AC-007,210,0.0021,-0.0003,100.0,643.04,1595.21,1418.31,553.14,2388.11,9077.56,47.76,521.08,8147.82,8.461,394,38.77,23.2624
AC-007,211,-0.0006,0.0002,100.0,642.97,1593.87,1419.64,553.14,2388.08,9070.89,47.58,521.24,8146.19,8.4667,394,38.49,23.2027
AC-007,212,0.0019,-0.0001,100.0,642.93,1594.26,1411.21,552.58,2388.08,9081.14,47.84,521.24,8151.5,8.4574,395,38.73,23.2246
AC-007,213,0.0008,-0.0001,100.0,642.51,1599.51,1414.91,553.05,2388.12,9068.6,47.96,521.05,8147.45,8.4807,395,38.56,23.1737
AC-007,214,0.0022,0.0002,100.0,642.87,1586.43,1415.25,553.41,2388.14,9070.02,47.74,521.44,8147.08,8.4723,395,38.66,23.2265
AC-007,215,-0.0012,0.0002,100.0,642.23,1594.07,1417.42,552.95,2388.1,9079.45,47.94,521.17,8149.44,8.4582,394,38.66,23.2131
AC-007,216,-0.0029,0.0004,100.0,642.94,1592.54,1418.23,553.47,2388.14,9070.43,47.78,520.7,8147.65,8.4858,396,38.6,23.2425
AC-007,217,-0.0024,-0.0004,100.0,643.26,1600.79,1418.59,552.24,2388.18,9070.89,47.71,521.18,8143.68,8.4958,396,38.65,23.1888
AC-007,218,0.0021,-0.0002,100.0,642.93,1583.14,1418.41,552.67,2388.16,9076.18,47.76,521.2,8151.08,8.4701,395,38.61,23.0657
AC-007,219,0.0022,0.0003,100.0,642.92,1593.78,1417.93,552.44,2388.16,9067.62,47.83,520.96,8145.68,8.4666,395,38.66,23.182
AC-007,220,-0.0037,-0.0,100.0,642.89,1596.6,1416.42,553.2,2388.14,9073.62,47.75,520.9,8145.22,8.4495,395,38.72,23.1952
AC-007,221,-0.0018,-0.0004,100.0,643.21,1590.76,1416.66,552.35,2388.18,9074.2,47.76,521.51,8149.06,8.4509,397,38.72,23.2386
AC-007,222,0.0023,-0.0005,100.0,643.44,1593.45,1416.17,552.45,2388.12,9078.43,47.89,521.0,8147.71,8.485,395,38.53,23.2318
AC-007,223,0.0031,0.0004,100.0,642.46,1592.69,1411.45,553.06,2388.14,9079.03,47.95,520.98,8150.38,8.4877,395,38.88,23.1761
AC-007,224,-0.0021,0.0004,100.0,643.34,1599.27,1423.7,552.49,2388.17,9073.05,47.79,521.02,8151.27,8.4729,395,38.38,23.2119
AC-007,225,0.0013,-0.0002,100.0,643.1,1601.64,1404.63,552.11,2388.16,9072.91,47.58,520.3,8147.47,8.4919,395,38.67,23.1872
AC-007,226,-0.0015,-0.0001,100.0,642.85,1594.71,1417.37,552.49,2388.16,9076.72,47.77,520.7,8150.57,8.4716,395,38.57,23.1233
AC-007,227,0.0004,-0.0001,100.0,643.3,1600.96,1416.6,551.9,2388.17,9080.86,47.98,520.73,8150.49,8.4869,395,38.7,23.2282
AC-007,228,-0.0016,0.0003,100.0,643.59,1592.29,1423.21,552.01,2388.1,9068.85,47.69,520.44,8152.24,8.4711,393,38.77,23.275
AC-007,229,-0.0024,-0.0001,100.0,643.53,1593.53,1418.82,552.58,2388.16,9073.5,47.76,520.43,8147.05,8.5182,395,38.69,23.0911
AC-007,230,-0.001,-0.0004,100.0,643.66,1594.24,1418.61,551.88,2388.12,9077.31,47.86,520.55,8150.09,8.4526,395,38.53,23.1294
AC-007,231,0.0068,0.0003,100.0,643.03,1597.7,1415.67,553.04,2388.19,9065.62,47.8,520.54,8150.61,8.477,395,38.7,23.1564
AC-007,232,-0.002,-0.0001,100.0,643.48,1596.72,1412.12,552.42,2388.21,9076.22,47.92,520.45,8152.96,8.4756,396,38.58,23.0741
AC-007,233,0.0045,0.0002,100.0,642.87,1597.06,1420.78,551.64,2388.11,9072.86,47.88,519.43,8149.41,8.5079,394,38.62,23.2648
AC-007,234,-0.0021,-0.0002,100.0,643.51,1601.02,1424.95,552.84,2388.16,9080.03,47.83,520.55,8151.88,8.46,396,38.61,23.1713
AC-007,235,0.0016,-0.0001,100.0,643.06,1594.95,1419.33,552.44,2388.15,9075.23,47.84,520.6,8148.45,8.4973,395,38.68,23.1397
AC-007,236,0.0011,-0.0003,100.0,643.14,1595.7,1417.66,552.6,2388.16,9079.14,47.91,520.92,8151.16,8.4736,395,38.6,23.1665
AC-007,237,0.0006,0.0004,100.0,643.45,1596.98,1414.51,551.59,2388.16,9076.52,48.03,520.6,8141.06,8.5253,392,38.47,23.1135
AC-007,238,0.0022,-0.0005,100.0,643.21,1593.11,1419.91,552.25,2388.19,9076.16,47.89,520.49,8151.87,8.4559,395,38.46,23.1676
AC-007,239,-0.0016,-0.0001,100.0,643.13,1597.49,1427.17,552.56,2388.21,9073.46,47.94,519.61,8154.95,8.4994,396,38.68,23.2434
AC-007,240,-0.0017,-0.0,100.0,643.32,1597.45,1432.67,551.48,2388.22,9067.35,47.95,520.18,8141.72,8.4763,395,38.64,23.071
AC-007,241,0.0013,-0.0002,100.0,643.14,1603.37,1431.51,552.52,2388.18,9075.25,47.95,520.26,8151.52,8.5086,396,38.46,23.1039
AC-007,242,-0.0007,-0.0005,100.0,643.45,1598.75,1420.94,551.63,2388.18,9069.47,47.82,520.3,8149.19,8.4831,394,38.52,23.1649
AC-007,243,0.0016,0.0004,100.0,643.5,1607.7,1417.37,551.88,2388.16,9070.96,48.05,520.17,8145.69,8.517,396,38.51,22.9398
AC-007,244,-0.0012,-0.0001,100.0,643.11,1601.18,1428.04,551.49,2388.19,9075.06,47.94,520.26,8150.13,8.5106,397,38.55,23.1399
AC-007,245,0.0027,-0.0001,100.0,644.0,1596.94,1426.25,551.82,2388.2,9080.51,47.92,519.86,8150.09,8.5085,396,38.6,23.1415
AC-007,246,0.0005,0.0002,100.0,643.41,1596.23,1433.13,552.23,2388.22,9075.19,48.16,519.97,8148.66,8.4742,395,38.58,23.0662
AC-007,247,0.0012,0.0002,100.0,643.47,1600.74,1424.71,551.26,2388.23,9084.92,48.13,520.15,8154.58,8.5149,396,38.62,23.1767
AC-007,248,-0.0043,-0.0001,100.0,643.87,1591.09,1427.14,552.06,2388.18,9080.02,47.9,519.58,8149.12,8.5117,397,38.38,23.0795
AC-007,249,0.0017,0.0004,100.0,643.13,1598.89,1422.5,552.73,2388.21,9082.19,48.02,520.01,8145.07,8.4859,396,38.51,23.073
AC-007,250,0.0036,0.0001,100.0,643.94,1598.33,1421.79,551.2,2388.21,9071.1,48.07,519.54,8144.56,8.4925,397,38.7,23.1371
AC-007,251,0.0021,-0.0,100.0,643.83,1601.42,1427.83,551.43,2388.25,9081.49,48.03,520.21,8147.78,8.5101,396,38.5,23.0912
AC-007,252,-0.0005,-0.0003,100.0,643.91,1601.87,1436.55,551.21,2388.24,9074.07,48.3,519.47,8148.12,8.5229,396,38.45,23.1259
AC-007,253,0.0012,-0.0004,100.0,643.53,1596.44,1421.13,551.61,2388.2,9070.56,48.26,519.5,8150.7,8.5007,397,38.52,23.0652
AC-007,254,-0.001,-0.0004,100.0,643.56,1590.69,1423.7,551.12,2388.25,9075.33,47.98,519.48,8141.83,8.5627,398,38.63,23.0196
AC-007,255,0.005,-0.0004,100.0,643.45,1606.52,1422.76,551.17,2388.21,9076.94,48.15,519.88,8146.81,8.5001,395,38.55,23.0458
AC-007,256,0.0019,0.0001,100.0,643.35,1597.88,1428.37,551.31,2388.22,9074.79,47.96,520.21,8139.94,8.5104,395,38.53,23.126
AC-007,257,-0.0032,-0.0002,100.0,644.27,1602.83,1421.92,551.28,2388.24,9077.77,48.35,519.65,8149.6,8.5367,396,38.4,23.0286
AC-007,258,-0.0005,0.0001,100.0,643.56,1598.95,1425.91,551.59,2388.27,9075.18,48.05,519.06,8149.55,8.5369,396,38.5,22.9854
AC-007,259,0.0043,-0.0001,100.0,644.15,1599.33,1435.04,551.97,2388.19,9075.94,47.97,519.1,8145.75,8.5162,396,38.46,23.0596
AC-012,1,0.0017,0.0003,100.0,642.39,1586.1,1402.11,554.1,2388.06,9052.13,47.54,520.94,8130.76,8.4214,394,38.78,23.2348
AC-012,2,-0.0004,0.0004,100.0,642.43,1592.56,1406.54,553.17,2388.11,9042.55,47.5,521.81,8125.37,8.4005,393,38.95,23.3202
AC-012,3,-0.0005,-0.0,100.0,642.35,1587.14,1403.33,553.6,2388.1,9033.93,47.44,521.48,8128.94,8.4089,393,38.79,23.2922
AC-012,4,-0.002,0.0004,100.0,642.5,1594.4,1409.25,552.67,2388.11,9046.28,47.54,521.43,8124.09,8.438,392,38.84,23.4524
AC-012,5,0.0064,-0.0002,100.0,642.81,1584.77,1410.35,553.07,2388.06,9045.8,47.68,521.47,8126.65,8.4478,393,39.04,23.3366
AC-012,6,0.0018,-0.0002,100.0,642.64,1586.47,1409.04,553.98,2388.09,9051.29,47.56,521.61,8132.42,8.43,393,38.86,23.2776
AC-012,7,0.0005,-0.0003,100.0,642.54,1585.61,1411.32,553.46,2388.09,9048.64,47.62,521.57,8129.4,8.4406,392,38.8,23.1772
AC-012,8,-0.003,0.0002,100.0,642.37,1590.47,1410.7,553.08,2388.12,9049.68,47.42,521.67,8131.46,8.4247,391,38.76,23.3676
AC-012,9,0.001,-0.0001,100.0,641.95,1585.75,1399.4,553.66,2388.06,9048.35,47.34,521.28,8124.76,8.4223,393,38.81,23.3485
AC-012,10,-0.0007,-0.0003,100.0,642.37,1592.2,1402.29,553.36,2388.12,9048.97,47.6,521.14,8127.45,8.4531,392,38.8,23.2907
AC-012,11,-0.001,0.0003,100.0,642.47,1592.71,1412.44,554.14,2388.16,9051.27,47.69,520.8,8125.32,8.4125,394,38.82,23.4365
AC-012,12,-0.0026,-0.0001,100.0,643.0,1581.29,1407.38,553.55,2388.18,9045.24,47.57,521.06,8128.57,8.4162,394,38.87,23.3298
AC-012,13,-0.0018,0.0003,100.0,643.31,1592.33,1405.14,553.8,2388.12,9046.7,47.49,521.54,8125.86,8.4265,393,38.86,23.2345
AC-012,14,-0.0014,-0.0004,100.0,642.94,1589.91,1408.12,553.06,2388.09,9048.72,47.35,521.11,8129.95,8.4531,393,38.82,23.3559
AC-012,15,0.0013,-0.0001,100.0,642.22,1592.95,1404.86,554.61,2388.18,9050.76,47.59,521.63,8126.32,8.4178,393,38.99,23.1797
AC-012,16,-0.0021,0.0002,100.0,642.41,1585.13,1403.71,553.97,2388.07,9046.65,47.58,521.41,8130.86,8.4331,394,38.67,23.3922
AC-012,17,-0.0008,-0.0004,100.0,642.62,1590.64,1409.69,553.95,2388.11,9045.23,47.49,521.49,8125.47,8.4058,393,38.94,23.3341
AC-012,18,-0.0049,-0.0002,100.0,642.27,1588.16,1412.6,553.81,2388.13,9044.59,47.52,521.2,8128.62,8.4239,391,38.78,23.327
AC-012,19,0.0007,0.0005,100.0,642.68,1596.79,1408.97,553.24,2388.1,9046.96,47.55,521.24,8128.48,8.4224,393,38.9,23.2769
AC-012,20,0.0002,-0.0001,100.0,642.89,1586.86,1407.65,553.67,2388.13,9046.24,47.43,521.67,8131.33,8.4372,394,39.04,23.2657
AC-012,21,0.0016,-0.0004,100.0,642.86,1594.72,1404.49,553.76,2388.13,9049.54,47.55,521.72,8132.32,8.4298,392,38.96,23.3372
AC-012,22,0.0006,-0.0003,100.0,642.81,1588.36,1409.01,554.01,2388.17,9038.25,47.54,521.84,8123.59,8.4275,391,38.87,23.253
AC-012,23,0.0012,-0.0003,100.0,642.64,1593.21,1403.92,553.35,2388.08,9045.89,47.17,521.56,8122.02,8.4223,392,39.04,23.2086
AC-012,24,0.0016,0.0003,100.0,642.74,1588.51,1407.22,553.65,2388.09,9054.16,47.48,521.38,8126.25,8.4551,391,38.84,23.3228
AC-012,25,-0.0017,0.0005,100.0,642.37,1589.24,1409.74,553.19,2388.14,9047.34,47.31,521.55,8125.17,8.4276,392,38.74,23.2553
AC-012,26,0.0001,0.0002,100.0,642.76,1581.49,1410.57,553.19,2388.13,9051.64,47.59,521.54,8122.4,8.4273,394,38.84,23.3767
AC-012,27,0.0004,0.0005,100.0,642.41,1582.28,1410.61,553.87,2388.12,9047.26,47.51,521.32,8129.15,8.449,393,39.02,23.3578
AC-012,28,-0.0007,0.0005,100.0,642.12,1590.92,1409.23,554.27,2388.1,9056.44,47.58,521.61,8124.24,8.4467,393,38.96,23.283
AC-012,29,0.0034,-0.0,100.0,642.79,1583.54,1409.43,553.21,2388.11,9047.45,47.6,521.29,8125.26,8.4204,393,38.63,23.2957
AC-012,30,-0.0016,-0.0003,100.0,642.86,1594.49,1400.58,553.52,2388.15,9048.31,47.4,521.62,8133.57,8.4577,393,38.9,23.2759
AC-012,31,-0.0004,-0.0001,100.0,642.62,1585.54,1404.71,553.64,2388.09,9043.46,47.59,521.44,8125.29,8.4193,392,38.72,23.2314
AC-012,32,0.0015,-0.0001,100.0,642.79,1596.75,1408.2,552.8,2388.06,9048.38,47.52,521.3,8125.44,8.4478,393,38.7,23.1458
AC-012,33,-0.0009,-0.0,100.0,642.41,1589.35,1406.3,553.1,2388.06,9044.7,47.51,521.33,8123.56,8.4577,393,38.94,23.3029
AC-012,34,0.0015,-0.0004,100.0,642.57,1591.88,1409.24,553.1,2388.1,9036.32,47.64,521.64,8124.01,8.4652,394,38.6,23.3334
AC-012,35,0.0021,0.0,100.0,642.79,1588.11,1407.2,553.78,2388.14,9048.56,47.46,521.68,8131.01,8.4219,392,38.79,23.2092
AC-012,36,0.003,-0.0004,100.0,642.91,1592.47,1400.78,553.33,2388.15,9045.66,47.49,521.59,8131.97,8.4437,392,38.8,23.1813
AC-012,37,0.0013,0.0003,100.0,642.41,1592.1,1410.24,553.22,2388.09,9042.92,47.62,521.66,8123.24,8.461,393,38.78,23.2468
AC-012,38,-0.0001,0.0005,100.0,642.73,1595.43,1405.1,553.41,2388.09,9048.6,47.45,521.18,8126.77,8.4427,394,38.91,23.3641
AC-012,39,-0.0002,0.0001,100.0,642.3,1590.38,1412.85,552.59,2388.1,9044.67,47.39,521.82,8126.49,8.4596,393,38.8,23.3236
AC-012,40,-0.0014,-0.0001,100.0,642.16,1587.52,1411.14,553.14,2388.15,9043.68,47.63,521.37,8127.63,8.4713,394,38.89,23.3179
AC-012,41,-0.0016,0.0004,100.0,642.17,1588.32,1412.07,553.12,2388.09,9044.54,47.52,521.75,8124.92,8.4289,393,38.82,23.2325
AC-012,42,-0.0042,0.0005,100.0,642.97,1594.0,1407.56,553.09,2388.09,9044.59,47.33,521.09,8126.9,8.4573,394,38.92,23.2672
AC-012,43,-0.0009,-0.0001,100.0,642.35,1590.12,1412.04,553.17,2388.12,9042.53,47.5,521.67,8130.51,8.4322,393,38.81,23.2876
AC-012,44,-0.0031,-0.0,100.0,642.5,1591.36,1405.39,552.98,2388.09,9042.02,47.36,521.47,8130.19,8.4792,392,38.98,23.2084
AC-012,45,-0.0018,0.0001,100.0,642.76,1598.73,1409.85,553.38,2388.13,9052.92,47.64,521.07,8124.06,8.4452,395,38.84,23.2244
AC-012,46,-0.0003,-0.0003,100.0,642.39,1595.76,1407.58,553.34,2388.14,9047.42,47.52,521.51,8129.9,8.4562,392,38.96,23.2746
AC-012,47,0.001,-0.0004,100.0,642.27,1588.92,1406.25,553.29,2388.12,9046.58,47.4,521.62,8127.5,8.4674,392,38.7,23.2926
AC-012,48,0.0001,-0.0,100.0,642.47,1588.91,1412.42,553.53,2388.13,9041.32,47.59,522.13,8120.26,8.4539,393,38.79,23.3173
AC-012,49,0.0013,0.0003,100.0,642.84,1587.07,1400.39,553.4,2388.14,9044.57,47.51,521.8,8125.06,8.453,394,38.78,23.3632
AC-012,50,0.0009,0.0004,100.0,642.19,1591.98,1409.02,554.09,2388.15,9045.83,47.45,521.52,8121.78,8.4323,391,39.0,23.3382
AC-012,51,-0.0025,0.0004,100.0,643.1,1587.83,1413.22,553.77,2388.14,9046.08,47.49,521.4,8121.37,8.4547,392,38.83,23.3548
AC-012,52,0.0014,-0.0,100.0,642.6,1583.57,1408.59,553.85,2388.12,9045.76,47.36,521.26,8122.98,8.4275,394,38.96,23.3101
AC-012,53,0.0019,-0.0004,100.0,642.66,1592.1,1404.21,552.16,2388.16,9044.63,47.55,521.59,8124.69,8.4391,393,38.62,23.2922
AC-012,54,0.0063,-0.0,100.0,642.59,1588.31,1411.94,554.08,2388.13,9059.27,47.49,521.4,8127.99,8.446,394,38.88,23.4037
AC-012,55,-0.0005,0.0002,100.0,642.8,1594.84,1414.35,553.39,2388.15,9045.65,47.8,521.48,8127.05,8.4466,392,38.72,23.3149
AC-012,56,-0.0001,0.0004,100.0,642.47,1588.91,1408.46,552.87,2388.12,9047.98,47.55,521.49,8134.34,8.4174,394,38.86,23.3335
AC-012,57,0.0027,0.0001,100.0,643.42,1596.13,1407.61,553.22,2388.12,9045.76,47.59,520.99,8132.63,8.4594,394,38.91,23.2622
AC-012,58,0.0011,0.0005,100.0,642.18,1592.85,1406.46,553.62,2388.07,9046.5,47.6,521.79,8126.91,8.4689,393,38.8,23.2417
AC-012,59,-0.0032,0.0003,100.0,643.05,1595.21,1402.56,552.63,2388.16,9049.77,47.45,521.31,8120.52,8.4334,393,38.82,23.3714
AC-012,60,-0.0017,-0.0004,100.0,642.25,1596.61,1413.02,553.21,2388.14,9052.12,47.72,521.49,8129.47,8.4115,394,38.75,23.3122
AC-012,61,-0.0017,-0.0004,100.0,642.85,1589.81,1406.41,552.96,2388.11,9039.47,47.65,520.76,8127.47,8.4192,394,38.69,23.3281
AC-012,62,-0.004,-0.0003,100.0,642.21,1590.03,1409.63,552.86,2388.16,9048.09,47.57,521.38,8127.77,8.4393,392,38.68,23.3127
AC-012,63,-0.001,0.0001,100.0,642.57,1592.3,1409.09,553.21,2388.17,9044.16,47.54,521.54,8127.36,8.4358,392,38.83,23.312
AC-012,64,0.0025,-0.0001,100.0,642.72,1592.81,1411.9,553.6,2388.17,9053.41,47.42,521.79,8125.3,8.4087,393,38.79,23.3106
AC-012,65,0.0023,-0.0002,100.0,642.97,1596.75,1414.56,553.78,2388.12,9046.88,47.59,521.9,8131.83,8.4337,392,38.83,23.2463
AC-012,66,-0.0021,-0.0,100.0,642.61,1589.21,1406.22,553.39,2388.16,9045.86,47.64,521.41,8121.95,8.4691,394,38.8,23.222
AC-012,67,0.0027,-0.0001,100.0,642.81,1586.58,1406.37,553.17,2388.14,9049.52,47.58,521.19,8132.69,8.4348,392,38.63,23.2567
AC-012,68,0.002,-0.0004,100.0,642.62,1590.13,1411.87,552.82,2388.21,9047.7,47.52,521.51,8124.68,8.4531,392,38.9,23.2913
AC-012,69,-0.0002,0.0002,100.0,642.78,1588.31,1420.36,553.19,2388.12,9043.71,47.52,520.98,8125.23,8.4554,394,38.88,23.2297
AC-012,70,0.0034,0.0001,100.0,642.93,1588.41,1406.66,553.53,2388.14,9046.07,47.58,521.52,8129.31,8.4116,392,38.82,23.3584
AC-012,71,0.002,0.0001,100.0,642.3,1587.35,1405.68,553.75,2388.08,9051.01,47.53,521.34,8131.16,8.4173,394,38.75,23.4068
AC-012,72,0.0024,-0.0002,100.0,642.41,1590.65,1414.47,553.17,2388.12,9056.26,47.52,520.84,8126.94,8.4585,394,38.72,23.2232
AC-012,73,0.0027,-0.0002,100.0,642.62,1591.9,1405.42,553.24,2388.13,9051.4,47.66,522.18,8123.25,8.4597,395,38.78,23.328
AC-012,74,-0.0021,0.0,100.0,642.62,1584.62,1406.39,553.31,2388.15,9047.56,47.79,521.47,8125.93,8.4208,393,38.84,23.3163
AC-012,75,-0.0005,-0.0002,100.0,642.64,1588.03,1406.82,553.07,2388.14,9043.55,47.66,520.75,8127.52,8.4235,394,38.72,23.2164
AC-012,76,0.0024,0.0002,100.0,642.56,1588.67,1405.95,553.32,2388.15,9051.14,47.69,521.27,8123.71,8.4552,395,38.75,23.2364
AC-012,77,0.0007,-0.0003,100.0,643.27,1591.27,1406.28,554.03,2388.11,9045.54,47.41,521.33,8123.64,8.4669,391,38.81,23.2573
AC-012,78,-0.0005,0.0001,100.0,643.25,1591.94,1413.68,553.33,2388.1,9044.5,47.65,521.46,8127.91,8.4515,392,38.86,23.3066
AC-012,79,0.0012,-0.0002,100.0,642.64,1590.61,1408.29,552.69,2388.16,9046.43,47.47,520.79,8124.03,8.4181,393,38.87,23.2958
AC-012,80,0.0012,0.0004,100.0,643.14,1586.51,1415.59,553.56,2388.16,9040.82,47.39,521.12,8122.86,8.4599,392,38.73,23.3178
AC-012,81,-0.002,0.0003,100.0,643.02,1584.68,1412.22,553.27,2388.13,9054.63,47.66,521.53,8127.68,8.4732,393,38.74,23.284
AC-012,82,0.0053,0.0005,100.0,643.25,1589.34,1404.4,553.66,2388.14,9049.13,47.47,520.85,8125.46,8.449,392,38.81,23.3187
AC-012,83,-0.0018,0.0001,100.0,642.02,1594.89,1408.9,552.5,2388.19,9035.95,47.69,520.65,8122.64,8.4449,392,38.98,23.2296
AC-012,84,0.0016,0.0004,100.0,642.47,1594.14,1407.82,552.3,2388.09,9051.21,47.58,521.19,8124.38,8.4478,394,38.73,23.1737
AC-012,85,-0.0009,-0.0002,100.0,642.6,1585.73,1413.71,553.42,2388.13,9045.67,47.81,521.4,8124.29,8.4884,393,38.8,23.3388
AC-012,86,0.0072,0.0002,100.0,642.37,1591.1,1415.28,552.38,2388.12,9046.37,47.55,520.79,8124.05,8.455,393,38.88,23.2544
AC-012,87,0.0011,-0.0001,100.0,642.98,1586.54,1403.94,552.21,2388.09,9046.31,47.43,521.32,8123.21,8.4327,394,38.84,23.301
AC-012,88,0.0017,-0.0004,100.0,642.96,1592.5,1407.16,553.42,2388.18,9043.53,47.67,521.34,8127.67,8.4723,392,38.69,23.2846
AC-012,89,-0.0039,0.0005,100.0,642.46,1590.54,1414.97,552.86,2388.12,9045.73,47.48,520.65,8127.79,8.4149,391,38.9,23.292
AC-012,90,0.0004,0.0005,100.0,642.65,1591.09,1410.93,553.61,2388.16,9047.9,47.75,521.46,8123.78,8.4813,394,38.81,23.2101
AC-012,91,0.0005,-0.0002,100.0,643.09,1591.52,1412.95,553.74,2388.11,9045.83,47.5,521.12,8125.98,8.4604,393,38.6,23.1479
AC-012,92,0.0021,0.0001,100.0,643.14,1593.57,1405.97,552.31,2388.17,9045.81,47.87,520.6,8132.41,8.4352,393,38.6,23.2152
AC-012,93,0.0009,-0.0003,100.0,643.15,1587.64,1414.14,553.53,2388.16,9050.01,47.83,521.57,8123.55,8.4402,393,38.76,23.2344
AC-012,94,-0.0041,0.0,100.0,642.48,1596.66,1409.75,552.98,2388.16,9039.46,47.65,521.53,8128.75,8.4628,394,38.85,23.2269
AC-012,95,0.0006,0.0003,100.0,642.9,1590.23,1408.66,552.31,2388.11,9042.87,47.73,521.45,8127.39,8.4852,394,38.83,23.2761
AC-012,96,-0.0021,-0.0004,100.0,642.54,1584.94,1412.03,552.85,2388.14,9050.54,47.7,521.06,8124.55,8.4466,392,38.82,23.1321
AC-012,97,0.0017,0.0004,100.0,643.01,1592.11,1409.96,552.77,2388.18,9046.68,47.59,521.21,8124.95,8.4595,394,38.72,23.3156
AC-012,98,-0.0007,0.0,100.0,642.89,1590.63,1407.46,553.0,2388.15,9038.1,47.49,521.48,8132.61,8.4301,395,38.92,23.239
AC-012,99,0.0027,-0.0001,100.0,642.65,1592.47,1414.0,552.84,2388.12,9046.59,47.67,521.24,8129.29,8.4132,393,38.64,23.2527
AC-012,100,-0.0032,0.0005,100.0,642.93,1592.94,1409.98,553.38,2388.14,9050.24,47.65,521.07,8122.41,8.448,392,38.76,23.3091
AC-012,101,0.0014,0.0002,100.0,641.86,1592.94,1405.95,552.88,2388.15,9047.32,47.66,521.56,8129.8,8.4421,393,38.91,23.2826
AC-012,102,0.0016,-0.0003,100.0,643.08,1596.33,1416.0,553.38,2388.11,9046.83,47.69,520.93,8122.67,8.4379,393,38.88,23.2423
AC-012,103,0.0027,-0.0001,100.0,642.77,1597.71,1413.83,552.81,2388.12,9051.41,47.71,521.2,8130.39,8.4985,393,38.86,23.2156
AC-012,104,-0.002,-0.0003,100.0,642.7,1588.44,1411.71,553.52,2388.15,9042.83,47.73,521.05,8122.38,8.4867,393,38.76,23.177
AC-012,105,-0.0005,0.0003,100.0,642.89,1597.38,1412.6,553.2,2388.2,9041.94,47.68,520.6,8124.19,8.4639,394,38.79,23.1808
AC-012,106,0.0018,-0.0004,100.0,643.09,1597.25,1409.57,552.82,2388.15,9041.48,47.5,520.94,8128.52,8.4269,393,38.99,23.3442
AC-012,107,-0.0006,0.0001,100.0,642.94,1594.02,1417.46,553.32,2388.18,9051.61,47.59,520.62,8130.83,8.4534,394,38.79,23.2876
AC-012,108,0.0012,0.0001,100.0,642.91,1594.45,1408.39,552.79,2388.13,9046.87,47.74,521.2,8126.8,8.4474,395,38.7,23.1949
AC-012,109,-0.0015,0.0004,100.0,642.94,1595.94,1419.38,552.71,2388.19,9054.21,47.7,521.76,8124.52,8.4799,395,38.66,23.2645
AC-012,110,0.0013,-0.0002,100.0,642.84,1592.11,1412.7,553.39,2388.17,9051.24,47.7,521.69,8128.89,8.4621,392,38.59,23.1781
AC-012,111,-0.0018,-0.0003,100.0,643.07,1589.65,1411.45,553.44,2388.17,9060.73,47.59,520.45,8130.39,8.45,394,38.59,23.2852
AC-012,112,0.0004,0.0003,100.0,642.74,1595.7,1409.29,553.11,2388.17,9048.04,47.74,520.55,8127.24,8.4565,395,38.62,23.3082
AC-012,113,0.001,0.0005,100.0,642.79,1595.31,1409.84,553.07,2388.18,9055.17,47.69,521.06,8121.59,8.4496,394,38.74,23.2764
AC-012,114,-0.002,0.0005,100.0,642.86,1598.13,1419.34,552.76,2388.19,9045.08,47.5,520.59,8124.98,8.4382,392,38.79,23.1929
AC-012,115,-0.0007,-0.0001,100.0,642.75,1588.68,1416.2,553.31,2388.17,9046.25,47.73,520.83,8122.78,8.4409,394,38.67,23.19
AC-012,116,-0.0026,-0.0004,100.0,643.05,1594.69,1417.6,553.33,2388.19,9047.89,47.66,521.05,8123.49,8.4426,393,38.62,23.242
AC-012,117,-0.0002,0.0001,100.0,643.16,1592.66,1413.56,552.82,2388.18,9046.91,47.75,520.63,8121.09,8.481,392,38.64,23.1807
AC-012,118,0.0011,-0.0003,100.0,643.7,1585.24,1415.05,552.76,2388.18,9050.59,47.78,521.02,8126.15,8.4605,395,38.91,23.2145
AC-012,119,0.0025,-0.0001,100.0,643.28,1594.82,1410.41,552.8,2388.23,9050.16,47.81,521.3,8126.45,8.4725,394,38.71,23.239
AC-012,120,-0.002,0.0001,100.0,643.18,1587.28,1412.59,551.93,2388.17,9045.56,47.9,521.01,8131.78,8.4773,393,38.75,23.3242
AC-012,121,0.0013,-0.0004,100.0,642.84,1586.95,1414.21,553.05,2388.19,9051.54,47.55,521.15,8128.04,8.4551,394,38.55,23.2929
AC-012,122,0.0001,0.0004,100.0,643.26,1590.54,1416.51,551.64,2388.19,9040.01,47.73,520.38,8124.48,8.478,392,38.78,23.1837
AC-012,123,0.0006,0.0003,100.0,642.76,1593.18,1412.84,552.58,2388.17,9052.98,47.84,520.49,8131.92,8.4807,394,38.85,23.2708
AC-012,124,-0.0012,0.0003,100.0,643.11,1602.74,1420.25,552.98,2388.17,9050.51,47.59,521.09,8130.74,8.4259,393,38.51,23.292
AC-012,125,0.0,0.0005,100.0,643.59,1606.24,1414.66,552.36,2388.25,9046.11,47.76,520.91,8130.83,8.4549,394,38.8,23.2558
AC-012,126,-0.0004,0.0005,100.0,642.94,1591.82,1418.62,552.88,2388.14,9050.58,47.87,520.93,8129.45,8.4351,394,38.8,23.2132
AC-012,127,-0.0035,-0.0,100.0,643.41,1598.83,1413.99,552.62,2388.17,9051.97,47.88,520.21,8127.3,8.4668,395,38.72,23.2237
AC-012,128,0.0002,0.0002,100.0,642.93,1592.17,1417.31,553.26,2388.13,9045.0,47.87,520.14,8128.25,8.4577,394,38.59,23.2346
AC-012,129,-0.0021,0.0,100.0,643.16,1587.1,1426.19,552.39,2388.2,9048.27,47.97,520.76,8131.67,8.4545,395,38.59,23.2877
AC-012,130,0.0001,0.0001,100.0,642.42,1590.42,1427.28,552.5,2388.15,9045.59,47.8,520.5,8125.55,8.4619,395,38.4,23.2302
AC-012,131,-0.0019,0.0005,100.0,643.21,1591.13,1428.96,552.26,2388.2,9051.53,47.89,520.66,8131.81,8.4761,395,38.68,23.2653
AC-012,132,0.0018,0.0004,100.0,643.34,1591.07,1418.45,553.0,2388.18,9049.74,47.86,520.9,8128.53,8.4995,396,38.64,23.1266
AC-012,133,0.001,-0.0001,100.0,642.99,1588.98,1414.33,552.04,2388.18,9048.98,47.77,520.91,8125.33,8.5056,394,38.83,23.2403
AC-012,134,0.0024,-0.0,100.0,642.76,1593.3,1419.05,552.76,2388.19,9047.52,47.78,520.65,8130.84,8.5003,394,38.67,23.283
AC-012,135,0.0012,-0.0002,100.0,643.15,1606.69,1421.42,552.75,2388.15,9051.89,47.75,520.34,8119.8,8.4456,395,38.76,23.1279
AC-012,136,0.0013,0.0005,100.0,643.09,1591.89,1413.03,553.06,2388.19,9049.13,47.91,520.71,8120.99,8.4638,394,38.52,23.1964
AC-012,137,-0.0036,0.0002,100.0,642.65,1589.72,1419.0,552.48,2388.18,9049.43,47.99,520.65,8125.75,8.4807,396,38.67,23.1929
AC-012,138,0.0032,0.0003,100.0,643.39,1604.19,1417.2,552.51,2388.18,9051.42,47.95,520.42,8129.88,8.4864,393,38.68,23.1407
AC-012,139,0.0006,0.0002,100.0,642.87,1597.67,1427.64,552.02,2388.23,9042.97,47.77,520.53,8125.19,8.4641,396,38.84,23.1714
AC-012,140,0.0009,0.0002,100.0,643.04,1589.71,1418.94,553.26,2388.27,9048.85,47.77,520.49,8122.92,8.4778,394,38.63,23.1876
AC-012,141,0.0026,-0.0001,100.0,643.39,1592.31,1425.51,551.84,2388.23,9049.89,48.05,520.33,8126.0,8.4676,396,38.62,23.3154
AC-012,142,-0.002,0.0001,100.0,643.6,1596.32,1422.42,552.64,2388.2,9042.52,47.85,520.25,8124.63,8.481,395,38.51,23.3021
AC-012,143,0.0039,0.0003,100.0,642.82,1600.64,1421.68,552.03,2388.18,9050.46,47.86,520.62,8122.01,8.4773,396,38.49,23.1289
AC-012,144,-0.0019,-0.0004,100.0,643.65,1590.16,1421.96,552.17,2388.21,9052.91,47.78,519.94,8118.74,8.4481,394,38.68,23.0626
AC-012,145,0.0001,0.0,100.0,642.82,1601.68,1416.98,551.1,2388.24,9045.06,47.86,520.66,8123.76,8.4908,392,38.55,23.0901
AC-012,146,0.0,0.0005,100.0,642.99,1591.97,1422.97,552.92,2388.2,9053.08,47.7,520.22,8131.64,8.4718,395,38.51,23.2257
AC-012,147,0.0019,0.0001,100.0,643.06,1596.79,1419.6,551.33,2388.23,9049.13,47.94,520.82,8129.72,8.5152,395,38.64,23.1366
AC-012,148,-0.0036,0.0003,100.0,643.13,1602.11,1422.2,551.84,2388.26,9046.34,47.68,520.33,8125.02,8.48,394,38.85,23.1506
AC-012,149,-0.0013,0.0001,100.0,643.54,1595.79,1419.79,551.84,2388.25,9046.63,48.1,520.36,8126.26,8.512,395,38.45,23.166
AC-012,150,-0.0003,0.0005,100.0,643.34,1597.62,1426.32,552.37,2388.2,9050.58,47.87,520.3,8128.98,8.516,395,38.57,23.1088
AC-012,151,-0.0002,0.0004,100.0,643.61,1594.38,1418.09,552.36,2388.21,9044.63,47.98,519.96,8124.27,8.5174,396,38.44,23.0561
AC-012,152,0.0017,0.0003,100.0,643.03,1600.52,1422.8,551.86,2388.2,9049.81,48.08,519.98,8124.46,8.5233,396,38.57,23.074
AC-012,153,-0.0007,-0.0004,100.0,643.06,1593.88,1425.5,551.2,2388.23,9051.41,47.93,520.25,8130.45,8.5024,396,38.55,23.2636
AC-012,154,-0.0014,-0.0,100.0,643.42,1594.76,1424.54,552.03,2388.26,9042.89,48.12,520.61,8127.18,8.4748,394,38.74,23.1146
AC-012,155,-0.0018,-0.0003,100.0,643.75,1598.19,1426.68,552.02,2388.21,9048.17,48.07,519.64,8123.27,8.4941,396,38.49,23.2194
AC-012,156,0.0022,0.0004,100.0,643.3,1596.61,1420.52,552.47,2388.24,9056.93,47.94,519.94,8129.13,8.4975,395,38.32,23.0739
AC-012,157,-0.0019,0.0001,100.0,642.86,1597.39,1428.13,551.91,2388.27,9052.49,48.01,520.03,8129.49,8.4718,394,38.37,23.203
AC-012,158,-0.0026,-0.0002,100.0,643.62,1607.1,1424.96,551.95,2388.25,9051.35,47.95,520.28,8127.19,8.4895,396,38.57,23.0512
AC-012,159,0.0031,0.0004,100.0,643.63,1598.16,1430.89,551.85,2388.28,9045.15,48.1,520.13,8119.77,8.4929,395,38.48,23.175
AC-012,160,-0.0012,-0.0002,100.0,643.64,1592.61,1429.75,551.28,2388.27,9054.75,48.28,520.05,8125.47,8.502,397,38.31,23.07
AC-012,161,0.0008,0.0002,100.0,643.1,1595.35,1428.39,552.11,2388.28,9045.91,48.17,519.72,8124.91,8.5164,396,38.46,23.1629
AC-012,162,0.0009,0.0003,100.0,643.45,1602.88,1414.13,551.33,2388.21,9050.03,48.15,519.36,8133.48,8.5142,396,38.36,23.0593
AC-012,163,0.0008,0.0003,100.0,643.59,1593.01,1434.05,551.09,2388.22,9054.26,48.08,519.25,8127.89,8.5654,397,38.57,23.1024
AC-012,164,0.0006,-0.0,100.0,642.95,1598.33,1419.55,551.55,2388.28,9058.39,48.08,519.61,8126.87,8.5203,397,38.35,23.0511
AC-012,165,0.0034,0.0001,100.0,643.76,1597.89,1425.13,552.4,2388.28,9051.42,48.21,520.11,8122.72,8.487,396,38.42,23.0516
AC-012,166,0.0021,0.0002,100.0,643.91,1604.39,1427.48,551.82,2388.29,9052.79,48.22,519.88,8125.91,8.511,396,38.43,23.1312
AC-012,167,-0.0009,0.0003,100.0,643.78,1600.52,1426.11,551.26,2388.28,9053.07,48.01,519.61,8129.63,8.5039,396,38.47,23.0371
AC-012,168,0.0007,0.0002,100.0,643.59,1596.25,1429.19,551.27,2388.29,9055.55,48.18,519.01,8125.62,8.5275,396,38.52,23.1209
AC-012,169,0.0027,0.0005,100.0,643.34,1597.46,1429.09,551.43,2388.25,9047.75,48.1,519.32,8120.62,8.5321,396,38.47,23.0444
AC-012,170,0.0002,-0.0001,100.0,643.31,1601.76,1434.94,551.1,2388.32,9050.4,48.08,519.55,8122.87,8.5213,395,38.64,23.0102
AC-013,1,-0.001,-0.0002,100.0,641.94,1594.32,1405.5,554.14,2388.07,9051.55,47.46,520.87,8131.99,8.4393,392,38.76,23.3793
AC-013,2,0.0039,-0.0,100.0,642.61,1592.31,1406.78,553.08,2388.11,9053.39,47.5,521.45,8135.24,8.4325,393,38.97,23.2731
AC-013,3,-0.0034,-0.0001,100.0,642.23,1589.66,1410.36,553.29,2388.1,9061.71,47.43,521.66,8137.34,8.4642,393,38.67,23.2775
AC-013,4,-0.0013,0.0002,100.0,642.67,1593.12,1408.66,553.71,2388.12,9047.99,47.65,521.44,8133.29,8.4115,391,38.8,23.3566
AC-013,5,-0.0018,0.0004,100.0,642.77,1589.93,1408.31,553.21,2388.08,9057.89,47.56,521.32,8133.3,8.3731,393,39.08,23.4748
AC-013,6,0.001,-0.0002,100.0,642.83,1589.25,1406.72,553.29,2388.15,9053.61,47.58,521.7,8134.54,8.4222,392,38.88,23.2899
AC-013,7,-0.0011,0.0003,100.0,642.69,1591.14,1402.15,553.16,2388.09,9057.27,47.42,521.31,8140.95,8.43,392,38.92,23.285
AC-013,8,-0.0031,0.0005,100.0,642.41,1590.39,1399.39,552.75,2388.12,9053.8,47.58,521.46,8132.12,8.4281,393,38.94,23.4308
AC-013,9,0.0028,0.0004,100.0,642.76,1589.31,1416.61,553.56,2388.1,9053.53,47.54,521.28,8136.5,8.4141,393,38.61,23.2479
AC-013,10,-0.0027,-0.0004,100.0,642.31,1594.02,1410.1,552.65,2388.08,9055.86,47.45,521.86,8131.43,8.4321,391,38.75,23.272
AC-013,11,-0.0014,0.0003,100.0,642.81,1590.74,1403.72,553.43,2388.08,9057.06,47.57,522.2,8132.71,8.4001,394,38.86,23.3338
AC-013,12,-0.0027,-0.0001,100.0,641.91,1585.92,1407.15,553.28,2388.07,9057.66,47.55,521.58,8140.59,8.4438,394,38.77,23.3329
AC-013,13,-0.001,-0.0,100.0,643.25,1599.99,1409.62,553.27,2388.13,9055.24,47.43,521.66,8135.84,8.4336,394,38.83,23.2979
AC-013,14,-0.0002,0.0004,100.0,642.22,1591.18,1409.34,553.57,2388.08,9059.89,47.5,520.85,8139.03,8.4295,392,38.9,23.2906
AC-013,15,0.0004,-0.0003,100.0,642.79,1594.09,1406.2,552.9,2388.12,9055.37,47.68,522.15,8131.19,8.3932,391,38.91,23.3631
AC-013,16,0.0028,-0.0004,100.0,642.59,1595.91,1409.0,553.08,2388.07,9052.1,47.42,521.74,8136.84,8.4156,394,38.97,23.3014
AC-013,17,0.0029,-0.0001,100.0,643.01,1593.27,1404.03,553.22,2388.09,9050.42,47.37,521.73,8135.74,8.4232,393,38.86,23.3667
AC-013,18,-0.0016,0.0005,100.0,642.08,1589.14,1405.87,553.54,2388.1,9054.2,47.4,521.54,8129.93,8.4075,392,38.77,23.3347
AC-013,19,-0.0024,-0.0002,100.0,642.47,1584.56,1408.11,553.13,2388.09,9061.64,47.48,521.39,8131.57,8.4485,394,38.82,23.3526
AC-013,20,-0.0007,0.0001,100.0,642.77,1595.46,1407.4,553.28,2388.06,9054.38,47.51,522.05,8133.96,8.4264,392,38.57,23.2427
AC-013,21,0.0007,0.0003,100.0,642.25,1581.62,1407.08,553.16,2388.06,9054.83,47.62,521.26,8131.2,8.4389,393,38.83,23.4299
AC-013,22,-0.0015,0.0001,100.0,643.02,1586.2,1407.41,553.48,2388.1,9056.62,47.46,521.56,8138.31,8.428,392,38.84,23.2634
AC-013,23,-0.0014,-0.0004,100.0,642.6,1586.29,1405.63,553.12,2388.12,9056.01,47.57,522.07,8131.79,8.4311,392,38.98,23.3116
AC-013,24,-0.0002,0.0005,100.0,642.95,1587.31,1406.29,553.75,2388.14,9051.44,47.64,521.89,8134.74,8.4215,393,38.85,23.2426
AC-013,25,0.0025,0.0003,100.0,642.1,1594.3,1407.62,553.55,2388.1,9062.26,47.51,522.5,8131.96,8.4366,393,38.86,23.3473
AC-013,26,-0.001,0.0003,100.0,642.19,1586.42,1402.94,553.7,2388.1,9063.15,47.58,521.49,8133.23,8.4346,391,38.83,23.3003
AC-013,27,0.0006,-0.0001,100.0,643.01,1590.15,1407.03,553.15,2388.07,9056.15,47.47,521.32,8140.32,8.4475,393,38.71,23.4061
AC-013,28,0.0012,-0.0003,100.0,642.56,1590.55,1406.48,553.34,2388.07,9059.63,47.6,521.73,8139.62,8.4191,393,38.84,23.2284
AC-013,29,-0.0003,0.0002,100.0,642.89,1588.97,1408.82,553.25,2388.09,9047.99,47.48,521.67,8135.18,8.4534,394,38.85,23.2946
AC-013,30,-0.0032,0.0001,100.0,642.7,1588.36,1409.6,554.31,2388.16,9057.73,47.36,521.31,8138.11,8.4743,393,38.87,23.3169
AC-013,31,-0.0015,0.0002,100.0,642.3,1590.98,1404.89,553.89,2388.05,9058.44,47.44,521.85,8137.52,8.4644,393,38.82,23.2797
AC-013,32,-0.001,0.0002,100.0,642.75,1589.12,1405.37,553.72,2388.09,9053.01,47.44,521.54,8136.49,8.4316,393,38.93,23.2791
AC-013,33,-0.0,0.0002,100.0,642.48,1588.69,1406.37,552.64,2388.1,9057.65,47.49,521.57,8139.33,8.4294,394,38.82,23.349
AC-013,34,-0.0007,0.0003,100.0,642.35,1590.06,1409.85,553.9,2388.09,9061.24,47.5,521.78,8132.94,8.4597,393,38.92,23.3717
AC-013,35,-0.0013,-0.0004,100.0,642.61,1589.91,1401.64,553.08,2388.09,9051.13,47.38,521.19,8135.18,8.4422,393,38.84,23.3348
AC-013,36,-0.0034,-0.0,100.0,642.58,1586.23,1403.92,553.5,2388.1,9047.89,47.58,521.44,8131.74,8.4509,393,38.92,23.383
AC-013,37,-0.0041,0.0002,100.0,642.68,1582.58,1412.44,553.58,2388.06,9050.5,47.48,521.86,8132.14,8.4326,392,38.74,23.1862
AC-013,38,0.0001,0.0004,100.0,642.69,1593.33,1406.92,553.62,2388.13,9049.92,47.7,521.55,8135.67,8.4576,393,39.07,23.2141
AC-013,39,-0.0005,-0.0003,100.0,642.63,1581.24,1403.8,553.23,2388.03,9053.6,47.5,521.63,8140.86,8.4236,392,38.94,23.343
AC-013,40,0.0013,0.0004,100.0,641.99,1585.55,1411.86,553.69,2388.13,9062.62,47.41,521.68,8134.21,8.4448,393,38.55,23.3491
AC-013,41,-0.0007,0.0002,100.0,642.23,1588.43,1403.07,553.26,2388.1,9057.22,47.58,521.82,8137.55,8.4804,393,38.92,23.3163
AC-013,42,0.0023,-0.0004,100.0,642.86,1588.03,1407.81,553.52,2388.11,9061.57,47.52,521.91,8135.86,8.4216,393,38.8,23.2903
AC-013,43,-0.0017,-0.0,100.0,642.66,1590.78,1407.9,553.64,2388.1,9056.2,47.39,521.26,8137.72,8.4378,394,38.81,23.3655
AC-013,44,0.0024,0.0001,100.0,642.45,1590.56,1412.61,553.88,2388.07,9055.21,47.59,521.3,8136.66,8.4059,394,38.94,23.3218
AC-013,45,0.0016,0.0001,100.0,642.77,1588.23,1410.44,553.99,2388.1,9057.0,47.51,521.42,8136.03,8.4185,391,38.7,23.3342
AC-013,46,0.0041,-0.0004,100.0,642.86,1584.07,1409.85,553.12,2388.09,9045.6,47.58,521.3,8136.97,8.418,393,38.9,23.305
AC-013,47,-0.0019,0.0004,100.0,642.14,1594.3,1402.37,553.34,2388.07,9057.28,47.35,521.81,8139.45,8.4108,394,38.74,23.3972
AC-013,48,-0.0026,-0.0,100.0,642.85,1594.55,1406.57,553.8,2388.09,9063.15,47.57,521.28,8131.54,8.4592,393,38.96,23.3012
AC-013,49,-0.0027,-0.0004,100.0,642.91,1584.16,1409.84,553.06,2388.1,9062.76,47.65,521.3,8139.96,8.4155,395,38.65,23.2812
AC-013,50,-0.0013,0.0,100.0,642.89,1592.76,1409.34,553.74,2388.11,9053.83,47.61,521.04,8134.3,8.436,394,38.67,23.2642
AC-013,51,0.0011,-0.0003,100.0,641.96,1590.8,1405.96,553.51,2388.09,9052.06,47.6,521.78,8129.46,8.413,393,38.95,23.2755
AC-013,52,0.0064,-0.0004,100.0,642.56,1594.44,1411.13,553.26,2388.1,9055.29,47.52,521.75,8140.99,8.4222,393,38.86,23.267
AC-013,53,-0.0011,0.0004,100.0,642.62,1587.86,1405.82,553.02,2388.09,9059.33,47.4,522.18,8138.09,8.4513,392,39.02,23.3445
AC-013,54,0.0023,-0.0001,100.0,642.37,1590.53,1410.93,553.4,2388.1,9060.14,47.45,520.99,8140.0,8.404,392,39.04,23.226
AC-013,55,-0.0031,-0.0002,100.0,642.92,1594.46,1406.72,553.33,2388.05,9058.09,47.37,521.62,8139.52,8.4436,392,38.67,23.3543
AC-013,56,0.0002,0.0005,100.0,642.21,1592.74,1404.01,553.15,2388.11,9062.98,47.5,521.87,8141.38,8.4322,393,38.94,23.3912
AC-013,57,0.0008,0.0004,100.0,642.78,1594.82,1403.8,554.07,2388.04,9061.05,47.45,521.46,8138.71,8.4077,394,38.82,23.2318
AC-013,58,0.0023,0.0004,100.0,642.37,1594.12,1413.32,553.05,2388.14,9049.98,47.45,521.47,8135.93,8.4612,394,38.87,23.3108
AC-013,59,-0.0021,-0.0001,100.0,642.61,1584.02,1413.87,552.84,2388.1,9058.18,47.56,521.97,8131.28,8.4369,394,38.8,23.3658
AC-013,60,0.0033,0.0004,100.0,642.51,1589.07,1404.27,553.74,2388.08,9063.64,47.42,521.64,8144.2,8.4227,394,38.69,23.3591
AC-013,61,-0.0015,-0.0005,100.0,642.63,1585.86,1411.08,553.26,2388.12,9061.46,47.54,521.36,8140.09,8.4149,393,39.0,23.293
AC-013,62,0.0034,-0.0003,100.0,642.23,1596.03,1406.18,553.4,2388.11,9057.73,47.61,521.47,8137.1,8.4358,394,38.9,23.2968
AC-013,63,0.001,-0.0003,100.0,642.61,1582.69,1399.34,553.22,2388.09,9060.4,47.48,522.14,8133.47,8.4244,392,38.91,23.2965
AC-013,64,0.0022,0.0002,100.0,642.8,1592.07,1402.07,553.46,2388.08,9053.94,47.53,521.86,8136.91,8.4536,394,38.78,23.2062
AC-013,65,0.0019,0.0005,100.0,642.6,1594.17,1410.38,553.04,2388.12,9062.3,47.59,521.59,8131.35,8.439,393,38.99,23.1712
AC-013,66,0.0034,-0.0002,100.0,642.68,1586.39,1403.29,553.59,2388.13,9057.5,47.58,521.86,8142.94,8.4566,395,38.83,23.2897
AC-013,67,0.0008,-0.0004,100.0,642.85,1587.87,1411.71,553.67,2388.1,9052.26,47.62,521.59,8138.04,8.477,390,38.62,23.3134
AC-013,68,0.0002,-0.0002,100.0,643.05,1593.84,1410.46,554.39,2388.1,9056.67,47.46,521.06,8141.04,8.4091,393,38.94,23.2666
AC-013,69,0.0012,-0.0003,100.0,642.94,1590.66,1408.67,553.61,2388.09,9058.86,47.62,521.68,8135.55,8.4165,393,38.73,23.229
AC-013,70,-0.0005,0.0002,100.0,642.22,1591.39,1406.78,553.3,2388.09,9056.85,47.62,521.14,8136.82,8.4562,390,38.78,23.2932
AC-013,71,-0.0033,0.0002,100.0,642.73,1591.12,1414.31,554.25,2388.13,9062.22,47.51,521.21,8140.42,8.4381,392,38.76,23.2452
AC-013,72,0.0041,-0.0004,100.0,642.54,1591.82,1409.41,553.82,2388.11,9060.47,47.61,521.39,8135.27,8.4537,394,38.93,23.3227
AC-013,73,0.0002,0.0004,100.0,642.93,1589.96,1411.79,553.77,2388.09,9058.23,47.49,521.38,8132.57,8.4445,395,38.72,23.2954
AC-013,74,-0.0,-0.0002,100.0,642.87,1586.46,1415.71,553.38,2388.06,9056.09,47.37,521.54,8141.35,8.4046,392,38.89,23.2266
AC-013,75,0.0012,0.0002,100.0,642.72,1584.67,1410.41,553.18,2388.14,9064.07,47.58,521.23,8139.15,8.4548,393,38.82,23.2683
AC-013,76,0.0013,-0.0003,100.0,642.76,1588.78,1409.33,553.19,2388.12,9057.88,47.65,521.72,8139.66,8.477,394,38.76,23.3218
AC-013,77,0.0022,-0.0005,100.0,642.98,1592.44,1407.09,553.44,2388.12,9059.92,47.44,520.77,8138.42,8.4119,394,39.0,23.2637
AC-013,78,0.0007,-0.0003,100.0,643.34,1588.31,1407.96,553.59,2388.1,9056.17,47.49,520.7,8131.86,8.4692,393,38.87,23.2975
AC-013,79,-0.0002,-0.0004,100.0,642.88,1589.69,1406.53,553.71,2388.14,9067.65,47.56,521.63,8143.04,8.4337,392,38.96,23.2119
AC-013,80,-0.0012,-0.0002,100.0,642.75,1590.85,1412.63,553.27,2388.05,9066.09,47.59,521.37,8138.58,8.4287,394,38.98,23.299
AC-013,81,-0.0033,-0.0002,100.0,642.13,1588.28,1412.8,553.35,2388.11,9055.69,47.79,521.23,8144.43,8.4056,393,38.82,23.2447
AC-013,82,-0.0022,-0.0003,100.0,642.9,1593.79,1402.78,553.04,2388.09,9060.44,47.52,521.21,8146.24,8.4112,392,38.76,23.175
AC-013,83,0.0009,0.0002,100.0,642.47,1587.71,1406.15,553.21,2388.1,9062.17,47.66,521.02,8143.73,8.4517,392,38.77,23.3331
AC-013,84,0.0013,-0.0001,100.0,642.74,1586.75,1407.51,553.4,2388.07,9062.51,47.37,521.42,8137.21,8.4447,393,38.61,23.2227
AC-013,85,-0.006,0.0004,100.0,642.53,1588.86,1408.95,553.55,2388.14,9061.25,47.55,521.04,8144.3,8.4292,394,38.78,23.3566
AC-013,86,-0.0011,-0.0004,100.0,642.95,1597.2,1411.47,553.6,2388.08,9057.25,47.31,521.94,8136.97,8.3863,394,38.94,23.3206
AC-013,87,0.0007,0.0003,100.0,642.93,1590.9,1412.87,552.76,2388.14,9066.14,47.63,520.66,8139.76,8.4561,393,38.71,23.3149
AC-013,88,-0.001,-0.0003,100.0,643.2,1584.99,1410.14,554.31,2388.07,9066.42,47.53,521.32,8143.06,8.4165,394,38.77,23.2396
AC-013,89,0.0011,-0.0003,100.0,642.78,1582.6,1406.3,553.15,2388.09,9064.28,47.31,520.97,8140.1,8.4431,394,38.77,23.306
AC-013,90,0.0011,0.0005,100.0,643.21,1590.21,1404.97,552.96,2388.1,9064.05,47.58,520.82,8141.49,8.4168,393,38.66,23.3462
AC-013,91,-0.0026,0.0004,100.0,642.84,1584.29,1408.55,553.49,2388.12,9068.06,47.51,521.26,8145.81,8.4242,394,38.82,23.2589
AC-013,92,0.0003,-0.0004,100.0,643.05,1598.85,1414.03,552.79,2388.08,9066.91,47.37,521.73,8144.24,8.4679,394,39.0,23.2359
AC-013,93,-0.0013,0.0,100.0,642.79,1590.43,1418.25,553.16,2388.13,9067.12,47.54,521.63,8145.51,8.4684,393,38.87,23.29
AC-013,94,-0.0008,0.0001,100.0,642.95,1587.61,1410.23,553.68,2388.05,9068.69,47.55,521.23,8146.86,8.4461,393,38.75,23.3104
AC-013,95,-0.0002,-0.0004,100.0,642.58,1593.74,1416.13,552.6,2388.13,9074.47,47.77,521.46,8149.73,8.4234,393,38.73,23.2496
AC-013,96,-0.0024,0.0005,100.0,642.51,1590.91,1410.02,552.94,2388.05,9064.09,47.57,521.87,8145.81,8.4371,393,38.64,23.2385
AC-013,97,-0.0016,-0.0001,100.0,642.98,1588.13,1412.34,552.71,2388.13,9063.33,47.61,521.28,8143.21,8.4172,393,38.8,23.3132
AC-013,98,-0.0015,0.0001,100.0,642.89,1584.86,1412.78,553.42,2388.12,9073.67,47.68,521.57,8145.08,8.4596,395,38.72,23.2199
AC-013,99,0.0009,-0.0002,100.0,642.56,1593.29,1408.46,554.1,2388.09,9071.3,47.27,520.81,8147.78,8.4369,394,38.96,23.2136
AC-013,100,0.0037,-0.0003,100.0,642.78,1593.39,1412.04,553.44,2388.12,9068.22,47.78,521.44,8147.14,8.4227,394,38.9,23.3333
AC-013,101,0.0001,0.0002,100.0,642.98,1597.42,1414.86,553.73,2388.11,9062.6,47.75,520.85,8148.34,8.4758,394,38.73,23.2955
AC-013,102,0.0008,-0.0001,100.0,642.65,1591.57,1417.22,553.56,2388.05,9066.89,47.48,521.41,8144.01,8.4534,394,38.87,23.3309
AC-013,103,0.0013,-0.0001,100.0,643.52,1592.63,1412.81,553.34,2388.15,9067.29,47.69,521.18,8145.31,8.4221,394,38.66,23.3003
AC-013,104,-0.0019,-0.0002,100.0,642.36,1583.37,1407.82,552.65,2388.13,9074.41,47.7,521.26,8147.53,8.4414,392,38.8,23.1497
AC-013,105,-0.0013,-0.0002,100.0,642.59,1595.5,1409.09,552.72,2388.1,9079.35,47.57,521.32,8148.39,8.4595,394,38.75,23.2431
AC-013,106,0.0058,-0.0002,100.0,643.32,1593.4,1413.69,552.83,2388.11,9069.01,47.73,521.06,8146.34,8.4458,394,38.59,23.2403
AC-013,107,-0.0011,0.0005,100.0,642.95,1587.55,1413.53,552.95,2388.15,9077.44,47.55,520.97,8151.73,8.4574,393,38.84,23.2927
AC-013,108,0.0004,0.0001,100.0,643.21,1589.74,1415.34,553.34,2388.14,9068.53,47.71,520.62,8148.29,8.4501,393,38.79,23.2752
AC-013,109,0.0021,-0.0002,100.0,642.57,1593.72,1408.09,552.84,2388.05,9074.03,47.68,520.4,8149.59,8.4502,394,38.55,23.2462
AC-013,110,-0.0001,-0.0004,100.0,643.13,1594.1,1410.86,553.41,2388.11,9078.58,47.53,520.8,8152.88,8.4475,394,38.68,23.2126
AC-013,111,-0.0013,0.0005,100.0,643.28,1590.26,1414.54,553.37,2388.08,9075.37,47.75,521.57,8149.36,8.4847,394,38.75,23.3012
AC-013,112,-0.0011,-0.0003,100.0,642.9,1590.16,1412.15,552.3,2388.1,9074.06,47.78,521.29,8151.25,8.4958,394,38.71,23.2348
AC-013,113,-0.0003,-0.0001,100.0,642.92,1593.22,1414.53,553.3,2388.16,9074.19,47.6,521.02,8153.63,8.4353,395,38.81,23.2802
AC-013,114,0.0008,0.0,100.0,642.88,1582.94,1408.0,553.08,2388.1,9077.55,47.61,520.83,8152.51,8.4751,394,38.54,23.1653
AC-013,115,0.0012,-0.0001,100.0,642.78,1598.39,1418.32,552.89,2388.11,9080.4,47.64,520.95,8149.36,8.4596,393,38.72,23.3051
AC-013,116,0.0011,0.0004,100.0,643.39,1589.76,1414.51,552.85,2388.14,9068.97,47.65,521.22,8153.74,8.4555,395,38.7,23.2549
AC-013,117,-0.0005,-0.0003,100.0,643.12,1589.98,1416.63,552.69,2388.13,9084.03,47.77,521.21,8158.16,8.4526,396,38.79,23.1676
AC-013,118,-0.0022,0.0002,100.0,642.19,1592.49,1411.57,552.77,2388.13,9077.67,47.59,521.23,8156.7,8.4566,394,38.65,23.2317
AC-013,119,-0.0012,0.0002,100.0,643.25,1592.73,1409.92,552.74,2388.12,9078.64,47.88,521.08,8149.97,8.4402,393,38.74,23.2929
AC-013,120,0.0027,0.0,100.0,642.4,1590.66,1415.4,552.91,2388.09,9080.9,47.58,520.9,8161.46,8.4332,394,38.83,23.1578
AC-013,121,-0.0047,-0.0002,100.0,643.06,1594.49,1420.97,552.88,2388.06,9082.8,47.57,521.14,8155.25,8.4502,394,38.69,23.2251
AC-013,122,-0.0019,0.0002,100.0,643.01,1596.44,1411.48,553.19,2388.07,9074.17,47.76,521.21,8159.29,8.433,395,38.73,23.2467
AC-013,123,-0.0016,0.0005,100.0,643.12,1595.22,1414.96,552.75,2388.11,9082.71,47.57,520.87,8162.23,8.5017,392,38.65,23.1694
AC-013,124,0.0014,-0.0,100.0,642.76,1595.96,1418.67,551.91,2388.13,9081.99,47.85,521.44,8163.54,8.4446,395,38.68,23.2281
AC-013,125,0.0022,0.0003,100.0,643.03,1585.89,1408.57,552.9,2388.14,9082.0,47.71,520.78,8156.63,8.4838,395,38.79,23.2732
AC-013,126,-0.0025,-0.0,100.0,643.67,1592.31,1414.3,552.84,2388.15,9082.44,47.7,520.95,8162.62,8.4628,395,38.69,23.3933
AC-013,127,-0.0007,0.0003,100.0,642.71,1601.18,1412.94,552.71,2388.12,9082.4,47.64,520.77,8158.72,8.4777,394,38.84,23.2438
AC-013,128,0.001,-0.0004,100.0,643.27,1597.19,1418.92,552.56,2388.15,9081.87,47.77,520.88,8161.47,8.448,395,38.87,23.2494
AC-013,129,0.0021,0.0004,100.0,642.59,1595.24,1413.21,552.66,2388.08,9085.59,47.82,520.71,8158.22,8.4563,393,38.7,23.2775
AC-013,130,0.0016,-0.0001,100.0,643.05,1587.82,1414.59,552.81,2388.04,9091.8,47.76,520.33,8163.47,8.4322,396,38.78,23.1092
AC-013,131,-0.0013,0.0,100.0,643.07,1597.57,1418.82,552.14,2388.08,9090.13,47.82,521.22,8164.86,8.4116,395,38.67,23.1022
AC-013,132,0.0033,-0.0003,100.0,642.95,1592.71,1419.52,552.51,2388.05,9094.23,47.85,520.9,8165.49,8.4794,395,38.67,23.1766
AC-013,133,-0.0027,-0.0001,100.0,643.17,1595.73,1421.87,552.6,2388.16,9086.35,47.84,520.7,8166.49,8.4554,393,38.73,23.2046
AC-013,134,0.0008,0.0001,100.0,643.69,1595.99,1418.5,552.91,2388.19,9098.66,47.77,521.07,8166.1,8.4572,394,38.61,23.2138
AC-013,135,0.0001,-0.0001,100.0,642.98,1590.64,1417.78,552.19,2388.13,9099.87,47.76,520.8,8165.13,8.5038,393,38.6,23.1608
AC-013,136,0.0003,0.0003,100.0,643.24,1599.02,1417.34,552.61,2388.12,9096.29,47.78,520.82,8171.5,8.4764,395,38.49,23.1211
AC-013,137,-0.0015,0.0001,100.0,643.11,1592.77,1422.49,552.84,2388.08,9101.92,47.71,521.21,8170.64,8.4447,394,38.64,23.2517
AC-013,138,0.0012,-0.0004,100.0,642.93,1593.15,1420.71,552.82,2388.2,9099.01,47.79,520.95,8173.3,8.4903,394,38.59,23.2389
AC-013,139,0.0027,-0.0004,100.0,643.14,1598.42,1420.01,552.51,2388.15,9104.41,47.84,520.6,8169.16,8.4811,393,38.64,23.284
AC-013,140,0.0015,0.0002,100.0,643.28,1598.29,1426.52,552.84,2388.09,9101.7,47.86,520.1,8171.99,8.4892,394,38.85,23.1497
AC-013,141,0.0038,-0.0001,100.0,643.07,1594.69,1413.6,551.73,2388.13,9100.81,47.76,520.51,8173.51,8.5033,393,38.63,23.0761
AC-013,142,0.0004,-0.0002,100.0,643.32,1595.55,1424.19,552.29,2388.11,9107.28,47.78,520.54,8179.36,8.4915,395,38.64,23.1678
AC-013,143,0.0024,0.0003,100.0,642.84,1598.36,1422.59,552.88,2388.14,9112.81,47.9,521.08,8178.82,8.5333,397,38.47,23.2542
AC-013,144,0.0027,0.0,100.0,642.88,1595.65,1423.84,551.76,2388.17,9107.19,47.67,520.56,8183.99,8.5018,395,38.51,23.1509
AC-013,145,0.0005,0.0002,100.0,643.0,1594.56,1419.82,553.03,2388.17,9110.0,47.74,520.96,8183.12,8.509,397,38.71,23.1809
AC-013,146,-0.0024,-0.0,100.0,643.71,1603.7,1424.19,552.33,2388.13,9112.74,47.9,520.52,8180.12,8.4818,395,38.64,23.1287
AC-013,147,-0.0,0.0003,100.0,643.23,1599.5,1417.04,551.78,2388.16,9122.41,48.03,520.84,8183.6,8.5129,394,38.65,23.2254
AC-013,148,-0.0012,-0.0003,100.0,643.21,1596.17,1423.23,552.01,2388.19,9119.85,47.91,520.24,8181.45,8.4997,395,38.55,23.1753
AC-013,149,0.0012,-0.0001,100.0,643.46,1602.85,1421.16,552.1,2388.16,9124.86,48.03,520.18,8185.03,8.5221,394,38.64,23.0922
AC-013,150,-0.0038,-0.0003,100.0,643.39,1600.67,1421.84,551.97,2388.12,9123.27,48.01,520.89,8189.18,8.4655,394,38.8,23.2275
AC-013,151,0.002,-0.0002,100.0,643.6,1609.06,1428.92,551.98,2388.15,9126.03,47.76,520.04,8195.98,8.4907,395,38.73,23.1447
AC-013,152,0.0002,0.0004,100.0,643.54,1597.82,1421.46,551.85,2388.14,9121.6,47.92,521.02,8192.52,8.4987,396,38.57,23.13
AC-013,153,-0.0008,-0.0001,100.0,643.73,1598.38,1421.08,552.27,2388.14,9129.24,47.78,519.94,8193.7,8.5,397,38.31,23.1185
AC-013,154,-0.0003,-0.0003,100.0,643.23,1602.57,1418.94,551.8,2388.16,9124.75,47.8,520.35,8199.6,8.5346,396,38.56,23.1418
AC-013,155,0.0046,0.0002,100.0,643.08,1600.58,1426.46,551.96,2388.11,9134.47,48.05,520.44,8205.35,8.4948,396,38.53,23.0528
AC-013,156,-0.0016,-0.0004,100.0,643.71,1599.54,1419.52,552.08,2388.17,9133.8,47.87,520.4,8205.99,8.4988,395,38.48,23.0585
AC-013,157,0.0004,0.0,100.0,643.43,1604.86,1432.39,552.42,2388.16,9136.94,48.12,520.61,8207.5,8.4845,397,38.45,23.0453
AC-013,158,-0.0024,0.0001,100.0,643.17,1610.57,1427.79,552.3,2388.17,9131.0,48.07,520.74,8208.97,8.5075,396,38.58,23.1415
AC-013,159,-0.0008,-0.0004,100.0,643.53,1612.88,1418.86,551.15,2388.15,9146.79,48.11,520.5,8212.93,8.554,396,38.28,23.1357
AC-013,160,0.0011,0.0,100.0,643.77,1597.42,1429.73,551.2,2388.17,9140.98,48.04,519.8,8210.94,8.5109,397,38.49,23.209
AC-013,161,-0.003,-0.0001,100.0,643.5,1602.21,1432.17,551.85,2388.11,9144.17,48.34,520.26,8210.25,8.5269,396,38.43,23.0185
AC-013,162,-0.0011,0.0003,100.0,643.87,1605.83,1431.55,551.48,2388.16,9149.29,48.28,520.08,8218.44,8.5015,397,38.35,23.1104
AC-013,163,-0.0002,-0.0004,100.0,644.26,1610.89,1430.32,550.99,2388.15,9153.32,48.22,519.76,8211.76,8.5477,397,38.53,23.1291
AC-017,1,-0.0032,0.0005,100.0,641.45,1587.52,1401.29,555.25,2388.03,9067.87,47.25,522.19,8146.09,8.3859,392,39.21,23.5279
AC-017,2,0.0008,0.0005,100.0,642.13,1589.83,1399.55,554.3,2388.06,9062.08,47.34,522.07,8139.76,8.4125,389,39.17,23.4691
AC-017,3,-0.0011,0.0005,100.0,642.1,1587.43,1400.98,555.27,2388.02,9061.96,47.15,522.68,8143.07,8.4146,391,39.17,23.3437
AC-017,4,0.0042,-0.0002,100.0,642.07,1586.55,1394.42,554.35,2388.06,9059.34,47.33,522.65,8146.69,8.4033,393,38.93,23.4337
AC-017,5,0.0008,-0.0004,100.0,642.09,1582.86,1400.71,554.88,2388.01,9056.77,47.15,522.39,8147.13,8.3931,391,39.1,23.4077
AC-017,6,-0.0025,0.0003,100.0,642.57,1585.26,1400.36,554.52,2388.01,9062.26,47.32,522.24,8144.88,8.4113,392,39.01,23.5295
AC-017,7,-0.0006,-0.0002,100.0,641.54,1585.86,1398.68,554.36,2387.98,9061.04,47.2,522.31,8144.45,8.3787,392,39.04,23.4017
AC-017,8,-0.0027,-0.0001,100.0,642.27,1587.62,1399.79,554.76,2387.98,9061.46,47.17,522.69,8138.59,8.3459,393,38.99,23.4415
AC-017,9,-0.0007,0.0003,100.0,642.07,1579.05,1393.24,554.37,2388.0,9057.4,47.22,522.29,8141.69,8.3996,392,39.26,23.37
AC-017,10,0.0023,0.0002,100.0,642.33,1583.05,1391.98,554.43,2388.03,9062.11,47.16,522.55,8142.95,8.3449,392,39.14,23.4097
AC-017,11,0.0021,0.0005,100.0,642.3,1577.49,1397.93,554.62,2387.98,9061.3,47.19,521.87,8144.82,8.4145,393,39.05,23.3646
AC-017,12,-0.002,0.0001,100.0,641.65,1584.84,1390.53,554.5,2387.97,9059.06,47.11,522.49,8141.59,8.3869,392,38.93,23.4954
AC-017,13,-0.0031,-0.0003,100.0,641.73,1581.36,1398.84,554.66,2388.03,9066.59,47.29,522.24,8146.05,8.4083,392,39.05,23.4894
AC-017,14,0.0041,0.0003,100.0,641.53,1585.51,1402.96,554.17,2387.98,9066.8,47.11,522.44,8142.55,8.3637,390,39.11,23.374
AC-017,15,0.0021,-0.0,100.0,641.78,1590.12,1399.15,554.94,2388.03,9072.89,47.09,522.05,8146.62,8.4564,391,39.07,23.3585
AC-017,16,0.0023,0.0001,100.0,641.79,1582.26,1394.02,554.85,2388.05,9061.55,47.26,522.39,8141.6,8.3484,391,39.08,23.4428
AC-017,17,-0.0016,-0.0,100.0,642.2,1583.35,1402.41,554.5,2388.06,9060.22,47.28,522.07,8144.86,8.3929,392,39.06,23.4013
AC-017,18,-0.0007,0.0001,100.0,641.9,1585.5,1398.16,554.11,2387.99,9065.72,47.23,521.91,8145.45,8.3788,391,38.78,23.4303
AC-017,19,-0.0018,0.0005,100.0,642.13,1584.27,1402.27,554.59,2388.03,9059.94,47.12,522.52,8142.56,8.4341,392,39.12,23.4579
AC-017,20,-0.0004,0.0004,100.0,641.99,1578.99,1395.63,554.71,2388.02,9061.52,46.95,522.17,8137.4,8.4021,392,38.91,23.409
AC-017,21,0.0001,-0.0002,100.0,641.87,1591.0,1394.39,554.72,2388.02,9057.56,47.24,522.37,8146.51,8.4147,392,39.04,23.3543
AC-017,22,-0.0019,-0.0,100.0,642.21,1585.58,1402.13,554.33,2387.99,9061.54,47.22,522.43,8140.98,8.3976,391,39.01,23.4084
AC-017,23,-0.0006,-0.0003,100.0,642.58,1579.93,1395.52,556.06,2388.04,9055.6,47.13,522.87,8147.02,8.4123,393,38.82,23.353
AC-017,24,-0.0009,0.0005,100.0,642.0,1589.65,1398.13,554.61,2388.04,9060.89,47.38,522.97,8142.39,8.3818,391,39.14,23.4901
AC-017,25,0.0004,0.0002,100.0,641.91,1585.22,1399.79,553.94,2388.05,9067.57,47.19,522.47,8142.33,8.4109,392,39.06,23.4079
AC-017,26,0.002,-0.0004,100.0,642.09,1583.42,1394.01,554.21,2388.01,9062.82,47.23,522.29,8145.81,8.4051,393,39.01,23.4725
AC-017,27,-0.0006,-0.0003,100.0,642.36,1588.08,1394.29,554.71,2388.06,9063.15,47.3,521.94,8144.78,8.4162,392,39.22,23.2903
AC-017,28,0.0003,0.0004,100.0,642.43,1582.26,1395.77,554.16,2387.97,9059.35,47.21,522.14,8140.2,8.445,394,39.04,23.3871
AC-017,29,-0.0001,0.0001,100.0,642.29,1586.41,1394.51,554.37,2388.03,9062.22,47.06,522.64,8141.59,8.3909,394,38.9,23.3908
AC-017,30,-0.001,0.0002,100.0,642.05,1583.19,1393.77,555.01,2388.03,9063.92,47.17,522.47,8151.22,8.4176,393,38.87,23.4329
AC-017,31,0.0,0.0003,100.0,642.21,1577.4,1400.16,554.3,2388.02,9053.12,47.28,522.21,8141.78,8.3891,391,38.94,23.3951
AC-017,32,-0.0013,-0.0002,100.0,641.92,1582.34,1398.55,553.96,2388.0,9065.17,47.02,522.26,8147.93,8.4186,391,38.9,23.3134
AC-017,33,-0.004,-0.0001,100.0,641.87,1586.14,1402.83,554.47,2387.96,9070.09,47.23,521.88,8139.61,8.3967,391,38.98,23.3996
AC-017,34,0.0017,-0.0004,100.0,642.07,1587.67,1396.34,554.32,2388.06,9062.43,47.31,522.48,8142.71,8.4157,391,39.04,23.5428
AC-017,35,-0.0014,0.0005,100.0,642.34,1587.09,1395.86,553.96,2388.0,9063.3,47.2,521.98,8145.8,8.4168,393,39.04,23.3925
AC-017,36,0.0008,-0.0,100.0,642.18,1581.6,1401.3,555.02,2388.0,9067.56,47.28,522.12,8146.18,8.3927,392,39.01,23.3091
AC-017,37,-0.0012,0.0005,100.0,642.26,1580.95,1397.82,554.18,2388.01,9066.29,47.34,522.64,8138.22,8.4527,393,38.94,23.4543
AC-017,38,-0.0014,0.0002,100.0,642.24,1586.55,1400.44,554.68,2387.98,9062.84,47.3,521.75,8143.11,8.4046,395,39.01,23.396
AC-017,39,-0.0047,0.0004,100.0,642.44,1584.93,1397.22,554.56,2387.99,9066.65,47.39,522.13,8137.89,8.3662,392,38.88,23.4533
AC-017,40,-0.0012,0.0004,100.0,642.05,1586.67,1396.39,554.69,2387.99,9057.13,47.19,522.32,8142.68,8.3823,393,38.94,23.3871
AC-017,41,-0.0007,0.0002,100.0,642.18,1587.24,1397.63,554.75,2388.02,9062.42,47.16,522.25,8149.09,8.4122,392,39.02,23.3853
AC-017,42,0.0038,-0.0003,100.0,642.74,1579.57,1397.41,554.42,2387.99,9069.21,47.42,522.83,8144.92,8.3976,393,38.93,23.3936
AC-017,43,0.0013,-0.0004,100.0,642.28,1589.9,1390.87,554.45,2387.97,9057.86,47.02,522.4,8143.91,8.3984,392,38.96,23.3629
AC-017,44,0.0042,0.0005,100.0,641.83,1583.24,1397.69,554.6,2388.03,9065.48,47.2,522.11,8140.44,8.3944,392,39.04,23.4538
AC-017,45,-0.0051,0.0003,100.0,642.45,1593.52,1403.54,554.37,2388.02,9063.17,47.19,522.31,8145.66,8.4038,392,39.06,23.457
AC-017,46,0.0019,-0.0002,100.0,642.06,1585.63,1391.13,554.81,2388.02,9066.15,47.1,522.65,8147.65,8.3913,392,39.01,23.3782
AC-017,47,0.0016,-0.0002,100.0,642.46,1585.86,1403.53,554.41,2388.05,9062.86,47.17,522.37,8148.7,8.3923,393,38.84,23.4642
AC-017,48,0.0005,0.0004,100.0,642.36,1584.05,1396.55,555.2,2388.0,9063.65,47.31,521.91,8144.55,8.389,390,39.02,23.4141
AC-017,49,-0.0018,0.0002,100.0,641.74,1584.73,1396.28,554.07,2388.06,9056.86,47.35,522.41,8145.79,8.41,391,38.97,23.3393
AC-017,50,-0.0002,-0.0002,100.0,642.03,1582.81,1399.94,554.02,2388.01,9062.32,47.19,522.68,8143.79,8.3908,393,38.91,23.4165
AC-017,51,0.0018,0.0004,100.0,642.22,1578.52,1395.27,554.79,2387.96,9066.29,47.18,522.52,8144.11,8.3788,391,39.02,23.5128
AC-017,52,-0.0056,-0.0,100.0,642.07,1589.05,1400.73,554.43,2388.02,9062.71,47.27,522.02,8144.52,8.3841,390,38.96,23.427
AC-017,53,-0.0,-0.0003,100.0,642.93,1585.91,1390.76,554.31,2388.03,9070.86,47.1,522.32,8147.42,8.4207,392,39.0,23.4397
AC-017,54,0.0012,0.0004,100.0,642.52,1585.11,1400.51,554.16,2388.06,9052.74,47.17,522.3,8148.11,8.4012,392,38.84,23.4519
AC-017,55,0.0004,-0.0003,100.0,642.08,1583.19,1393.34,553.72,2387.97,9054.81,47.43,521.76,8146.6,8.4243,393,38.9,23.4178
AC-017,56,-0.0006,-0.0002,100.0,642.28,1586.86,1393.85,554.2,2388.01,9059.95,47.22,522.48,8145.83,8.4289,392,39.32,23.291
AC-017,57,0.0029,-0.0004,100.0,641.78,1587.02,1397.35,554.18,2388.01,9063.57,47.22,522.27,8142.87,8.403,392,38.99,23.4028
AC-017,58,0.0033,0.0002,100.0,642.28,1581.59,1405.33,553.69,2388.07,9065.36,47.3,522.6,8150.78,8.4086,391,38.99,23.3592
AC-017,59,-0.0016,0.0001,100.0,642.0,1589.37,1402.36,554.26,2388.01,9061.65,47.35,522.39,8148.45,8.4116,393,39.0,23.3498
AC-017,60,0.0001,-0.0002,100.0,642.31,1581.75,1401.54,554.0,2387.98,9069.12,47.26,521.57,8146.91,8.4102,393,38.99,23.3466
AC-017,61,-0.0012,-0.0,100.0,642.39,1586.61,1401.51,554.69,2388.03,9061.62,47.25,522.85,8147.57,8.3899,393,38.91,23.4476
AC-017,62,-0.0021,-0.0001,100.0,642.16,1581.58,1390.41,554.24,2388.01,9063.27,47.24,522.04,8143.21,8.3946,392,38.93,23.4242
AC-017,63,0.0005,0.0004,100.0,642.31,1576.29,1399.59,554.31,2387.99,9066.43,47.15,521.89,8144.51,8.4198,391,39.19,23.5292
AC-017,64,-0.0017,-0.0005,100.0,642.04,1580.18,1402.7,555.0,2388.01,9066.05,47.36,522.51,8150.45,8.3876,393,39.12,23.3255
AC-017,65,0.0041,0.0003,100.0,642.46,1587.59,1407.64,554.21,2388.02,9066.07,47.32,522.43,8144.22,8.4267,392,38.91,23.3514
AC-017,66,0.0031,0.0004,100.0,641.86,1582.9,1400.35,554.16,2388.02,9065.47,47.25,522.73,8146.82,8.4063,393,38.9,23.425
AC-017,67,-0.0005,-0.0001,100.0,642.32,1588.14,1405.95,554.27,2388.05,9062.51,47.11,522.5,8143.17,8.4147,392,38.96,23.3704
AC-017,68,0.0044,0.0001,100.0,642.72,1590.12,1399.78,554.79,2388.04,9065.17,47.13,522.09,8144.43,8.4107,391,39.06,23.4402
AC-017,69,-0.0038,-0.0003,100.0,642.28,1588.27,1402.03,554.36,2388.05,9063.07,47.37,522.42,8148.47,8.4251,392,39.0,23.2853
AC-017,70,0.0008,0.0002,100.0,642.09,1586.68,1401.11,554.32,2387.99,9059.95,47.34,521.73,8150.27,8.4343,392,39.03,23.4371
AC-017,71,-0.0008,0.0001,100.0,642.79,1584.29,1403.57,554.75,2388.02,9064.68,47.24,522.6,8146.65,8.4107,392,39.0,23.5323
AC-017,72,-0.0,0.0001,100.0,641.89,1584.47,1398.68,553.33,2388.01,9061.42,47.37,522.44,8144.44,8.4338,393,39.03,23.3594
AC-017,73,0.0033,-0.0002,100.0,642.1,1585.12,1395.65,553.86,2388.0,9059.89,47.12,522.36,8151.12,8.387,393,38.81,23.4495
AC-017,74,-0.0005,-0.0004,100.0,641.78,1583.54,1401.35,554.65,2387.98,9063.68,47.22,522.0,8148.06,8.4099,392,38.97,23.418
AC-017,75,-0.001,0.0005,100.0,642.53,1584.97,1399.29,554.26,2388.01,9064.7,47.19,522.48,8147.49,8.411,392,38.9,23.4905
AC-017,76,0.0007,0.0001,100.0,642.13,1585.73,1404.19,554.56,2388.0,9065.74,47.22,522.22,8141.13,8.4251,392,38.95,23.499
AC-017,77,-0.0055,-0.0001,100.0,641.96,1578.85,1398.07,554.47,2387.97,9063.99,47.22,522.18,8146.82,8.4107,391,38.9,23.346
AC-017,78,-0.0003,0.0005,100.0,642.54,1575.15,1400.24,555.16,2388.02,9070.9,47.14,522.29,8144.52,8.4346,393,38.96,23.3824
AC-017,79,0.0004,-0.0001,100.0,642.3,1584.01,1401.89,553.78,2388.03,9061.76,47.24,522.15,8145.79,8.4109,391,39.08,23.3999
AC-017,80,-0.001,-0.0003,100.0,642.47,1587.84,1401.12,554.21,2388.03,9067.29,47.33,521.94,8140.04,8.3726,392,39.02,23.354
AC-017,81,-0.0024,-0.0002,100.0,642.18,1580.49,1402.76,553.79,2388.02,9068.72,47.17,522.28,8138.61,8.4314,393,39.08,23.4297
AC-017,82,0.0028,-0.0002,100.0,642.09,1587.4,1402.51,554.72,2388.0,9061.35,47.08,522.27,8141.27,8.4216,392,38.85,23.4179
AC-017,83,0.0025,-0.0004,100.0,641.73,1585.25,1399.05,554.53,2388.02,9065.33,47.35,521.85,8146.66,8.3942,391,38.88,23.4432
AC-017,84,0.0008,-0.0002,100.0,642.83,1582.09,1397.57,554.44,2387.96,9063.43,47.33,522.42,8145.38,8.4064,392,39.0,23.4181
AC-017,85,0.0015,-0.0,100.0,642.04,1581.68,1402.77,554.05,2387.94,9063.98,47.2,522.37,8146.24,8.4122,391,38.93,23.3981
AC-017,86,0.0003,0.0003,100.0,642.23,1577.94,1400.35,554.04,2388.03,9062.95,47.34,522.14,8146.12,8.3954,391,38.86,23.4391
AC-017,87,-0.0018,0.0002,100.0,642.22,1589.28,1395.99,554.69,2387.96,9065.55,47.14,522.3,8145.33,8.4027,393,39.08,23.4516
AC-017,88,-0.0025,-0.0001,100.0,642.56,1588.99,1398.02,554.51,2388.0,9061.78,47.27,522.18,8144.79,8.4235,391,39.11,23.5028
AC-017,89,0.0036,0.0004,100.0,641.9,1583.74,1408.61,553.24,2388.0,9072.02,47.24,521.69,8150.95,8.3915,393,39.1,23.4192
AC-017,90,0.0033,-0.0002,100.0,642.5,1588.75,1397.48,554.91,2387.96,9066.05,47.43,522.08,8143.56,8.3672,393,38.86,23.4356
AC-017,91,0.0027,-0.0003,100.0,642.96,1585.37,1402.28,554.18,2388.02,9064.17,47.31,522.44,8145.3,8.3709,392,39.22,23.2512
AC-017,92,-0.0003,0.0004,100.0,642.25,1583.37,1401.28,554.22,2388.03,9063.38,47.32,521.94,8142.56,8.3949,393,38.92,23.4493
AC-017,93,-0.0014,-0.0002,100.0,641.97,1586.86,1406.35,554.17,2388.04,9067.18,47.11,522.14,8147.49,8.4124,392,39.08,23.4439
AC-017,94,-0.0018,0.0004,100.0,642.37,1593.89,1400.73,554.15,2387.99,9068.61,47.31,521.81,8143.74,8.4021,391,39.0,23.2841
AC-017,95,-0.0025,-0.0004,100.0,642.49,1592.66,1398.86,554.97,2388.0,9064.25,47.29,522.65,8147.11,8.3993,391,39.04,23.4424
AC-017,96,0.001,-0.0004,100.0,642.9,1581.1,1400.12,554.69,2387.99,9072.01,47.4,522.15,8148.62,8.4328,393,39.01,23.4321
AC-017,97,-0.0026,0.0004,100.0,642.15,1586.44,1399.53,554.73,2388.09,9064.56,47.24,522.22,8145.77,8.3978,390,38.91,23.4664
AC-017,98,-0.0014,-0.0,100.0,642.46,1582.67,1402.17,553.94,2388.0,9065.91,47.23,522.22,8142.42,8.4133,393,39.01,23.3428
AC-017,99,-0.0001,0.0005,100.0,642.23,1584.16,1401.3,554.82,2388.03,9061.2,47.23,522.29,8144.55,8.3843,391,38.89,23.3972
AC-017,100,-0.0072,-0.0002,100.0,642.31,1581.27,1396.71,554.04,2388.02,9064.87,47.35,522.32,8149.76,8.4034,393,39.07,23.3664
AC-017,101,0.0015,-0.0004,100.0,641.89,1587.61,1406.0,554.42,2388.01,9067.2,47.18,522.29,8152.32,8.4207,391,38.81,23.3533
AC-017,102,0.0005,-0.0003,100.0,642.33,1588.31,1400.65,555.12,2388.01,9065.07,47.17,522.07,8144.0,8.3835,392,39.06,23.4404
AC-017,103,0.0023,0.0002,100.0,642.41,1579.63,1398.34,554.49,2388.0,9069.87,47.14,521.84,8150.5,8.4024,393,39.06,23.4679
AC-017,104,0.0011,-0.0,100.0,642.04,1588.67,1404.87,554.89,2387.99,9063.26,47.33,522.56,8149.63,8.388,393,38.9,23.3754
AC-017,105,-0.0011,-0.0003,100.0,641.93,1583.07,1396.6,554.59,2388.04,9068.33,47.34,522.44,8147.56,8.4383,392,38.95,23.3343
AC-017,106,-0.0022,0.0002,100.0,642.25,1593.42,1401.6,553.81,2387.99,9058.09,47.45,522.34,8149.05,8.4079,391,38.79,23.4032
AC-017,107,0.0,-0.0001,100.0,642.71,1585.66,1401.31,554.14,2388.02,9069.01,47.24,522.04,8144.01,8.422,393,38.81,23.2836
AC-017,108,-0.0005,0.0004,100.0,642.24,1583.9,1393.71,554.27,2388.05,9062.9,47.29,522.11,8151.28,8.4157,392,38.99,23.3878
AC-017,109,-0.0009,0.0002,100.0,642.14,1591.46,1404.94,554.8,2388.02,9072.12,47.17,522.45,8143.28,8.4136,394,38.99,23.4821
AC-017,110,0.0012,0.0005,100.0,642.38,1585.52,1402.47,554.42,2388.03,9062.73,47.38,522.0,8145.26,8.4198,391,38.98,23.3504
AC-017,111,0.0016,0.0,100.0,642.16,1586.32,1398.1,554.04,2388.03,9071.37,47.12,522.45,8150.85,8.4134,392,38.95,23.4853
AC-017,112,-0.0002,0.0002,100.0,642.66,1588.81,1401.7,553.83,2388.02,9064.14,47.34,522.25,8144.82,8.4002,390,38.8,23.2484
AC-017,113,-0.0,0.0001,100.0,642.88,1590.27,1397.51,554.45,2388.06,9069.29,47.44,522.39,8148.74,8.3965,393,38.98,23.4601
AC-017,114,0.0024,0.0003,100.0,642.23,1584.92,1401.17,554.35,2388.03,9069.64,47.33,522.57,8149.28,8.4073,392,38.88,23.4688
AC-017,115,-0.0012,-0.0003,100.0,642.37,1578.31,1399.02,554.06,2388.04,9068.38,47.45,521.95,8150.94,8.3886,391,39.06,23.4274
AC-017,116,0.003,0.0003,100.0,642.08,1590.34,1398.49,553.97,2388.02,9066.38,47.14,522.15,8147.49,8.4296,390,38.8,23.4046
AC-017,117,-0.0039,-0.0003,100.0,642.27,1582.66,1399.59,554.3,2388.05,9065.5,47.19,522.2,8146.53,8.3824,393,39.17,23.3763
AC-017,118,-0.0012,0.0001,100.0,641.56,1584.12,1412.29,554.16,2388.05,9059.8,47.51,522.34,8147.0,8.4501,392,38.93,23.3966
AC-017,119,-0.0029,-0.0004,100.0,642.4,1583.74,1394.35,553.57,2387.99,9075.59,47.17,522.14,8148.89,8.4079,392,38.93,23.3375
AC-017,120,-0.0029,-0.0004,100.0,642.22,1583.24,1398.24,554.07,2388.01,9063.06,47.42,522.41,8148.04,8.4152,392,38.96,23.3318
AC-017,121,-0.0025,0.0001,100.0,641.63,1590.48,1403.91,554.53,2388.02,9075.59,47.5,521.78,8142.73,8.436,392,38.93,23.3183
AC-017,122,0.0003,0.0,100.0,642.21,1589.17,1403.5,554.8,2388.06,9066.59,47.33,521.38,8150.02,8.3913,392,38.89,23.3101
AC-017,123,-0.0006,-0.0002,100.0,642.36,1593.47,1404.06,553.9,2388.05,9075.12,47.26,522.59,8149.73,8.4782,391,38.94,23.2781
AC-017,124,-0.0027,0.0003,100.0,642.95,1591.07,1398.38,554.51,2388.04,9070.62,47.17,521.94,8153.91,8.4248,393,39.1,23.3044
AC-017,125,-0.0014,-0.0001,100.0,641.78,1587.36,1401.62,554.73,2388.06,9066.57,47.37,522.09,8148.84,8.3653,391,38.98,23.3872
AC-017,126,-0.0007,0.0004,100.0,642.46,1586.97,1410.91,554.5,2388.01,9067.08,47.27,522.13,8151.17,8.4011,392,38.88,23.36
AC-017,127,0.0002,-0.0002,100.0,642.23,1587.57,1405.74,553.96,2388.0,9069.36,47.45,521.9,8143.57,8.408,392,38.86,23.4545
AC-017,128,0.0015,-0.0001,100.0,642.33,1586.88,1403.27,553.71,2388.01,9070.16,47.29,521.8,8144.84,8.4258,391,39.07,23.387
AC-017,129,0.0019,-0.0001,100.0,641.78,1590.87,1395.24,554.01,2388.06,9068.22,47.32,521.83,8150.05,8.4173,392,38.94,23.2828
AC-017,130,-0.0033,0.0004,100.0,642.61,1590.93,1403.14,553.76,2388.0,9065.29,47.36,522.38,8148.17,8.4394,392,38.97,23.2974
AC-017,131,-0.0026,0.0004,100.0,641.92,1587.58,1406.9,553.82,2388.01,9072.15,47.37,522.15,8150.52,8.4025,392,39.06,23.3725
AC-017,132,0.0044,0.0005,100.0,642.88,1584.73,1405.16,554.52,2388.04,9067.05,47.26,522.17,8147.92,8.4163,394,39.1,23.4027
AC-017,133,0.0018,0.0005,100.0,642.54,1582.3,1395.69,554.78,2388.06,9078.44,47.37,521.94,8154.05,8.4315,394,39.15,23.4232
AC-017,134,-0.0027,-0.0003,100.0,642.85,1582.79,1401.67,554.2,2388.03,9072.49,47.26,522.12,8153.4,8.3966,391,39.04,23.448
AC-017,135,0.0011,0.0001,100.0,642.39,1581.13,1399.83,553.99,2388.0,9073.05,47.46,522.37,8151.68,8.4142,393,39.18,23.443
AC-017,136,0.0015,-0.0002,100.0,642.6,1594.1,1399.88,554.39,2388.02,9070.79,47.25,522.22,8144.77,8.4095,392,38.82,23.3383
AC-017,137,-0.0018,0.0002,100.0,642.6,1585.5,1403.29,553.53,2387.95,9070.92,47.2,522.16,8152.49,8.4436,392,38.98,23.3797
AC-017,138,0.0017,-0.0001,100.0,642.62,1585.66,1404.48,554.33,2388.03,9069.49,47.2,522.15,8152.64,8.3738,393,38.97,23.4277
AC-017,139,-0.0,0.0003,100.0,642.54,1594.99,1394.7,554.99,2388.02,9068.66,47.43,522.15,8150.23,8.412,394,38.89,23.3232
AC-017,140,-0.0004,0.0003,100.0,642.12,1593.98,1398.0,553.43,2388.05,9077.4,47.4,522.44,8157.77,8.4541,393,38.95,23.3649
AC-017,141,0.0005,-0.0002,100.0,642.22,1586.76,1402.17,554.14,2388.04,9071.91,47.4,521.9,8153.0,8.4158,391,38.87,23.439
AC-017,142,0.0019,-0.0001,100.0,642.46,1590.23,1394.96,553.32,2388.03,9072.57,47.25,521.62,8147.48,8.4069,393,38.83,23.2935
AC-017,143,0.0014,-0.0001,100.0,642.54,1586.74,1403.49,553.21,2388.02,9069.54,47.3,522.49,8150.58,8.4402,393,38.97,23.2889
AC-017,144,-0.0019,0.0002,100.0,641.94,1583.07,1407.06,553.85,2388.05,9070.9,47.32,521.82,8148.08,8.3894,393,39.01,23.3687
AC-017,145,-0.0019,-0.0003,100.0,642.3,1584.65,1397.85,554.06,2388.02,9073.92,47.35,522.19,8150.4,8.4253,393,38.86,23.2876
AC-017,146,-0.0001,0.0,100.0,642.42,1583.59,1405.31,553.95,2388.07,9079.65,47.25,521.64,8151.93,8.3745,394,38.92,23.4263
AC-017,147,-0.0032,-0.0002,100.0,641.61,1590.75,1405.51,554.51,2388.0,9071.21,47.38,521.64,8154.24,8.4308,392,39.06,23.4109
AC-017,148,0.001,0.0001,100.0,642.86,1588.66,1404.35,554.11,2388.03,9076.67,47.41,521.84,8151.04,8.4223,392,38.74,23.3243
AC-017,149,0.0031,-0.0004,100.0,642.68,1586.63,1399.87,553.2,2388.05,9073.04,47.46,521.84,8150.09,8.4206,392,39.0,23.3674
AC-017,150,0.0026,0.0004,100.0,641.98,1588.37,1400.46,553.62,2388.03,9072.61,47.3,522.08,8150.59,8.4148,393,38.84,23.3882
AC-017,151,0.0027,0.0003,100.0,642.49,1585.53,1401.98,554.6,2388.03,9074.79,47.28,522.41,8156.83,8.3896,393,38.91,23.3245
AC-017,152,0.0051,-0.0004,100.0,642.04,1593.13,1403.46,554.36,2388.07,9080.05,47.24,522.06,8154.53,8.4213,393,38.99,23.3333
AC-017,153,0.0024,0.0,100.0,642.96,1586.26,1395.23,554.25,2388.04,9069.89,47.37,521.44,8155.61,8.4397,392,38.89,23.3772
AC-017,154,0.0005,-0.0002,100.0,643.0,1580.31,1403.02,554.11,2388.07,9073.09,47.39,521.96,8149.91,8.4325,392,39.08,23.2863
AC-017,155,-0.0025,-0.0002,100.0,642.25,1580.98,1398.62,554.07,2388.04,9075.1,47.32,521.85,8151.57,8.4217,392,39.01,23.3772
AC-017,156,0.0015,0.0001,100.0,642.53,1585.24,1395.35,553.74,2388.01,9074.03,47.39,521.64,8148.93,8.4294,391,38.96,23.4702
AC-017,157,0.0011,0.0002,100.0,642.93,1587.96,1402.5,553.89,2388.05,9080.17,47.41,522.15,8152.76,8.4198,394,38.92,23.2474
AC-017,158,-0.0044,-0.0004,100.0,642.34,1586.11,1408.6,554.0,2387.98,9076.64,47.39,521.94,8154.97,8.4323,392,39.05,23.3525
AC-017,159,0.0001,-0.0005,100.0,642.72,1586.39,1393.73,553.71,2388.03,9074.0,47.42,521.75,8153.07,8.4038,393,38.8,23.4214
AC-017,160,-0.0007,0.0002,100.0,642.58,1589.31,1394.92,553.53,2388.09,9071.75,47.32,521.88,8149.46,8.4545,391,38.98,23.3392
AC-017,161,0.0007,0.0001,100.0,642.7,1595.22,1401.72,554.39,2388.02,9078.97,47.41,521.56,8153.47,8.4288,392,38.75,23.2923
AC-017,162,-0.0005,-0.0003,100.0,641.97,1587.8,1403.67,553.61,2387.98,9079.11,47.29,521.98,8157.64,8.3727,392,39.0,23.2856
AC-017,163,-0.0004,0.0002,100.0,642.07,1593.86,1406.47,554.58,2388.03,9080.1,47.61,522.21,8152.79,8.3846,392,38.95,23.2523
AC-017,164,-0.0025,-0.0002,100.0,642.22,1583.89,1412.84,553.92,2388.07,9071.27,47.08,522.64,8155.84,8.3935,392,38.98,23.3198
AC-017,165,-0.0028,-0.0002,100.0,642.2,1589.27,1400.95,554.09,2388.03,9071.14,47.28,522.01,8149.26,8.4005,394,38.99,23.3098
AC-017,166,0.0,0.0001,100.0,642.56,1580.45,1395.52,554.03,2388.04,9067.88,47.35,522.05,8157.2,8.4073,393,38.88,23.292
AC-017,167,-0.0006,0.0001,100.0,642.36,1582.58,1402.52,553.89,2388.08,9082.61,47.2,521.72,8147.69,8.4203,393,39.01,23.2854
AC-017,168,-0.0014,0.0,100.0,641.98,1591.18,1395.11,553.45,2388.04,9071.85,47.32,522.13,8155.99,8.4095,393,38.92,23.3429
AC-017,169,-0.0045,-0.0002,100.0,642.67,1584.04,1410.3,553.68,2388.1,9072.6,47.33,522.22,8163.92,8.4124,393,38.89,23.3404
AC-017,170,0.0003,0.0,100.0,642.84,1593.08,1397.9,554.39,2388.04,9079.97,47.49,522.31,8158.24,8.4557,393,38.91,23.4283
AC-017,171,0.0037,0.0003,100.0,642.58,1586.53,1403.43,554.59,2387.99,9077.32,47.39,522.04,8153.32,8.4302,391,38.88,23.3404
AC-017,172,-0.0017,-0.0002,100.0,642.72,1593.31,1402.83,554.25,2387.96,9078.52,47.38,521.9,8152.4,8.4294,393,38.9,23.4612
AC-017,173,-0.003,-0.0003,100.0,642.84,1584.9,1407.84,554.3,2388.02,9072.05,47.24,521.67,8159.56,8.4067,392,38.95,23.4445
AC-017,174,0.0025,-0.0002,100.0,643.04,1585.99,1397.64,552.86,2388.02,9082.32,47.45,522.1,8161.09,8.3911,392,38.9,23.2987
AC-017,175,-0.0003,-0.0003,100.0,642.45,1594.12,1404.96,553.72,2388.06,9076.94,47.45,521.85,8160.41,8.4079,395,39.05,23.3794
AC-017,176,-0.0007,-0.0002,100.0,642.18,1586.34,1399.89,554.48,2388.02,9075.31,47.46,521.7,8152.45,8.4111,393,38.86,23.2551
AC-017,177,-0.0004,0.0002,100.0,642.36,1585.89,1407.83,553.99,2388.1,9078.76,47.51,521.76,8154.89,8.416,392,38.9,23.3162
AC-017,178,-0.0024,0.0001,100.0,642.62,1587.15,1403.37,553.89,2388.07,9092.23,47.38,522.07,8155.87,8.434,392,38.93,23.2983
AC-017,179,0.0037,0.0001,100.0,642.97,1589.44,1401.41,553.71,2388.02,9080.14,47.41,521.51,8155.41,8.3721,392,38.65,23.3575
AC-017,180,-0.0007,0.0001,100.0,642.11,1586.0,1412.6,553.84,2388.06,9077.05,47.43,521.72,8155.87,8.4301,392,38.93,23.3311
AC-017,181,-0.0017,0.0004,100.0,642.46,1583.92,1409.66,554.03,2388.02,9074.26,47.35,521.68,8161.25,8.3988,394,38.92,23.3106
AC-017,182,0.0012,0.0,100.0,642.63,1588.34,1408.71,554.0,2387.98,9088.28,47.56,522.32,8160.32,8.4153,393,38.75,23.3561
AC-017,183,-0.0048,0.0005,100.0,643.0,1598.21,1405.2,553.8,2388.05,9082.16,47.37,521.77,8158.22,8.417,392,39.16,23.321
AC-017,184,-0.0012,0.0002,100.0,642.61,1590.64,1401.65,553.35,2388.0,9084.23,47.29,521.69,8161.29,8.4398,393,38.92,23.3142
AC-017,185,0.0005,-0.0004,100.0,642.56,1590.84,1402.19,553.53,2388.06,9093.04,47.3,521.87,8163.66,8.4302,394,38.88,23.3731
AC-017,186,0.0011,-0.0,100.0,642.6,1584.49,1397.07,553.77,2388.06,9089.98,47.55,522.21,8157.81,8.4466,393,39.0,23.3551
AC-017,187,-0.003,0.0003,100.0,642.83,1598.42,1406.55,554.23,2388.02,9089.38,47.49,521.79,8155.22,8.3888,393,38.73,23.264
AC-017,188,0.0005,0.0003,100.0,642.57,1588.56,1406.95,553.33,2387.98,9084.07,47.37,521.78,8163.75,8.4254,393,38.89,23.3991
AC-017,189,-0.002,-0.0004,100.0,642.43,1585.39,1401.76,553.54,2388.03,9089.36,47.42,522.02,8164.71,8.4385,396,38.79,23.2303
AC-017,190,-0.0033,0.0005,100.0,642.25,1596.9,1410.8,553.86,2388.03,9087.45,47.27,521.62,8161.74,8.4298,394,38.76,23.2449
AC-017,191,-0.0028,-0.0002,100.0,642.63,1591.59,1400.26,554.13,2387.97,9088.66,47.61,521.17,8166.79,8.4122,393,39.09,23.3415
AC-017,192,0.0024,-0.0002,100.0,642.55,1586.71,1409.87,554.54,2388.1,9085.86,47.53,521.53,8167.63,8.4493,395,39.06,23.343
AC-017,193,0.0003,-0.0004,100.0,642.46,1596.63,1408.77,553.64,2388.06,9086.66,47.4,521.76,8162.15,8.4148,395,38.85,23.3076
AC-017,194,-0.0012,0.0001,100.0,643.07,1587.51,1410.3,552.51,2388.02,9086.64,47.64,521.8,8159.0,8.4261,392,39.0,23.2493
AC-017,195,0.0033,0.0003,100.0,642.85,1584.21,1405.3,554.27,2388.0,9086.46,47.36,521.97,8163.03,8.4251,395,38.97,23.3354
AC-017,196,0.0003,0.0001,100.0,642.98,1588.67,1404.79,553.42,2388.01,9089.52,47.53,522.16,8165.2,8.4634,395,38.93,23.3255
AC-017,197,0.0021,0.0004,100.0,642.46,1589.8,1411.75,553.48,2388.06,9085.79,47.4,521.85,8166.94,8.4321,393,38.96,23.3218
AC-017,198,0.0006,0.0003,100.0,642.35,1587.84,1407.94,554.07,2388.07,9088.23,47.61,521.77,8164.27,8.4606,392,38.81,23.3737
AC-017,199,-0.0039,0.0003,100.0,642.05,1584.36,1404.1,553.94,2388.01,9086.74,47.46,521.47,8161.21,8.4463,393,38.9,23.3126
AC-017,200,0.0018,-0.0001,100.0,642.49,1583.5,1402.29,553.8,2388.09,9093.13,47.31,521.7,8166.26,8.4183,393,38.79,23.3859
AC-017,201,0.0004,-0.0,100.0,642.54,1598.26,1406.68,553.68,2388.08,9097.7,47.62,521.21,8169.01,8.4463,393,38.76,23.359
AC-017,202,0.0021,0.0003,100.0,642.11,1587.1,1404.18,553.14,2388.05,9087.2,47.29,521.24,8167.97,8.4543,393,38.74,23.287
AC-017,203,-0.0019,0.0001,100.0,642.86,1583.16,1408.23,552.97,2388.0,9098.99,47.59,521.23,8172.11,8.4249,394,38.72,23.2474
AC-017,204,0.0031,0.0002,100.0,642.87,1589.72,1406.92,553.47,2388.07,9085.19,47.57,521.49,8168.85,8.4462,392,38.99,23.2776
AC-017,205,-0.0015,0.0001,100.0,642.53,1591.21,1408.9,554.09,2388.0,9093.45,47.62,521.87,8164.89,8.404,393,38.75,23.1035
AC-017,206,-0.0062,-0.0004,100.0,642.75,1584.7,1400.9,553.84,2388.01,9099.72,47.59,522.13,8168.01,8.4346,393,38.95,23.2152
AC-017,207,0.0043,-0.0004,100.0,642.67,1586.55,1409.62,553.24,2388.05,9090.05,47.5,521.67,8168.73,8.4357,394,38.72,23.327
AC-017,208,0.002,0.0003,100.0,642.2,1589.75,1408.41,553.85,2388.03,9090.21,47.54,521.25,8172.6,8.4291,393,38.88,23.3964
AC-017,209,-0.0031,0.0002,100.0,642.85,1586.79,1399.69,553.35,2388.07,9096.93,47.41,521.12,8167.8,8.4429,392,38.67,23.2707
AC-017,210,-0.0014,0.0003,100.0,642.58,1597.16,1406.89,553.39,2388.06,9094.84,47.43,521.9,8173.59,8.4259,393,38.61,23.3856
AC-017,211,-0.0009,-0.0004,100.0,642.52,1589.79,1412.93,554.08,2388.05,9105.01,47.39,521.32,8171.28,8.438,393,38.81,23.338
AC-017,212,0.0006,-0.0002,100.0,642.56,1589.47,1413.36,553.56,2388.04,9098.46,47.6,521.11,8173.93,8.4334,392,38.68,23.306
AC-017,213,-0.0019,0.0005,100.0,642.47,1587.09,1407.88,553.07,2388.03,9092.21,47.34,521.79,8168.48,8.4359,395,38.89,23.3755
AC-017,214,0.0002,-0.0,100.0,643.01,1595.01,1414.55,553.74,2388.07,9095.88,47.51,521.34,8175.45,8.4108,393,38.74,23.1943
AC-017,215,0.0003,0.0005,100.0,642.74,1590.37,1410.19,553.33,2388.05,9097.75,47.41,521.55,8171.84,8.4348,393,38.8,23.1593
AC-017,216,-0.0023,-0.0001,100.0,642.73,1592.56,1417.78,552.61,2388.1,9102.26,47.37,521.14,8173.32,8.4621,393,38.69,23.1804
AC-017,217,0.0042,0.0001,100.0,642.81,1591.34,1409.4,553.14,2388.08,9110.76,47.49,521.12,8173.79,8.4657,393,38.78,23.2216
AC-017,218,0.0014,0.0005,100.0,642.69,1593.94,1409.23,553.28,2388.11,9095.79,47.56,521.72,8174.14,8.452,392,39.1,23.2116
AC-017,219,-0.0006,0.0004,100.0,642.67,1588.2,1409.23,553.24,2388.06,9108.83,47.36,521.73,8179.1,8.4623,394,38.83,23.2798
AC-017,220,-0.001,-0.0004,100.0,642.43,1593.96,1410.74,553.1,2388.06,9101.47,47.39,521.32,8177.87,8.4338,394,38.9,23.2437
AC-017,221,-0.0023,-0.0002,100.0,642.68,1589.89,1406.92,553.29,2388.05,9101.35,47.69,521.19,8179.79,8.4421,393,38.76,23.3312
AC-017,222,-0.0014,0.0003,100.0,643.3,1600.94,1406.96,553.75,2388.07,9103.45,47.67,521.29,8177.6,8.4565,394,38.82,23.1434
AC-017,223,0.0008,0.0002,100.0,642.79,1585.32,1409.63,553.95,2388.05,9102.63,47.42,521.24,8177.14,8.4683,393,38.85,23.3197
AC-017,224,-0.004,0.0003,100.0,643.04,1594.78,1410.57,553.04,2388.11,9102.49,47.58,521.56,8178.81,8.4641,395,38.71,23.1333
AC-017,225,0.001,-0.0004,100.0,643.68,1594.64,1409.17,552.61,2388.02,9102.69,47.58,521.44,8185.75,8.454,394,38.76,23.178
AC-017,226,-0.0024,0.0001,100.0,643.19,1587.67,1413.49,553.03,2388.1,9110.93,47.64,520.9,8182.49,8.4153,395,38.93,23.2297
AC-017,227,0.0001,0.0001,100.0,642.66,1591.11,1410.2,553.52,2388.07,9106.13,47.64,520.98,8180.42,8.4643,395,38.91,23.312
AC-017,228,-0.0017,-0.0002,100.0,643.11,1588.27,1411.02,553.32,2388.08,9106.85,47.49,521.41,8186.55,8.4544,395,38.81,23.2811
AC-017,229,-0.0021,0.0004,100.0,642.91,1591.13,1413.03,553.83,2388.08,9101.28,47.57,521.04,8176.37,8.4469,394,38.77,23.2396
AC-017,230,-0.0017,-0.0002,100.0,643.1,1590.1,1411.74,553.68,2388.13,9118.46,47.53,520.89,8185.48,8.4554,394,38.79,23.1847
AC-017,231,0.0016,-0.0,100.0,642.78,1597.89,1418.15,552.86,2388.07,9113.15,47.61,520.97,8177.5,8.4632,395,38.82,23.234
AC-017,232,0.0027,0.0004,100.0,643.1,1591.59,1415.25,552.91,2388.08,9111.2,47.49,521.06,8180.43,8.4124,395,38.59,23.1387
AC-017,233,-0.0005,-0.0004,100.0,643.03,1595.48,1409.53,552.87,2388.08,9115.85,47.65,521.09,8182.18,8.4475,396,38.8,23.1826
AC-017,234,-0.0006,0.0001,100.0,642.82,1590.95,1417.87,552.88,2388.09,9113.78,47.45,521.15,8189.65,8.4235,395,38.75,23.1886
AC-017,235,-0.0008,0.0003,100.0,643.22,1595.63,1407.83,552.42,2388.09,9113.73,47.66,521.34,8188.31,8.4754,395,38.78,23.2613
AC-017,236,0.0026,0.0004,100.0,642.95,1600.4,1417.09,553.32,2388.08,9115.0,47.76,520.7,8188.48,8.4505,394,38.75,23.1692
AC-017,237,0.0014,0.0003,100.0,642.46,1592.09,1408.25,552.89,2388.05,9121.11,47.61,521.0,8187.39,8.4465,395,38.69,23.2524
AC-017,238,-0.0027,0.0001,100.0,643.0,1593.94,1418.85,553.18,2388.11,9122.28,47.67,521.37,8190.03,8.4623,395,38.68,23.1945
AC-017,239,-0.0002,-0.0001,100.0,642.56,1600.14,1422.99,552.88,2388.11,9120.69,47.75,521.23,8195.0,8.4775,395,38.6,23.256
AC-017,240,-0.0009,-0.0004,100.0,643.17,1597.82,1418.71,553.42,2388.02,9117.44,47.67,520.91,8188.03,8.4616,394,38.79,23.2331
AC-017,241,0.0005,0.0001,100.0,642.96,1595.09,1415.02,553.21,2388.15,9124.95,47.65,521.59,8190.96,8.4388,395,38.89,23.1517
AC-017,242,-0.0008,-0.0002,100.0,643.41,1596.72,1419.3,552.89,2388.11,9122.21,47.66,521.08,8194.79,8.4488,395,38.66,23.2495
AC-017,243,-0.0038,0.0003,100.0,643.47,1595.79,1414.03,553.1,2388.07,9120.7,47.74,520.96,8194.29,8.459,395,38.72,23.1161
AC-017,244,-0.0011,-0.0002,100.0,643.05,1595.27,1422.37,552.84,2388.1,9130.58,47.65,521.24,8191.39,8.4635,396,38.74,23.2356
AC-017,245,-0.0003,-0.0001,100.0,643.37,1595.23,1411.52,553.29,2388.05,9130.57,47.9,521.01,8194.35,8.4702,392,38.51,23.1402
AC-017,246,-0.0022,0.0001,100.0,642.62,1597.58,1419.6,552.84,2388.13,9134.62,47.66,520.75,8194.51,8.4397,393,38.74,23.2464
AC-017,247,0.001,-0.0003,100.0,643.13,1597.55,1416.46,553.0,2388.11,9132.09,47.73,521.03,8194.09,8.4916,395,38.64,23.17
AC-017,248,-0.0004,0.0003,100.0,642.72,1601.33,1412.8,553.08,2388.06,9130.51,47.82,520.56,8198.92,8.4594,395,38.65,23.1999
AC-017,249,-0.006,-0.0003,100.0,643.05,1586.19,1421.61,552.98,2388.09,9128.99,47.96,521.15,8205.17,8.4987,392,38.79,23.1289
AC-017,250,-0.0013,-0.0004,100.0,643.21,1595.47,1415.21,552.59,2388.13,9129.91,47.69,520.53,8199.63,8.4429,396,38.72,23.1109
AC-017,251,-0.0007,0.0001,100.0,643.13,1592.38,1415.08,551.48,2388.16,9135.53,47.9,521.21,8201.06,8.4902,395,38.58,23.1594
AC-017,252,0.0015,-0.0001,100.0,642.91,1594.24,1414.83,552.46,2388.11,9133.97,47.71,520.57,8202.06,8.4695,394,38.64,23.1611
AC-017,253,0.0001,0.0004,100.0,643.22,1595.99,1418.95,552.99,2388.08,9131.17,47.79,520.9,8201.95,8.4669,396,38.5,23.1701
AC-017,254,-0.0,0.0004,100.0,643.01,1596.56,1421.67,552.55,2388.06,9141.4,47.78,520.68,8205.01,8.4561,396,38.49,23.1806
AC-017,255,0.001,-0.0,100.0,643.06,1593.97,1421.43,552.41,2388.09,9136.55,47.9,520.42,8208.51,8.4853,395,38.56,23.1941
AC-017,256,-0.0021,-0.0002,100.0,643.2,1605.95,1421.93,553.17,2388.12,9143.08,47.88,520.53,8208.09,8.5161,396,38.52,23.1985
AC-017,257,0.0012,0.0004,100.0,644.09,1594.72,1419.53,552.62,2388.16,9142.44,47.85,520.7,8206.35,8.4991,395,38.47,23.1453
AC-017,258,0.0017,-0.0,100.0,643.68,1602.79,1415.0,552.67,2388.1,9143.56,48.03,520.97,8211.55,8.4594,396,38.68,23.1426
AC-017,259,-0.0027,0.0002,100.0,643.27,1595.62,1428.3,552.52,2388.11,9144.67,47.95,520.84,8209.68,8.4921,395,38.38,23.125
AC-017,260,-0.0012,0.0003,100.0,643.17,1599.31,1428.94,552.38,2388.14,9143.72,47.89,520.63,8214.79,8.5113,396,38.59,23.0846
AC-017,261,0.0031,-0.0004,100.0,643.87,1596.92,1421.2,552.01,2388.07,9144.18,47.87,520.61,8212.81,8.4809,397,38.58,22.9783
AC-017,262,-0.0012,-0.0001,100.0,643.28,1597.94,1418.06,552.13,2388.07,9151.57,47.95,519.98,8214.79,8.4567,397,38.42,23.0853
AC-017,263,0.0006,0.0004,100.0,643.65,1601.45,1416.22,551.81,2388.15,9152.72,48.16,520.57,8215.01,8.4526,395,38.59,23.0641
AC-017,264,-0.003,-0.0004,100.0,643.62,1599.98,1427.41,552.61,2388.16,9159.03,47.89,520.74,8222.0,8.4746,396,38.53,23.1302
AC-017,265,-0.0001,-0.0004,100.0,643.64,1593.34,1429.2,552.59,2388.13,9162.76,47.88,520.83,8224.72,8.4977,396,38.48,23.1248
AC-017,266,0.002,0.0002,100.0,643.81,1601.24,1427.81,551.47,2388.17,9162.87,47.98,520.13,8218.51,8.4876,396,38.65,23.0748
AC-017,267,0.0031,0.0004,100.0,643.51,1608.86,1421.63,551.75,2388.1,9151.9,47.93,520.84,8215.02,8.5067,396,38.44,23.1876
AC-017,268,-0.002,0.0004,100.0,643.17,1603.62,1430.58,550.88,2388.15,9159.69,47.91,520.16,8219.37,8.54,396,38.34,23.091
AC-017,269,0.0026,-0.0002,100.0,643.73,1602.28,1430.87,552.2,2388.18,9162.15,48.14,520.54,8226.28,8.4907,397,38.49,23.0103
AC-017,270,0.0017,0.0,100.0,643.33,1602.5,1424.06,552.19,2388.15,9171.89,47.93,520.24,8227.5,8.5155,396,38.44,23.1338
AC-017,271,0.0025,0.0002,100.0,643.55,1608.55,1433.02,552.18,2388.15,9175.55,48.09,520.52,8228.0,8.4998,397,38.44,23.0751
AC-017,272,-0.0014,0.0002,100.0,643.13,1605.43,1422.78,552.13,2388.17,9167.31,48.2,520.08,8228.6,8.5318,395,38.32,23.0667
AC-017,273,0.0031,0.0004,100.0,643.71,1602.12,1422.72,552.04,2388.14,9177.53,48.23,520.09,8231.94,8.5549,397,38.44,23.1137
AC-017,274,-0.0018,0.0,100.0,643.58,1599.44,1420.47,551.96,2388.2,9172.47,48.09,519.77,8232.28,8.5197,397,38.52,23.0759
AC-017,275,-0.0003,0.0005,100.0,644.0,1601.52,1430.48,551.4,2388.13,9178.28,47.97,519.26,8229.73,8.5472,398,38.52,23.0818
AC-017,276,-0.0006,-0.0004,100.0,643.97,1599.82,1432.46,551.51,2388.14,9172.75,48.06,520.22,8238.26,8.5171,397,38.5,23.0517
AC-018,1,-0.0016,0.0005,100.0,642.49,1582.95,1401.6,554.59,2387.95,9061.3,47.19,521.41,8142.8,8.3861,393,39.06,23.4234
AC-018,2,-0.0006,0.0004,100.0,642.21,1589.39,1397.98,554.17,2388.01,9060.63,47.29,522.5,8137.05,8.3788,391,39.04,23.5772
AC-018,3,0.0029,0.0002,100.0,642.4,1590.51,1399.79,554.8,2388.04,9068.03,47.3,521.75,8142.88,8.4153,390,39.06,23.445
AC-018,4,0.0071,-0.0,100.0,642.28,1577.34,1393.92,553.56,2388.04,9051.6,47.29,521.63,8139.74,8.3789,391,39.18,23.352
AC-018,5,0.0003,-0.0001,100.0,641.48,1585.59,1398.89,554.49,2388.03,9055.62,47.22,522.25,8145.87,8.3908,392,38.8,23.3086
AC-018,6,0.0011,-0.0002,100.0,641.86,1579.69,1403.8,554.48,2388.03,9055.43,47.31,522.63,8145.33,8.4012,393,38.97,23.3929
AC-018,7,-0.0001,0.0005,100.0,641.58,1584.09,1389.32,554.23,2388.01,9053.68,47.14,522.27,8151.27,8.4312,392,38.82,23.5667
AC-018,8,0.0017,-0.0004,100.0,642.2,1580.01,1396.59,554.63,2388.03,9060.91,47.26,522.65,8139.75,8.3996,392,38.96,23.4563
AC-018,9,0.0044,0.0005,100.0,641.96,1588.77,1401.73,554.35,2388.01,9060.59,47.19,522.31,8138.58,8.4192,392,38.98,23.4342
AC-018,10,-0.0034,0.0002,100.0,642.23,1584.24,1399.28,554.08,2388.01,9062.26,47.29,521.92,8136.89,8.3727,391,38.73,23.426
AC-018,11,-0.0001,-0.0001,100.0,642.42,1579.74,1401.23,554.04,2388.06,9053.06,47.37,522.23,8146.92,8.415,392,39.05,23.3028
AC-018,12,0.0005,-0.0003,100.0,642.28,1583.42,1397.06,553.72,2388.03,9063.68,47.21,522.25,8145.6,8.3509,393,39.0,23.4172
AC-018,13,-0.0025,0.0004,100.0,642.49,1590.54,1399.01,554.54,2387.95,9060.16,47.15,522.16,8142.49,8.3868,391,38.93,23.3905
AC-018,14,0.0003,-0.0001,100.0,641.74,1582.73,1395.77,554.42,2388.03,9056.56,47.24,522.19,8141.01,8.4477,392,39.18,23.4389
AC-018,15,-0.0021,-0.0004,100.0,642.25,1579.36,1393.54,554.83,2387.96,9058.21,47.18,521.83,8148.24,8.3826,392,39.08,23.4616
AC-018,16,0.0003,0.0002,100.0,641.9,1581.77,1402.19,554.45,2388.02,9061.22,47.38,522.01,8138.28,8.4036,392,39.04,23.3818
AC-018,17,-0.0034,-0.0002,100.0,641.87,1578.41,1405.99,554.0,2387.98,9064.13,47.3,522.51,8142.71,8.3841,391,39.12,23.4297
AC-018,18,-0.0005,0.0005,100.0,642.14,1583.75,1397.2,554.01,2387.96,9063.58,47.26,522.31,8144.62,8.3987,392,38.77,23.3747
AC-018,19,0.0003,-0.0004,100.0,641.89,1579.43,1394.13,555.27,2388.0,9060.08,47.3,522.19,8139.11,8.4198,392,39.18,23.3372
AC-018,20,0.0027,-0.0001,100.0,642.12,1587.86,1400.58,554.46,2388.07,9062.96,47.2,521.79,8137.33,8.4425,392,38.99,23.2882
AC-018,21,0.0024,-0.0002,100.0,642.08,1580.09,1400.02,554.87,2387.98,9061.76,47.17,522.17,8143.89,8.3911,392,39.14,23.437
AC-018,22,0.0022,0.0004,100.0,641.98,1586.02,1398.5,554.14,2387.98,9054.75,47.25,522.53,8137.53,8.3932,392,39.23,23.3562
AC-018,23,0.0022,-0.0,100.0,642.73,1583.22,1405.06,554.78,2388.01,9062.06,47.2,522.26,8151.99,8.4113,394,38.96,23.4336
AC-018,24,0.0013,0.0005,100.0,642.08,1580.53,1397.51,554.78,2388.04,9058.98,47.28,522.47,8144.71,8.3805,392,39.0,23.4425
AC-018,25,0.0,0.0003,100.0,642.23,1589.57,1398.44,554.62,2388.05,9054.33,47.16,522.5,8145.67,8.3688,392,39.14,23.3008
AC-018,26,0.0015,0.0002,100.0,642.57,1585.89,1394.98,555.0,2387.99,9054.42,47.23,522.54,8140.78,8.3995,392,39.07,23.4793
AC-018,27,0.0036,-0.0004,100.0,642.25,1594.33,1400.33,554.76,2388.07,9066.59,47.13,521.93,8141.69,8.3913,392,38.99,23.3715
AC-018,28,-0.0007,0.0003,100.0,642.16,1580.08,1399.53,554.54,2388.02,9057.5,47.21,522.04,8144.22,8.3794,390,38.83,23.4025
AC-018,29,-0.0018,-0.0003,100.0,642.41,1585.02,1394.96,554.63,2388.06,9058.31,47.16,522.43,8140.65,8.3925,392,38.87,23.3274
AC-018,30,0.0014,-0.0001,100.0,642.0,1588.57,1395.56,554.9,2388.04,9056.76,47.2,522.37,8139.62,8.3905,392,39.18,23.3546
AC-018,31,0.0004,-0.0001,100.0,642.1,1592.26,1404.1,554.16,2387.99,9052.97,47.17,522.32,8140.64,8.4052,391,39.1,23.4109
AC-018,32,0.0035,-0.0002,100.0,641.98,1580.23,1394.26,554.44,2388.04,9059.76,47.18,522.64,8140.52,8.409,392,39.0,23.4597
AC-018,33,0.0002,-0.0001,100.0,642.31,1580.6,1401.18,554.88,2388.01,9055.06,47.3,522.68,8144.26,8.3906,391,39.02,23.3475
AC-018,34,0.0001,0.0004,100.0,642.33,1583.0,1399.97,554.43,2388.0,9060.25,47.05,521.79,8146.61,8.3703,392,39.11,23.3317
AC-018,35,-0.002,0.0004,100.0,642.47,1584.89,1394.36,554.48,2387.99,9060.66,47.18,522.44,8147.2,8.4074,391,38.84,23.398
AC-018,36,0.0004,0.0005,100.0,642.06,1590.71,1399.61,553.99,2387.98,9065.7,47.23,522.56,8140.15,8.4054,393,39.09,23.2457
AC-018,37,-0.0033,0.0005,100.0,642.28,1587.03,1392.82,554.76,2388.01,9058.88,47.29,522.06,8143.42,8.4062,392,38.94,23.486
AC-018,38,-0.0006,-0.0004,100.0,642.4,1584.49,1407.5,554.47,2388.08,9055.89,47.17,522.46,8145.2,8.3683,390,39.13,23.4201
AC-018,39,0.0009,-0.0002,100.0,642.73,1586.56,1404.8,554.24,2388.03,9068.33,47.36,521.72,8140.06,8.401,391,39.13,23.4609
AC-018,40,-0.0007,0.0003,100.0,642.39,1586.54,1402.17,554.34,2388.04,9052.82,47.24,522.56,8145.6,8.4039,392,39.04,23.5294
AC-018,41,-0.0006,-0.0003,100.0,642.56,1582.41,1403.69,553.68,2388.01,9057.96,47.36,522.55,8144.18,8.3846,392,39.04,23.3992
AC-018,42,0.0033,-0.0005,100.0,642.02,1580.17,1391.59,554.32,2388.02,9061.08,47.29,522.36,8144.16,8.3874,392,39.13,23.4594
AC-018,43,-0.0016,0.0002,100.0,641.34,1584.5,1396.26,553.72,2388.03,9055.69,47.02,522.43,8139.6,8.4054,393,39.09,23.3709
AC-018,44,0.0008,0.0004,100.0,642.36,1589.34,1399.81,554.45,2388.01,9058.83,47.32,523.2,8141.04,8.4213,394,38.95,23.3803
AC-018,45,0.0017,-0.0003,100.0,642.12,1581.15,1397.54,554.12,2388.07,9060.09,47.26,522.77,8142.67,8.4157,394,38.96,23.3931
AC-018,46,0.0027,0.0001,100.0,642.28,1582.73,1404.38,554.6,2388.0,9065.97,47.38,522.16,8138.26,8.4102,392,39.03,23.4673
AC-018,47,0.0017,0.0001,100.0,642.38,1586.87,1395.33,553.6,2388.06,9059.82,47.32,522.54,8142.39,8.4264,392,39.02,23.486
AC-018,48,0.0009,0.0001,100.0,642.44,1587.51,1406.53,554.48,2388.06,9063.21,47.08,522.56,8145.27,8.3754,393,39.01,23.3508
AC-018,49,0.0023,-0.0002,100.0,642.13,1582.46,1406.51,554.26,2388.01,9052.81,47.09,522.01,8142.02,8.42,392,38.95,23.4727
AC-018,50,0.0006,0.0,100.0,642.01,1586.29,1389.54,554.24,2387.97,9062.96,47.15,522.14,8145.02,8.3921,392,39.12,23.4438
AC-018,51,0.0017,-0.0,100.0,642.62,1579.97,1394.35,554.7,2388.02,9061.0,47.21,522.25,8143.79,8.4246,392,38.98,23.4403
AC-018,52,-0.0006,-0.0002,100.0,641.76,1585.96,1395.27,554.05,2388.01,9051.44,47.22,522.25,8146.1,8.4201,391,38.95,23.4214
AC-018,53,0.0,0.0001,100.0,642.21,1584.77,1397.47,553.82,2388.0,9066.81,47.36,522.72,8141.1,8.4039,391,39.06,23.4062
AC-018,54,-0.0024,0.0005,100.0,642.22,1585.77,1395.13,554.6,2388.01,9055.78,47.29,521.85,8143.16,8.3783,391,38.94,23.4104
AC-018,55,0.0001,0.0003,100.0,642.29,1576.47,1397.52,554.18,2388.12,9066.42,47.23,522.28,8146.94,8.387,392,38.95,23.3158
AC-018,56,-0.0003,-0.0001,100.0,642.01,1581.79,1400.68,554.38,2388.01,9056.36,47.15,522.05,8144.91,8.36,392,39.12,23.3274
AC-018,57,-0.0033,0.0003,100.0,642.32,1583.13,1402.57,554.41,2387.97,9065.29,47.33,522.37,8140.55,8.3994,393,39.06,23.3882
AC-018,58,-0.0041,-0.0001,100.0,641.86,1584.65,1398.06,553.89,2388.04,9055.44,47.28,522.52,8141.41,8.4098,390,38.98,23.3903
AC-018,59,0.0032,-0.0002,100.0,641.95,1583.05,1399.84,554.36,2388.07,9063.78,47.32,522.41,8146.99,8.442,391,38.98,23.4238
AC-018,60,-0.0029,-0.0002,100.0,642.7,1584.03,1394.72,554.7,2387.96,9069.12,47.25,522.28,8146.88,8.4094,393,38.92,23.348
AC-018,61,0.0002,-0.0003,100.0,641.99,1592.63,1403.36,554.64,2387.99,9066.86,47.32,522.03,8138.71,8.4013,392,39.03,23.3724
AC-018,62,0.0011,-0.0,100.0,642.52,1584.72,1396.77,554.17,2388.03,9063.6,47.14,521.77,8144.58,8.3968,390,38.93,23.3002
AC-018,63,-0.0024,-0.0003,100.0,641.91,1581.59,1397.66,553.58,2388.04,9062.67,47.34,522.27,8144.19,8.3693,392,39.16,23.516
AC-018,64,0.0041,-0.0001,100.0,642.2,1588.24,1406.35,554.35,2387.98,9061.77,47.19,522.04,8143.95,8.3938,393,39.0,23.3359
AC-018,65,-0.0006,0.0003,100.0,641.92,1592.11,1400.88,554.17,2388.05,9058.98,47.21,522.08,8142.42,8.3843,393,38.91,23.4608
AC-018,66,0.0014,0.0001,100.0,641.96,1586.68,1399.45,554.28,2387.99,9059.04,47.25,522.12,8144.55,8.4302,392,39.13,23.3676
AC-018,67,0.0029,-0.0004,100.0,642.16,1588.45,1401.89,553.96,2387.99,9063.93,47.12,521.9,8151.83,8.4307,391,38.97,23.3735
AC-018,68,-0.0053,-0.0004,100.0,642.05,1589.56,1400.97,554.17,2387.98,9064.48,47.37,522.23,8143.85,8.4359,392,39.01,23.4621
AC-018,69,0.0001,-0.0002,100.0,641.91,1581.06,1400.12,554.35,2388.03,9062.0,47.12,522.38,8144.66,8.4231,391,38.91,23.4357
AC-018,70,-0.0008,0.0004,100.0,641.9,1588.15,1403.54,554.31,2388.02,9071.02,47.07,521.73,8144.13,8.3974,392,38.76,23.3067
AC-018,71,-0.0032,-0.0003,100.0,642.1,1584.7,1400.82,553.87,2388.06,9067.44,47.16,522.34,8142.78,8.3866,392,38.96,23.3137
AC-018,72,-0.0015,-0.0,100.0,642.24,1584.34,1391.78,554.78,2388.0,9061.3,47.15,522.43,8147.88,8.4192,391,39.22,23.4116
AC-018,73,0.0007,0.0,100.0,641.97,1577.0,1391.66,554.74,2387.98,9059.19,47.35,521.82,8143.6,8.3926,391,39.09,23.4302
AC-018,74,-0.0033,0.0001,100.0,642.1,1584.06,1395.07,554.56,2388.03,9066.5,47.24,522.17,8147.08,8.3808,392,39.05,23.3216
AC-018,75,0.0003,0.0004,100.0,642.43,1576.32,1398.36,553.26,2388.05,9065.06,47.25,522.26,8145.77,8.3971,392,39.13,23.3983
AC-018,76,-0.0014,0.0,100.0,641.89,1586.03,1397.41,554.11,2388.02,9066.66,47.29,521.88,8150.18,8.363,393,38.89,23.2577
AC-018,77,0.0019,-0.0002,100.0,642.5,1583.75,1393.92,554.86,2387.99,9062.99,47.19,522.18,8143.06,8.3599,392,39.0,23.3231
AC-018,78,0.0001,-0.0005,100.0,642.12,1584.6,1400.5,553.98,2388.06,9062.32,47.23,522.25,8143.12,8.3759,392,39.01,23.3331
AC-018,79,0.0016,0.0002,100.0,642.17,1579.53,1399.94,554.66,2388.01,9069.09,47.36,522.02,8147.75,8.3849,391,39.13,23.3346
AC-018,80,0.002,-0.0003,100.0,642.66,1593.04,1410.9,554.17,2388.05,9064.61,47.17,522.16,8150.26,8.406,392,38.85,23.3668
AC-018,81,-0.0021,-0.0002,100.0,642.67,1582.84,1402.79,554.76,2388.07,9067.7,47.26,522.29,8146.04,8.4095,391,39.08,23.3978
AC-018,82,-0.0035,0.0005,100.0,642.07,1587.74,1399.22,553.91,2388.05,9066.58,47.09,521.69,8150.88,8.4407,393,39.03,23.239
AC-018,83,-0.0009,0.0005,100.0,642.34,1592.64,1403.44,553.76,2388.0,9061.51,47.24,522.01,8141.79,8.4416,393,39.13,23.3372
AC-018,84,0.0015,-0.0004,100.0,642.09,1589.33,1397.41,554.04,2388.01,9059.15,47.09,522.14,8150.99,8.4015,392,38.95,23.4021
AC-018,85,-0.0049,-0.0002,100.0,642.09,1583.27,1401.56,553.94,2388.0,9070.16,47.3,522.37,8151.0,8.4391,392,38.78,23.3582
AC-018,86,0.0018,-0.0,100.0,642.25,1591.3,1403.07,553.97,2388.0,9074.5,47.29,522.58,8151.66,8.3878,392,39.13,23.4095
AC-018,87,0.0014,0.0002,100.0,642.06,1582.49,1394.99,554.53,2388.0,9067.85,47.29,521.75,8150.24,8.3919,391,38.86,23.4634
AC-018,88,-0.0004,0.0,100.0,641.84,1589.77,1401.22,554.32,2388.04,9066.53,47.15,522.07,8149.67,8.4509,393,39.04,23.3098
AC-018,89,-0.0032,-0.0001,100.0,642.38,1588.14,1400.59,553.94,2388.02,9073.43,47.12,521.81,8145.37,8.4391,391,39.04,23.4089
AC-018,90,-0.0008,0.0003,100.0,642.74,1586.97,1392.63,554.97,2388.03,9070.39,47.3,522.07,8149.48,8.4299,393,38.66,23.3423
AC-018,91,0.004,-0.0,100.0,642.48,1592.27,1400.36,554.23,2388.01,9062.35,47.3,522.02,8147.01,8.3815,392,38.99,23.4079
AC-018,92,0.0001,0.0005,100.0,642.55,1591.31,1401.38,553.38,2388.02,9071.41,47.34,522.51,8147.31,8.4036,392,38.98,23.4669
AC-018,93,-0.0002,0.0003,100.0,642.67,1584.95,1398.8,554.55,2388.04,9067.18,47.46,522.39,8147.34,8.3889,393,39.01,23.3003
AC-018,94,-0.0001,0.0004,100.0,641.73,1582.79,1393.97,554.63,2388.03,9054.87,47.21,522.12,8148.9,8.3987,392,38.92,23.4619
AC-018,95,-0.001,0.0002,100.0,642.19,1580.1,1398.09,554.8,2387.98,9067.82,47.2,522.24,8147.89,8.4083,392,38.88,23.3255
AC-018,96,0.0007,0.0003,100.0,642.0,1587.19,1399.31,554.6,2388.02,9073.08,47.26,522.6,8149.8,8.3757,392,38.89,23.3862
AC-018,97,0.0003,-0.0001,100.0,642.18,1579.99,1400.55,554.65,2388.04,9075.47,47.25,522.25,8150.02,8.3938,393,39.06,23.3256
AC-018,98,0.0002,0.0005,100.0,642.54,1588.03,1399.2,554.23,2387.99,9066.57,47.32,521.76,8150.84,8.4182,393,39.06,23.3368
AC-018,99,0.0022,0.0001,100.0,642.51,1588.5,1400.65,553.98,2387.98,9071.09,47.28,522.54,8150.79,8.4058,390,39.03,23.3504
AC-018,100,-0.0002,0.0003,100.0,642.44,1585.3,1410.56,554.24,2388.01,9071.04,47.18,521.75,8148.05,8.4235,394,39.0,23.3536
AC-018,101,-0.0,-0.0001,100.0,642.23,1591.29,1401.78,553.73,2388.06,9072.74,47.53,521.71,8150.37,8.438,392,38.82,23.348
AC-018,102,-0.0011,0.0004,100.0,641.74,1584.86,1399.41,554.16,2388.1,9074.8,47.16,522.17,8151.84,8.4421,393,39.0,23.3604
AC-018,103,-0.0009,-0.0003,100.0,642.59,1590.76,1395.61,553.59,2388.01,9076.23,47.39,521.69,8153.2,8.4326,392,38.87,23.5415
AC-018,104,0.0011,0.0001,100.0,642.15,1582.62,1398.49,554.37,2388.04,9075.65,47.4,521.9,8153.73,8.4134,391,38.86,23.2726
AC-018,105,-0.0028,0.0001,100.0,641.84,1589.47,1401.67,554.01,2387.98,9070.15,47.34,521.43,8152.02,8.4446,392,38.89,23.506
AC-018,106,0.001,-0.0001,100.0,642.35,1591.63,1399.96,553.69,2387.99,9075.77,47.29,522.03,8148.38,8.4204,393,38.88,23.3657
AC-018,107,0.0001,-0.0002,100.0,642.79,1591.51,1410.85,553.44,2388.03,9076.21,47.27,522.0,8149.43,8.4153,392,39.22,23.4117
AC-018,108,-0.0033,-0.0002,100.0,642.49,1590.9,1409.16,553.74,2388.03,9068.56,47.24,521.83,8152.59,8.4134,394,39.06,23.2886
AC-018,109,0.0019,-0.0001,100.0,642.27,1590.55,1392.8,554.23,2387.95,9077.08,47.27,522.48,8154.5,8.4141,392,39.09,23.4017
AC-018,110,-0.0011,0.0004,100.0,642.55,1586.44,1405.16,553.14,2387.98,9068.96,47.37,522.09,8159.23,8.4556,393,38.96,23.3786
AC-018,111,-0.0002,-0.0003,100.0,642.53,1582.44,1401.75,553.44,2388.05,9077.4,47.28,522.57,8151.32,8.3795,391,38.76,23.3086
AC-018,112,0.0005,-0.0,100.0,642.34,1579.35,1404.3,554.25,2388.06,9076.84,47.34,521.88,8149.43,8.381,391,38.92,23.3279
AC-018,113,0.0008,-0.0003,100.0,642.69,1587.61,1403.82,554.02,2388.04,9079.85,47.34,522.39,8153.27,8.4331,392,39.01,23.3641
AC-018,114,0.0021,-0.0002,100.0,642.23,1587.46,1404.07,553.42,2388.02,9073.91,47.34,521.86,8157.48,8.4375,392,38.94,23.4542
AC-018,115,0.0004,0.0004,100.0,641.71,1591.35,1406.5,554.13,2388.04,9078.32,47.44,522.02,8152.87,8.4052,392,38.99,23.2573
AC-018,116,-0.0001,0.0002,100.0,642.19,1583.87,1410.57,553.62,2387.94,9074.96,47.25,521.71,8154.75,8.444,391,38.9,23.3951
AC-018,117,-0.0022,0.0004,100.0,642.06,1583.79,1404.78,553.9,2387.99,9080.08,47.23,522.31,8159.92,8.4498,392,38.99,23.3608
AC-018,118,-0.0005,0.0004,100.0,642.43,1589.58,1397.3,554.27,2388.02,9083.68,47.46,521.13,8154.7,8.4467,391,38.93,23.389
AC-018,119,0.0029,-0.0002,100.0,641.9,1592.46,1404.23,554.56,2388.05,9076.6,47.4,522.04,8153.04,8.4354,392,38.86,23.4318
AC-018,120,-0.0013,0.0003,100.0,642.21,1592.07,1405.99,554.22,2387.98,9070.94,47.22,522.23,8151.87,8.4292,393,39.03,23.3621
AC-018,121,0.0005,0.0003,100.0,642.52,1586.5,1399.33,554.09,2388.04,9086.72,47.36,521.65,8162.33,8.4074,391,38.89,23.3686
AC-018,122,0.0003,-0.0001,100.0,642.86,1587.74,1400.36,553.72,2388.01,9081.22,47.11,521.92,8158.84,8.4184,394,39.06,23.4212
AC-018,123,-0.0019,-0.0002,100.0,642.57,1582.27,1394.88,554.33,2388.02,9079.59,47.37,522.52,8156.98,8.4051,391,38.92,23.3722
AC-018,124,0.0008,-0.0002,100.0,642.21,1593.4,1400.11,554.02,2388.07,9079.07,47.3,521.88,8160.46,8.3898,392,39.1,23.3311
AC-018,125,0.0001,-0.0002,100.0,642.0,1588.58,1398.29,554.2,2388.0,9076.47,47.24,521.79,8159.29,8.3991,393,38.87,23.4273
AC-018,126,-0.0008,0.0003,100.0,642.37,1590.08,1396.3,554.87,2388.04,9092.3,47.37,522.07,8155.81,8.4042,392,38.99,23.3313
AC-018,127,0.0039,-0.0004,100.0,642.12,1589.53,1407.98,554.75,2388.02,9080.88,47.57,521.78,8161.59,8.4641,393,38.96,23.287
AC-018,128,-0.0011,-0.0001,100.0,642.14,1591.4,1397.89,554.52,2388.01,9087.0,47.35,521.88,8157.94,8.4255,392,38.67,23.3941
AC-018,129,-0.0005,0.0005,100.0,642.37,1593.56,1406.09,553.52,2388.01,9089.55,47.42,521.94,8158.25,8.4045,391,38.93,23.2507
AC-018,130,0.0018,0.0002,100.0,642.77,1594.14,1398.72,553.87,2388.03,9085.89,47.34,522.32,8163.91,8.4203,393,38.9,23.3142
AC-018,131,0.0001,0.0003,100.0,643.09,1591.11,1410.53,553.25,2388.02,9085.29,47.26,521.97,8158.89,8.4357,393,38.92,23.2572
AC-018,132,0.0033,0.0005,100.0,642.82,1588.54,1399.38,554.37,2388.0,9086.05,47.43,521.45,8158.05,8.4232,393,38.76,23.316
AC-018,133,0.003,-0.0002,100.0,642.66,1588.81,1405.97,553.88,2388.0,9089.27,47.22,522.1,8167.5,8.4674,392,38.79,23.3347
AC-018,134,-0.0,0.0005,100.0,642.6,1582.54,1403.88,553.83,2388.03,9075.85,47.44,522.06,8168.97,8.4524,393,38.83,23.3867
AC-018,135,-0.0013,-0.0001,100.0,642.54,1585.67,1405.34,553.81,2388.06,9092.27,47.41,521.66,8164.45,8.4401,392,38.91,23.3456
AC-018,136,-0.0028,0.0002,100.0,642.32,1587.62,1403.88,553.71,2388.07,9089.94,47.49,522.33,8172.35,8.4293,395,38.95,23.3646
AC-018,137,0.0028,0.0,100.0,642.74,1594.35,1400.15,553.68,2388.02,9087.47,47.54,522.04,8164.93,8.4317,393,38.89,23.3933
AC-018,138,0.0021,-0.0,100.0,642.59,1588.95,1409.01,553.55,2388.01,9088.94,47.2,522.07,8164.69,8.4681,394,38.93,23.2783
AC-018,139,-0.0006,0.0002,100.0,642.44,1591.67,1397.75,553.03,2388.02,9092.44,47.35,522.03,8163.4,8.4336,394,38.71,23.3199
AC-018,140,0.0035,-0.0001,100.0,642.02,1590.42,1402.13,553.05,2388.06,9089.35,47.42,521.68,8172.83,8.4339,394,38.85,23.3742
AC-018,141,0.0021,0.0004,100.0,642.42,1588.93,1403.87,554.45,2388.0,9100.59,47.48,521.57,8167.23,8.4279,392,38.98,23.2611
AC-018,142,0.0005,0.0004,100.0,642.57,1589.41,1410.8,553.6,2388.01,9090.16,47.44,521.71,8171.65,8.4321,392,38.78,23.355
AC-018,143,-0.0035,-0.0001,100.0,643.27,1589.81,1408.32,553.74,2388.0,9093.8,47.4,521.07,8174.22,8.4616,392,38.96,23.2704
AC-018,144,0.0002,-0.0,100.0,642.94,1585.94,1411.93,553.55,2388.03,9099.54,47.54,521.96,8175.42,8.4174,393,38.98,23.4092
AC-018,145,-0.0025,0.0002,100.0,642.97,1591.89,1405.28,553.79,2388.05,9087.61,47.49,521.62,8173.12,8.4263,393,38.63,23.3455
AC-018,146,-0.0036,0.0002,100.0,642.69,1589.1,1414.44,554.14,2387.99,9098.27,47.31,521.58,8177.71,8.4438,394,38.91,23.2522
AC-018,147,-0.0013,-0.0002,100.0,642.37,1592.68,1404.3,553.39,2388.06,9097.38,47.56,522.06,8179.63,8.3921,393,38.91,23.3401
AC-018,148,0.0002,-0.0002,100.0,641.91,1589.12,1404.57,554.06,2388.01,9102.28,47.38,521.35,8174.8,8.4605,393,38.96,23.2572
AC-018,149,0.002,-0.0003,100.0,642.87,1585.97,1402.33,554.15,2388.05,9105.01,47.42,520.97,8175.79,8.4081,393,38.76,23.339
AC-018,150,-0.0036,0.0004,100.0,642.45,1586.5,1403.39,553.3,2388.02,9106.11,47.35,521.2,8177.4,8.4321,395,38.86,23.3118
AC-018,151,0.0002,0.0002,100.0,642.33,1593.51,1412.38,552.74,2388.01,9111.26,47.45,522.04,8173.89,8.4355,393,38.86,23.25
AC-018,152,-0.0,-0.0001,100.0,642.44,1591.49,1403.22,554.39,2388.01,9109.02,47.56,521.85,8179.07,8.4385,393,38.82,23.3116
AC-018,153,0.0027,-0.0002,100.0,642.67,1586.35,1410.05,553.82,2388.02,9106.32,47.56,521.92,8180.41,8.4785,393,38.95,23.1902
AC-018,154,-0.0023,0.0003,100.0,642.83,1587.07,1406.5,554.69,2388.01,9103.2,47.47,522.03,8185.69,8.4757,393,38.85,23.3986
AC-018,155,-0.0031,0.0002,100.0,642.82,1597.04,1405.39,554.19,2388.04,9103.76,47.59,520.84,8176.98,8.4184,394,38.67,23.2971
AC-018,156,0.001,-0.0004,100.0,642.56,1591.75,1411.09,553.42,2387.98,9111.38,47.63,521.97,8181.79,8.4523,393,38.66,23.3277
AC-018,157,0.004,0.0003,100.0,642.62,1591.55,1406.17,553.09,2388.06,9106.38,47.67,521.49,8182.29,8.4395,392,38.7,23.3202
AC-018,158,-0.005,-0.0003,100.0,642.37,1587.54,1409.14,553.73,2388.05,9118.47,47.63,521.45,8189.74,8.4415,395,38.96,23.3307
AC-018,159,-0.0003,0.0003,100.0,642.95,1591.89,1401.17,553.84,2388.06,9115.33,47.5,521.73,8187.98,8.432,393,38.87,23.2662
AC-018,160,-0.0023,0.0003,100.0,642.97,1595.36,1411.22,554.1,2388.07,9114.6,47.6,521.85,8190.29,8.4822,395,38.83,23.38
AC-018,161,-0.0005,-0.0,100.0,642.73,1584.91,1417.65,552.67,2388.08,9119.8,47.7,521.44,8189.39,8.435,394,38.89,23.2671
AC-018,162,0.0007,0.0001,100.0,642.49,1591.6,1407.02,553.83,2388.08,9116.88,47.68,521.47,8197.72,8.4515,392,38.95,23.2158
AC-018,163,0.0043,0.0005,100.0,642.85,1592.58,1416.27,553.45,2388.01,9127.41,47.38,521.49,8194.99,8.4483,394,38.71,23.1824
AC-018,164,-0.0022,0.0005,100.0,642.41,1590.17,1410.04,553.66,2388.02,9123.31,47.47,521.63,8194.15,8.4433,395,38.83,23.2063
AC-018,165,0.0002,0.0005,100.0,643.06,1598.42,1408.19,553.28,2388.03,9122.87,47.76,521.42,8199.62,8.4836,396,38.72,23.3115
AC-018,166,-0.0002,0.0004,100.0,642.64,1591.74,1414.9,554.0,2388.07,9128.98,47.84,521.97,8203.99,8.4689,395,38.69,23.2631
AC-018,167,0.0013,-0.0002,100.0,642.34,1591.0,1416.13,552.71,2388.05,9127.39,47.6,521.83,8201.57,8.4617,393,38.52,23.3384
AC-018,168,0.0014,-0.0001,100.0,642.39,1596.24,1403.83,553.79,2388.08,9131.95,47.67,521.57,8206.5,8.4355,394,38.85,23.2874
AC-018,169,-0.0022,-0.0003,100.0,642.92,1598.65,1409.68,553.57,2388.06,9136.6,47.57,521.64,8200.79,8.4708,394,38.55,23.1785
AC-018,170,0.0024,-0.0001,100.0,643.04,1587.75,1411.21,554.36,2388.0,9140.45,47.58,521.14,8209.95,8.4543,394,38.76,23.1904
AC-018,171,-0.001,-0.0002,100.0,642.84,1589.1,1412.38,552.88,2388.03,9148.32,47.53,520.76,8207.89,8.4662,394,38.74,23.2531
AC-018,172,0.0058,-0.0003,100.0,643.47,1600.63,1406.05,553.15,2388.06,9143.07,47.82,521.35,8211.4,8.4363,394,38.85,23.2209
AC-018,173,-0.0001,0.0003,100.0,642.66,1596.12,1419.76,553.16,2388.05,9138.56,47.65,521.47,8209.65,8.4577,394,38.72,23.2467
AC-018,174,0.0033,-0.0001,100.0,642.79,1595.67,1416.74,553.04,2388.08,9152.07,47.78,520.73,8215.43,8.4754,397,38.9,23.2433
AC-018,175,0.003,0.0003,100.0,642.76,1594.37,1422.39,553.4,2388.05,9155.35,47.72,521.27,8215.51,8.4475,395,38.72,23.2019
AC-018,176,0.0011,0.0003,100.0,643.09,1596.47,1415.26,554.07,2388.08,9150.63,47.81,521.36,8215.5,8.468,395,38.82,23.2493
AC-018,177,0.0006,-0.0004,100.0,643.11,1602.3,1416.38,552.85,2388.03,9157.14,47.65,521.45,8218.26,8.4567,396,38.81,23.1773
AC-018,178,0.0009,-0.0004,100.0,642.74,1599.44,1417.74,552.88,2388.12,9157.33,47.78,520.84,8225.98,8.5067,396,38.67,23.1483
AC-018,179,0.0014,-0.0001,100.0,642.22,1601.1,1417.03,553.44,2388.07,9157.23,47.58,521.1,8226.08,8.5244,395,38.8,23.1702
AC-018,180,0.0022,-0.0,100.0,642.6,1602.68,1424.29,553.14,2388.08,9162.42,47.76,520.89,8229.02,8.4783,396,38.63,23.2429
AC-018,181,0.0016,-0.0001,100.0,643.33,1600.23,1422.16,551.94,2388.12,9167.49,47.91,520.94,8227.06,8.4915,396,38.49,23.0976
AC-018,182,0.0031,-0.0002,100.0,643.06,1608.95,1417.2,552.84,2388.08,9170.17,47.81,520.56,8228.09,8.5002,395,38.74,23.1709
AC-018,183,-0.0032,-0.0001,100.0,643.16,1599.22,1416.6,552.92,2388.04,9171.68,47.85,520.77,8243.3,8.4876,396,38.51,23.0937
AC-018,184,0.0024,-0.0003,100.0,643.56,1604.92,1416.38,552.45,2388.12,9174.9,47.88,520.47,8237.12,8.5388,396,38.67,23.0863
AC-018,185,-0.0001,-0.0002,100.0,643.06,1601.27,1417.87,552.25,2388.13,9178.75,47.63,521.06,8243.72,8.4848,395,38.65,23.1556
AC-018,186,0.0016,0.0001,100.0,643.85,1597.23,1425.43,552.58,2388.1,9191.36,47.99,520.33,8245.88,8.4843,394,38.6,23.0816
AC-018,187,-0.0006,-0.0002,100.0,643.17,1600.39,1422.43,551.82,2388.13,9177.82,48.15,520.23,8248.18,8.4426,396,38.61,23.0819
AC-018,188,0.0011,0.0001,100.0,643.17,1602.0,1428.31,552.77,2388.09,9187.67,47.77,520.49,8253.97,8.4999,395,38.57,23.2292
AC-018,189,-0.0001,-0.0004,100.0,643.11,1601.04,1433.02,552.09,2388.13,9195.53,47.93,521.03,8252.18,8.4955,396,38.58,23.1173
AC-018,190,0.002,-0.0003,100.0,643.39,1603.13,1424.21,551.39,2388.1,9196.3,47.97,520.14,8263.06,8.5376,397,38.45,23.0872
AC-018,191,-0.0007,-0.0001,100.0,643.59,1606.51,1423.47,551.58,2388.12,9206.21,47.87,520.25,8260.29,8.5102,396,38.65,23.1001
AC-018,192,-0.0018,-0.0004,100.0,643.23,1602.92,1426.15,552.23,2388.14,9204.44,48.1,520.53,8268.81,8.5372,397,38.3,22.9841
AC-018,193,0.0003,0.0001,100.0,643.89,1603.03,1423.65,552.22,2388.2,9210.95,48.3,520.36,8273.15,8.5429,396,38.31,23.1555
AC-018,194,0.0003,0.0004,100.0,644.05,1609.52,1423.44,551.52,2388.13,9223.56,48.14,520.23,8269.4,8.4945,397,38.58,23.0109
AC-018,195,-0.0029,-0.0001,100.0,643.93,1601.0,1428.08,551.43,2388.44,9224.53,48.01,519.44,8282.5,8.5132,398,38.5,23.0304
AC-021,1,-0.0017,-0.0005,100.0,642.24,1582.88,1410.66,553.57,2388.07,9047.42,47.44,521.76,8128.48,8.4181,395,38.9,23.3554
AC-021,2,-0.0013,0.0004,100.0,642.27,1582.13,1404.54,553.22,2388.03,9043.88,47.25,521.39,8120.15,8.3895,392,38.81,23.23
AC-021,3,0.0025,-0.0003,100.0,642.47,1589.73,1408.88,553.21,2388.11,9048.33,47.43,521.26,8124.89,8.4454,392,38.69,23.3471
AC-021,4,0.0013,-0.0003,100.0,642.5,1587.18,1409.45,553.3,2388.05,9052.17,47.35,521.81,8126.21,8.3913,393,39.0,23.4179
AC-021,5,-0.0006,-0.0002,100.0,642.21,1596.51,1401.46,553.03,2388.04,9047.48,47.57,521.82,8130.92,8.4825,393,38.88,23.2637
AC-021,6,0.0061,0.0,100.0,642.37,1592.15,1401.04,553.95,2388.06,9048.37,47.46,521.7,8130.7,8.4145,391,38.95,23.4954
AC-021,7,-0.0009,0.0004,100.0,642.45,1593.79,1397.77,553.21,2388.08,9045.96,47.32,521.5,8134.62,8.4465,392,38.94,23.3536
AC-021,8,0.0016,0.0002,100.0,642.44,1585.67,1407.8,553.48,2388.16,9050.91,47.4,521.96,8129.22,8.4318,392,38.91,23.3867
AC-021,9,0.0001,-0.0004,100.0,641.91,1590.36,1402.62,553.0,2388.1,9049.76,47.38,522.04,8127.36,8.4487,391,39.03,23.2562
AC-021,10,-0.0055,-0.0002,100.0,642.25,1582.71,1404.6,552.57,2388.07,9045.19,47.34,521.46,8128.64,8.4286,392,38.81,23.2975
AC-021,11,0.0023,0.0003,100.0,642.51,1585.7,1403.51,554.37,2388.12,9042.53,47.39,522.17,8128.12,8.4436,392,38.81,23.4113
AC-021,12,0.0063,-0.0,100.0,642.02,1590.84,1398.53,553.55,2388.07,9037.63,47.52,522.01,8132.49,8.4336,392,39.01,23.3711
AC-021,13,-0.0002,0.0003,100.0,642.49,1587.28,1405.33,553.23,2388.04,9044.07,47.52,522.04,8128.52,8.455,392,38.89,23.3916
AC-021,14,0.001,-0.0003,100.0,642.76,1589.09,1408.25,553.68,2388.11,9039.23,47.43,522.27,8126.26,8.4237,391,38.93,23.379
AC-021,15,-0.0022,0.0002,100.0,642.63,1587.31,1400.25,553.46,2388.1,9046.51,47.54,521.56,8130.06,8.4479,393,38.89,23.371
AC-021,16,0.0001,-0.0004,100.0,642.53,1591.64,1403.06,553.67,2388.04,9043.0,47.5,521.48,8124.5,8.4599,394,38.96,23.3728
AC-021,17,-0.0049,-0.0005,100.0,642.42,1581.82,1402.04,554.46,2388.07,9048.32,47.51,521.34,8127.03,8.3877,392,38.79,23.3632
AC-021,18,-0.002,0.0,100.0,642.83,1588.93,1404.68,553.92,2388.13,9043.56,47.5,521.43,8128.01,8.406,392,38.92,23.357
AC-021,19,0.0004,-0.0002,100.0,641.95,1587.76,1405.51,554.13,2388.1,9041.95,47.31,521.9,8122.4,8.4181,393,38.98,23.3561
AC-021,20,-0.0015,0.0002,100.0,642.15,1585.71,1406.4,553.98,2388.15,9044.17,47.26,522.29,8126.48,8.4522,392,38.83,23.4062
AC-021,21,0.0018,0.0002,100.0,643.19,1585.38,1402.15,553.49,2388.12,9050.29,47.41,521.69,8128.46,8.4304,393,38.89,23.3401
AC-021,22,0.0021,-0.0004,100.0,642.1,1588.54,1402.64,553.92,2388.13,9040.15,47.16,521.86,8129.3,8.4256,390,38.87,23.376
AC-021,23,-0.0006,-0.0005,100.0,642.44,1592.31,1410.76,553.72,2388.09,9045.41,47.41,521.4,8126.88,8.4147,392,38.9,23.2788
AC-021,24,-0.0032,0.0003,100.0,642.27,1587.87,1409.06,553.36,2388.16,9042.55,47.4,521.74,8129.95,8.4303,393,38.69,23.3584
AC-021,25,0.0029,-0.0004,100.0,642.84,1582.84,1410.79,553.97,2388.12,9042.82,47.65,521.51,8126.17,8.4385,393,38.9,23.2132
AC-021,26,-0.0007,-0.0002,100.0,642.64,1581.12,1405.47,553.63,2388.06,9049.68,47.59,521.6,8126.36,8.409,393,38.72,23.3239
AC-021,27,-0.0006,-0.0002,100.0,642.29,1587.82,1401.12,552.92,2388.04,9049.75,47.34,522.11,8127.71,8.4218,393,38.97,23.4011
AC-021,28,0.0007,0.0004,100.0,642.45,1583.56,1408.53,553.39,2388.13,9050.08,47.32,521.97,8125.51,8.3869,393,38.96,23.3508
AC-021,29,0.0034,-0.0004,100.0,642.73,1585.45,1404.01,553.64,2388.09,9046.99,47.36,521.57,8124.32,8.4112,392,38.85,23.2393
AC-021,30,0.0024,0.0001,100.0,642.84,1586.27,1406.22,554.25,2388.11,9043.42,47.32,521.89,8131.47,8.4284,392,38.86,23.293
AC-021,31,0.0034,-0.0002,100.0,642.64,1589.99,1402.34,553.46,2388.1,9053.49,47.5,521.7,8129.68,8.4407,393,38.77,23.4134
AC-021,32,0.0005,-0.0,100.0,642.32,1589.92,1408.92,554.2,2388.12,9038.3,47.34,521.96,8118.42,8.3924,392,38.93,23.2255
AC-021,33,-0.0031,-0.0001,100.0,642.08,1581.76,1408.28,554.06,2388.09,9051.79,47.35,521.57,8127.57,8.3731,393,38.63,23.3466
AC-021,34,-0.0006,-0.0002,100.0,642.28,1597.13,1400.84,553.33,2388.08,9051.12,47.46,521.41,8127.02,8.4478,393,38.97,23.3189
AC-021,35,0.0016,0.0001,100.0,642.73,1590.73,1401.12,553.35,2388.09,9049.13,47.47,521.84,8126.07,8.4416,393,38.88,23.3107
AC-021,36,0.0008,0.0003,100.0,642.53,1582.95,1401.12,553.08,2388.07,9048.52,47.45,520.98,8131.1,8.431,394,38.96,23.2136
AC-021,37,0.0057,-0.0004,100.0,643.21,1595.24,1405.24,552.95,2388.09,9041.04,47.42,521.39,8132.82,8.4388,393,38.85,23.2727
AC-021,38,-0.001,-0.0003,100.0,642.04,1582.53,1400.66,553.46,2388.12,9043.52,47.42,522.2,8127.45,8.4199,393,38.86,23.3196
AC-021,39,0.0007,-0.0005,100.0,642.51,1586.69,1405.01,554.52,2388.1,9052.32,47.46,521.63,8124.95,8.4379,393,38.78,23.3499
AC-021,40,-0.0014,-0.0002,100.0,642.65,1586.32,1398.67,553.61,2388.08,9055.92,47.51,521.77,8128.26,8.4254,393,38.62,23.394
AC-021,41,-0.0012,0.0003,100.0,642.1,1588.23,1401.58,553.76,2388.09,9048.62,47.5,521.87,8131.53,8.4395,392,39.01,23.3604
AC-021,42,-0.0024,0.0003,100.0,642.53,1596.99,1400.72,553.4,2388.12,9045.59,47.42,521.56,8131.82,8.4177,392,38.81,23.4489
AC-021,43,-0.0005,0.0002,100.0,642.72,1584.21,1405.94,553.42,2388.09,9054.27,47.44,521.26,8133.83,8.4136,393,39.02,23.3642
AC-021,44,0.0009,-0.0004,100.0,642.46,1595.14,1412.08,554.11,2388.08,9047.38,47.35,521.55,8127.4,8.4591,392,38.84,23.3592
AC-021,45,0.0032,-0.0001,100.0,642.43,1591.92,1404.43,553.74,2388.08,9049.47,47.57,521.53,8131.89,8.4119,393,38.66,23.3137
AC-021,46,0.0029,0.0004,100.0,642.0,1590.29,1408.04,553.41,2388.07,9045.24,47.3,521.57,8129.6,8.4398,392,38.96,23.3516
AC-021,47,0.0006,0.0001,100.0,642.55,1582.16,1398.94,553.09,2388.09,9052.15,47.4,521.73,8125.54,8.4077,393,38.84,23.2186
AC-021,48,0.002,0.0004,100.0,642.5,1593.16,1401.35,553.41,2388.11,9046.6,47.12,521.8,8129.73,8.4014,394,38.92,23.3378
AC-021,49,-0.0026,0.0003,100.0,642.37,1594.76,1407.76,553.32,2388.1,9049.62,47.52,521.14,8128.66,8.4237,393,38.94,23.3914
AC-021,50,-0.0007,-0.0001,100.0,642.43,1584.03,1414.56,553.61,2388.06,9049.75,47.33,521.54,8135.8,8.4437,393,38.98,23.4042
AC-021,51,0.0009,-0.0003,100.0,642.03,1592.94,1399.54,553.46,2388.01,9044.56,47.46,521.13,8127.58,8.4514,392,38.62,23.3821
AC-021,52,0.0001,0.0004,100.0,642.81,1583.6,1403.19,553.54,2388.11,9047.9,47.36,521.55,8128.91,8.4581,394,38.75,23.3821
AC-021,53,-0.0012,-0.0,100.0,642.4,1582.63,1405.1,552.9,2388.11,9046.33,47.47,521.2,8126.58,8.4335,392,39.11,23.2212
AC-021,54,0.0002,0.0002,100.0,642.98,1594.87,1406.78,553.36,2388.02,9048.55,47.32,521.78,8133.73,8.4836,393,38.96,23.3449
AC-021,55,0.0006,0.0003,100.0,642.52,1590.47,1402.69,554.54,2388.09,9050.03,47.39,522.12,8127.03,8.4089,393,38.83,23.2837
AC-021,56,-0.0015,-0.0006,100.0,642.67,1587.03,1406.29,553.48,2388.14,9058.2,47.55,520.94,8125.26,8.4068,393,38.89,23.348
AC-021,57,-0.0002,-0.0001,100.0,642.82,1587.86,1404.03,553.45,2388.1,9050.02,47.48,521.54,8127.26,8.4602,393,39.11,23.3253
AC-021,58,0.0006,0.0001,100.0,643.13,1592.22,1408.52,554.04,2388.07,9055.29,47.35,521.54,8136.97,8.4096,392,38.93,23.3003
AC-021,59,-0.0021,-0.0005,100.0,642.75,1588.77,1402.77,553.94,2388.13,9049.83,47.39,522.19,8130.28,8.413,393,38.83,23.3805
AC-021,60,-0.0015,0.0002,100.0,642.29,1589.28,1401.51,553.76,2388.16,9053.13,47.42,522.2,8126.37,8.4244,394,38.94,23.2907
AC-021,61,0.0026,0.0002,100.0,642.6,1581.56,1412.49,552.64,2388.06,9050.53,47.53,522.43,8133.14,8.412,393,38.56,23.4913
AC-021,62,-0.0007,0.0001,100.0,643.14,1590.7,1403.58,553.08,2388.11,9046.72,47.58,521.39,8127.76,8.4275,393,38.73,23.3659
AC-021,63,0.0003,-0.0,100.0,642.53,1590.99,1406.93,553.27,2388.08,9049.11,47.41,521.71,8125.43,8.4582,394,38.85,23.3362
AC-021,64,0.0024,0.0004,100.0,642.66,1588.11,1406.9,554.1,2388.1,9043.4,47.44,521.78,8128.01,8.4348,392,38.98,23.2737
AC-021,65,-0.0003,-0.0006,100.0,642.67,1586.79,1404.3,553.45,2388.09,9050.94,47.6,521.67,8127.96,8.4376,392,38.89,23.3527
AC-021,66,0.0012,-0.0,100.0,642.45,1590.71,1404.86,554.03,2388.14,9051.43,47.54,521.7,8134.63,8.407,392,38.76,23.2898
AC-021,67,-0.0042,0.0002,100.0,642.49,1593.55,1414.14,554.28,2388.06,9053.58,47.53,521.71,8134.64,8.4219,392,38.77,23.242
AC-021,68,-0.0033,-0.0005,100.0,643.26,1586.87,1410.93,553.82,2388.12,9041.37,47.23,521.5,8129.7,8.4431,394,38.77,23.2905
AC-021,69,-0.002,-0.0005,100.0,642.06,1587.76,1396.35,554.06,2388.13,9041.28,47.4,521.73,8131.32,8.4416,393,39.1,23.2483
AC-021,70,0.0011,0.0003,100.0,642.73,1586.85,1402.56,553.03,2388.08,9050.09,47.45,521.69,8129.79,8.3967,394,38.68,23.3254
AC-021,71,0.0006,0.0002,100.0,642.26,1585.99,1397.76,554.18,2388.05,9052.09,47.49,521.76,8131.85,8.4251,393,39.0,23.2905
AC-021,72,0.0008,0.0003,100.0,643.1,1585.32,1406.9,553.58,2388.11,9052.72,47.39,521.57,8125.56,8.4375,393,38.86,23.2478
AC-021,73,-0.0031,-0.0,100.0,642.74,1589.44,1407.22,553.69,2388.09,9047.16,47.46,521.13,8123.62,8.433,392,38.85,23.3874
AC-021,74,-0.0021,0.0004,100.0,642.43,1585.1,1408.69,553.75,2388.1,9048.56,47.53,521.87,8130.81,8.425,392,39.08,23.2649
AC-021,75,0.0003,0.0001,100.0,642.68,1592.71,1406.2,553.21,2388.09,9049.69,47.54,521.15,8131.38,8.4841,393,39.05,23.3812
AC-021,76,0.0009,-0.0005,100.0,642.58,1587.4,1408.39,553.19,2388.14,9046.2,47.49,521.89,8128.35,8.4464,393,38.75,23.1965
AC-021,77,0.0008,0.0004,100.0,643.09,1588.5,1402.87,553.99,2388.11,9053.52,47.2,521.45,8132.92,8.4159,394,38.9,23.2782
AC-021,78,-0.0029,-0.0002,100.0,642.46,1587.3,1406.44,553.25,2388.08,9055.41,47.45,521.97,8131.95,8.4421,393,38.98,23.3152
AC-021,79,-0.0027,0.0003,100.0,642.35,1587.54,1404.29,553.57,2388.08,9066.32,47.57,521.8,8134.23,8.446,394,38.98,23.3856
AC-021,80,0.0024,0.0,100.0,641.89,1586.5,1404.07,553.66,2388.09,9052.17,47.46,521.3,8131.31,8.4235,394,38.75,23.261
AC-021,81,-0.0007,-0.0005,100.0,642.87,1590.05,1409.83,553.75,2388.05,9049.55,47.67,521.87,8141.13,8.3981,392,38.72,23.2794
AC-021,82,-0.0034,-0.0003,100.0,642.35,1587.53,1394.72,553.99,2388.1,9046.58,47.54,521.52,8136.86,8.4631,392,38.86,23.4203
AC-021,83,0.0009,-0.0001,100.0,642.72,1588.82,1404.66,554.2,2388.11,9048.98,47.53,521.8,8129.38,8.4247,391,38.92,23.2468
AC-021,84,0.0002,0.0003,100.0,642.06,1587.43,1403.28,554.3,2388.05,9053.42,47.46,521.27,8130.74,8.4299,393,38.87,23.3318
AC-021,85,0.0028,0.0003,100.0,643.39,1582.96,1399.09,553.01,2388.09,9049.42,47.41,521.63,8136.02,8.4246,393,38.9,23.2879
AC-021,86,0.001,0.0003,100.0,643.03,1590.64,1409.81,553.63,2388.09,9041.5,47.44,521.47,8128.06,8.3747,392,38.85,23.3444
AC-021,87,-0.0002,-0.0005,100.0,642.81,1589.67,1401.23,553.95,2388.11,9047.74,47.65,521.36,8132.74,8.4643,391,38.9,23.2987
AC-021,88,0.0001,0.0,100.0,642.18,1594.32,1410.51,553.5,2388.14,9050.11,47.39,521.38,8135.56,8.426,393,38.98,23.381
AC-021,89,0.0008,-0.0005,100.0,642.11,1582.25,1413.44,553.65,2388.06,9054.26,47.53,521.58,8136.2,8.4647,394,38.89,23.1829
AC-021,90,-0.0053,-0.0002,100.0,642.26,1593.46,1403.41,553.15,2388.09,9054.3,47.48,521.08,8133.85,8.4229,392,38.83,23.3341
AC-021,91,-0.0005,0.0003,100.0,642.37,1594.42,1401.77,553.88,2388.06,9051.14,47.51,521.57,8137.1,8.4422,393,38.75,23.3382
AC-021,92,-0.0034,-0.0004,100.0,643.01,1584.25,1408.45,553.75,2388.06,9058.28,47.85,521.46,8140.48,8.3889,392,38.78,23.3162
AC-021,93,-0.002,0.0002,100.0,642.88,1591.43,1412.18,553.06,2388.12,9060.05,47.66,521.4,8133.83,8.4419,392,38.77,23.313
AC-021,94,0.0014,-0.0005,100.0,642.69,1593.34,1408.04,553.9,2388.1,9055.85,47.73,521.97,8132.64,8.4282,392,38.71,23.2868
AC-021,95,0.0031,-0.0006,100.0,642.57,1587.32,1411.64,553.29,2388.1,9057.47,47.5,521.1,8132.6,8.4311,393,38.8,23.2986
AC-021,96,-0.0017,-0.0001,100.0,642.58,1592.68,1409.34,553.63,2388.09,9047.63,47.69,521.84,8137.33,8.4288,393,38.78,23.2857
AC-021,97,0.0025,0.0004,100.0,642.44,1595.47,1408.92,552.92,2388.02,9058.8,47.57,521.16,8135.19,8.4514,392,38.9,23.3163
AC-021,98,-0.0022,-0.0002,100.0,642.1,1587.49,1404.76,553.6,2388.11,9056.02,47.52,521.71,8137.82,8.4383,393,38.92,23.3486
AC-021,99,-0.0036,-0.0005,100.0,641.99,1583.2,1401.2,553.92,2388.09,9055.68,47.49,521.66,8135.93,8.4064,391,38.73,23.374
AC-021,100,0.0014,-0.0001,100.0,642.71,1587.34,1403.15,553.85,2388.13,9056.79,47.61,521.37,8135.34,8.4482,394,38.73,23.3217
AC-021,101,0.0002,-0.0002,100.0,642.04,1591.67,1400.46,552.82,2388.04,9061.86,47.59,521.5,8136.7,8.4276,394,38.86,23.3221
AC-021,102,-0.0053,-0.0,100.0,642.47,1586.82,1403.0,553.78,2388.14,9055.1,47.59,520.77,8138.37,8.4246,393,38.74,23.2535
AC-021,103,-0.0019,-0.0001,100.0,642.93,1586.33,1402.16,553.37,2388.12,9056.7,47.52,522.04,8138.31,8.4324,392,39.02,23.2328
AC-021,104,0.0006,-0.0001,100.0,642.45,1590.33,1410.58,553.27,2388.14,9055.34,47.58,521.3,8133.68,8.4429,393,38.89,23.3638
AC-021,105,-0.0003,0.0002,100.0,642.69,1587.99,1400.44,553.99,2388.08,9052.27,47.56,521.5,8139.4,8.4863,391,39.03,23.3825
AC-021,106,0.0,0.0001,100.0,642.66,1587.95,1402.89,553.74,2388.05,9057.32,47.47,521.25,8137.43,8.4457,396,38.68,23.2855
AC-021,107,0.002,0.0001,100.0,642.57,1589.47,1402.92,553.84,2388.08,9055.71,47.45,521.64,8134.57,8.4933,394,38.8,23.2886
AC-021,108,0.0025,-0.0002,100.0,642.53,1588.02,1408.07,553.28,2388.04,9054.59,47.51,521.17,8139.93,8.4579,394,38.76,23.2448
AC-021,109,0.0008,0.0003,100.0,642.38,1598.37,1408.88,553.05,2388.13,9064.0,47.52,521.42,8136.77,8.4322,395,38.84,23.2023
AC-021,110,0.0013,0.0003,100.0,642.24,1586.9,1416.41,553.54,2388.05,9061.32,47.43,521.49,8141.06,8.4386,392,38.89,23.3948
AC-021,111,-0.0027,-0.0004,100.0,642.97,1594.94,1413.82,553.51,2388.11,9060.48,47.5,520.9,8139.61,8.4108,393,38.89,23.3607
AC-021,112,-0.002,-0.0001,100.0,642.52,1596.09,1409.04,553.2,2388.1,9059.97,47.7,521.22,8138.16,8.452,393,38.74,23.3513
AC-021,113,-0.0013,-0.0006,100.0,642.66,1592.54,1408.96,552.95,2388.08,9052.91,47.54,522.06,8139.13,8.4187,393,38.82,23.2092
AC-021,114,-0.0043,0.0002,100.0,643.37,1598.34,1412.58,553.66,2388.07,9059.98,47.51,521.46,8139.84,8.4606,393,38.74,23.2756
AC-021,115,0.0009,-0.0004,100.0,642.35,1587.72,1410.76,554.32,2388.03,9061.47,47.54,521.73,8140.65,8.4633,395,38.8,23.2233
AC-021,116,-0.0027,-0.0004,100.0,642.85,1582.03,1415.6,553.13,2388.06,9058.23,47.68,521.8,8141.48,8.4389,392,38.79,23.2497
AC-021,117,0.0001,-0.0001,100.0,642.69,1590.15,1410.59,553.21,2388.12,9056.82,47.52,521.34,8145.44,8.4579,392,38.86,23.3611
AC-021,118,-0.0014,0.0001,100.0,643.0,1593.96,1413.13,553.6,2388.06,9054.68,47.57,521.42,8143.18,8.4712,395,38.71,23.2949
AC-021,119,0.0023,-0.0003,100.0,642.76,1589.32,1406.26,553.83,2388.03,9069.18,47.5,521.49,8140.29,8.4808,393,38.85,23.332
AC-021,120,-0.0007,-0.0004,100.0,642.82,1585.75,1410.05,554.11,2388.09,9063.56,47.51,521.34,8135.03,8.4266,393,39.09,23.3024
AC-021,121,-0.0037,0.0,100.0,642.26,1590.43,1408.93,553.62,2388.08,9066.5,47.57,520.9,8136.58,8.4425,393,38.83,23.2758
AC-021,122,0.0018,0.0001,100.0,642.57,1595.24,1412.1,553.33,2388.1,9053.33,47.51,521.25,8142.04,8.4635,391,38.88,23.3637
AC-021,123,-0.0012,0.0002,100.0,642.74,1583.5,1415.04,553.75,2388.11,9060.15,47.75,521.47,8144.71,8.446,391,38.81,23.3874
AC-021,124,0.0003,-0.0005,100.0,642.82,1588.34,1411.5,553.4,2388.11,9062.02,47.6,520.98,8146.12,8.4367,391,38.89,23.4002
AC-021,125,-0.0001,-0.0002,100.0,642.63,1595.18,1410.76,553.77,2388.07,9072.67,47.56,521.64,8144.83,8.4173,393,38.76,23.2628
AC-021,126,-0.0009,-0.0004,100.0,642.4,1591.35,1408.97,553.86,2388.05,9070.45,47.59,521.7,8145.16,8.4468,394,38.75,23.2976
AC-021,127,0.0002,-0.0002,100.0,642.69,1589.56,1400.51,553.63,2388.06,9066.51,47.44,521.36,8147.79,8.452,393,38.79,23.3247
AC-021,128,0.0032,0.0003,100.0,643.41,1588.81,1406.46,553.03,2388.06,9069.36,47.53,520.88,8145.61,8.4725,394,38.94,23.2945
AC-021,129,0.0017,0.0002,100.0,642.76,1594.6,1407.09,554.07,2388.16,9075.13,47.58,521.52,8153.58,8.4436,393,38.78,23.224
AC-021,130,0.0028,0.0003,100.0,642.81,1588.48,1410.11,553.97,2388.06,9068.87,47.37,520.74,8148.01,8.4605,394,38.74,23.269
AC-021,131,-0.0016,0.0003,100.0,643.15,1584.97,1410.27,553.1,2388.09,9072.6,47.61,521.77,8149.2,8.4525,394,38.72,23.2955
AC-021,132,-0.0022,0.0001,100.0,642.76,1591.51,1408.89,552.9,2388.07,9061.53,47.48,521.7,8144.47,8.4181,394,38.76,23.3921
AC-021,133,0.0064,-0.0005,100.0,642.56,1598.14,1414.9,554.37,2388.11,9066.53,47.57,521.93,8147.1,8.4356,395,38.79,23.2963
AC-021,134,0.0039,0.0003,100.0,642.57,1590.62,1410.79,553.95,2388.05,9065.4,47.53,521.06,8151.04,8.4479,394,38.6,23.2605
AC-021,135,0.0003,0.0002,100.0,642.23,1588.66,1404.97,553.61,2388.17,9068.44,47.51,521.4,8147.56,8.4651,394,38.75,23.2431
AC-021,136,-0.0006,-0.0004,100.0,642.61,1598.86,1413.49,552.99,2388.11,9066.18,47.65,521.43,8147.23,8.4518,394,38.87,23.2353
AC-021,137,-0.0048,-0.0005,100.0,642.94,1588.26,1405.87,553.4,2388.11,9067.74,47.61,521.25,8146.93,8.4593,393,38.76,23.2635
AC-021,138,-0.0025,0.0004,100.0,642.75,1586.45,1406.24,553.23,2388.14,9070.27,47.44,521.26,8147.52,8.4349,393,38.82,23.2735
AC-021,139,0.0004,0.0004,100.0,643.01,1594.76,1416.14,553.28,2388.08,9073.29,47.7,521.2,8152.45,8.4359,392,38.8,23.2491
AC-021,140,0.0003,-0.0002,100.0,642.75,1590.53,1408.66,553.7,2388.15,9071.64,47.78,521.3,8150.49,8.4229,393,39.02,23.2696
AC-021,141,0.0,-0.0004,100.0,642.52,1590.22,1408.6,553.2,2388.12,9073.16,47.71,521.08,8151.97,8.443,394,38.69,23.2107
AC-021,142,-0.0001,0.0001,100.0,642.87,1591.83,1407.97,553.12,2388.09,9072.21,47.57,521.47,8149.66,8.4546,392,38.8,23.3117
AC-021,143,-0.0015,0.0003,100.0,643.19,1600.66,1419.94,553.82,2388.09,9078.92,47.64,521.15,8154.46,8.4693,394,38.84,23.2598
AC-021,144,0.0028,-0.0002,100.0,643.46,1597.79,1414.83,553.11,2388.08,9072.9,47.71,520.67,8153.16,8.441,394,38.83,23.2787
AC-021,145,0.0008,-0.0004,100.0,642.77,1593.0,1414.49,552.38,2388.07,9080.86,47.61,521.07,8157.89,8.4962,393,38.72,23.1927
AC-021,146,0.0025,-0.0003,100.0,643.12,1589.7,1422.79,553.58,2388.05,9066.02,47.54,521.21,8159.43,8.4637,394,38.84,23.3137
AC-021,147,0.0025,-0.0004,100.0,642.53,1591.56,1417.28,553.45,2388.17,9081.9,47.88,520.75,8157.74,8.48,395,38.86,23.1837
AC-021,148,0.0029,0.0001,100.0,643.15,1588.13,1406.62,553.04,2388.16,9077.43,47.58,521.03,8154.66,8.4469,393,38.85,23.3063
AC-021,149,0.0033,0.0001,100.0,642.91,1594.72,1413.36,552.54,2388.15,9080.58,47.65,521.19,8157.65,8.4113,393,38.89,23.1911
AC-021,150,-0.0014,-0.0003,100.0,642.26,1599.6,1412.12,553.03,2388.1,9076.81,47.71,521.32,8161.36,8.4638,394,38.92,23.2747
AC-021,151,-0.0032,-0.0,100.0,642.77,1585.08,1414.44,552.87,2388.07,9073.87,47.73,521.25,8166.1,8.4426,394,38.62,23.2335
AC-021,152,-0.0012,-0.0005,100.0,642.83,1595.37,1412.12,553.26,2388.11,9082.77,47.79,521.0,8159.12,8.4098,395,38.74,23.2816
AC-021,153,-0.001,-0.0005,100.0,643.1,1584.27,1418.47,552.95,2388.08,9082.64,47.76,520.69,8155.94,8.4762,394,38.56,23.2731
AC-021,154,0.002,0.0001,100.0,642.56,1586.47,1419.52,553.27,2388.11,9082.47,47.72,520.55,8163.52,8.4195,393,38.63,23.1987
AC-021,155,0.0005,-0.0002,100.0,642.77,1593.21,1406.5,552.4,2388.08,9095.98,47.68,520.82,8163.58,8.4335,393,38.66,23.1898
AC-021,156,-0.0005,-0.0005,100.0,643.0,1599.97,1411.74,552.63,2388.09,9086.95,47.61,520.53,8161.57,8.4146,392,38.62,23.2129
AC-021,157,0.0057,0.0,100.0,643.06,1601.96,1414.12,553.11,2388.15,9088.15,47.76,521.1,8165.79,8.4845,394,38.55,23.3392
AC-021,158,0.0009,0.0002,100.0,642.8,1593.77,1411.02,553.16,2388.11,9087.09,47.81,520.49,8166.88,8.4554,394,38.8,23.1642
AC-021,159,0.0014,0.0,100.0,642.73,1594.58,1417.5,552.57,2388.08,9088.19,47.7,520.54,8163.26,8.4267,394,38.75,23.2341
AC-021,160,-0.0028,-0.0001,100.0,643.06,1601.23,1407.82,552.3,2388.12,9093.52,47.63,521.01,8166.89,8.4641,395,38.71,23.2987
AC-021,161,0.0004,0.0003,100.0,642.79,1594.93,1420.38,553.29,2388.11,9094.77,47.73,521.11,8171.92,8.4746,395,38.49,23.2861
AC-021,162,0.0007,0.0,100.0,643.31,1588.03,1415.55,552.7,2388.11,9092.14,47.7,520.88,8165.3,8.5071,393,38.79,23.1656
AC-021,163,-0.0035,-0.0005,100.0,643.3,1594.18,1412.92,552.95,2388.08,9092.14,47.67,520.95,8168.25,8.4444,393,38.72,23.2533
AC-021,164,-0.0007,-0.0004,100.0,643.02,1601.71,1415.87,552.82,2388.11,9101.89,47.75,520.83,8173.99,8.503,395,38.67,23.2322
AC-021,165,-0.006,-0.0003,100.0,643.14,1597.76,1419.22,551.98,2388.15,9099.62,47.7,520.86,8169.29,8.4775,396,38.73,23.1884
AC-021,166,0.0012,0.0001,100.0,643.15,1597.12,1417.56,552.81,2388.05,9102.87,47.83,520.93,8172.86,8.4679,395,38.65,23.1204
AC-021,167,-0.0013,0.0001,100.0,642.67,1592.84,1417.03,552.64,2388.16,9101.3,47.84,520.99,8170.57,8.4524,394,38.64,23.139
AC-021,168,-0.0008,0.0002,100.0,643.45,1593.49,1416.86,551.85,2388.18,9102.44,47.74,520.6,8170.55,8.4539,394,38.55,23.1738
AC-021,169,0.0015,0.0002,100.0,642.95,1598.72,1404.44,553.35,2388.15,9110.26,47.7,520.84,8181.51,8.4793,394,38.73,23.2333
AC-021,170,0.001,0.0,100.0,643.36,1593.53,1414.34,552.37,2388.14,9100.01,47.92,520.15,8182.63,8.467,394,38.68,23.1021
AC-021,171,0.0004,-0.0,100.0,642.93,1594.59,1416.98,552.45,2388.08,9111.28,47.72,520.61,8175.93,8.4731,394,38.71,23.2438
AC-021,172,-0.0008,-0.0001,100.0,642.73,1601.24,1419.57,552.88,2388.16,9110.58,47.72,520.32,8181.55,8.4629,395,38.69,23.2232
AC-021,173,0.0023,-0.0005,100.0,643.66,1589.76,1416.02,553.26,2388.14,9112.71,47.82,520.68,8182.9,8.499,393,38.76,23.2221
AC-021,174,-0.0022,-0.0002,100.0,643.44,1595.7,1413.63,552.78,2388.11,9106.13,47.81,520.7,8184.51,8.4898,396,38.56,23.1385
AC-021,175,-0.0009,-0.0,100.0,643.33,1601.66,1420.72,552.24,2388.13,9110.08,47.91,520.81,8182.66,8.5325,396,38.56,23.2721
AC-021,176,-0.0005,-0.0005,100.0,643.64,1595.64,1421.95,553.12,2388.14,9117.62,47.93,521.13,8185.37,8.4777,395,38.71,23.2371
AC-021,177,0.001,0.0004,100.0,643.16,1595.49,1415.35,551.88,2388.12,9119.15,47.98,521.02,8192.54,8.4571,395,38.62,23.15
AC-021,178,0.0002,0.0003,100.0,643.16,1595.14,1415.78,552.41,2388.13,9115.87,47.92,520.47,8191.23,8.5123,395,38.53,23.1336
AC-021,179,0.0026,-0.0004,100.0,643.43,1596.67,1420.57,552.81,2388.11,9123.59,47.85,520.68,8188.25,8.4978,394,38.64,23.1996
AC-021,180,-0.0038,0.0002,100.0,643.28,1592.47,1425.74,551.82,2388.08,9124.41,47.9,520.18,8197.22,8.4731,396,38.76,23.1245
AC-021,181,-0.0004,-0.0004,100.0,643.25,1601.61,1423.88,552.28,2388.09,9127.29,47.71,520.23,8196.37,8.5089,396,38.63,23.1915
AC-021,182,-0.0038,0.0,100.0,644.03,1594.42,1427.49,551.45,2388.2,9126.2,48.05,520.43,8205.05,8.4974,396,38.47,23.0623
AC-021,183,0.0002,-0.0002,100.0,643.15,1599.18,1421.65,552.49,2388.12,9128.53,47.72,521.04,8195.84,8.4768,396,38.53,23.0947
AC-021,184,-0.0028,-0.0001,100.0,643.51,1601.81,1414.46,552.05,2388.2,9133.01,47.99,520.48,8203.49,8.5162,397,38.39,23.0725
AC-021,185,0.0013,0.0002,100.0,643.31,1597.22,1421.54,552.19,2388.14,9132.55,47.84,519.95,8202.54,8.5276,395,38.62,23.126
AC-021,186,-0.0008,-0.0,100.0,643.18,1596.2,1424.98,552.11,2388.13,9140.98,48.02,520.19,8206.42,8.5151,395,38.63,23.1031
AC-021,187,0.0006,0.0004,100.0,643.37,1605.88,1421.25,552.45,2388.07,9140.81,48.25,519.79,8212.31,8.492,396,38.59,23.0394
AC-021,188,0.0001,0.0,100.0,642.96,1601.95,1421.99,552.16,2388.16,9150.4,47.98,520.46,8211.32,8.5185,395,38.36,23.1883
AC-021,189,0.0039,-0.0002,100.0,643.15,1597.93,1428.04,551.89,2388.14,9147.63,47.97,520.52,8213.86,8.4658,395,38.43,23.2103
AC-021,190,0.0023,-0.0003,100.0,643.97,1605.53,1420.52,552.77,2388.13,9149.16,47.98,520.11,8217.12,8.5157,395,38.43,23.0629
AC-021,191,-0.0004,-0.0004,100.0,643.52,1597.89,1430.71,552.18,2388.18,9158.26,48.05,520.11,8212.58,8.48,397,38.58,23.0457
AC-021,192,-0.0023,0.0,100.0,643.89,1597.72,1424.5,551.78,2388.19,9162.31,48.09,520.77,8222.4,8.5063,397,38.35,23.1247
AC-021,193,0.0008,0.0002,100.0,644.02,1603.87,1423.72,552.26,2388.15,9155.93,48.08,519.83,8219.88,8.509,397,38.54,23.0377
AC-021,194,-0.0007,-0.0005,100.0,643.85,1604.29,1434.26,551.4,2388.18,9164.82,48.16,520.48,8231.47,8.5032,398,38.44,22.9791
AC-021,195,0.0022,0.0,100.0,643.87,1606.47,1432.84,551.79,2388.18,9161.51,48.04,520.26,8224.87,8.5197,399,38.44,22.986
AC-027,1,0.0004,-0.0,100.0,642.41,1592.81,1403.33,554.08,2388.08,9053.27,47.61,521.21,8144.58,8.4088,391,38.74,23.3425
AC-027,2,-0.0026,-0.0003,100.0,642.6,1590.48,1404.96,554.39,2388.02,9062.24,47.4,521.95,8138.82,8.4346,395,39.04,23.4075
AC-027,3,0.0005,-0.0003,100.0,642.3,1581.71,1401.67,553.69,2388.07,9059.84,47.38,521.95,8145.91,8.4253,391,38.75,23.2521
AC-027,4,0.0012,-0.0002,100.0,643.04,1587.25,1407.46,553.56,2388.06,9066.11,47.36,521.98,8141.46,8.433,394,38.8,23.333
AC-027,5,-0.0038,-0.0005,100.0,642.47,1584.61,1406.82,554.18,2388.04,9057.75,47.44,521.96,8138.58,8.4384,394,38.98,23.392
AC-027,6,-0.0012,0.0002,100.0,642.3,1584.48,1409.51,554.65,2388.02,9059.92,47.44,521.75,8145.23,8.4208,393,38.9,23.319
AC-027,7,0.0003,0.0001,100.0,642.27,1595.67,1409.94,552.85,2388.09,9069.62,47.45,521.21,8140.38,8.4177,393,38.97,23.2795
AC-027,8,0.0012,0.0002,100.0,642.45,1579.66,1407.34,553.45,2388.06,9066.23,47.48,522.36,8146.22,8.4298,394,38.82,23.3563
AC-027,9,-0.003,0.0001,100.0,642.59,1593.52,1408.99,553.74,2388.04,9068.2,47.34,521.29,8144.82,8.4011,392,38.94,23.3202
AC-027,10,0.0013,0.0001,100.0,642.54,1592.24,1408.67,554.03,2388.08,9066.4,47.52,521.19,8142.33,8.4128,393,38.95,23.4244
AC-027,11,0.0006,-0.0004,100.0,642.57,1586.12,1392.42,553.0,2388.11,9062.55,47.44,521.82,8142.34,8.4378,392,38.91,23.362
AC-027,12,-0.0021,-0.0003,100.0,642.48,1587.31,1404.75,553.34,2388.04,9065.14,47.45,522.05,8138.0,8.4468,393,38.82,23.3062
AC-027,13,0.005,0.0004,100.0,642.36,1588.83,1410.72,553.02,2388.08,9061.13,47.44,521.87,8144.86,8.4276,392,38.64,23.3662
AC-027,14,0.0012,0.0001,100.0,642.37,1583.56,1407.41,553.82,2388.05,9056.57,47.31,521.98,8151.14,8.4452,394,38.97,23.3414
AC-027,15,0.0006,-0.0002,100.0,642.33,1583.7,1402.81,553.9,2388.03,9069.72,47.42,521.67,8141.61,8.4514,393,38.73,23.3552
AC-027,16,-0.0024,-0.0003,100.0,642.4,1585.16,1403.97,552.58,2388.06,9067.64,47.5,521.55,8138.07,8.4352,392,38.82,23.3333
AC-027,17,-0.0014,-0.0003,100.0,641.78,1591.04,1407.19,554.56,2388.0,9061.41,47.4,521.6,8150.68,8.4351,393,38.86,23.3798
AC-027,18,-0.0015,0.0002,100.0,642.61,1590.43,1396.7,553.71,2388.1,9064.92,47.37,521.43,8139.6,8.4055,393,38.84,23.3399
AC-027,19,-0.0019,-0.0001,100.0,642.47,1581.23,1399.5,553.43,2388.11,9062.02,47.42,521.86,8142.48,8.4082,393,38.8,23.3244
AC-027,20,0.0004,-0.0003,100.0,642.66,1592.44,1407.16,553.88,2388.02,9064.36,47.4,521.61,8139.17,8.45,393,38.9,23.3725
AC-027,21,-0.0002,0.0002,100.0,642.56,1584.78,1395.72,553.86,2388.02,9067.88,47.47,522.07,8142.5,8.4341,392,38.83,23.358
AC-027,22,0.0025,-0.0004,100.0,642.75,1590.65,1405.19,552.86,2388.07,9059.1,47.53,522.0,8145.14,8.4121,393,38.89,23.3225
AC-027,23,0.0048,-0.0005,100.0,642.3,1590.01,1407.18,553.67,2388.09,9064.01,47.52,521.71,8142.42,8.4264,393,38.89,23.2872
AC-027,24,-0.0009,-0.0004,100.0,642.54,1594.77,1404.67,553.5,2387.97,9073.32,47.44,520.89,8150.47,8.4451,393,38.91,23.3274
AC-027,25,0.0002,-0.0004,100.0,642.54,1590.71,1403.35,554.51,2388.14,9066.2,47.24,522.1,8140.16,8.427,393,38.9,23.2058
AC-027,26,0.0001,0.0003,100.0,642.61,1587.42,1398.58,554.09,2388.06,9063.43,47.37,522.04,8144.18,8.4276,391,38.74,23.2886
AC-027,27,0.0035,-0.0003,100.0,642.32,1585.31,1406.02,552.99,2388.07,9069.36,47.31,521.77,8148.06,8.4601,393,39.02,23.3902
AC-027,28,0.0003,0.0003,100.0,642.55,1586.9,1404.2,554.33,2388.11,9067.38,47.34,522.21,8145.93,8.3907,393,39.12,23.3839
AC-027,29,-0.0023,-0.0005,100.0,642.5,1583.07,1405.78,553.98,2388.06,9063.3,47.35,521.91,8145.78,8.4348,392,38.89,23.2319
AC-027,30,-0.0009,0.0001,100.0,642.46,1589.12,1395.35,554.02,2388.05,9061.47,47.34,521.5,8149.79,8.4483,393,38.75,23.2781
AC-027,31,-0.0007,0.0002,100.0,642.7,1590.1,1404.34,553.94,2388.03,9056.41,47.47,521.61,8145.08,8.4361,392,38.72,23.3471
AC-027,32,-0.001,0.0,100.0,642.55,1589.05,1404.68,553.58,2388.02,9058.45,47.45,521.48,8142.86,8.4304,393,38.66,23.3432
AC-027,33,-0.0025,0.0003,100.0,642.06,1590.6,1407.24,553.03,2388.07,9060.42,47.37,521.75,8145.23,8.446,394,38.89,23.2982
AC-027,34,0.0014,-0.0003,100.0,642.93,1597.39,1403.23,553.9,2388.1,9062.04,47.25,522.2,8137.51,8.4496,393,38.92,23.3944
AC-027,35,-0.0035,-0.0,100.0,642.31,1591.21,1405.62,553.41,2388.06,9066.63,47.45,521.89,8138.47,8.4391,392,38.91,23.365
AC-027,36,-0.0022,-0.0002,100.0,642.16,1596.79,1407.68,554.49,2388.1,9068.67,47.45,521.56,8139.3,8.3947,393,38.98,23.2749
AC-027,37,0.0028,0.0002,100.0,642.69,1587.68,1401.08,554.49,2388.08,9067.53,47.28,521.81,8142.31,8.4219,391,38.87,23.4123
AC-027,38,0.0012,0.0002,100.0,642.55,1587.12,1409.48,554.18,2388.06,9070.16,47.52,522.24,8144.39,8.4059,392,38.96,23.3179
AC-027,39,-0.0006,-0.0004,100.0,642.26,1589.69,1405.18,553.64,2388.02,9060.09,47.57,521.94,8145.37,8.4273,393,39.0,23.3514
AC-027,40,0.0001,0.0003,100.0,642.42,1592.01,1409.89,554.32,2388.08,9064.69,47.53,521.57,8150.59,8.4624,393,38.85,23.3694
AC-027,41,0.0012,-0.0,100.0,642.21,1583.26,1404.96,553.73,2388.06,9057.14,47.44,521.64,8142.24,8.4502,392,38.87,23.165
AC-027,42,0.0009,-0.0005,100.0,642.94,1581.57,1407.92,553.41,2388.04,9068.4,47.37,521.29,8145.28,8.4601,393,38.94,23.3386
AC-027,43,0.0002,-0.0004,100.0,642.84,1591.34,1401.74,553.68,2388.13,9064.24,47.38,521.49,8149.36,8.4171,394,38.79,23.3086
AC-027,44,0.0001,-0.0002,100.0,642.81,1583.25,1397.69,554.14,2388.09,9072.87,47.45,521.52,8143.18,8.4091,393,38.87,23.2843
AC-027,45,0.001,-0.0002,100.0,642.5,1588.66,1412.34,554.03,2388.05,9063.77,47.58,521.21,8146.51,8.4182,392,39.02,23.2726
AC-027,46,-0.0038,-0.0003,100.0,642.48,1585.98,1400.43,554.23,2388.05,9070.12,47.32,521.48,8141.42,8.4178,392,38.86,23.3129
AC-027,47,-0.002,-0.0002,100.0,642.32,1590.28,1409.2,553.25,2388.1,9068.49,47.47,521.83,8141.68,8.4431,392,38.87,23.2718
AC-027,48,0.001,-0.0,100.0,643.11,1593.64,1412.48,553.45,2388.06,9066.14,47.6,521.73,8140.35,8.4163,393,38.88,23.4464
AC-027,49,0.0032,0.0003,100.0,642.05,1590.33,1408.22,553.53,2388.07,9071.78,47.54,521.74,8152.53,8.4277,392,38.92,23.3259
AC-027,50,-0.0014,-0.0003,100.0,643.12,1588.5,1406.8,553.36,2388.11,9066.57,47.64,521.26,8147.41,8.4129,394,39.0,23.3386
AC-027,51,-0.0025,-0.0002,100.0,642.53,1590.41,1409.24,553.16,2388.03,9065.55,47.37,521.76,8144.87,8.4392,393,38.93,23.4062
AC-027,52,-0.0008,-0.0002,100.0,642.86,1592.59,1404.88,553.17,2388.03,9063.27,47.59,521.31,8137.45,8.4518,391,38.98,23.288
AC-027,53,0.0032,0.0004,100.0,642.56,1584.63,1408.94,553.14,2388.06,9060.79,47.46,522.0,8141.03,8.4146,392,38.78,23.3635
AC-027,54,0.0009,0.0001,100.0,642.62,1584.73,1407.3,553.53,2388.06,9063.37,47.52,521.52,8149.35,8.4461,392,38.9,23.2081
AC-027,55,0.0033,-0.0,100.0,642.28,1590.34,1403.66,554.97,2388.05,9065.81,47.45,521.68,8148.28,8.4398,393,38.92,23.4158
AC-027,56,0.003,0.0003,100.0,642.91,1595.92,1403.35,553.23,2388.09,9065.89,47.21,521.48,8136.03,8.4514,393,38.9,23.3764
AC-027,57,-0.0003,0.0003,100.0,642.26,1590.69,1410.43,554.17,2388.03,9066.79,47.62,521.45,8141.63,8.4204,393,38.79,23.3128
AC-027,58,0.0017,0.0002,100.0,642.57,1584.91,1401.33,552.96,2388.05,9069.47,47.45,521.26,8143.44,8.4361,393,38.92,23.3731
AC-027,59,-0.0028,0.0001,100.0,641.89,1595.99,1406.05,552.99,2388.11,9063.77,47.66,521.69,8146.7,8.4306,394,38.76,23.357
AC-027,60,-0.0021,0.0002,100.0,642.78,1587.22,1407.53,553.02,2388.07,9069.95,47.51,521.53,8147.55,8.4413,392,38.77,23.2111
AC-027,61,0.0003,-0.0004,100.0,642.56,1591.03,1408.91,552.82,2388.09,9071.13,47.39,521.15,8148.23,8.4327,392,38.69,23.379
AC-027,62,0.0024,0.0002,100.0,642.26,1588.61,1414.54,553.51,2388.1,9064.77,47.38,521.63,8144.23,8.4336,392,38.93,23.2637
AC-027,63,0.0004,0.0001,100.0,642.33,1590.1,1416.28,552.61,2388.08,9060.33,47.41,521.49,8148.73,8.4618,393,38.93,23.2869
AC-027,64,-0.0023,-0.0004,100.0,642.59,1591.45,1403.31,553.92,2388.15,9068.6,47.55,521.87,8146.86,8.4189,393,39.07,23.3385
AC-027,65,-0.0008,-0.0002,100.0,642.7,1590.78,1406.97,553.23,2388.1,9060.49,47.63,522.24,8138.62,8.4179,393,38.88,23.3298
AC-027,66,-0.005,-0.0003,100.0,642.81,1589.64,1406.18,553.8,2388.07,9065.48,47.47,521.52,8142.88,8.4438,393,38.9,23.1849
AC-027,67,0.0,0.0002,100.0,642.57,1586.59,1412.39,554.0,2388.07,9069.14,47.43,521.83,8142.67,8.4508,395,38.94,23.3121
AC-027,68,-0.0006,-0.0001,100.0,642.73,1593.25,1413.68,553.45,2388.1,9069.39,47.34,522.14,8147.8,8.428,392,38.8,23.3597
AC-027,69,0.0033,0.0003,100.0,642.77,1578.13,1407.13,553.32,2388.08,9066.37,47.54,522.12,8149.25,8.427,394,38.78,23.364
AC-027,70,0.0018,-0.0003,100.0,642.53,1584.62,1408.9,553.2,2388.08,9066.9,47.44,521.9,8142.63,8.4254,394,38.88,23.3443
AC-027,71,-0.0011,-0.0001,100.0,642.7,1593.27,1404.91,552.78,2388.08,9066.69,47.56,521.98,8147.87,8.3924,393,38.98,23.3195
AC-027,72,-0.0001,-0.0005,100.0,642.85,1584.8,1409.4,553.28,2388.07,9070.38,47.5,522.03,8142.34,8.4406,392,38.82,23.2761
AC-027,73,-0.0022,-0.0004,100.0,642.83,1595.96,1403.62,553.38,2388.08,9070.22,47.52,521.66,8149.48,8.408,393,38.83,23.2556
AC-027,74,-0.0014,-0.0001,100.0,642.43,1589.75,1403.14,554.42,2388.08,9065.28,47.54,521.83,8148.24,8.4408,393,39.06,23.3193
AC-027,75,-0.0002,0.0004,100.0,642.76,1589.51,1411.99,553.49,2388.04,9071.52,47.46,521.93,8144.03,8.4467,393,38.68,23.3404
AC-027,76,-0.0014,0.0001,100.0,642.5,1587.74,1407.5,553.38,2388.06,9064.55,47.56,521.65,8143.37,8.4191,393,38.94,23.3429
AC-027,77,0.0017,-0.0003,100.0,642.87,1588.09,1409.32,554.35,2388.03,9076.28,47.46,521.62,8153.49,8.4316,392,38.9,23.3397
AC-027,78,-0.0024,-0.0002,100.0,642.43,1593.59,1411.26,553.09,2388.1,9070.92,47.45,521.76,8145.92,8.429,395,38.85,23.3428
AC-027,79,-0.0024,-0.0002,100.0,642.7,1584.93,1410.78,553.87,2388.12,9071.87,47.42,521.29,8141.38,8.4376,394,38.73,23.2766
AC-027,80,0.0007,-0.0005,100.0,641.84,1587.58,1414.87,553.53,2388.02,9069.73,47.46,521.35,8151.22,8.4667,393,38.84,23.2138
AC-027,81,-0.0003,-0.0003,100.0,643.16,1590.25,1410.54,553.74,2388.09,9063.08,47.42,522.07,8147.64,8.444,393,38.82,23.3558
AC-027,82,0.0017,-0.0,100.0,642.5,1600.91,1415.54,553.5,2388.09,9061.03,47.48,521.68,8150.9,8.3974,392,38.75,23.3561
AC-027,83,0.0013,0.0001,100.0,642.24,1591.16,1399.22,553.41,2388.07,9072.18,47.53,520.86,8153.05,8.4279,394,38.92,23.3416
AC-027,84,0.0026,0.0001,100.0,643.05,1590.75,1411.12,553.21,2388.11,9069.1,47.63,521.86,8147.08,8.4312,395,38.72,23.3699
AC-027,85,-0.0042,0.0,100.0,641.86,1591.36,1409.92,553.28,2388.09,9074.25,47.63,521.37,8151.2,8.4562,392,38.93,23.3496
AC-027,86,-0.0013,-0.0004,100.0,642.87,1593.17,1403.79,553.76,2388.1,9070.13,47.58,521.0,8149.27,8.4437,393,39.1,23.2941
AC-027,87,0.0021,-0.0003,100.0,642.63,1590.85,1411.77,553.85,2388.1,9067.17,47.61,521.42,8147.15,8.4775,391,38.7,23.2104
AC-027,88,0.0003,-0.0005,100.0,643.0,1586.24,1407.36,553.15,2388.05,9068.5,47.51,520.59,8152.72,8.4216,392,38.82,23.3788
AC-027,89,0.0003,0.0001,100.0,642.6,1595.61,1410.14,553.43,2388.07,9074.96,47.47,520.92,8145.83,8.4042,394,38.86,23.1602
AC-027,90,0.0001,0.0,100.0,642.13,1591.67,1408.51,553.68,2388.08,9069.56,47.6,520.97,8151.82,8.4565,394,38.68,23.3718
AC-027,91,0.0016,-0.0002,100.0,642.94,1590.89,1409.25,553.26,2388.07,9072.4,47.54,521.51,8148.73,8.457,394,39.03,23.1897
AC-027,92,-0.0008,0.0002,100.0,642.48,1585.96,1408.21,553.18,2388.09,9072.9,47.69,521.03,8149.25,8.4985,393,38.86,23.2057
AC-027,93,0.0,0.0002,100.0,642.64,1592.61,1417.3,553.58,2388.12,9074.79,47.43,521.03,8151.5,8.4139,394,38.71,23.303
AC-027,94,-0.0019,0.0002,100.0,642.41,1597.87,1409.0,553.78,2388.07,9086.81,47.54,521.51,8151.6,8.4572,394,38.76,23.2785
AC-027,95,0.0008,-0.0001,100.0,643.26,1595.23,1408.35,552.69,2388.07,9082.15,47.71,522.37,8146.29,8.4474,392,38.87,23.2952
AC-027,96,-0.0003,0.0002,100.0,642.66,1590.7,1415.73,553.07,2388.06,9073.48,47.67,520.96,8153.95,8.484,393,38.65,23.31
AC-027,97,0.0031,-0.0003,100.0,643.17,1584.43,1417.08,552.48,2388.1,9075.95,47.53,521.28,8151.37,8.4153,392,38.76,23.2503
AC-027,98,-0.0013,0.0004,100.0,642.59,1586.18,1408.5,552.75,2388.08,9079.74,47.73,521.06,8146.12,8.4508,394,38.82,23.1136
AC-027,99,-0.0023,-0.0,100.0,642.65,1591.88,1414.29,553.3,2388.1,9077.61,47.5,521.05,8155.67,8.4217,394,38.99,23.4543
AC-027,100,-0.0009,-0.0003,100.0,642.41,1591.27,1405.82,553.08,2388.12,9074.93,47.5,520.96,8153.67,8.4529,392,38.93,23.3242
AC-027,101,0.0018,-0.0002,100.0,642.97,1590.05,1409.52,553.08,2388.08,9072.0,47.58,521.5,8150.66,8.4494,393,38.79,23.273
AC-027,102,-0.0028,0.0001,100.0,643.27,1596.27,1410.49,552.4,2388.11,9083.46,47.69,521.26,8150.19,8.4381,393,38.71,23.1543
AC-027,103,-0.0017,-0.0005,100.0,642.92,1598.29,1417.33,552.39,2388.12,9070.84,47.62,520.88,8150.48,8.4145,395,38.86,23.2877
AC-027,104,-0.0006,0.0002,100.0,642.8,1590.26,1411.59,553.29,2388.12,9079.04,47.64,521.37,8151.72,8.4773,393,38.84,23.2414
AC-027,105,0.0003,0.0,100.0,642.78,1594.54,1408.62,553.07,2388.12,9072.32,47.59,521.57,8160.01,8.4467,393,39.01,23.3349
AC-027,106,-0.003,-0.0004,100.0,643.22,1591.24,1413.43,553.27,2388.08,9070.42,47.73,521.17,8159.72,8.4402,396,38.63,23.3546
AC-027,107,0.0013,-0.0001,100.0,643.06,1592.6,1415.59,553.25,2388.1,9079.41,47.61,520.91,8158.35,8.4471,393,38.98,23.2095
AC-027,108,-0.0048,-0.0,100.0,642.5,1586.58,1410.2,553.29,2388.1,9078.18,47.47,521.28,8152.68,8.4409,394,38.73,23.3405
AC-027,109,-0.0005,0.0002,100.0,643.03,1596.46,1402.48,552.89,2388.07,9079.2,47.65,520.72,8154.77,8.4645,395,38.56,23.238
AC-027,110,0.0007,-0.0005,100.0,643.17,1597.79,1416.82,553.23,2388.1,9082.82,47.58,521.39,8159.55,8.4654,394,38.74,23.2156
AC-027,111,-0.001,-0.0002,100.0,643.07,1587.76,1408.68,552.55,2388.1,9086.44,47.5,521.2,8157.77,8.4732,393,38.75,23.1462
AC-027,112,-0.0009,0.0001,100.0,642.55,1593.06,1419.78,552.7,2388.11,9086.26,47.82,520.87,8163.05,8.4971,394,38.72,23.2291
AC-027,113,-0.0009,0.0004,100.0,642.01,1590.1,1419.08,553.33,2388.12,9084.23,47.66,521.38,8154.77,8.4996,394,38.86,23.2555
AC-027,114,-0.0013,0.0,100.0,642.62,1589.31,1409.5,553.45,2388.16,9085.75,47.62,520.56,8154.36,8.4495,393,38.75,23.3215
AC-027,115,0.0016,-0.0004,100.0,643.15,1596.43,1406.79,553.37,2388.1,9080.95,47.74,521.61,8162.12,8.424,393,38.75,23.2533
AC-027,116,-0.0011,-0.0003,100.0,643.03,1595.3,1414.22,553.75,2388.12,9087.05,47.69,521.55,8162.59,8.4847,392,38.58,23.2533
AC-027,117,-0.0015,-0.0002,100.0,643.13,1594.45,1412.68,553.08,2388.09,9086.99,47.63,520.64,8161.24,8.4794,394,38.82,23.2818
AC-027,118,-0.0007,-0.0001,100.0,642.66,1596.54,1409.07,553.06,2388.06,9083.29,47.82,520.65,8157.21,8.4542,394,38.69,23.2242
AC-027,119,0.002,-0.0003,100.0,642.63,1601.47,1413.67,552.57,2388.04,9086.62,47.71,520.96,8156.58,8.4609,394,38.67,23.1955
AC-027,120,0.0003,0.0002,100.0,643.3,1596.71,1415.04,551.91,2388.08,9086.22,47.84,520.73,8160.94,8.4257,394,38.8,23.1596
AC-027,121,-0.0004,-0.0001,100.0,642.67,1596.07,1411.54,553.52,2388.07,9087.76,47.73,521.19,8162.94,8.4937,395,38.81,23.2751
AC-027,122,0.0012,-0.0001,100.0,642.78,1594.96,1411.04,552.51,2388.11,9082.24,47.62,520.9,8161.81,8.4538,394,38.64,23.2634
AC-027,123,0.0013,-0.0005,100.0,643.01,1593.26,1418.59,553.0,2388.11,9085.06,47.79,520.44,8160.55,8.5044,395,38.77,23.2581
AC-027,124,-0.0003,-0.0002,100.0,643.02,1594.17,1420.21,552.91,2388.14,9091.19,47.74,521.12,8161.2,8.4511,393,38.54,23.2164
AC-027,125,-0.0012,0.0004,100.0,643.3,1594.14,1414.68,553.37,2388.13,9088.49,47.48,521.4,8164.12,8.4702,393,38.65,23.1363
AC-027,126,-0.0008,-0.0003,100.0,643.13,1601.52,1418.16,552.71,2388.05,9092.73,47.86,520.72,8167.14,8.4775,393,38.69,23.2992
AC-027,127,-0.0008,0.0002,100.0,642.93,1589.48,1413.76,552.81,2388.08,9095.28,47.95,520.78,8167.12,8.4782,393,38.64,23.2686
AC-027,128,0.0,0.0003,100.0,642.99,1597.56,1418.09,552.65,2388.11,9100.82,47.73,520.65,8162.7,8.421,396,38.77,23.201
AC-027,129,-0.0009,-0.0003,100.0,642.82,1596.58,1414.87,552.18,2388.11,9091.64,47.72,520.84,8169.46,8.4733,395,38.78,23.2787
AC-027,130,-0.0012,0.0002,100.0,643.14,1588.93,1415.13,552.34,2388.13,9098.26,47.76,521.13,8172.5,8.4932,393,38.71,23.1785
AC-027,131,0.0015,0.0,100.0,642.63,1596.17,1419.49,552.19,2388.11,9095.96,47.82,521.24,8171.63,8.4656,396,38.56,23.2102
AC-027,132,0.0024,-0.0005,100.0,643.56,1596.9,1414.83,553.17,2388.11,9096.31,47.81,520.71,8165.34,8.4617,395,38.64,23.1495
AC-027,133,-0.003,-0.0003,100.0,643.82,1596.44,1413.51,553.15,2388.09,9102.37,47.74,520.61,8169.51,8.473,395,38.66,23.135
AC-027,134,-0.003,-0.0005,100.0,643.55,1594.9,1415.44,552.61,2388.17,9099.55,47.85,521.26,8176.05,8.4878,395,38.69,23.1422
AC-027,135,-0.0022,0.0001,100.0,642.84,1599.93,1421.02,553.28,2388.08,9100.56,47.57,520.67,8172.55,8.4401,395,38.72,23.1423
AC-027,136,-0.0051,-0.0005,100.0,643.43,1597.34,1420.99,552.33,2388.16,9103.92,47.82,520.63,8173.82,8.48,395,38.6,23.1191
AC-027,137,0.0008,-0.0005,100.0,643.42,1587.85,1421.48,552.31,2388.14,9109.46,47.96,520.37,8175.11,8.47,395,38.39,23.2479
AC-027,138,0.0018,0.0004,100.0,643.79,1600.39,1423.73,552.47,2388.12,9112.02,47.78,520.55,8179.58,8.5029,397,38.46,23.1376
AC-027,139,-0.0018,-0.0004,100.0,643.55,1604.41,1418.5,552.66,2388.12,9109.28,47.95,520.2,8169.95,8.4694,395,38.63,23.2009
AC-027,140,0.004,0.0004,100.0,643.03,1590.08,1418.17,552.13,2388.15,9106.13,47.82,520.3,8180.48,8.5094,394,38.5,23.1819
AC-027,141,0.0026,0.0,100.0,643.77,1595.21,1418.75,551.98,2388.2,9112.38,47.77,520.69,8187.91,8.4834,394,38.51,23.1364
AC-027,142,-0.0004,0.0001,100.0,643.22,1595.77,1416.04,552.63,2388.14,9117.4,48.09,521.08,8185.09,8.4769,394,38.6,23.0974
AC-027,143,-0.0001,-0.0001,100.0,643.27,1602.64,1421.92,552.5,2388.19,9118.63,47.88,520.53,8181.83,8.5029,394,38.5,23.0649
AC-027,144,-0.0017,-0.0003,100.0,643.38,1602.76,1422.56,551.99,2388.17,9121.87,48.09,520.05,8184.17,8.4962,395,38.67,23.137
AC-027,145,-0.0,0.0003,100.0,643.56,1599.55,1423.96,551.38,2388.12,9118.9,48.07,520.74,8185.61,8.5521,395,38.69,23.15
AC-027,146,-0.0013,0.0002,100.0,644.0,1605.27,1424.26,551.89,2388.15,9121.63,48.09,520.78,8185.95,8.4684,396,38.45,23.0716
AC-027,147,0.0017,0.0003,100.0,643.6,1599.15,1423.26,551.4,2388.16,9118.21,47.98,520.66,8194.26,8.4949,397,38.58,23.0639
AC-027,148,-0.0023,-0.0004,100.0,643.3,1604.17,1424.36,552.45,2388.17,9126.28,47.86,520.19,8187.57,8.4951,395,38.47,23.1164
AC-027,149,-0.0042,-0.0002,100.0,643.4,1598.75,1422.67,552.41,2388.14,9122.95,47.99,520.25,8194.73,8.5158,395,38.38,23.1406
AC-027,150,-0.0009,0.0001,100.0,643.75,1599.94,1419.47,551.51,2388.17,9133.75,47.99,519.94,8196.73,8.5362,398,38.42,23.1674
AC-027,151,-0.005,0.0003,100.0,643.48,1604.42,1423.42,551.31,2388.17,9129.98,48.11,520.3,8195.98,8.5312,397,38.48,23.1837
AC-027,152,-0.0004,0.0004,100.0,643.64,1600.46,1416.81,551.96,2388.16,9131.86,48.11,520.3,8196.96,8.5054,396,38.53,23.082
AC-027,153,0.0027,0.0001,100.0,643.57,1600.98,1429.2,551.83,2388.17,9129.9,47.9,520.29,8202.69,8.4995,395,38.3,23.0855
AC-027,154,0.0024,0.0002,100.0,643.8,1606.27,1431.34,551.47,2388.18,9140.82,48.15,519.87,8205.16,8.502,397,38.55,23.098
AC-027,155,-0.003,0.0001,100.0,643.5,1607.67,1422.32,551.62,2388.14,9143.95,48.07,520.09,8200.38,8.5216,398,38.56,23.1217
AC-027,156,0.0003,0.0004,100.0,643.76,1606.45,1429.06,551.51,2388.17,9141.14,48.26,519.43,8210.07,8.5259,397,38.65,23.0772
AC-029,1,0.0042,-0.0,100.0,642.85,1590.52,1408.46,554.41,2388.04,9055.13,47.4,521.92,8143.8,8.4185,393,39.09,23.3381
AC-029,2,0.0011,0.0004,100.0,642.27,1592.43,1408.53,553.71,2388.03,9060.3,47.27,521.77,8140.58,8.4272,392,38.84,23.335
AC-029,3,0.0002,-0.0001,100.0,642.67,1587.06,1399.36,554.12,2388.11,9062.25,47.56,521.94,8144.01,8.4103,393,38.81,23.3956
AC-029,4,0.001,-0.0005,100.0,642.7,1590.5,1404.58,554.62,2388.05,9070.14,47.35,522.65,8145.94,8.4657,393,38.89,23.3491
AC-029,5,0.0006,-0.0005,100.0,642.76,1588.83,1405.83,553.38,2388.08,9062.12,47.4,521.66,8140.63,8.4279,393,38.88,23.2584
AC-029,6,-0.0032,-0.0003,100.0,642.29,1587.25,1401.97,553.52,2388.08,9057.78,47.31,521.82,8137.41,8.4409,393,38.81,23.425
AC-029,7,-0.0012,-0.0,100.0,641.61,1591.95,1410.22,553.67,2388.05,9060.72,47.31,521.88,8140.89,8.4337,392,38.85,23.4348
AC-029,8,0.0028,0.0002,100.0,642.45,1581.85,1403.44,553.81,2388.01,9054.0,47.4,521.63,8140.8,8.4199,393,39.05,23.4201
AC-029,9,-0.0024,0.0001,100.0,641.88,1586.87,1406.02,553.43,2388.02,9064.46,47.36,521.88,8145.7,8.4254,392,38.88,23.3746
AC-029,10,-0.0005,-0.0002,100.0,642.61,1588.05,1402.72,554.02,2388.06,9058.27,47.43,522.33,8140.65,8.4242,394,38.84,23.357
AC-029,11,-0.0011,-0.0,100.0,642.64,1585.48,1406.08,553.32,2388.07,9059.95,47.38,521.84,8141.68,8.4439,392,38.97,23.3476
AC-029,12,0.0014,-0.0001,100.0,642.33,1591.01,1410.3,554.0,2388.11,9058.11,47.27,521.79,8143.65,8.4137,393,38.88,23.2505
AC-029,13,0.0006,-0.0,100.0,642.25,1596.28,1403.02,554.06,2388.09,9060.55,47.39,521.9,8144.47,8.3917,393,38.87,23.2653
AC-029,14,0.0008,0.0004,100.0,642.3,1593.51,1402.65,553.24,2388.06,9060.52,47.37,522.32,8140.22,8.4174,392,38.91,23.3366
AC-029,15,-0.0013,0.0002,100.0,642.42,1587.53,1402.14,554.06,2388.07,9052.72,47.49,522.23,8141.46,8.4243,393,38.92,23.4404
AC-029,16,-0.0008,-0.0,100.0,642.31,1585.86,1403.55,554.53,2388.06,9057.35,47.26,522.01,8143.12,8.4339,394,39.06,23.3746
AC-029,17,0.0019,0.0004,100.0,642.3,1584.21,1406.37,553.6,2388.02,9066.63,47.42,522.32,8137.84,8.4449,393,38.79,23.2866
AC-029,18,0.0012,0.0001,100.0,642.08,1582.08,1405.48,554.07,2388.09,9051.79,47.44,522.0,8142.68,8.426,393,38.69,23.4351
AC-029,19,0.0005,-0.0,100.0,642.27,1585.7,1405.25,553.75,2388.04,9056.57,47.41,521.79,8134.03,8.4269,392,39.0,23.3546
AC-029,20,0.0046,-0.0003,100.0,642.98,1591.52,1395.22,553.6,2388.06,9052.66,47.37,522.13,8139.29,8.4345,394,38.75,23.2417
AC-029,21,-0.005,0.0003,100.0,642.35,1585.9,1403.4,553.99,2388.09,9062.84,47.47,522.22,8141.07,8.4164,393,38.94,23.4182
AC-029,22,-0.0001,-0.0004,100.0,642.36,1581.65,1408.38,554.21,2388.05,9062.68,47.44,521.75,8136.41,8.3917,391,38.94,23.3777
AC-029,23,-0.0004,-0.0004,100.0,642.08,1587.41,1412.34,553.7,2388.07,9061.03,47.42,521.63,8134.13,8.4581,393,38.82,23.4316
AC-029,24,0.0021,-0.0003,100.0,642.36,1588.52,1397.33,553.69,2388.1,9061.12,47.44,521.6,8146.26,8.4306,393,38.9,23.3503
AC-029,25,-0.0027,0.0002,100.0,642.7,1582.0,1410.1,553.69,2388.07,9071.3,47.5,521.73,8133.97,8.4458,394,38.99,23.3378
AC-029,26,-0.0006,0.0003,100.0,642.85,1583.93,1403.11,553.81,2388.04,9063.81,47.34,521.35,8139.72,8.4009,392,38.87,23.3478
AC-029,27,-0.0057,0.0002,100.0,642.14,1581.13,1407.01,553.58,2388.04,9066.07,47.34,521.39,8142.54,8.4456,393,38.82,23.2559
AC-029,28,0.0003,0.0003,100.0,642.51,1584.15,1398.75,553.59,2388.07,9061.1,47.35,521.39,8142.03,8.4323,392,38.92,23.465
AC-029,29,0.0013,-0.0003,100.0,642.71,1585.42,1405.28,554.41,2388.12,9059.45,47.54,521.37,8142.06,8.4124,394,39.1,23.3463
AC-029,30,0.0006,-0.0003,100.0,642.24,1587.79,1406.81,553.53,2387.98,9060.19,47.46,520.94,8141.55,8.4218,393,39.03,23.2323
AC-029,31,0.004,-0.0002,100.0,642.45,1594.38,1399.43,553.87,2388.04,9059.28,47.36,521.49,8144.61,8.4422,392,38.91,23.3552
AC-029,32,-0.0005,-0.0001,100.0,642.92,1590.24,1408.76,553.55,2388.07,9052.32,47.44,521.86,8136.62,8.4209,393,38.84,23.2284
AC-029,33,0.0034,0.0001,100.0,642.29,1587.38,1405.33,553.9,2388.08,9064.09,47.38,521.83,8141.57,8.4567,391,38.79,23.2188
AC-029,34,-0.0014,-0.0003,100.0,642.04,1584.55,1399.59,553.88,2388.01,9064.43,47.41,521.4,8144.93,8.4102,394,39.11,23.4038
AC-029,35,-0.0001,-0.0005,100.0,642.21,1584.01,1400.47,553.91,2388.09,9065.36,47.39,521.87,8137.67,8.4419,392,39.1,23.2586
AC-029,36,-0.0036,0.0002,100.0,642.21,1593.72,1410.4,553.82,2388.09,9055.64,47.41,521.35,8138.18,8.4093,392,38.77,23.3937
AC-029,37,0.0003,-0.0003,100.0,642.64,1586.85,1403.15,554.3,2388.04,9068.56,47.45,521.64,8146.08,8.415,391,39.09,23.3825
AC-029,38,0.0014,-0.0004,100.0,642.33,1593.62,1407.88,553.59,2388.06,9070.89,47.52,521.74,8139.29,8.4193,392,38.87,23.4425
AC-029,39,-0.0013,-0.0003,100.0,642.17,1589.75,1405.89,553.31,2388.07,9056.31,47.63,521.9,8139.27,8.3858,393,38.8,23.2171
AC-029,40,0.0009,-0.0004,100.0,641.87,1592.14,1404.5,553.94,2388.06,9066.47,47.34,521.2,8140.91,8.4476,392,39.04,23.3557
AC-029,41,0.0021,-0.0004,100.0,642.75,1588.17,1400.6,553.5,2388.08,9059.69,47.28,522.02,8137.88,8.427,392,38.82,23.4085
AC-029,42,-0.0018,-0.0004,100.0,642.54,1594.11,1413.29,554.23,2388.03,9056.58,47.59,521.73,8135.83,8.4339,392,38.92,23.4157
AC-029,43,-0.0011,0.0004,100.0,642.84,1579.13,1402.77,553.32,2388.07,9058.47,47.38,522.23,8138.63,8.4515,395,39.03,23.2494
AC-029,44,0.0001,-0.0,100.0,642.41,1590.75,1404.87,553.63,2388.05,9064.51,47.55,521.86,8138.48,8.42,391,38.93,23.4377
AC-029,45,-0.0021,-0.0004,100.0,642.65,1589.98,1405.61,553.94,2388.07,9049.95,47.65,521.67,8142.23,8.4247,391,38.62,23.2942
AC-029,46,0.0014,0.0004,100.0,642.54,1592.27,1405.9,553.83,2388.05,9058.01,47.26,521.93,8145.39,8.42,394,38.88,23.304
AC-029,47,-0.0004,-0.0003,100.0,642.31,1592.54,1403.83,553.58,2388.09,9060.07,47.52,521.45,8139.28,8.4489,393,39.0,23.3055
AC-029,48,0.0008,0.0004,100.0,642.8,1590.68,1407.53,553.69,2388.07,9058.26,47.42,521.51,8142.19,8.4089,394,38.85,23.4088
AC-029,49,0.0007,-0.0004,100.0,642.42,1589.29,1400.71,553.58,2388.03,9061.27,47.4,521.38,8145.01,8.4488,392,38.81,23.2926
AC-029,50,-0.0021,-0.0001,100.0,642.5,1593.66,1408.29,553.78,2388.0,9059.66,47.23,521.92,8138.68,8.4435,393,38.9,23.3318
AC-029,51,-0.0,-0.0004,100.0,642.32,1587.23,1404.18,553.14,2388.05,9060.94,47.35,521.59,8141.5,8.454,392,38.83,23.3531
AC-029,52,0.0028,0.0001,100.0,642.25,1585.94,1405.53,553.01,2388.12,9058.0,47.39,521.98,8143.98,8.4326,392,38.78,23.371
AC-029,53,-0.0018,-0.0005,100.0,642.69,1593.0,1411.38,553.37,2388.06,9063.91,47.52,521.73,8141.0,8.4163,393,38.89,23.3445
AC-029,54,-0.0027,0.0002,100.0,642.55,1588.93,1406.28,553.6,2388.05,9052.65,47.36,521.28,8143.54,8.4577,392,38.78,23.2786
AC-029,55,0.0012,-0.0004,100.0,642.29,1589.22,1404.2,553.71,2388.09,9059.92,47.41,521.22,8139.53,8.4346,393,38.76,23.3344
AC-029,56,0.0007,-0.0004,100.0,642.46,1587.34,1413.81,552.88,2388.11,9062.1,47.46,521.13,8138.7,8.4379,393,38.77,23.3377
AC-029,57,-0.0019,0.0002,100.0,642.43,1590.67,1405.7,553.66,2388.03,9060.52,47.16,521.42,8141.53,8.4243,394,38.79,23.2463
AC-029,58,0.0003,-0.0,100.0,642.56,1586.28,1405.88,554.2,2388.08,9060.87,47.34,521.87,8140.94,8.471,392,38.78,23.2487
AC-029,59,-0.0033,-0.0002,100.0,642.73,1588.07,1404.57,554.3,2388.03,9056.56,47.57,521.63,8137.89,8.4431,392,38.81,23.3123
AC-029,60,-0.0024,-0.0001,100.0,642.91,1596.48,1408.44,554.0,2388.1,9054.74,47.42,521.71,8139.69,8.4286,391,39.02,23.344
AC-029,61,-0.0013,0.0004,100.0,642.76,1587.13,1404.93,553.79,2388.04,9057.53,47.37,521.54,8146.49,8.4338,392,38.76,23.3172
AC-029,62,-0.0039,-0.0005,100.0,642.98,1591.11,1411.53,553.62,2388.13,9059.24,47.27,521.49,8139.99,8.4113,394,38.87,23.2499
AC-029,63,-0.0012,-0.0003,100.0,642.42,1595.21,1410.47,553.72,2388.07,9055.17,47.66,521.16,8136.53,8.4345,392,38.86,23.3052
AC-029,64,0.0007,-0.0001,100.0,642.72,1588.87,1401.07,554.09,2388.08,9063.99,47.44,521.93,8136.88,8.4288,394,38.91,23.3943
AC-029,65,0.0004,-0.0004,100.0,642.75,1589.52,1408.97,554.05,2388.06,9054.38,47.25,521.78,8142.59,8.4441,393,38.94,23.3387
AC-029,66,0.0007,-0.0001,100.0,642.08,1587.83,1407.49,554.01,2388.06,9063.65,47.49,521.89,8139.78,8.4248,394,38.91,23.2546
AC-029,67,-0.0024,0.0004,100.0,642.69,1591.11,1409.4,553.74,2388.12,9058.3,47.54,521.18,8140.43,8.3944,394,38.76,23.3968
AC-029,68,0.0011,0.0003,100.0,642.51,1589.72,1411.4,552.98,2388.1,9064.81,47.61,521.02,8137.52,8.4487,394,38.77,23.3572
AC-029,69,0.0012,-0.0005,100.0,642.66,1588.63,1408.37,553.89,2388.05,9062.94,47.59,521.44,8138.57,8.4532,394,38.95,23.2969
AC-029,70,-0.0031,-0.0,100.0,642.13,1590.42,1410.46,552.94,2388.11,9058.36,47.53,522.32,8142.04,8.3887,394,38.97,23.4009
AC-029,71,0.0044,0.0004,100.0,642.57,1592.09,1410.74,552.82,2388.11,9065.32,47.49,521.23,8138.2,8.4584,393,38.77,23.3319
AC-029,72,0.0007,-0.0005,100.0,642.21,1598.89,1409.28,553.34,2388.04,9055.82,47.45,521.1,8134.56,8.4548,392,38.81,23.2863
AC-029,73,-0.0024,0.0004,100.0,642.81,1584.99,1405.06,553.16,2388.11,9067.43,47.46,521.88,8138.17,8.4496,393,38.86,23.3287
AC-029,74,0.004,0.0004,100.0,642.51,1582.53,1410.7,553.31,2388.04,9064.81,47.54,521.67,8136.92,8.4618,392,39.04,23.2955
AC-029,75,-0.0006,-0.0002,100.0,642.85,1586.65,1404.89,553.58,2388.11,9061.1,47.48,521.39,8131.57,8.4415,392,38.67,23.2727
AC-029,76,0.0031,0.0,100.0,642.22,1589.11,1410.47,553.61,2388.1,9060.11,47.59,521.33,8140.47,8.4324,393,38.55,23.3807
AC-029,77,-0.0002,0.0003,100.0,642.64,1584.1,1416.36,553.3,2388.08,9060.12,47.4,521.32,8140.07,8.4271,391,38.69,23.3162
AC-029,78,0.0005,-0.0004,100.0,642.49,1592.98,1409.51,554.2,2388.14,9054.85,47.47,521.65,8137.65,8.4343,394,38.71,23.3257
AC-029,79,0.0033,-0.0004,100.0,642.5,1591.54,1410.23,552.9,2388.04,9063.15,47.62,521.83,8137.18,8.4352,394,38.85,23.2857
AC-029,80,0.0028,-0.0001,100.0,642.06,1585.09,1406.91,554.23,2388.13,9049.22,47.42,521.12,8137.37,8.4129,393,38.86,23.3183
AC-029,81,-0.0015,0.0002,100.0,642.41,1585.61,1412.4,553.63,2388.11,9061.33,47.55,521.88,8139.91,8.4485,393,38.69,23.2924
AC-029,82,0.0041,-0.0002,100.0,643.11,1596.59,1414.97,552.89,2388.1,9058.45,47.53,521.73,8139.19,8.4494,393,38.87,23.3487
AC-029,83,-0.0003,0.0004,100.0,642.96,1588.97,1411.11,553.63,2388.13,9067.49,47.64,521.69,8138.66,8.417,393,38.97,23.4481
AC-029,84,-0.0004,-0.0004,100.0,643.15,1590.61,1405.25,553.04,2388.01,9056.96,47.54,521.4,8139.33,8.4208,392,38.7,23.3204
AC-029,85,0.0015,-0.0004,100.0,642.76,1583.97,1407.34,553.77,2388.14,9064.14,47.62,521.01,8135.67,8.4429,393,38.8,23.309
AC-029,86,-0.001,0.0003,100.0,642.59,1592.08,1404.47,552.75,2388.11,9056.78,47.61,521.07,8141.93,8.4545,392,38.86,23.3123
AC-029,87,-0.0047,-0.0001,100.0,642.83,1588.33,1412.09,553.3,2388.04,9054.62,47.36,521.41,8141.68,8.4799,394,38.85,23.3301
AC-029,88,-0.0008,0.0002,100.0,642.52,1594.56,1414.74,552.92,2388.11,9059.01,47.54,521.3,8135.72,8.4119,392,38.79,23.1874
AC-029,89,-0.0011,0.0002,100.0,642.26,1585.46,1409.7,553.79,2388.09,9065.66,47.61,521.8,8140.29,8.4873,393,38.8,23.2674
AC-029,90,-0.0025,0.0002,100.0,642.25,1589.78,1411.1,553.02,2388.08,9060.94,47.66,521.13,8144.88,8.4561,393,38.83,23.2668
AC-029,91,0.0005,-0.0002,100.0,642.19,1590.99,1411.07,553.81,2388.12,9054.23,47.61,521.64,8139.49,8.4483,393,38.92,23.2542
AC-029,92,0.0003,-0.0005,100.0,642.5,1591.97,1416.41,553.42,2388.08,9061.4,47.41,521.05,8139.81,8.4555,395,38.68,23.4089
AC-029,93,-0.0043,-0.0001,100.0,643.14,1595.01,1411.22,553.42,2388.14,9062.98,47.42,521.94,8147.41,8.47,392,38.66,23.2239
AC-029,94,-0.0001,-0.0002,100.0,642.58,1592.45,1414.23,553.89,2388.1,9061.8,47.47,521.55,8138.31,8.488,392,38.85,23.2988
AC-029,95,0.0031,-0.0004,100.0,641.89,1591.75,1409.73,553.76,2388.07,9056.86,47.66,521.23,8138.23,8.4144,395,38.82,23.2802
AC-029,96,-0.0027,-0.0002,100.0,642.65,1592.12,1413.75,552.98,2388.12,9065.47,47.46,521.49,8142.78,8.4468,393,38.74,23.3267
AC-029,97,0.0005,-0.0,100.0,642.54,1593.44,1410.83,552.65,2388.14,9051.66,47.46,521.26,8138.65,8.4721,394,38.67,23.2543
AC-029,98,-0.0012,0.0003,100.0,642.8,1598.0,1410.02,553.44,2388.12,9057.66,47.66,521.15,8135.67,8.4745,393,38.63,23.2863
AC-029,99,-0.0031,0.0003,100.0,642.46,1590.4,1411.72,553.5,2388.15,9059.65,47.52,521.35,8133.87,8.4346,394,38.76,23.2885
AC-029,100,-0.0034,0.0002,100.0,642.77,1587.67,1410.84,553.76,2388.12,9053.97,47.45,521.4,8141.57,8.4466,394,38.54,23.2642
AC-029,101,-0.0004,0.0003,100.0,642.85,1597.05,1409.89,553.68,2388.13,9059.88,47.49,521.21,8140.03,8.4499,394,39.0,23.1997
AC-029,102,-0.0007,0.0001,100.0,642.83,1603.18,1410.8,552.92,2388.1,9057.86,47.52,520.86,8138.44,8.4729,392,38.89,23.224
AC-029,103,0.0016,0.0001,100.0,642.32,1593.7,1411.8,553.04,2388.06,9058.48,47.48,521.77,8135.18,8.4196,392,38.88,23.3564
AC-029,104,0.0016,-0.0002,100.0,642.96,1587.18,1409.54,553.41,2388.17,9063.52,47.54,520.78,8144.1,8.4546,393,38.73,23.3004
AC-029,105,-0.0027,-0.0005,100.0,643.01,1594.01,1407.43,553.59,2388.07,9056.45,47.54,521.15,8141.57,8.4504,394,38.93,23.1961
AC-029,106,0.0015,0.0004,100.0,643.29,1589.44,1410.4,553.95,2388.09,9061.75,47.69,521.7,8132.66,8.4372,392,38.87,23.2473
AC-029,107,0.0024,0.0,100.0,642.47,1594.61,1412.02,552.71,2388.1,9054.89,47.45,521.76,8138.26,8.4584,394,38.84,23.2846
AC-029,108,-0.001,-0.0005,100.0,643.03,1589.46,1411.74,553.0,2388.16,9059.93,47.85,521.36,8133.75,8.4335,392,38.72,23.182
AC-029,109,-0.0025,-0.0005,100.0,642.74,1592.08,1407.86,553.38,2388.13,9064.07,47.56,520.94,8138.63,8.4252,394,38.75,23.2085
AC-029,110,0.0023,0.0004,100.0,642.29,1591.64,1411.12,552.48,2388.15,9056.94,47.5,521.81,8137.14,8.5031,395,38.67,23.2644
AC-029,111,-0.0013,-0.0003,100.0,643.04,1591.07,1415.41,552.65,2388.1,9062.71,47.67,521.15,8138.64,8.4877,395,38.75,23.2797
AC-029,112,-0.0012,-0.0002,100.0,642.58,1593.26,1416.98,553.1,2388.13,9057.42,47.54,521.44,8139.58,8.4434,394,38.63,23.3511
AC-029,113,0.0028,-0.0005,100.0,643.39,1598.56,1411.18,553.39,2388.16,9059.06,47.34,520.97,8139.55,8.4445,394,38.79,23.2551
AC-029,114,-0.0009,-0.0001,100.0,643.28,1587.42,1415.36,553.27,2388.17,9063.98,47.55,520.79,8134.44,8.4782,395,38.74,23.2443
AC-029,115,0.001,0.0003,100.0,643.18,1595.31,1419.12,552.98,2388.16,9059.78,47.43,520.75,8134.17,8.4422,395,38.79,23.2769
AC-029,116,0.001,0.0002,100.0,642.77,1597.18,1412.73,553.75,2388.11,9054.34,47.62,520.96,8129.72,8.4833,395,38.8,23.2955
AC-029,117,-0.0019,-0.0003,100.0,642.42,1589.55,1420.57,553.08,2388.2,9056.27,47.67,520.66,8134.22,8.4455,393,38.9,23.3267
AC-029,118,-0.001,0.0001,100.0,643.19,1591.57,1415.58,552.73,2388.11,9054.67,47.69,521.04,8138.16,8.4533,393,38.56,23.3099
AC-029,119,0.0003,-0.0005,100.0,643.27,1593.88,1410.24,552.53,2388.16,9061.45,47.64,521.0,8134.71,8.4675,393,38.7,23.2147
AC-029,120,-0.0012,-0.0003,100.0,643.29,1589.25,1414.59,552.05,2388.16,9049.77,47.74,521.07,8135.07,8.5021,393,38.83,23.2224
AC-029,121,0.0058,0.0004,100.0,642.75,1598.28,1411.99,552.88,2388.12,9062.59,47.6,520.75,8131.7,8.4637,393,38.79,23.1366
AC-029,122,0.0014,0.0003,100.0,642.58,1587.41,1414.2,553.02,2388.14,9059.42,47.68,521.09,8137.02,8.4484,394,38.68,23.1895
AC-029,123,-0.0037,-0.0002,100.0,642.68,1600.99,1413.27,551.9,2388.18,9063.65,47.63,521.26,8135.82,8.4743,394,38.63,23.3333
AC-029,124,-0.001,0.0001,100.0,643.01,1590.26,1407.55,552.02,2388.17,9057.47,47.74,520.95,8133.5,8.4748,394,38.9,23.2165
AC-029,125,0.0016,-0.0005,100.0,643.31,1594.45,1415.69,552.95,2388.26,9056.2,47.61,520.8,8133.41,8.4471,394,38.67,23.1823
AC-029,126,-0.0051,0.0,100.0,643.29,1595.55,1411.03,552.8,2388.17,9062.0,47.64,520.86,8136.47,8.4753,395,38.72,23.2725
AC-029,127,0.0002,-0.0003,100.0,643.03,1585.74,1417.54,553.17,2388.19,9053.04,47.63,521.11,8131.88,8.4711,394,38.78,23.2037
AC-029,128,0.0011,0.0001,100.0,643.21,1591.02,1416.66,553.27,2388.15,9044.15,47.73,520.83,8137.32,8.4562,395,38.66,23.2952
AC-029,129,0.0001,0.0002,100.0,643.41,1593.99,1412.42,552.65,2388.12,9057.13,47.68,520.82,8134.99,8.446,394,38.63,23.2382
AC-029,130,-0.0021,0.0003,100.0,643.07,1591.85,1414.17,551.93,2388.15,9064.25,47.68,520.69,8134.76,8.4487,395,38.49,23.1923
AC-029,131,-0.0007,0.0002,100.0,643.1,1599.41,1417.77,553.15,2388.17,9056.81,47.91,521.06,8137.56,8.4748,395,38.88,23.1604
AC-029,132,-0.0023,0.0004,100.0,643.55,1596.41,1413.39,552.31,2388.17,9060.86,47.64,520.13,8127.7,8.4962,393,38.61,23.2069
AC-029,133,0.0029,0.0004,100.0,643.78,1591.12,1413.6,552.31,2388.19,9053.12,47.86,520.66,8133.6,8.4606,394,38.69,23.2293
AC-029,134,0.002,-0.0003,100.0,643.14,1594.34,1416.93,552.73,2388.19,9050.56,47.8,521.16,8133.95,8.4599,395,38.76,23.1991
AC-029,135,0.0012,0.0004,100.0,643.61,1593.7,1417.24,552.51,2388.21,9060.9,47.94,520.65,8137.09,8.4756,394,38.73,23.1565
AC-029,136,-0.0011,-0.0005,100.0,643.09,1593.44,1415.61,553.04,2388.15,9060.64,47.98,520.37,8135.69,8.4464,393,38.57,23.1277
AC-029,137,-0.001,-0.0001,100.0,642.9,1598.8,1415.59,552.61,2388.18,9057.58,47.75,520.57,8130.9,8.4755,394,38.59,23.1942
AC-029,138,-0.0023,-0.0002,100.0,643.35,1595.62,1423.97,552.25,2388.19,9051.04,47.85,521.11,8135.77,8.4981,395,38.52,23.1024
AC-029,139,-0.0013,0.0002,100.0,643.06,1594.37,1422.19,552.42,2388.21,9057.49,47.76,520.49,8129.93,8.5011,395,38.66,23.159
AC-029,140,0.0003,0.0001,100.0,642.77,1593.08,1410.25,552.75,2388.17,9047.45,47.99,520.77,8134.25,8.4807,395,38.69,23.2421
AC-029,141,0.0073,-0.0004,100.0,643.15,1597.9,1412.83,551.62,2388.2,9058.83,47.95,521.15,8130.3,8.5035,394,38.69,23.0989
AC-029,142,-0.0004,0.0004,100.0,643.64,1597.65,1421.65,551.75,2388.2,9055.76,47.96,520.35,8131.22,8.4563,394,38.65,23.1193
AC-029,143,-0.0002,-0.0004,100.0,643.12,1595.92,1425.19,552.37,2388.16,9052.15,47.88,520.03,8135.91,8.4938,395,38.62,23.1293
AC-029,144,0.0031,0.0002,100.0,643.21,1597.41,1423.05,552.02,2388.26,9049.1,48.09,520.42,8126.78,8.4722,396,38.69,23.1591
AC-029,145,0.0019,-0.0003,100.0,643.06,1595.74,1428.24,551.44,2388.23,9059.63,48.02,520.26,8136.02,8.523,395,38.67,23.1281
AC-029,146,0.0002,0.0003,100.0,643.02,1596.75,1423.05,552.76,2388.25,9054.13,47.91,520.75,8134.49,8.4835,396,38.66,23.1447
AC-029,147,-0.0028,0.0004,100.0,643.19,1603.73,1425.52,551.28,2388.24,9049.25,48.0,520.54,8128.73,8.4898,395,38.68,23.1474
AC-029,148,0.0033,0.0001,100.0,643.39,1602.68,1415.21,552.25,2388.24,9051.27,47.99,520.34,8128.43,8.4991,394,38.58,23.1623
AC-029,149,-0.0016,0.0001,100.0,643.24,1592.79,1412.74,552.15,2388.22,9052.96,48.08,520.3,8127.87,8.5332,397,38.59,23.0521
AC-029,150,0.0004,0.0001,100.0,643.04,1603.57,1427.73,550.51,2388.31,9056.7,48.09,519.88,8127.17,8.4913,396,38.44,22.9954
AC-029,151,-0.0009,0.0002,100.0,643.53,1596.63,1422.78,551.38,2388.24,9067.12,48.05,520.21,8126.18,8.4931,395,38.72,23.0602
AC-029,152,0.0031,-0.0003,100.0,643.44,1594.06,1426.79,551.54,2388.26,9055.19,47.87,519.71,8131.2,8.5332,395,38.66,23.122
AC-029,153,0.0025,0.0003,100.0,643.39,1601.06,1427.74,552.33,2388.29,9048.5,48.12,520.14,8123.36,8.5429,394,38.71,23.2336
AC-029,154,-0.0009,0.0004,100.0,643.41,1606.05,1426.81,551.46,2388.25,9057.64,48.14,519.62,8129.96,8.5158,397,38.59,23.2242
AC-029,155,-0.0007,-0.0004,100.0,643.86,1599.92,1422.72,551.64,2388.22,9055.4,48.12,519.35,8127.57,8.4702,396,38.54,23.228
AC-029,156,0.0022,0.0002,100.0,643.58,1595.46,1423.41,552.1,2388.29,9043.78,48.06,520.19,8131.85,8.5203,397,38.4,23.1415
AC-029,157,0.0026,-0.0003,100.0,643.02,1594.91,1430.84,551.65,2388.22,9058.03,48.19,519.91,8122.86,8.5097,396,38.59,23.127
AC-029,158,-0.0013,-0.0003,100.0,643.36,1595.08,1429.63,551.3,2388.29,9051.99,48.16,519.54,8124.77,8.514,397,38.43,22.9654
AC-029,159,-0.0007,-0.0001,100.0,643.91,1597.89,1434.55,551.36,2388.27,9050.75,48.23,520.07,8126.74,8.5532,397,38.48,23.0397
AC-029,160,-0.0004,0.0001,100.0,643.89,1593.49,1432.16,551.64,2388.28,9049.57,48.22,518.95,8127.64,8.5163,395,38.59,23.0645
AC-029,161,0.0041,-0.0001,100.0,643.29,1601.97,1431.39,551.44,2388.28,9049.43,48.12,519.89,8128.02,8.5148,397,38.55,22.9987
AC-029,162,-0.0008,0.0003,100.0,644.1,1606.95,1430.41,551.57,2388.26,9051.52,48.23,519.97,8122.3,8.4963,396,38.65,23.0762
AC-029,163,-0.0018,-0.0003,100.0,643.98,1598.93,1436.41,551.64,2388.23,9042.66,48.17,519.75,8121.38,8.5641,396,38.29,23.0583
AC-031,1,-0.0009,-0.0,100.0,642.32,1582.38,1393.03,554.79,2388.05,9058.68,47.19,522.25,8138.73,8.4135,392,39.02,23.4287
AC-031,2,-0.0005,-0.0003,100.0,642.49,1584.07,1394.01,554.15,2388.02,9059.34,47.31,522.46,8140.24,8.3995,393,39.01,23.4805
AC-031,3,0.0029,-0.0002,100.0,642.49,1585.07,1394.99,554.23,2388.0,9055.34,47.1,522.68,8140.79,8.4159,391,39.05,23.3977
AC-031,4,-0.0037,-0.0002,100.0,642.21,1572.4,1394.07,554.77,2388.0,9046.9,47.19,522.76,8136.16,8.4232,391,39.02,23.3805
AC-031,5,-0.0011,0.0005,100.0,641.84,1584.77,1396.82,554.84,2388.03,9059.21,47.29,522.84,8139.68,8.3922,393,39.11,23.3663
AC-031,6,-0.0003,-0.0003,100.0,642.48,1582.5,1398.27,554.74,2387.99,9061.88,47.3,522.14,8136.34,8.3867,391,38.97,23.5206
AC-031,7,-0.0031,0.0005,100.0,642.3,1584.57,1405.87,554.9,2388.01,9054.53,47.23,522.44,8132.69,8.3756,391,39.1,23.3069
AC-031,8,0.0032,-0.0002,100.0,642.32,1586.33,1401.08,554.08,2388.06,9067.5,47.03,522.37,8141.14,8.3977,391,38.97,23.4163
AC-031,9,0.0037,-0.0001,100.0,641.84,1585.09,1402.92,554.09,2387.97,9055.05,47.21,521.9,8133.34,8.3894,391,38.9,23.4756
AC-031,10,-0.0027,-0.0001,100.0,642.64,1595.07,1399.16,554.44,2388.01,9053.89,47.02,522.29,8137.21,8.3873,389,39.12,23.469
AC-031,11,0.0013,0.0002,100.0,642.17,1579.12,1399.42,554.43,2387.98,9055.09,47.15,522.24,8139.73,8.3832,392,39.12,23.4295
AC-031,12,-0.0009,0.0003,100.0,642.18,1579.01,1394.44,554.3,2387.99,9057.49,47.17,522.12,8139.59,8.4032,390,39.0,23.4151
AC-031,13,0.0042,-0.0001,100.0,642.06,1581.71,1397.1,554.25,2388.01,9059.26,47.23,522.66,8140.13,8.3956,393,38.89,23.5862
AC-031,14,-0.003,0.0001,100.0,641.66,1587.61,1398.61,554.4,2388.01,9057.46,47.31,522.8,8140.72,8.3706,391,38.99,23.4726
AC-031,15,0.0011,0.0001,100.0,642.49,1583.13,1391.64,554.4,2388.04,9057.39,47.19,522.33,8135.72,8.3784,392,39.06,23.4839
AC-031,16,0.0013,-0.0,100.0,641.65,1585.84,1398.7,554.72,2388.0,9049.27,47.04,522.21,8142.44,8.3947,392,38.94,23.3974
AC-031,17,-0.0027,0.0005,100.0,642.13,1582.29,1401.29,554.0,2388.04,9054.63,47.11,522.56,8133.96,8.4062,392,39.11,23.3932
AC-031,18,0.0019,0.0004,100.0,641.76,1589.63,1392.85,553.69,2388.04,9054.25,47.06,522.75,8134.16,8.4117,393,39.02,23.5791
AC-031,19,-0.0011,0.0,100.0,642.18,1587.07,1399.25,554.14,2388.01,9055.95,47.32,522.08,8135.21,8.4282,389,39.03,23.4234
AC-031,20,0.0009,-0.0003,100.0,642.16,1592.08,1397.95,554.36,2388.05,9057.86,47.14,521.89,8138.31,8.371,393,39.08,23.476
AC-031,21,-0.0041,-0.0003,100.0,642.43,1590.86,1405.43,554.3,2388.01,9057.22,47.09,521.99,8137.42,8.4408,392,39.01,23.4254
AC-031,22,-0.0,0.0005,100.0,642.41,1585.3,1395.91,554.1,2387.97,9059.15,47.2,522.0,8139.19,8.3647,390,39.07,23.3529
AC-031,23,-0.0003,0.0001,100.0,642.13,1583.72,1398.73,554.09,2387.99,9049.36,47.45,522.33,8142.07,8.3973,392,39.07,23.4756
AC-031,24,-0.0009,0.0003,100.0,642.02,1583.53,1400.11,554.34,2388.04,9054.41,47.01,522.85,8138.91,8.3842,391,39.05,23.4339
AC-031,25,-0.0001,0.0003,100.0,641.81,1587.24,1395.24,555.03,2388.05,9053.45,47.3,521.68,8140.76,8.4043,392,38.93,23.3552
AC-031,26,-0.0034,0.0005,100.0,642.49,1588.89,1394.61,554.05,2388.05,9057.32,47.16,522.33,8136.26,8.4098,393,38.83,23.4585
AC-031,27,0.0007,0.0,100.0,641.97,1586.29,1395.12,554.79,2388.02,9060.61,47.26,522.39,8141.44,8.3659,390,38.92,23.3088
AC-031,28,-0.0014,-0.0002,100.0,641.82,1584.33,1395.34,554.39,2387.96,9051.49,47.24,521.92,8138.33,8.4182,392,38.99,23.3738
AC-031,29,0.0015,0.0004,100.0,642.75,1582.95,1397.95,553.71,2388.0,9056.69,47.25,522.83,8140.99,8.4084,390,39.13,23.4073
AC-031,30,0.0012,0.0003,100.0,642.43,1584.37,1402.39,554.6,2388.08,9060.37,47.25,521.85,8136.63,8.4189,391,38.82,23.263
AC-031,31,0.0,0.0005,100.0,642.43,1585.58,1398.84,554.62,2388.0,9057.53,47.15,522.64,8140.67,8.3931,393,38.92,23.4831
AC-031,32,-0.0033,-0.0004,100.0,642.07,1583.16,1393.16,554.65,2388.05,9059.82,47.41,522.22,8140.07,8.4297,392,38.99,23.4403
AC-031,33,0.0017,0.0004,100.0,642.6,1589.24,1401.33,554.16,2388.05,9060.87,47.07,522.68,8141.31,8.4018,392,38.92,23.4052
AC-031,34,0.0012,-0.0003,100.0,642.08,1588.91,1399.33,555.31,2388.0,9050.68,47.11,522.17,8144.41,8.4,391,39.13,23.4073
AC-031,35,-0.002,0.0003,100.0,642.63,1589.74,1399.15,554.26,2388.06,9053.42,47.3,522.31,8138.96,8.416,392,39.0,23.5561
AC-031,36,0.0022,-0.0003,100.0,642.26,1575.27,1397.59,554.97,2388.04,9049.85,47.37,522.35,8134.19,8.4196,392,39.09,23.4543
AC-031,37,-0.0003,-0.0003,100.0,641.53,1588.56,1395.54,554.72,2387.99,9054.71,47.06,522.01,8136.76,8.3852,393,38.93,23.4069
AC-031,38,0.0016,-0.0004,100.0,642.27,1585.97,1400.07,554.72,2387.98,9060.69,47.07,522.86,8141.31,8.3874,391,38.91,23.4678
AC-031,39,-0.0001,-0.0,100.0,642.16,1582.17,1395.41,554.48,2388.01,9053.07,47.26,522.41,8137.55,8.4151,392,39.02,23.5421
AC-031,40,0.0028,0.0001,100.0,642.61,1583.26,1397.76,553.67,2387.98,9056.09,47.1,522.16,8141.46,8.3976,390,38.87,23.403
AC-031,41,-0.0012,-0.0,100.0,641.87,1586.7,1396.71,553.96,2388.09,9059.83,47.2,522.42,8134.72,8.3995,392,39.11,23.4224
AC-031,42,-0.0026,-0.0003,100.0,642.09,1581.83,1399.34,555.28,2387.97,9057.89,47.22,521.92,8142.58,8.392,392,39.04,23.3833
AC-031,43,-0.0012,0.0003,100.0,641.5,1577.74,1394.51,554.17,2388.0,9059.11,47.06,521.95,8132.31,8.3855,391,38.96,23.413
AC-031,44,-0.0012,-0.0003,100.0,642.27,1584.28,1391.16,554.36,2388.04,9051.2,47.13,522.09,8133.31,8.3587,392,38.87,23.4417
AC-031,45,-0.0017,0.0004,100.0,641.91,1588.78,1404.39,554.2,2388.0,9058.85,47.07,522.25,8141.85,8.4147,390,39.13,23.45
AC-031,46,-0.0013,0.0005,100.0,642.67,1579.99,1395.96,554.25,2387.99,9059.75,47.12,522.28,8138.42,8.3972,390,39.22,23.4009
AC-031,47,-0.0036,-0.0003,100.0,642.16,1586.8,1396.91,554.53,2388.02,9057.24,47.23,522.3,8142.75,8.3637,393,39.0,23.4342
AC-031,48,-0.007,-0.0004,100.0,642.16,1582.58,1398.43,555.04,2388.02,9053.91,47.3,522.53,8138.96,8.4014,394,39.07,23.5247
AC-031,49,-0.0013,-0.0002,100.0,642.35,1576.11,1398.33,554.02,2388.04,9054.19,47.04,522.54,8141.86,8.3911,394,39.11,23.4696
AC-031,50,0.0007,0.0004,100.0,642.5,1587.31,1404.68,554.5,2388.01,9049.55,47.27,522.24,8138.66,8.3969,391,39.07,23.5154
AC-031,51,-0.003,0.0004,100.0,642.49,1587.64,1403.08,554.32,2387.98,9049.21,47.16,521.86,8138.28,8.4113,393,39.12,23.3379
AC-031,52,0.0001,0.0004,100.0,642.27,1583.5,1394.1,554.62,2387.95,9065.9,47.29,522.31,8140.29,8.3646,390,39.2,23.4843
AC-031,53,0.0009,-0.0003,100.0,642.11,1591.74,1406.84,553.97,2388.06,9061.54,47.23,522.3,8140.83,8.4042,391,38.99,23.4381
AC-031,54,-0.0018,0.0004,100.0,641.7,1581.44,1397.18,554.57,2388.02,9057.25,47.33,522.19,8140.84,8.4005,392,38.98,23.4706
AC-031,55,-0.0011,0.0003,100.0,642.27,1577.19,1396.34,553.59,2388.05,9051.68,47.13,522.04,8133.8,8.4091,392,38.91,23.4684
AC-031,56,0.0008,0.0,100.0,642.32,1582.58,1396.36,554.67,2387.99,9055.52,47.21,522.78,8139.85,8.4156,393,39.01,23.4246
AC-031,57,0.0001,-0.0001,100.0,642.04,1580.68,1396.08,555.23,2388.06,9053.23,47.11,522.42,8142.32,8.4029,393,39.22,23.4429
AC-031,58,0.0006,0.0005,100.0,642.39,1590.24,1398.19,554.7,2388.05,9053.09,47.17,522.32,8141.27,8.4052,393,39.11,23.3814
AC-031,59,-0.0003,0.0004,100.0,642.71,1584.82,1395.32,554.41,2388.01,9056.26,47.36,522.2,8141.39,8.3941,393,38.99,23.4277
AC-031,60,0.0014,-0.0004,100.0,641.79,1580.03,1397.52,554.71,2388.08,9055.6,47.25,522.35,8141.28,8.4057,393,39.02,23.5239
AC-031,61,-0.0015,-0.0004,100.0,642.03,1584.42,1400.26,554.15,2387.98,9055.27,47.19,522.25,8143.3,8.3946,391,38.98,23.4154
AC-031,62,0.0009,-0.0,100.0,642.37,1581.94,1400.59,554.49,2387.98,9053.13,47.33,522.38,8137.91,8.4107,391,38.94,23.3159
AC-031,63,0.0002,0.0,100.0,642.51,1583.2,1404.25,554.65,2388.03,9053.81,47.3,522.08,8140.65,8.4201,392,39.22,23.4375
AC-031,64,-0.0014,-0.0001,100.0,641.93,1578.34,1394.57,553.74,2388.01,9060.72,47.25,521.88,8139.69,8.3898,392,39.06,23.4081
AC-031,65,0.0006,0.0005,100.0,642.06,1580.85,1402.65,554.97,2388.01,9059.01,47.2,522.31,8138.9,8.4168,392,38.9,23.4173
AC-031,66,0.0002,-0.0005,100.0,642.3,1587.25,1401.11,554.17,2387.99,9064.4,47.32,522.39,8146.49,8.403,391,38.93,23.4114
AC-031,67,0.0016,-0.0004,100.0,641.83,1585.17,1402.06,554.84,2388.0,9061.78,47.14,522.41,8145.25,8.4404,392,39.04,23.4479
AC-031,68,-0.0006,0.0001,100.0,642.51,1580.51,1401.55,554.1,2388.1,9062.01,47.2,521.56,8140.54,8.3873,390,38.91,23.5005
AC-031,69,-0.0022,0.0005,100.0,642.15,1589.08,1402.87,554.78,2388.04,9048.6,47.28,522.33,8137.07,8.3597,391,39.08,23.462
AC-031,70,-0.0017,-0.0002,100.0,641.95,1578.36,1390.86,554.37,2388.04,9058.4,47.37,522.48,8143.0,8.3843,391,39.07,23.4163
AC-031,71,0.0017,-0.0002,100.0,642.24,1583.58,1389.59,553.74,2388.08,9057.16,47.31,522.85,8141.48,8.3745,390,39.06,23.3219
AC-031,72,-0.001,0.0001,100.0,642.09,1586.63,1394.39,554.58,2388.05,9052.4,47.21,522.35,8139.29,8.4163,393,38.87,23.4494
AC-031,73,0.0013,-0.0,100.0,642.25,1590.14,1401.52,554.53,2388.02,9060.66,47.29,522.1,8140.92,8.3996,390,39.08,23.3939
AC-031,74,-0.0018,-0.0004,100.0,642.3,1580.25,1398.63,554.93,2388.02,9062.01,47.36,522.05,8138.76,8.4138,393,38.98,23.3986
AC-031,75,-0.0061,-0.0004,100.0,642.07,1582.09,1403.33,554.09,2388.03,9044.83,47.58,521.66,8140.32,8.398,393,39.17,23.3992
AC-031,76,0.0022,-0.0,100.0,642.13,1584.29,1401.17,554.17,2388.06,9057.23,47.15,522.24,8140.49,8.4217,391,38.97,23.3696
AC-031,77,-0.0024,-0.0002,100.0,642.1,1582.16,1397.17,553.97,2388.04,9058.22,47.25,521.94,8132.2,8.4135,392,39.04,23.3315
AC-031,78,0.0027,-0.0003,100.0,642.55,1584.71,1397.01,553.76,2388.03,9062.0,47.3,522.17,8141.35,8.3719,392,39.01,23.3907
AC-031,79,0.0034,-0.0002,100.0,642.24,1583.94,1399.87,554.71,2388.04,9056.32,47.16,521.93,8138.69,8.3815,391,38.98,23.4214
AC-031,80,0.0025,-0.0003,100.0,642.36,1589.73,1399.27,554.34,2388.03,9056.46,47.21,522.08,8140.97,8.3977,391,38.8,23.3383
AC-031,81,-0.0022,-0.0004,100.0,642.16,1586.86,1397.11,554.44,2388.01,9052.36,47.32,522.2,8140.48,8.4083,395,39.08,23.3733
AC-031,82,0.0031,-0.0004,100.0,642.4,1586.49,1403.04,553.41,2388.01,9049.36,47.3,521.43,8144.57,8.4063,393,39.07,23.4354
AC-031,83,-0.0031,0.0002,100.0,642.13,1586.11,1398.99,554.18,2388.01,9056.86,47.37,521.92,8139.89,8.4442,393,38.95,23.4576
AC-031,84,-0.0001,-0.0004,100.0,642.27,1583.84,1396.03,554.39,2388.05,9059.83,47.27,522.38,8138.92,8.3898,393,38.84,23.3944
AC-031,85,0.002,-0.0,100.0,641.96,1584.79,1398.88,554.45,2388.03,9059.34,47.26,522.55,8144.85,8.3892,390,39.05,23.4604
AC-031,86,-0.0001,-0.0002,100.0,641.84,1581.38,1396.55,554.64,2388.01,9060.45,47.4,522.51,8140.54,8.4166,391,38.85,23.2815
AC-031,87,0.0014,0.0001,100.0,642.06,1582.91,1397.71,554.85,2388.01,9057.86,47.34,521.77,8135.4,8.4112,392,38.8,23.3901
AC-031,88,-0.0036,0.0002,100.0,642.44,1584.18,1400.34,554.48,2388.04,9058.58,47.28,522.18,8139.15,8.395,394,39.13,23.4183
AC-031,89,0.0004,0.0003,100.0,642.12,1585.38,1403.75,553.96,2388.04,9059.74,47.25,522.67,8136.24,8.4133,393,39.13,23.4733
AC-031,90,-0.0004,-0.0003,100.0,642.58,1580.59,1404.03,553.75,2388.0,9051.58,47.26,521.75,8141.35,8.3926,392,39.27,23.4482
AC-031,91,-0.0022,0.0003,100.0,642.49,1589.4,1400.75,554.2,2388.05,9059.84,47.21,522.22,8140.34,8.4495,393,39.07,23.4234
AC-031,92,-0.0044,-0.0,100.0,642.45,1591.97,1394.88,554.07,2388.04,9051.65,47.37,521.91,8141.99,8.4121,391,39.03,23.5272
AC-031,93,-0.0005,0.0004,100.0,641.77,1584.84,1397.48,553.98,2388.05,9051.51,47.23,522.26,8133.56,8.4089,390,38.97,23.3959
AC-031,94,0.0042,-0.0004,100.0,642.27,1592.33,1402.49,554.2,2388.0,9059.41,47.44,521.86,8139.53,8.4134,392,39.04,23.3312
AC-031,95,0.0005,-0.0003,100.0,642.14,1583.63,1396.89,553.83,2387.99,9054.55,47.2,522.13,8142.26,8.4077,392,38.8,23.4486
AC-031,96,0.0029,-0.0001,100.0,642.71,1576.78,1400.69,553.99,2388.07,9054.65,47.37,521.93,8136.15,8.4311,392,38.97,23.4938
AC-031,97,0.0003,-0.0002,100.0,642.25,1581.34,1405.52,554.0,2388.0,9055.23,47.3,522.13,8139.72,8.4229,391,39.06,23.3329
AC-031,98,-0.0019,0.0003,100.0,642.05,1588.96,1399.88,554.68,2388.01,9054.65,47.16,522.36,8137.11,8.4126,391,38.94,23.4385
AC-031,99,-0.0008,0.0,100.0,642.3,1584.06,1398.71,554.68,2388.05,9064.69,47.28,522.39,8143.29,8.4094,391,38.98,23.2732
AC-031,100,-0.0012,-0.0003,100.0,641.94,1582.21,1399.09,554.61,2388.05,9058.63,47.05,521.49,8135.1,8.4277,392,38.88,23.4044
AC-031,101,0.0031,0.0001,100.0,642.1,1583.86,1401.44,554.52,2388.08,9055.73,47.35,521.76,8133.5,8.3783,392,38.85,23.3846
AC-031,102,-0.0058,0.0004,100.0,642.16,1584.69,1402.89,553.74,2388.07,9059.28,47.45,522.31,8137.85,8.4326,393,38.98,23.4357
AC-031,103,0.0009,0.0003,100.0,642.18,1586.57,1406.99,554.49,2388.02,9059.29,47.34,521.9,8139.48,8.3977,391,38.91,23.4291
AC-031,104,0.0035,-0.0002,100.0,642.0,1582.16,1397.98,555.12,2388.01,9059.97,47.23,522.18,8137.13,8.4324,390,38.88,23.3485
AC-031,105,0.0026,-0.0003,100.0,642.24,1588.38,1398.02,553.83,2388.03,9054.88,47.14,521.85,8143.61,8.4088,391,39.02,23.2901
AC-031,106,0.0001,-0.0003,100.0,642.17,1587.18,1401.05,554.75,2388.05,9056.12,47.2,522.07,8143.08,8.3646,392,38.92,23.3532
AC-031,107,0.0022,0.0005,100.0,642.26,1583.76,1399.65,554.08,2388.05,9059.05,47.26,522.01,8141.29,8.4216,392,39.1,23.3989
AC-031,108,0.0006,-0.0,100.0,641.96,1581.24,1401.0,554.82,2388.07,9051.46,47.32,521.89,8137.96,8.4162,390,38.78,23.4721
AC-031,109,-0.0031,0.0001,100.0,642.17,1578.66,1403.88,554.95,2388.07,9055.69,47.2,522.17,8136.79,8.4345,393,38.98,23.4442
AC-031,110,0.0006,-0.0004,100.0,641.99,1587.94,1398.14,554.43,2388.0,9060.78,47.16,521.94,8137.47,8.4513,391,38.96,23.4025
AC-031,111,-0.002,0.0001,100.0,642.82,1585.58,1407.75,553.91,2388.05,9057.34,47.35,522.11,8139.48,8.4285,393,38.81,23.3864
AC-031,112,0.0018,0.0004,100.0,642.32,1584.73,1403.76,553.93,2388.06,9056.15,47.3,522.38,8140.98,8.3935,391,39.16,23.3309
AC-031,113,0.0003,0.0,100.0,641.82,1585.36,1398.06,554.31,2388.0,9058.13,47.33,522.12,8131.73,8.3836,393,39.18,23.3139
AC-031,114,-0.0007,-0.0005,100.0,642.47,1573.92,1398.89,554.7,2388.07,9058.71,47.31,522.43,8141.55,8.3988,391,39.04,23.4133
AC-031,115,-0.0027,-0.0002,100.0,642.76,1591.29,1400.61,554.79,2388.06,9061.07,47.42,522.24,8137.88,8.4209,393,38.84,23.4881
AC-031,116,-0.0024,-0.0004,100.0,641.89,1595.6,1408.42,554.09,2388.05,9055.25,47.34,522.08,8141.52,8.3771,393,38.93,23.3913
AC-031,117,0.0007,-0.0003,100.0,642.24,1584.86,1401.82,553.89,2388.05,9058.63,47.35,522.38,8139.19,8.4188,393,38.91,23.4307
AC-031,118,-0.0009,-0.0002,100.0,642.22,1585.92,1399.92,553.86,2388.04,9060.32,47.42,522.15,8135.56,8.3992,391,38.91,23.3304
AC-031,119,-0.0031,0.0002,100.0,642.41,1579.35,1402.17,553.31,2388.02,9047.77,47.17,521.81,8138.43,8.4055,393,38.99,23.2714
AC-031,120,0.0015,-0.0,100.0,642.42,1587.09,1402.37,554.58,2388.03,9056.19,47.27,522.13,8139.8,8.4156,393,38.68,23.5514
AC-031,121,0.0057,-0.0002,100.0,641.76,1585.79,1402.34,554.01,2388.08,9054.32,47.27,521.83,8138.64,8.4092,392,39.04,23.3617
AC-031,122,0.0008,0.0005,100.0,642.18,1588.45,1406.25,553.83,2388.15,9049.93,47.2,522.05,8137.65,8.3856,391,38.96,23.3398
AC-031,123,0.0004,-0.0003,100.0,642.68,1585.86,1404.48,553.81,2388.05,9058.7,47.16,522.22,8139.85,8.3936,392,39.02,23.3139
AC-031,124,0.001,0.0003,100.0,642.34,1584.66,1405.53,554.19,2388.07,9056.85,47.32,521.68,8140.42,8.4203,392,38.99,23.5337
AC-031,125,0.0013,0.0002,100.0,641.93,1585.47,1403.84,553.38,2388.06,9050.05,47.37,521.4,8137.92,8.4015,394,39.02,23.3915
AC-031,126,0.0007,0.0005,100.0,642.35,1586.36,1403.85,553.71,2388.06,9053.55,47.31,522.17,8136.24,8.4667,392,39.29,23.4391
AC-031,127,-0.0001,0.0002,100.0,642.82,1586.92,1404.85,554.1,2388.01,9059.17,47.38,521.85,8136.73,8.4483,392,38.78,23.3477
AC-031,128,0.0009,0.0001,100.0,642.58,1590.97,1402.36,554.42,2388.02,9059.25,47.17,522.08,8136.52,8.4376,391,38.99,23.3748
AC-031,129,-0.0001,-0.0002,100.0,641.98,1588.97,1404.6,553.63,2387.99,9059.61,47.31,521.84,8143.15,8.4003,392,39.1,23.301
AC-031,130,-0.0006,-0.0004,100.0,642.46,1585.58,1407.02,554.55,2388.08,9054.18,47.27,522.28,8137.95,8.4061,392,38.86,23.285
AC-031,131,-0.0007,-0.0001,100.0,643.02,1581.67,1408.27,553.78,2388.05,9053.97,47.2,522.04,8136.96,8.4122,392,38.94,23.3609
AC-031,132,-0.0012,-0.0002,100.0,642.51,1586.16,1398.13,554.53,2388.05,9057.29,47.51,521.92,8136.88,8.4164,392,39.06,23.3908
AC-031,133,0.0008,-0.0,100.0,642.26,1588.12,1405.45,554.43,2388.08,9062.87,47.22,522.16,8138.06,8.4393,392,38.98,23.3907
AC-031,134,-0.0012,0.0005,100.0,642.19,1589.83,1405.31,553.39,2388.03,9053.93,47.49,522.01,8129.12,8.4016,394,38.91,23.2717
AC-031,135,-0.0058,0.0005,100.0,641.56,1590.87,1401.49,554.2,2388.08,9058.74,47.33,521.61,8140.09,8.4031,393,38.72,23.4951
AC-031,136,-0.0021,-0.0,100.0,642.73,1583.42,1401.02,553.57,2388.11,9055.48,47.37,522.11,8142.39,8.4027,394,38.85,23.3925
AC-031,137,-0.0057,-0.0001,100.0,642.18,1592.42,1408.51,553.23,2388.02,9053.81,47.43,522.21,8137.45,8.4156,392,39.07,23.3351
AC-031,138,0.0008,-0.0001,100.0,642.62,1587.27,1404.89,554.26,2388.06,9060.34,47.47,522.37,8141.35,8.4174,392,38.89,23.2082
AC-031,139,-0.0034,0.0004,100.0,642.29,1593.1,1401.78,553.62,2388.11,9055.71,47.31,521.89,8131.82,8.4492,393,39.03,23.2539
AC-031,140,-0.003,-0.0003,100.0,642.47,1588.69,1403.44,554.84,2388.08,9056.63,47.51,521.52,8129.43,8.4666,392,39.01,23.2502
AC-031,141,0.0005,-0.0001,100.0,642.58,1591.87,1398.14,553.95,2388.09,9053.6,47.42,522.5,8140.13,8.4442,390,38.91,23.2488
AC-031,142,0.0022,-0.0002,100.0,642.44,1587.55,1404.11,554.23,2388.07,9055.67,47.26,522.15,8138.99,8.4237,392,38.91,23.3373
AC-031,143,0.0,-0.0002,100.0,642.22,1588.18,1405.62,554.33,2388.04,9060.88,47.47,522.2,8143.74,8.4239,393,38.84,23.372
AC-031,144,0.0008,0.0005,100.0,642.08,1584.98,1400.03,553.72,2388.07,9053.41,47.3,521.66,8141.43,8.4416,391,38.82,23.4426
AC-031,145,0.0007,-0.0004,100.0,642.13,1585.38,1411.23,553.4,2388.07,9057.53,47.45,521.98,8142.62,8.4399,393,38.88,23.3472
AC-031,146,0.0023,-0.0005,100.0,642.57,1588.63,1401.39,554.57,2388.08,9058.67,47.48,521.45,8140.73,8.4106,392,39.06,23.3759
AC-031,147,0.0028,-0.0002,100.0,642.35,1589.01,1405.08,554.21,2388.09,9061.8,47.37,521.79,8140.38,8.4413,395,38.83,23.316
AC-031,148,-0.0014,0.0002,100.0,642.57,1592.49,1402.39,553.96,2388.1,9058.01,47.31,520.87,8137.83,8.4221,392,38.89,23.3517
AC-031,149,0.0014,0.0001,100.0,642.5,1596.95,1407.89,553.84,2388.01,9054.99,47.36,521.53,8138.33,8.3871,392,39.07,23.4434
AC-031,150,-0.0032,0.0004,100.0,642.57,1587.82,1402.37,553.58,2388.05,9056.79,47.41,521.9,8139.52,8.4045,392,38.98,23.3595
AC-031,151,-0.0016,-0.0004,100.0,642.21,1587.25,1405.01,552.81,2388.08,9056.44,47.35,521.8,8136.21,8.4409,394,38.76,23.3454
AC-031,152,0.0023,-0.0,100.0,642.47,1585.13,1407.14,554.2,2388.06,9060.49,47.46,521.89,8135.55,8.4387,392,38.91,23.3289
AC-031,153,0.0028,-0.0004,100.0,642.72,1591.58,1404.64,553.7,2388.05,9050.4,47.31,521.26,8137.41,8.4287,392,38.89,23.2679
AC-031,154,-0.0015,0.0002,100.0,642.57,1588.47,1408.25,554.33,2388.03,9055.23,47.37,521.86,8141.83,8.4345,393,38.76,23.3128
AC-031,155,0.0032,0.0002,100.0,642.83,1593.09,1405.83,553.96,2388.06,9055.35,47.59,521.7,8135.07,8.435,393,38.89,23.3514
AC-031,156,0.0026,0.0002,100.0,642.78,1588.92,1405.88,553.72,2388.09,9060.96,47.45,521.18,8129.07,8.419,392,39.0,23.3315
AC-031,157,-0.0016,0.0004,100.0,642.15,1595.21,1400.72,553.18,2388.12,9063.01,47.42,521.87,8133.55,8.4417,393,38.84,23.2909
AC-031,158,0.0007,0.0004,100.0,642.46,1592.1,1404.73,553.52,2388.06,9055.82,47.46,521.44,8132.74,8.4492,393,38.93,23.2213
AC-031,159,0.0016,-0.0001,100.0,642.33,1591.55,1403.24,553.57,2388.11,9050.51,47.5,521.66,8142.78,8.4563,393,38.76,23.222
AC-031,160,-0.0005,-0.0003,100.0,642.93,1591.64,1401.32,554.02,2388.07,9057.35,47.54,521.46,8144.75,8.451,393,38.9,23.3917
AC-031,161,0.0011,0.0001,100.0,642.52,1591.1,1407.04,552.74,2388.05,9068.41,47.57,522.14,8136.68,8.4306,393,38.95,23.1793
AC-031,162,0.0,0.0005,100.0,643.02,1594.85,1410.34,553.92,2388.04,9055.64,47.29,521.79,8133.29,8.4432,392,39.01,23.3423
AC-031,163,-0.0013,-0.0001,100.0,642.69,1585.73,1403.17,553.86,2388.1,9060.3,47.45,521.57,8136.67,8.4195,393,38.91,23.3211
AC-031,164,0.0001,0.0005,100.0,642.15,1586.6,1409.25,553.51,2388.06,9045.41,47.35,521.59,8140.7,8.4308,393,38.97,23.3815
AC-031,165,-0.0013,0.0,100.0,642.26,1581.7,1406.3,553.19,2388.08,9057.01,47.61,521.41,8139.01,8.4037,393,38.95,23.3877
AC-031,166,0.0019,0.0002,100.0,643.1,1588.23,1409.64,553.54,2388.08,9046.73,47.45,521.86,8133.37,8.4267,394,38.99,23.3332
AC-031,167,-0.0003,-0.0004,100.0,641.62,1591.98,1410.44,552.82,2388.11,9057.21,47.74,521.71,8141.96,8.452,394,38.93,23.1925
AC-031,168,0.0015,-0.0001,100.0,642.15,1587.05,1404.56,553.39,2388.05,9054.61,47.39,521.48,8143.78,8.4207,395,38.85,23.3879
AC-031,169,-0.0033,-0.0001,100.0,642.55,1578.77,1407.48,554.0,2388.11,9058.31,47.64,521.22,8135.95,8.4244,394,38.68,23.3424
AC-031,170,0.002,0.0,100.0,642.81,1591.95,1401.14,552.52,2388.12,9051.56,47.6,521.49,8137.57,8.425,393,38.96,23.253
AC-031,171,0.0026,-0.0005,100.0,642.34,1589.46,1406.34,553.63,2388.15,9054.76,47.65,521.35,8134.7,8.4268,394,38.79,23.3784
AC-031,172,0.0011,-0.0003,100.0,643.03,1582.03,1411.49,553.87,2388.12,9060.76,47.7,521.34,8131.87,8.4785,393,38.89,23.2834
AC-031,173,0.0016,-0.0004,100.0,642.57,1590.28,1410.64,552.66,2388.04,9058.45,47.53,521.4,8139.4,8.4333,392,38.79,23.338
AC-031,174,0.0006,-0.0004,100.0,642.54,1587.72,1400.46,553.6,2388.08,9064.21,47.45,520.93,8135.97,8.4473,393,38.73,23.2243
AC-031,175,0.0043,-0.0002,100.0,642.68,1590.79,1411.52,553.9,2388.09,9063.63,47.6,521.18,8134.7,8.4759,393,38.68,23.2591
AC-031,176,-0.0009,-0.0003,100.0,643.76,1585.81,1402.83,553.38,2388.12,9056.24,47.57,521.12,8132.89,8.4431,395,38.78,23.2197
AC-031,177,0.0008,0.0,100.0,642.44,1585.01,1408.47,552.27,2388.12,9056.85,47.48,521.69,8136.43,8.4643,394,38.78,23.2824
AC-031,178,-0.0034,0.0002,100.0,642.83,1596.38,1407.84,553.69,2388.08,9059.01,47.54,520.86,8133.52,8.4216,392,38.88,23.3443
AC-031,179,0.0014,0.0005,100.0,642.31,1597.18,1414.18,553.59,2388.12,9055.06,47.65,520.93,8136.11,8.4523,395,38.74,23.2259
AC-031,180,0.0001,-0.0001,100.0,642.44,1592.08,1410.57,553.02,2388.09,9054.74,47.56,521.27,8134.8,8.4281,393,38.98,23.3185
AC-031,181,0.0028,0.0005,100.0,643.11,1583.92,1407.05,553.17,2388.16,9050.13,47.58,521.23,8135.4,8.4477,393,38.67,23.254
AC-031,182,0.0017,-0.0004,100.0,642.75,1590.59,1403.05,552.68,2388.17,9063.22,47.6,521.63,8131.61,8.449,395,38.78,23.3036
AC-031,183,0.0023,0.0005,100.0,642.78,1593.46,1407.03,553.27,2388.1,9054.33,47.46,521.64,8134.98,8.412,394,38.75,23.3858
AC-031,184,0.0002,-0.0004,100.0,642.77,1593.08,1411.46,553.97,2388.11,9052.59,47.62,520.86,8132.26,8.4668,394,38.77,23.2027
AC-031,185,-0.0059,-0.0005,100.0,642.93,1595.2,1409.93,552.86,2388.12,9062.71,47.6,520.97,8133.37,8.4421,394,38.74,23.2711
AC-031,186,0.0009,0.0,100.0,643.24,1588.74,1413.03,553.12,2388.12,9064.28,47.72,521.36,8132.65,8.4706,393,38.89,23.2308
AC-031,187,-0.0018,-0.0002,100.0,642.41,1596.81,1418.82,553.56,2388.11,9058.06,47.58,521.52,8128.44,8.444,393,38.83,23.2724
AC-031,188,0.0029,0.0004,100.0,643.42,1596.19,1411.94,552.54,2388.17,9057.4,47.7,521.72,8130.56,8.4378,394,38.75,23.3027
AC-031,189,-0.0004,-0.0001,100.0,643.1,1595.59,1411.58,553.18,2388.2,9056.37,47.56,521.34,8127.67,8.4472,392,38.75,23.221
AC-031,190,0.0033,0.0002,100.0,643.28,1595.87,1406.14,552.64,2388.16,9055.0,47.52,521.24,8133.46,8.4656,394,38.8,23.1736
AC-031,191,0.0026,-0.0002,100.0,643.2,1590.33,1413.24,552.89,2388.15,9051.5,47.66,521.05,8129.67,8.4497,393,38.69,23.3146
AC-031,192,0.0016,-0.0001,100.0,642.93,1591.79,1409.32,553.19,2388.17,9057.62,47.46,520.64,8133.59,8.4582,393,38.94,23.3407
AC-031,193,0.0005,-0.0001,100.0,643.15,1588.7,1418.24,552.82,2388.15,9057.39,47.6,521.03,8127.11,8.4467,393,38.96,23.2027
AC-031,194,0.0005,0.0003,100.0,642.3,1588.3,1416.01,552.5,2388.17,9059.46,47.79,521.01,8133.52,8.4709,394,38.73,23.3371
AC-031,195,0.003,0.0002,100.0,642.86,1597.28,1413.72,553.4,2388.14,9057.98,47.57,520.64,8133.13,8.4697,394,38.63,23.2138
AC-031,196,0.0029,0.0004,100.0,643.06,1589.6,1415.21,552.26,2388.15,9048.02,47.72,520.34,8132.68,8.4483,394,38.79,23.2927
AC-031,197,0.0009,0.0003,100.0,642.87,1592.55,1411.15,552.55,2388.19,9047.21,47.79,520.81,8129.55,8.4487,395,38.7,23.2288
AC-031,198,0.0009,0.0001,100.0,642.48,1590.2,1417.66,552.34,2388.17,9053.11,47.55,521.04,8137.49,8.4781,395,38.57,23.1996
AC-031,199,-0.0021,0.0005,100.0,642.54,1594.44,1424.13,551.98,2388.18,9060.5,47.67,521.03,8133.52,8.468,393,38.69,23.2373
AC-031,200,-0.0006,0.0001,100.0,642.99,1591.2,1424.56,552.83,2388.16,9058.74,47.61,520.74,8127.5,8.4825,395,38.58,23.1759
AC-031,201,0.0002,0.0003,100.0,643.39,1590.35,1418.49,551.77,2388.17,9056.61,47.84,520.33,8131.66,8.4808,394,38.73,23.1204
AC-031,202,-0.0011,-0.0003,100.0,642.7,1602.78,1416.46,552.67,2388.17,9050.38,47.72,520.75,8129.53,8.472,393,38.66,23.2345
AC-031,203,0.0005,0.0002,100.0,643.08,1587.54,1418.31,552.01,2388.18,9054.14,47.94,520.53,8131.65,8.4792,394,38.59,23.268
AC-031,204,-0.0031,0.0004,100.0,642.67,1597.92,1411.85,552.22,2388.19,9049.57,47.79,520.79,8131.51,8.4292,394,38.67,23.1413
AC-031,205,-0.0036,0.0,100.0,643.26,1592.93,1412.85,552.02,2388.18,9054.82,47.86,520.66,8129.28,8.4899,393,38.45,23.2457
AC-031,206,-0.0022,0.0001,100.0,643.28,1595.29,1427.59,552.32,2388.17,9053.81,47.83,520.66,8130.5,8.4771,394,38.64,23.139
AC-031,207,0.0005,0.0002,100.0,642.6,1591.08,1411.14,552.33,2388.22,9052.93,47.82,519.88,8131.82,8.4957,393,38.66,23.1918
AC-031,208,0.0002,-0.0002,100.0,643.27,1606.79,1418.33,552.29,2388.19,9053.57,47.89,520.46,8129.32,8.4544,394,38.6,23.2397
AC-031,209,0.0017,0.0002,100.0,643.1,1590.49,1417.6,552.26,2388.21,9050.85,47.89,520.82,8132.4,8.4563,394,38.54,23.1642
AC-031,210,-0.003,0.0001,100.0,643.14,1600.49,1414.18,552.22,2388.23,9047.31,47.78,520.54,8121.07,8.5095,396,38.65,23.1762
AC-031,211,0.001,0.0002,100.0,643.26,1604.58,1427.97,552.47,2388.22,9046.26,48.01,520.53,8123.03,8.5038,396,38.57,23.2898
AC-031,212,0.0018,-0.0004,100.0,643.35,1591.18,1425.24,552.06,2388.19,9051.62,47.94,519.9,8125.9,8.4583,395,38.65,23.1623
AC-031,213,0.0002,0.0003,100.0,643.19,1596.87,1416.53,552.23,2388.19,9051.37,47.7,520.57,8132.45,8.4483,396,38.36,23.246
AC-031,214,0.0012,0.0005,100.0,643.5,1596.65,1420.56,551.97,2388.23,9046.68,47.91,520.1,8126.62,8.4957,394,38.59,23.1847
AC-031,215,-0.0035,0.0001,100.0,642.41,1604.84,1420.7,552.66,2388.23,9049.47,48.08,520.6,8128.08,8.4771,395,38.65,23.1527
AC-031,216,0.0018,0.0004,100.0,642.93,1598.21,1415.41,552.29,2388.18,9060.59,47.93,520.43,8127.4,8.4698,396,38.62,23.171
AC-031,217,0.003,0.0005,100.0,643.28,1594.03,1421.66,552.04,2388.17,9043.2,48.07,520.66,8128.93,8.49,396,38.54,23.178
AC-031,218,0.0006,0.0001,100.0,643.69,1598.21,1423.87,551.89,2388.19,9047.17,48.21,520.47,8122.47,8.4957,396,38.63,23.1818
AC-031,219,0.0004,0.0001,100.0,643.37,1594.68,1423.53,551.57,2388.22,9051.27,48.15,520.34,8126.04,8.4898,395,38.63,23.1122
AC-031,220,0.0049,0.0004,100.0,643.98,1595.32,1429.25,552.19,2388.21,9047.58,47.93,519.77,8128.88,8.4865,394,38.7,23.1928
AC-031,221,-0.0004,-0.0001,100.0,643.52,1600.61,1423.13,552.43,2388.21,9043.86,48.16,520.32,8129.98,8.5174,396,38.42,23.0305
AC-031,222,-0.0002,-0.0,100.0,643.22,1600.63,1420.58,551.78,2388.26,9047.4,47.92,520.03,8130.27,8.4755,395,38.59,23.1057
AC-031,223,-0.0008,0.0002,100.0,642.98,1606.34,1422.75,551.1,2388.26,9045.3,47.96,519.28,8122.55,8.5229,393,38.42,23.1375
AC-031,224,-0.0003,-0.0003,100.0,643.62,1598.21,1432.73,551.43,2388.29,9045.11,48.03,519.9,8126.02,8.5313,395,38.44,23.1149
AC-031,225,-0.0038,0.0005,100.0,643.35,1595.95,1423.18,551.37,2388.29,9046.08,48.0,520.09,8119.34,8.4932,396,38.63,23.0751
AC-031,226,-0.0008,-0.0005,100.0,643.05,1601.52,1426.01,552.04,2388.29,9047.34,48.11,520.25,8118.91,8.5264,397,38.5,23.1028
AC-031,227,0.0019,-0.0004,100.0,643.51,1601.75,1424.33,551.33,2388.3,9050.69,48.13,519.77,8127.06,8.5089,395,38.51,23.0634
AC-031,228,0.0013,0.0,100.0,642.77,1594.36,1426.05,551.45,2388.22,9044.63,48.22,520.05,8126.02,8.5145,396,38.59,23.0135
AC-031,229,-0.0012,0.0004,100.0,644.11,1602.35,1429.78,551.66,2388.3,9050.49,48.26,519.23,8125.82,8.5085,396,38.45,23.0127
AC-031,230,0.0005,-0.0002,100.0,643.48,1602.57,1428.95,550.93,2388.2,9045.1,48.0,519.64,8123.25,8.4803,396,38.52,23.0058
AC-031,231,0.0001,0.0001,100.0,643.75,1606.56,1428.63,551.45,2388.28,9052.33,48.1,519.62,8124.55,8.5289,397,38.4,23.1205
AC-031,232,0.0022,-0.0,100.0,644.07,1602.77,1429.18,551.15,2388.32,9043.3,48.08,519.65,8128.78,8.5153,394,38.48,23.0406
AC-031,233,-0.0011,-0.0003,100.0,643.41,1601.56,1424.74,551.29,2388.27,9048.94,48.04,519.68,8118.7,8.5001,396,38.29,23.1609
AC-031,234,0.0023,-0.0001,100.0,643.5,1599.79,1425.76,550.86,2388.34,9042.46,48.32,519.88,8116.96,8.4871,397,38.46,23.0314
AC-033,1,-0.0021,0.0003,100.0,642.24,1584.98,1396.83,554.03,2388.01,9057.65,47.21,522.49,8145.03,8.3918,390,38.9,23.5107
AC-033,2,0.004,0.0004,100.0,642.24,1584.36,1395.22,554.72,2388.04,9065.4,47.22,523.16,8138.39,8.3998,391,38.96,23.2986
AC-033,3,0.0021,0.0003,100.0,642.09,1584.35,1397.91,554.19,2387.97,9066.69,47.16,521.7,8142.27,8.3713,391,39.0,23.2993
AC-033,4,0.0001,0.0005,100.0,642.01,1579.06,1400.32,554.09,2387.99,9059.67,47.08,522.57,8142.49,8.3884,391,39.01,23.4489
AC-033,5,0.0036,0.0004,100.0,641.84,1585.45,1398.53,554.38,2387.99,9067.52,47.06,522.2,8148.44,8.3859,391,38.98,23.3944
AC-033,6,0.0009,-0.0002,100.0,641.6,1577.55,1396.63,554.21,2387.99,9055.7,47.16,521.89,8146.01,8.3591,390,39.11,23.4429
AC-033,7,-0.0042,0.0004,100.0,641.96,1581.63,1401.66,553.82,2388.0,9063.57,47.02,522.13,8142.59,8.3696,392,38.87,23.4763
AC-033,8,0.0003,0.0004,100.0,641.91,1581.19,1395.91,554.74,2388.03,9059.89,47.01,522.11,8144.77,8.4009,391,38.96,23.443
AC-033,9,-0.0025,-0.0002,100.0,642.39,1584.46,1396.13,554.5,2387.99,9071.35,47.15,522.74,8145.61,8.4148,392,39.1,23.3631
AC-033,10,0.0014,-0.0001,100.0,642.14,1579.37,1394.44,553.99,2388.03,9054.61,47.27,522.84,8150.38,8.3762,391,38.94,23.3957
AC-033,11,-0.0006,-0.0,100.0,641.36,1582.87,1403.9,554.43,2387.99,9070.19,47.16,522.47,8147.42,8.435,392,38.82,23.4143
AC-033,12,0.0011,0.0,100.0,642.26,1580.99,1394.07,554.33,2388.01,9060.03,47.14,522.65,8145.21,8.3998,392,39.11,23.459
AC-033,13,-0.0041,-0.0,100.0,642.3,1581.8,1394.13,554.2,2387.99,9053.45,47.25,522.63,8139.45,8.4064,391,38.94,23.4752
AC-033,14,-0.0016,-0.0004,100.0,642.01,1582.26,1394.42,554.44,2387.98,9060.31,47.17,522.31,8144.7,8.3571,392,39.13,23.4963
AC-033,15,-0.0008,0.0005,100.0,642.06,1584.74,1395.96,555.06,2387.95,9060.74,47.25,522.52,8141.85,8.3835,390,39.0,23.5347
AC-033,16,0.0023,0.0002,100.0,641.71,1574.02,1393.09,554.94,2387.95,9061.0,47.17,522.37,8144.73,8.3643,393,39.06,23.3248
AC-033,17,-0.001,0.0005,100.0,641.93,1577.88,1388.35,555.01,2387.96,9058.57,47.06,523.07,8145.63,8.3736,392,38.98,23.3902
AC-033,18,-0.0018,0.0005,100.0,642.26,1580.78,1397.48,555.27,2387.99,9062.84,47.09,523.27,8145.53,8.3752,392,39.08,23.3638
AC-033,19,0.0002,-0.0002,100.0,641.7,1587.63,1402.12,554.26,2388.01,9061.05,47.04,522.58,8146.15,8.4159,391,38.88,23.5072
AC-033,20,-0.0005,-0.0,100.0,642.05,1576.02,1397.76,554.31,2387.98,9066.53,47.24,522.55,8144.91,8.4065,390,38.98,23.4197
AC-033,21,-0.0009,0.0001,100.0,642.05,1579.53,1400.87,554.11,2388.08,9062.58,46.89,523.38,8147.31,8.425,391,39.07,23.3869
AC-033,22,0.0022,0.0,100.0,642.31,1584.54,1393.14,554.65,2388.04,9056.5,47.15,522.94,8144.43,8.4137,393,38.96,23.5036
AC-033,23,0.0004,0.0002,100.0,641.98,1576.94,1396.29,554.09,2388.01,9063.67,47.11,521.93,8145.87,8.3671,392,39.1,23.4241
AC-033,24,0.0024,-0.0004,100.0,641.7,1593.21,1394.35,554.56,2388.0,9055.05,47.21,522.79,8139.96,8.3764,392,39.16,23.491
AC-033,25,0.0018,-0.0004,100.0,642.34,1588.46,1398.95,554.47,2388.02,9053.97,47.19,522.48,8145.9,8.387,391,39.09,23.3641
AC-033,26,-0.0001,-0.0,100.0,641.62,1588.24,1396.42,554.19,2387.99,9061.27,47.27,522.32,8138.38,8.4039,391,38.88,23.3954
AC-033,27,0.0009,0.0003,100.0,641.79,1590.44,1388.88,554.72,2388.05,9056.7,47.07,522.76,8141.25,8.3778,390,38.98,23.3423
AC-033,28,-0.0003,0.0001,100.0,641.47,1582.45,1394.62,554.26,2388.01,9057.51,47.11,522.35,8146.18,8.3938,390,38.92,23.362
AC-033,29,0.0035,-0.0001,100.0,641.97,1587.11,1392.43,554.6,2387.96,9065.0,47.22,522.47,8149.93,8.386,392,39.09,23.491
AC-033,30,0.0008,-0.0001,100.0,641.73,1585.99,1390.69,554.19,2387.97,9060.93,47.15,522.21,8142.34,8.3904,392,39.01,23.4067
AC-033,31,-0.002,-0.0004,100.0,642.2,1579.74,1402.15,555.04,2388.0,9057.82,47.01,522.55,8142.21,8.3681,391,39.07,23.5123
AC-033,32,0.0026,-0.0004,100.0,642.0,1582.29,1395.04,554.47,2387.97,9062.42,47.11,522.77,8147.15,8.3576,392,39.03,23.4168
AC-033,33,0.0025,-0.0001,100.0,641.78,1583.2,1393.37,554.53,2388.01,9060.11,47.15,522.26,8144.21,8.388,392,39.19,23.4803
AC-033,34,0.0009,0.0001,100.0,642.26,1575.58,1389.75,554.11,2387.99,9070.02,47.3,522.37,8146.73,8.3889,392,39.11,23.4375
AC-033,35,0.0005,0.0001,100.0,641.93,1590.11,1393.44,555.08,2388.04,9059.7,47.12,522.03,8139.14,8.399,393,39.1,23.441
AC-033,36,0.0008,-0.0003,100.0,642.17,1588.51,1395.5,554.54,2387.92,9055.12,47.05,522.1,8150.92,8.3667,393,39.08,23.475
AC-033,37,-0.0024,0.0005,100.0,641.87,1588.53,1403.8,554.75,2388.01,9056.58,47.25,522.89,8143.31,8.3528,392,38.99,23.3981
AC-033,38,-0.0013,-0.0004,100.0,641.6,1589.54,1390.76,554.28,2388.02,9057.82,47.08,522.02,8141.48,8.401,390,38.99,23.4052
AC-033,39,-0.0021,-0.0003,100.0,642.4,1574.81,1400.98,554.8,2388.01,9066.05,46.97,522.8,8141.83,8.3772,393,38.91,23.5746
AC-033,40,0.001,-0.0002,100.0,642.4,1576.28,1393.05,554.22,2387.98,9062.38,47.16,522.64,8146.42,8.403,391,39.17,23.4219
AC-033,41,0.0004,-0.0004,100.0,642.27,1584.62,1397.32,554.06,2387.97,9064.37,47.23,522.62,8145.79,8.401,390,39.12,23.4323
AC-033,42,0.003,-0.0,100.0,641.96,1587.84,1401.25,554.21,2388.0,9056.35,47.0,522.68,8145.74,8.3805,391,39.0,23.4304
AC-033,43,0.0015,0.0002,100.0,642.16,1581.26,1392.66,554.74,2388.02,9066.34,47.08,522.83,8145.16,8.4012,391,38.88,23.5104
AC-033,44,-0.0055,-0.0001,100.0,642.02,1585.53,1394.83,554.53,2387.98,9065.13,47.1,521.85,8150.67,8.3861,392,38.96,23.4322
AC-033,45,0.0012,-0.0004,100.0,642.18,1579.23,1397.56,554.52,2388.02,9065.03,47.21,522.92,8148.39,8.3851,392,39.01,23.3907
AC-033,46,-0.0038,-0.0003,100.0,641.92,1590.06,1400.34,554.72,2387.97,9065.26,47.07,522.85,8148.92,8.3853,392,38.97,23.4452
AC-033,47,0.0013,0.0001,100.0,642.02,1583.19,1396.42,554.55,2388.06,9059.28,47.08,522.9,8142.98,8.423,390,39.01,23.4638
AC-033,48,0.0012,0.0001,100.0,642.11,1578.65,1397.55,554.12,2388.03,9064.34,47.42,522.62,8142.1,8.3831,391,38.98,23.5047
AC-033,49,-0.0025,-0.0004,100.0,641.87,1581.41,1401.23,554.02,2388.01,9063.85,47.18,522.58,8143.75,8.3953,391,39.01,23.4052
AC-033,50,-0.0024,0.0002,100.0,642.02,1584.53,1405.07,553.93,2388.0,9063.77,47.08,522.35,8145.33,8.3966,392,39.07,23.5215
AC-033,51,-0.0003,0.0001,100.0,642.07,1576.2,1406.53,554.25,2388.02,9060.91,47.21,522.1,8144.15,8.3708,391,39.21,23.3286
AC-033,52,0.0009,-0.0003,100.0,642.27,1587.58,1394.06,554.4,2387.98,9059.61,46.92,521.9,8141.7,8.4418,392,38.95,23.4549
AC-033,53,0.0028,0.0001,100.0,642.0,1581.9,1402.88,554.05,2388.04,9057.54,47.13,521.78,8144.6,8.4179,392,39.07,23.4021
AC-033,54,-0.001,-0.0002,100.0,642.1,1582.75,1396.31,554.73,2388.03,9058.17,47.14,522.24,8138.87,8.3936,392,39.01,23.3104
AC-033,55,0.0024,-0.0,100.0,642.09,1588.87,1392.6,555.32,2387.98,9060.19,47.25,522.43,8142.29,8.4047,391,38.99,23.289
AC-033,56,0.0008,-0.0002,100.0,641.62,1587.93,1403.26,554.42,2387.94,9061.67,47.14,522.65,8144.15,8.3811,392,39.11,23.411
AC-033,57,-0.004,-0.0004,100.0,642.45,1572.76,1401.24,554.76,2387.99,9066.35,47.19,522.38,8147.42,8.4129,391,39.27,23.3795
AC-033,58,0.0039,-0.0004,100.0,642.23,1583.8,1399.63,554.04,2387.99,9069.02,47.11,522.44,8143.5,8.3937,391,39.14,23.5011
AC-033,59,0.0039,-0.0005,100.0,642.16,1588.27,1394.98,554.09,2388.02,9056.56,47.26,522.36,8147.2,8.3942,392,39.21,23.4428
AC-033,60,0.0008,-0.0001,100.0,642.5,1585.65,1392.73,555.11,2388.01,9061.67,47.15,522.05,8149.72,8.3698,393,39.0,23.3748
AC-033,61,0.0016,0.0003,100.0,642.1,1582.95,1401.52,554.55,2388.04,9064.15,47.33,522.69,8147.38,8.392,392,39.12,23.3367
AC-033,62,0.004,0.0004,100.0,642.19,1590.18,1396.74,554.06,2388.02,9060.39,47.27,522.3,8151.07,8.3588,391,38.94,23.4153
AC-033,63,0.0014,-0.0004,100.0,642.53,1587.11,1394.36,554.49,2388.01,9062.64,47.17,522.76,8146.11,8.4009,392,39.04,23.3596
AC-033,64,-0.0028,-0.0003,100.0,642.09,1588.64,1393.61,554.03,2388.01,9066.17,47.12,522.11,8146.19,8.4084,393,38.87,23.4436
AC-033,65,0.0033,0.0,100.0,642.49,1580.96,1403.85,554.17,2388.01,9059.15,47.15,522.36,8140.82,8.4129,390,38.9,23.435
AC-033,66,-0.0039,-0.0004,100.0,642.99,1582.59,1399.58,554.15,2387.98,9052.16,47.17,522.14,8147.85,8.4236,392,39.1,23.3718
AC-033,67,0.0007,0.0001,100.0,642.64,1581.92,1397.59,553.87,2388.03,9074.83,47.21,521.48,8143.2,8.4268,392,39.11,23.4046
AC-033,68,-0.0012,-0.0004,100.0,642.43,1585.74,1389.39,554.72,2387.97,9064.09,47.24,522.66,8151.73,8.3754,392,38.99,23.473
AC-033,69,-0.0023,0.0004,100.0,642.1,1585.42,1405.19,553.78,2387.96,9065.64,47.2,522.02,8149.72,8.3676,394,38.91,23.3597
AC-033,70,-0.0013,-0.0001,100.0,641.69,1592.19,1397.87,554.39,2388.04,9067.55,47.31,522.54,8147.1,8.3833,392,39.12,23.4229
AC-033,71,0.0019,-0.0002,100.0,642.21,1581.15,1397.43,554.12,2387.99,9067.32,47.07,522.45,8146.21,8.4209,392,38.99,23.4438
AC-033,72,-0.0001,0.0004,100.0,642.35,1581.99,1395.39,554.75,2388.03,9062.21,47.24,522.72,8140.42,8.395,391,39.12,23.3829
AC-033,73,0.0017,-0.0002,100.0,642.16,1587.72,1403.88,553.73,2388.01,9062.02,47.34,522.55,8145.34,8.4286,392,39.1,23.5215
AC-033,74,-0.0007,-0.0001,100.0,642.09,1579.89,1400.88,554.37,2388.02,9060.39,47.25,522.84,8144.88,8.3881,392,39.06,23.3631
AC-033,75,0.0008,0.0004,100.0,642.0,1587.11,1393.02,554.19,2388.01,9058.79,47.16,522.2,8146.12,8.3973,391,39.08,23.3527
AC-033,76,0.0007,0.0005,100.0,641.91,1588.38,1394.83,554.31,2388.03,9067.52,47.18,522.29,8142.07,8.376,391,39.05,23.3119
AC-033,77,0.0012,0.0005,100.0,642.66,1585.98,1403.68,554.97,2387.98,9062.06,47.29,521.66,8144.72,8.3647,390,39.18,23.4646
AC-033,78,-0.0017,0.0001,100.0,642.62,1582.58,1397.84,554.96,2388.03,9071.95,47.2,522.81,8141.95,8.4269,391,38.98,23.4772
AC-033,79,-0.001,-0.0002,100.0,642.18,1588.24,1408.21,553.82,2388.04,9056.81,47.21,522.41,8140.47,8.4123,392,39.01,23.4434
AC-033,80,-0.0006,-0.0,100.0,642.43,1587.82,1396.6,554.52,2387.94,9060.19,47.09,522.62,8144.69,8.4134,391,38.84,23.4007
AC-033,81,-0.0021,-0.0,100.0,641.86,1580.87,1404.98,554.02,2388.01,9055.19,47.3,522.46,8148.99,8.3665,391,38.97,23.4203
AC-033,82,0.0023,-0.0002,100.0,641.9,1584.67,1396.36,553.65,2388.05,9061.6,47.25,522.16,8146.28,8.3725,390,39.14,23.4846
AC-033,83,-0.0004,-0.0001,100.0,641.95,1576.85,1392.43,553.87,2387.96,9051.13,47.01,522.85,8146.7,8.4177,393,38.98,23.3826
AC-033,84,-0.0003,0.0001,100.0,642.53,1580.11,1399.74,554.81,2387.97,9060.87,47.15,523.23,8142.15,8.4128,393,39.07,23.4714
AC-033,85,-0.0011,-0.0002,100.0,642.94,1586.47,1401.0,554.43,2387.99,9069.37,47.37,522.2,8149.58,8.4002,392,38.89,23.3886
AC-033,86,-0.0008,0.0004,100.0,642.33,1583.74,1398.29,553.88,2388.04,9060.34,47.25,522.36,8147.4,8.3993,389,38.89,23.4605
AC-033,87,-0.0022,0.0001,100.0,641.88,1583.15,1399.51,555.04,2388.06,9060.79,47.27,522.42,8143.58,8.3898,391,39.07,23.4565
AC-033,88,-0.0014,-0.0002,100.0,642.75,1585.45,1394.73,554.73,2388.0,9063.99,47.4,522.08,8148.88,8.4114,392,39.08,23.4336
AC-033,89,0.0001,-0.0002,100.0,642.11,1581.37,1393.07,554.11,2387.99,9053.55,47.34,522.01,8151.55,8.414,392,38.93,23.3768
AC-033,90,-0.0015,-0.0003,100.0,641.75,1586.76,1401.33,554.14,2388.03,9062.75,47.3,521.86,8145.51,8.429,393,38.87,23.3823
AC-033,91,-0.0018,0.0004,100.0,642.59,1589.08,1407.34,554.78,2388.06,9059.71,47.38,522.15,8141.21,8.4519,392,38.75,23.3328
AC-033,92,0.0019,0.0002,100.0,642.09,1581.91,1396.03,554.37,2388.03,9060.55,47.51,522.21,8148.06,8.3954,391,38.9,23.5115
AC-033,93,-0.0056,-0.0001,100.0,642.64,1586.28,1409.2,554.66,2388.0,9059.15,47.26,522.36,8148.71,8.4256,392,38.97,23.5023
AC-033,94,-0.0013,0.0003,100.0,642.29,1587.77,1405.53,553.88,2388.05,9061.92,47.2,522.4,8146.75,8.4088,391,38.95,23.3474
AC-033,95,-0.0011,-0.0001,100.0,641.99,1588.55,1394.99,553.95,2388.01,9070.24,47.28,522.15,8146.67,8.3785,392,38.99,23.4109
AC-033,96,0.0001,0.0003,100.0,642.25,1587.25,1408.73,554.46,2388.05,9056.81,47.23,522.95,8144.14,8.3929,392,39.01,23.3023
AC-033,97,-0.0013,0.0001,100.0,642.25,1584.6,1404.52,554.24,2388.0,9058.24,47.26,522.66,8140.52,8.3919,392,39.17,23.4729
AC-033,98,0.0004,0.0,100.0,642.74,1583.84,1399.48,554.33,2388.05,9064.92,47.15,522.77,8143.9,8.4012,392,38.97,23.3007
AC-033,99,-0.0025,0.0003,100.0,642.24,1586.22,1404.67,554.73,2388.04,9063.4,47.32,521.83,8149.85,8.3946,393,39.01,23.3628
AC-033,100,-0.0008,0.0004,100.0,642.22,1590.5,1398.46,553.99,2388.06,9060.02,47.13,521.56,8143.88,8.3864,391,38.94,23.3365
AC-033,101,0.0028,0.0002,100.0,642.51,1589.2,1405.51,554.04,2388.01,9063.12,47.27,521.91,8145.33,8.4215,393,38.73,23.4001
AC-033,102,0.0014,-0.0,100.0,642.0,1588.4,1398.28,554.59,2388.0,9063.25,47.32,522.3,8149.53,8.3802,390,38.92,23.4651
AC-033,103,-0.0009,0.0003,100.0,641.42,1588.56,1394.59,555.0,2387.99,9047.15,47.25,522.15,8143.36,8.4262,390,38.95,23.374
AC-033,104,0.0002,0.0001,100.0,642.72,1588.89,1411.72,554.05,2388.07,9061.61,47.35,521.9,8144.49,8.4472,393,39.11,23.4196
AC-033,105,-0.0009,-0.0003,100.0,642.12,1575.82,1406.51,554.76,2388.03,9059.63,47.35,522.13,8138.59,8.4164,392,38.85,23.3241
AC-033,106,0.0015,0.0001,100.0,642.75,1577.54,1401.66,554.81,2388.05,9063.33,47.32,522.23,8142.78,8.4495,391,39.2,23.3465
AC-033,107,0.0018,0.0003,100.0,642.06,1585.8,1402.85,553.91,2388.0,9059.68,47.57,521.92,8143.94,8.4145,393,38.98,23.4065
AC-033,108,0.0009,-0.0004,100.0,642.29,1584.89,1399.92,554.95,2387.98,9059.47,47.29,522.32,8139.31,8.412,392,38.92,23.3207
AC-033,109,0.0013,-0.0,100.0,642.19,1593.32,1393.35,554.12,2388.07,9063.07,47.41,522.56,8138.68,8.4082,391,39.16,23.3388
AC-033,110,0.0035,0.0001,100.0,642.03,1583.96,1401.54,553.95,2388.04,9065.5,47.26,521.94,8141.96,8.4196,393,38.81,23.3784
AC-033,111,0.0003,-0.0003,100.0,642.84,1587.65,1402.3,553.65,2388.03,9060.35,47.32,522.3,8142.23,8.3999,392,38.88,23.3861
AC-033,112,-0.0032,0.0004,100.0,642.25,1585.09,1406.79,554.08,2388.06,9065.31,47.27,522.11,8145.4,8.4402,392,39.03,23.4157
AC-033,113,-0.0026,0.0003,100.0,642.1,1582.54,1398.17,554.95,2388.01,9065.05,47.12,522.3,8143.44,8.4088,393,38.99,23.3885
AC-033,114,-0.0017,0.0003,100.0,641.91,1588.96,1397.61,554.11,2388.05,9062.22,47.37,522.09,8143.19,8.4344,392,38.8,23.333
AC-033,115,0.0002,0.0,100.0,642.44,1584.04,1400.39,554.42,2388.07,9055.5,47.33,521.59,8143.17,8.4213,393,38.98,23.281
AC-033,116,0.0004,0.0001,100.0,642.4,1590.13,1409.9,553.41,2388.01,9065.71,47.37,522.45,8146.09,8.4366,392,39.01,23.4177
AC-033,117,0.0011,-0.0,100.0,642.0,1581.18,1395.67,554.55,2388.07,9068.07,47.51,521.2,8142.76,8.4159,392,38.98,23.3886
AC-033,118,0.0007,0.0004,100.0,642.45,1590.2,1398.77,553.86,2388.09,9063.52,47.27,522.3,8150.83,8.4344,393,39.05,23.4831
AC-033,119,0.0013,-0.0001,100.0,642.23,1592.56,1406.67,553.64,2388.1,9059.74,47.4,521.96,8137.93,8.4678,392,38.8,23.387
AC-033,120,-0.001,-0.0001,100.0,641.97,1590.67,1403.04,553.84,2388.03,9060.0,47.27,522.17,8144.6,8.4414,392,38.72,23.4453
AC-033,121,-0.0014,-0.0001,100.0,641.9,1575.93,1405.73,553.76,2388.05,9059.34,47.38,522.0,8149.14,8.4102,392,38.95,23.3682
AC-033,122,0.0,-0.0002,100.0,642.44,1577.54,1396.89,553.56,2388.03,9064.37,47.42,522.02,8142.19,8.4166,394,38.74,23.2658
AC-033,123,0.0012,-0.0001,100.0,642.47,1588.13,1407.06,553.48,2388.11,9047.54,47.31,521.78,8144.72,8.3941,393,38.72,23.3137
AC-033,124,0.0018,-0.0003,100.0,642.34,1586.69,1393.51,553.6,2388.0,9070.33,47.4,521.43,8139.38,8.4087,393,38.86,23.345
AC-033,125,-0.0038,-0.0,100.0,642.4,1589.06,1404.38,554.05,2388.04,9064.54,47.4,521.95,8145.46,8.4077,392,38.93,23.3852
AC-033,126,0.0031,0.0004,100.0,641.66,1585.06,1401.68,553.84,2388.05,9062.33,47.39,522.22,8138.46,8.4106,393,39.01,23.4236
AC-033,127,-0.0002,0.0,100.0,642.84,1591.97,1405.09,553.81,2388.05,9057.49,47.32,522.06,8138.19,8.4234,393,38.9,23.3501
AC-033,128,0.0005,0.0004,100.0,642.08,1587.6,1395.3,553.72,2388.05,9067.12,47.39,522.25,8139.41,8.4322,392,38.81,23.3168
AC-033,129,0.0009,0.0005,100.0,642.47,1597.59,1400.48,553.69,2388.09,9064.58,47.46,522.37,8145.05,8.4208,391,38.94,23.3593
AC-033,130,-0.001,-0.0005,100.0,642.08,1593.67,1400.83,554.38,2388.05,9065.58,47.42,522.19,8144.66,8.4122,391,38.91,23.3495
AC-033,131,0.002,-0.0005,100.0,641.82,1588.69,1401.32,553.81,2388.08,9057.97,47.39,521.43,8146.39,8.4196,392,38.86,23.2601
AC-033,132,-0.003,0.0003,100.0,642.5,1589.82,1411.11,554.06,2388.06,9047.44,47.4,521.78,8140.34,8.4465,390,39.14,23.3888
AC-033,133,0.0018,0.0004,100.0,642.9,1587.62,1409.01,554.46,2388.04,9062.26,47.52,521.88,8142.35,8.4537,394,38.88,23.2703
AC-033,134,0.0006,-0.0,100.0,642.57,1583.3,1397.33,553.66,2388.11,9061.55,47.52,521.35,8131.16,8.4224,393,38.78,23.3362
AC-033,135,0.0,0.0003,100.0,642.44,1590.67,1409.44,553.76,2388.08,9061.68,47.55,521.55,8143.16,8.4298,393,38.93,23.3261
AC-033,136,0.0004,0.0003,100.0,642.35,1586.29,1409.18,553.69,2388.07,9064.84,47.36,521.51,8147.41,8.4121,394,39.05,23.3923
AC-033,137,0.0017,0.0002,100.0,642.38,1586.55,1410.89,553.96,2388.07,9063.59,47.45,521.95,8141.51,8.4305,391,39.0,23.3508
AC-033,138,0.0037,0.0003,100.0,643.21,1586.01,1399.66,553.67,2388.01,9063.17,47.43,521.57,8145.96,8.4162,392,39.07,23.2327
AC-033,139,-0.0012,0.0004,100.0,642.6,1595.97,1405.25,554.05,2388.11,9063.63,47.18,521.7,8147.89,8.4411,393,39.08,23.3786
AC-033,140,-0.0013,-0.0004,100.0,642.78,1589.01,1404.71,553.67,2388.08,9064.69,47.53,521.56,8143.13,8.4274,393,38.8,23.2495
AC-033,141,-0.0005,-0.0003,100.0,642.83,1582.29,1396.38,552.46,2388.05,9059.45,47.28,521.78,8144.22,8.4667,393,38.72,23.3784
AC-033,142,0.0006,0.0002,100.0,642.3,1579.26,1407.96,553.87,2388.12,9064.14,47.3,521.79,8136.87,8.4406,392,38.64,23.4127
AC-033,143,-0.001,0.0003,100.0,642.8,1590.27,1404.11,553.8,2388.08,9061.46,47.5,522.15,8145.75,8.436,393,38.98,23.2919
AC-033,144,-0.0028,0.0002,100.0,642.85,1599.31,1406.63,553.56,2388.09,9061.46,47.54,521.24,8138.69,8.4125,393,38.68,23.2835
AC-033,145,-0.0005,-0.0001,100.0,642.75,1592.66,1405.42,553.18,2388.08,9058.98,47.45,521.51,8137.8,8.4521,394,38.88,23.3268
AC-033,146,0.0005,-0.0004,100.0,642.44,1593.4,1404.11,553.76,2388.08,9059.35,47.37,521.62,8139.56,8.4461,392,38.72,23.3353
AC-033,147,0.0029,0.0002,100.0,643.15,1592.11,1414.58,552.26,2388.06,9063.75,47.49,521.76,8142.85,8.4514,392,38.92,23.2504
AC-033,148,-0.002,-0.0004,100.0,642.54,1593.02,1412.25,553.35,2388.08,9058.11,47.67,521.52,8141.12,8.4209,395,38.95,23.2597
AC-033,149,0.0039,-0.0002,100.0,642.96,1599.58,1416.69,553.65,2388.1,9058.61,47.5,521.57,8140.97,8.4603,393,38.96,23.3478
AC-033,150,0.0019,0.0001,100.0,642.92,1594.11,1402.33,553.1,2388.12,9065.57,47.49,521.3,8137.85,8.4274,394,38.92,23.2811
AC-033,151,-0.0018,0.0004,100.0,642.33,1594.89,1407.8,553.72,2388.09,9057.04,47.66,521.54,8136.52,8.4284,394,38.82,23.3229
AC-033,152,0.0019,0.0005,100.0,642.47,1592.65,1412.92,553.48,2388.09,9059.64,47.71,521.2,8135.87,8.4839,393,38.9,23.2782
AC-033,153,0.0009,-0.0,100.0,642.54,1590.01,1404.38,553.68,2388.1,9060.19,47.7,521.58,8139.51,8.4259,393,38.87,23.3383
AC-033,154,-0.0001,0.0004,100.0,642.64,1587.83,1407.67,553.83,2388.09,9059.2,47.57,521.04,8140.63,8.4372,395,38.86,23.2993
AC-033,155,-0.0049,0.0004,100.0,643.15,1593.4,1412.88,553.22,2388.11,9055.66,47.52,521.13,8140.41,8.4461,394,38.66,23.1495
AC-033,156,0.0008,0.0002,100.0,642.4,1592.39,1404.42,553.42,2388.12,9069.84,47.6,521.35,8138.4,8.457,393,38.82,23.2812
AC-033,157,-0.0011,0.0004,100.0,642.27,1592.99,1405.44,553.51,2388.09,9063.12,47.51,521.52,8141.14,8.4609,392,38.85,23.2937
AC-033,158,0.0007,0.0003,100.0,643.19,1592.95,1408.69,552.25,2388.11,9063.71,47.62,521.29,8146.36,8.497,393,38.82,23.3193
AC-033,159,-0.001,0.0003,100.0,643.09,1586.13,1417.08,552.74,2388.11,9063.79,47.52,521.11,8137.79,8.4586,392,38.84,23.1832
AC-033,160,-0.0019,-0.0002,100.0,643.04,1588.22,1413.0,553.36,2388.12,9053.62,47.8,521.27,8132.06,8.4522,393,38.77,23.2444
AC-033,161,0.0031,0.0001,100.0,642.42,1590.15,1409.57,553.32,2388.08,9057.02,47.45,521.13,8141.35,8.459,393,38.92,23.2257
AC-033,162,0.0018,0.0003,100.0,643.21,1592.28,1408.67,553.61,2388.14,9051.17,47.67,521.36,8135.03,8.4411,393,38.59,23.1742
AC-033,163,0.0022,0.0005,100.0,642.69,1591.25,1403.35,553.33,2388.16,9057.84,47.65,521.35,8140.53,8.5088,393,38.68,23.2946
AC-033,164,0.0008,-0.0005,100.0,642.81,1589.48,1410.76,553.24,2388.18,9066.53,47.6,520.92,8134.23,8.429,394,38.86,23.2305
AC-033,165,0.0005,0.0003,100.0,642.37,1594.24,1415.13,552.43,2388.16,9062.21,47.71,520.75,8139.5,8.493,395,38.66,23.2438
AC-033,166,0.0031,0.0005,100.0,642.76,1595.49,1408.81,552.99,2388.09,9062.46,47.67,520.98,8137.78,8.489,395,38.8,23.2183
AC-033,167,-0.0014,0.0003,100.0,643.22,1593.3,1413.93,553.21,2388.19,9063.2,47.73,520.31,8136.57,8.4559,394,38.54,23.1157
AC-033,168,0.0039,-0.0002,100.0,642.56,1600.08,1418.79,553.81,2388.16,9052.54,47.6,520.67,8140.98,8.4371,393,38.74,23.2954
AC-033,169,0.0006,-0.0,100.0,642.77,1595.27,1411.55,552.5,2388.12,9052.52,47.71,520.49,8134.12,8.4722,395,38.78,23.3103
AC-033,170,-0.0008,0.0005,100.0,642.65,1598.14,1418.98,552.78,2388.17,9062.47,47.76,520.37,8136.84,8.4599,393,38.85,23.3423
AC-033,171,-0.0005,-0.0004,100.0,642.86,1596.19,1414.74,552.85,2388.09,9062.33,47.75,520.92,8133.15,8.4961,395,38.79,23.1898
AC-033,172,0.0009,-0.0005,100.0,643.43,1593.87,1418.88,552.75,2388.16,9055.75,47.71,520.82,8132.37,8.4493,393,38.83,23.18
AC-033,173,-0.0013,-0.0001,100.0,642.96,1588.19,1415.07,552.86,2388.14,9052.69,47.69,521.21,8134.63,8.4471,394,38.62,23.2471
AC-033,174,-0.0008,-0.0002,100.0,642.95,1592.19,1419.95,552.51,2388.17,9058.33,47.69,520.38,8136.27,8.4501,394,38.53,23.2006
AC-033,175,-0.0021,0.0002,100.0,642.63,1597.72,1415.62,552.16,2388.2,9054.73,47.9,520.84,8135.53,8.4748,392,38.69,23.2892
AC-033,176,0.0012,-0.0001,100.0,643.54,1599.7,1424.1,553.22,2388.18,9061.74,47.82,520.75,8134.39,8.4351,392,38.81,23.2417
AC-033,177,-0.0012,0.0004,100.0,642.36,1594.74,1417.09,552.55,2388.17,9055.23,47.68,521.04,8137.09,8.5124,395,38.57,23.043
AC-033,178,0.0002,-0.0001,100.0,643.37,1593.36,1424.29,552.99,2388.16,9055.4,47.72,521.08,8132.41,8.4845,394,38.72,23.2399
AC-033,179,0.0024,0.0003,100.0,642.67,1598.58,1419.15,552.44,2388.2,9057.65,47.79,520.4,8135.19,8.4591,394,38.61,23.2125
AC-033,180,-0.0009,0.0004,100.0,642.84,1596.84,1419.13,553.02,2388.17,9059.77,47.95,521.11,8128.65,8.4893,394,38.85,23.2268
AC-033,181,0.0018,0.0002,100.0,642.87,1597.81,1424.44,551.88,2388.15,9058.79,48.02,520.86,8138.05,8.5119,395,38.69,23.2136
AC-033,182,-0.0012,-0.0004,100.0,642.73,1594.45,1416.24,552.65,2388.2,9059.32,47.68,520.41,8135.35,8.5099,393,38.68,23.204
AC-033,183,0.0031,0.0003,100.0,643.1,1598.03,1425.09,552.18,2388.17,9056.14,47.99,520.59,8137.66,8.5067,395,38.65,23.1232
AC-033,184,0.0007,0.0,100.0,643.06,1595.03,1415.14,551.38,2388.21,9055.46,47.83,520.1,8134.33,8.4624,395,38.64,23.2367
AC-033,185,-0.0,0.0001,100.0,643.03,1595.02,1419.46,552.2,2388.16,9059.54,47.96,520.35,8133.39,8.4906,393,38.44,23.2753
AC-033,186,0.0031,0.0001,100.0,643.06,1602.98,1424.52,551.92,2388.22,9059.89,47.84,520.78,8140.41,8.4667,395,38.68,23.2366
AC-033,187,0.0001,-0.0001,100.0,642.96,1596.19,1421.34,551.4,2388.24,9063.76,48.0,520.09,8131.43,8.52,395,38.59,23.1803
AC-033,188,0.0038,-0.0004,100.0,643.33,1593.44,1422.77,552.16,2388.25,9059.52,48.08,519.98,8137.09,8.4771,395,38.6,23.1558
AC-033,189,-0.002,-0.0003,100.0,643.04,1590.44,1418.35,550.75,2388.23,9052.34,48.03,520.66,8127.8,8.4955,395,38.48,23.1752
AC-033,190,0.0015,-0.0001,100.0,643.45,1598.22,1423.76,551.56,2388.25,9059.6,48.03,519.74,8131.18,8.5431,396,38.53,23.2324
AC-033,191,-0.0017,-0.0003,100.0,643.16,1600.37,1422.06,551.25,2388.22,9057.1,47.8,520.01,8134.85,8.5413,394,38.81,23.1665
AC-033,192,-0.001,-0.0005,100.0,643.2,1598.73,1431.43,552.28,2388.23,9055.02,47.88,520.26,8128.79,8.4893,395,38.55,23.0206
AC-033,193,-0.0038,0.0002,100.0,643.08,1596.42,1424.34,551.48,2388.26,9057.22,48.03,520.13,8132.2,8.5413,394,38.54,23.1715
AC-033,194,-0.0018,-0.0005,100.0,644.05,1590.05,1428.52,552.28,2388.24,9055.52,48.25,519.78,8127.17,8.4459,398,38.57,23.0798
AC-033,195,0.0022,0.0002,100.0,643.54,1599.44,1431.92,551.55,2388.23,9049.65,47.99,519.77,8131.42,8.5007,396,38.52,23.089
AC-033,196,-0.0005,-0.0001,100.0,643.65,1605.26,1425.13,551.36,2388.23,9054.9,48.27,519.36,8131.23,8.4942,396,38.58,23.0581
AC-033,197,-0.0057,0.0001,100.0,643.37,1599.96,1431.02,551.36,2388.28,9060.97,48.14,519.7,8125.33,8.5113,396,38.38,23.0525
AC-033,198,0.0009,-0.0001,100.0,643.55,1601.52,1429.85,551.22,2388.29,9049.79,48.13,519.38,8129.45,8.5442,396,38.42,23.0661
AC-033,199,0.0016,0.0001,100.0,643.97,1601.62,1425.2,551.06,2388.32,9059.43,48.16,519.71,8125.97,8.5512,395,38.4,22.9525
AC-033,200,-0.0013,-0.0003,100.0,643.93,1605.51,1433.49,551.28,2388.23,9050.89,48.28,519.81,8127.7,8.5146,397,38.42,22.9862
AC-034,1,0.0035,-0.0002,100.0,642.44,1586.84,1407.9,553.56,2388.07,9058.32,47.33,521.54,8143.4,8.4248,392,38.76,23.242
AC-034,2,-0.002,-0.0001,100.0,642.16,1585.43,1404.51,553.62,2388.12,9063.24,47.14,521.2,8143.09,8.3995,394,38.8,23.2772
AC-034,3,-0.0002,0.0004,100.0,642.87,1587.98,1403.07,554.76,2388.07,9059.4,47.36,521.65,8138.5,8.4287,392,39.06,23.2365
AC-034,4,-0.0029,0.0003,100.0,642.22,1591.59,1400.73,553.86,2388.14,9054.09,47.56,521.94,8139.79,8.4225,394,38.93,23.3723
AC-034,5,0.0001,0.0003,100.0,641.69,1590.08,1404.55,554.34,2388.07,9049.74,47.58,521.99,8138.64,8.409,392,38.78,23.2569
AC-034,6,-0.0015,-0.0002,100.0,642.1,1591.54,1409.35,554.03,2388.03,9057.65,47.37,521.91,8140.77,8.4086,394,38.92,23.3895
AC-034,7,-0.0012,0.0005,100.0,642.83,1587.08,1403.87,553.57,2388.08,9060.15,47.29,521.68,8138.34,8.4453,393,38.85,23.4315
AC-034,8,0.0003,0.0006,100.0,642.41,1579.1,1401.76,553.76,2388.12,9053.28,47.32,521.63,8134.38,8.4285,390,38.9,23.3029
AC-034,9,0.0006,0.0004,100.0,642.63,1589.51,1405.36,553.66,2388.1,9062.06,47.55,521.82,8140.72,8.4172,392,38.93,23.4358
AC-034,10,-0.0024,-0.0002,100.0,642.77,1589.45,1401.62,554.33,2388.06,9057.7,47.3,521.15,8134.58,8.4137,393,38.93,23.3387
AC-034,11,-0.0026,-0.0002,100.0,642.81,1594.28,1408.71,553.93,2388.08,9056.48,47.62,521.55,8132.44,8.4251,393,38.72,23.2583
AC-034,12,-0.003,0.0,100.0,642.96,1580.19,1405.5,554.06,2388.05,9063.23,47.58,521.37,8134.78,8.4601,391,38.77,23.2702
AC-034,13,-0.0006,-0.0001,100.0,641.8,1589.15,1406.61,554.03,2388.07,9066.11,47.23,521.28,8140.99,8.4304,394,38.88,23.3323
AC-034,14,0.0005,0.0001,100.0,642.14,1589.91,1407.89,553.93,2388.09,9062.29,47.56,522.32,8139.32,8.443,394,38.8,23.2588
AC-034,15,0.0023,0.0004,100.0,642.55,1593.95,1410.94,554.52,2388.03,9059.18,47.24,521.84,8138.5,8.4345,394,38.9,23.302
AC-034,16,0.0016,0.0005,100.0,642.41,1582.81,1393.39,553.28,2388.09,9061.95,47.34,521.66,8138.61,8.4385,393,38.83,23.349
AC-034,17,-0.0029,-0.0001,100.0,642.34,1582.9,1411.03,552.75,2388.09,9059.53,47.4,521.96,8141.71,8.43,391,38.85,23.4101
AC-034,18,-0.0017,0.0002,100.0,642.16,1590.36,1406.15,553.35,2388.05,9051.31,47.25,522.21,8133.08,8.4408,393,38.71,23.2618
AC-034,19,0.0016,-0.0,100.0,642.81,1582.26,1407.36,554.11,2388.07,9062.65,47.48,521.71,8144.16,8.4302,392,38.86,23.304
AC-034,20,0.0013,0.0005,100.0,642.8,1593.16,1411.01,553.86,2388.05,9054.32,47.3,522.18,8137.77,8.4538,391,38.87,23.2972
AC-034,21,-0.0014,-0.0002,100.0,642.61,1595.56,1411.06,553.89,2388.08,9050.34,47.36,521.49,8138.26,8.4209,393,38.84,23.3097
AC-034,22,-0.0025,0.0006,100.0,642.55,1597.6,1400.88,553.72,2388.04,9062.39,47.31,521.44,8135.66,8.453,392,38.88,23.2835
AC-034,23,0.0002,-0.0002,100.0,642.62,1581.63,1399.94,553.26,2388.06,9056.45,47.38,522.0,8140.03,8.4402,391,38.9,23.394
AC-034,24,0.0014,0.0006,100.0,642.81,1587.33,1407.67,553.41,2388.06,9062.28,47.54,521.17,8141.39,8.4283,392,38.91,23.3411
AC-034,25,-0.0016,-0.0001,100.0,642.05,1595.39,1409.69,553.11,2388.16,9049.94,47.36,521.91,8135.63,8.401,392,38.82,23.1221
AC-034,26,-0.0054,0.0006,100.0,642.77,1589.52,1399.66,554.17,2388.07,9062.43,47.37,521.89,8139.21,8.427,393,38.74,23.3325
AC-034,27,-0.0005,-0.0001,100.0,642.68,1590.23,1409.37,554.33,2388.08,9058.08,47.66,521.7,8138.23,8.4129,394,38.98,23.358
AC-034,28,-0.0005,0.0001,100.0,642.63,1592.38,1405.91,553.7,2388.08,9060.69,47.37,522.0,8139.31,8.4308,392,38.86,23.4111
AC-034,29,0.0049,0.0004,100.0,642.19,1587.72,1405.95,554.04,2388.05,9051.73,47.52,521.75,8135.5,8.4775,393,38.89,23.3982
AC-034,30,0.003,0.0003,100.0,642.39,1592.08,1413.57,554.3,2388.07,9064.83,47.3,521.87,8137.81,8.4225,394,38.9,23.3223
AC-034,31,0.0033,0.0002,100.0,642.08,1587.7,1406.34,553.52,2388.11,9052.28,47.58,521.41,8142.86,8.4347,392,38.86,23.4244
AC-034,32,-0.001,-0.0002,100.0,642.58,1588.79,1412.95,553.53,2388.02,9064.11,47.57,521.57,8138.13,8.4352,392,38.95,23.1939
AC-034,33,-0.0023,0.0,100.0,642.22,1586.02,1400.52,554.39,2388.08,9055.78,47.33,521.65,8142.24,8.4115,393,38.79,23.2488
AC-034,34,0.0038,-0.0001,100.0,642.45,1582.58,1405.64,553.91,2388.07,9056.63,47.37,521.54,8137.42,8.4318,394,38.8,23.3369
AC-034,35,0.0001,0.0001,100.0,642.25,1593.06,1404.57,552.96,2388.1,9053.5,47.44,521.29,8136.89,8.4296,393,38.81,23.4492
AC-034,36,0.0017,-0.0001,100.0,643.33,1584.04,1399.0,555.21,2388.1,9061.85,47.38,521.95,8144.02,8.4243,392,39.11,23.3295
AC-034,37,-0.0013,0.0006,100.0,642.78,1588.01,1407.98,553.3,2388.07,9052.47,47.37,521.76,8138.29,8.4321,393,38.96,23.2246
AC-034,38,0.0027,0.0002,100.0,642.81,1592.44,1404.47,553.97,2388.05,9062.28,47.71,521.79,8145.18,8.4139,392,38.82,23.2971
AC-034,39,0.0048,-0.0004,100.0,642.52,1585.67,1404.37,553.18,2388.02,9060.39,47.39,521.56,8137.56,8.4177,392,38.82,23.3361
AC-034,40,-0.0005,-0.0004,100.0,642.72,1588.38,1400.41,553.76,2388.05,9062.51,47.39,521.49,8147.63,8.4386,393,38.88,23.3154
AC-034,41,0.0001,0.0003,100.0,641.78,1588.06,1400.25,553.73,2388.02,9055.12,47.34,521.72,8139.01,8.4212,392,39.09,23.2734
AC-034,42,0.0025,0.0006,100.0,641.57,1587.67,1407.12,553.83,2388.07,9061.17,47.43,521.86,8140.84,8.4427,393,38.93,23.2725
AC-034,43,0.0032,0.0004,100.0,642.4,1593.49,1407.26,553.64,2388.1,9058.17,47.41,521.74,8139.37,8.4069,393,38.96,23.3085
AC-034,44,0.0016,-0.0002,100.0,642.74,1579.87,1402.52,554.25,2388.08,9059.87,47.43,521.58,8137.86,8.4423,393,39.07,23.3093
AC-034,45,0.0047,-0.0001,100.0,642.9,1579.53,1407.75,554.15,2388.1,9060.95,47.52,521.8,8136.11,8.4222,393,38.93,23.2076
AC-034,46,-0.0002,0.0004,100.0,642.85,1581.07,1413.07,553.68,2388.1,9057.01,47.42,521.83,8142.22,8.4391,392,38.85,23.2845
AC-034,47,0.0003,-0.0003,100.0,642.39,1590.54,1406.22,553.94,2388.03,9066.25,47.34,521.62,8141.14,8.4457,392,38.96,23.38
AC-034,48,-0.0028,0.0004,100.0,642.19,1585.97,1398.02,554.22,2388.1,9063.22,47.6,521.3,8141.99,8.388,392,38.87,23.2446
AC-034,49,-0.0019,0.0001,100.0,642.19,1592.61,1407.11,553.72,2388.1,9051.07,47.43,521.13,8138.07,8.4501,392,38.89,23.4083
AC-034,50,0.001,-0.0001,100.0,643.1,1586.32,1409.96,553.57,2388.08,9062.25,47.5,521.5,8136.43,8.4074,393,38.87,23.315
AC-034,51,0.0022,-0.0001,100.0,642.32,1585.91,1404.25,552.8,2388.02,9068.73,47.52,521.61,8139.62,8.4553,393,38.95,23.2841
AC-034,52,0.0006,-0.0004,100.0,642.74,1586.11,1402.05,553.77,2388.06,9058.26,47.24,521.86,8138.45,8.4105,393,38.93,23.3873
AC-034,53,0.0009,0.0003,100.0,642.6,1593.38,1403.11,553.14,2388.07,9063.74,47.39,522.13,8145.25,8.4292,393,38.93,23.4019
AC-034,54,-0.0015,0.0002,100.0,642.07,1595.68,1410.01,553.55,2388.1,9059.59,47.5,521.57,8147.56,8.4226,394,38.74,23.2064
AC-034,55,-0.0002,-0.0003,100.0,642.62,1594.13,1405.19,553.49,2388.1,9053.94,47.48,521.67,8140.26,8.4689,394,38.9,23.2388
AC-034,56,-0.0042,-0.0002,100.0,642.31,1589.15,1407.03,553.37,2388.06,9065.04,47.36,521.92,8140.82,8.4042,393,38.86,23.3543
AC-034,57,-0.0016,0.0003,100.0,642.82,1585.1,1401.73,553.42,2388.1,9053.93,47.29,521.27,8140.29,8.4528,392,38.69,23.2589
AC-034,58,-0.0024,-0.0001,100.0,642.18,1588.88,1398.02,553.9,2388.06,9065.76,47.34,521.9,8140.36,8.4433,393,38.88,23.3289
AC-034,59,0.0023,-0.0001,100.0,642.4,1590.72,1399.68,553.86,2388.07,9059.63,47.37,521.22,8144.52,8.3928,391,38.79,23.4203
AC-034,60,0.0008,0.0003,100.0,642.99,1591.46,1401.72,552.97,2388.06,9054.11,47.47,521.71,8142.43,8.4031,394,38.95,23.3458
AC-034,61,0.003,-0.0003,100.0,642.1,1591.23,1406.89,553.46,2388.04,9067.36,47.4,521.75,8145.49,8.4243,393,38.74,23.3103
AC-034,62,-0.0012,0.0006,100.0,642.56,1588.1,1407.27,553.64,2388.12,9059.44,47.41,521.65,8138.17,8.4354,393,38.79,23.3106
AC-034,63,-0.0011,-0.0003,100.0,643.34,1590.64,1407.1,553.94,2388.08,9062.98,47.64,521.49,8144.55,8.4264,393,38.89,23.2826
AC-034,64,-0.0022,-0.0001,100.0,642.97,1581.83,1407.09,553.1,2388.13,9055.8,47.32,521.62,8141.82,8.442,392,39.02,23.2584
AC-034,65,0.0003,-0.0003,100.0,642.4,1586.04,1402.96,553.09,2388.08,9058.78,47.44,521.97,8136.47,8.4349,391,38.89,23.2628
AC-034,66,-0.0005,-0.0003,100.0,642.38,1584.29,1397.86,553.67,2388.08,9062.45,47.44,521.59,8141.22,8.4374,392,38.68,23.374
AC-034,67,0.0013,0.0002,100.0,642.49,1590.73,1405.53,554.62,2388.09,9063.96,47.33,521.51,8142.46,8.4049,394,38.75,23.418
AC-034,68,0.002,0.0001,100.0,642.88,1586.2,1405.68,553.58,2388.08,9057.22,47.45,521.49,8140.92,8.428,394,38.85,23.2545
AC-034,69,-0.0004,0.0001,100.0,642.94,1591.77,1404.64,553.97,2388.07,9058.9,47.34,522.06,8140.16,8.3985,393,38.86,23.3099
AC-034,70,-0.0005,0.0,100.0,641.92,1598.08,1414.73,553.42,2388.08,9060.66,47.43,521.6,8142.78,8.4133,394,38.78,23.3579
AC-034,71,-0.0021,-0.0,100.0,642.49,1586.31,1399.19,553.9,2388.07,9054.54,47.66,521.68,8150.68,8.4319,393,38.77,23.314
AC-034,72,0.001,-0.0002,100.0,642.28,1593.62,1406.23,552.75,2388.08,9057.63,47.54,521.63,8143.26,8.4236,393,38.91,23.2126
AC-034,73,0.0019,-0.0,100.0,642.41,1588.33,1411.6,553.61,2388.07,9064.08,47.33,521.94,8146.94,8.4287,393,38.73,23.2742
AC-034,74,-0.0006,0.0001,100.0,642.78,1589.21,1402.95,554.46,2388.08,9065.82,47.37,521.94,8141.76,8.4302,393,38.79,23.3161
AC-034,75,-0.0022,-0.0001,100.0,642.08,1594.52,1410.05,554.49,2388.04,9068.85,47.44,521.75,8138.57,8.4445,394,38.91,23.3479
AC-034,76,-0.0042,0.0006,100.0,642.58,1587.11,1401.31,552.97,2388.07,9064.94,47.35,521.95,8141.75,8.4375,392,38.87,23.327
AC-034,77,0.0009,0.0003,100.0,642.75,1594.03,1405.09,554.07,2388.17,9061.7,47.4,521.76,8142.43,8.4298,392,38.68,23.273
AC-034,78,-0.0007,0.0001,100.0,642.96,1590.94,1403.74,553.81,2388.06,9064.17,47.44,521.82,8143.41,8.4091,393,38.77,23.3573
AC-034,79,-0.0025,0.0002,100.0,642.26,1591.88,1404.2,552.7,2388.07,9070.36,47.55,521.71,8139.21,8.4227,394,38.8,23.2292
AC-034,80,0.0034,0.0005,100.0,643.04,1598.38,1404.13,553.71,2388.12,9064.26,47.67,521.59,8138.29,8.4409,393,38.89,23.2893
AC-034,81,0.003,-0.0002,100.0,642.49,1582.83,1411.27,553.95,2388.06,9066.46,47.61,522.29,8139.31,8.4641,392,38.73,23.3494
AC-034,82,0.0028,0.0,100.0,642.2,1588.4,1409.52,553.53,2388.1,9065.08,47.48,521.58,8143.99,8.4196,394,38.73,23.2784
AC-034,83,-0.0018,0.0006,100.0,642.78,1597.1,1411.81,554.64,2388.09,9058.95,47.52,521.57,8142.37,8.4305,392,38.78,23.4206
AC-034,84,-0.0033,0.0002,100.0,642.66,1590.94,1407.45,553.33,2388.1,9068.49,47.58,521.3,8140.33,8.428,391,38.88,23.2912
AC-034,85,0.0028,-0.0002,100.0,642.91,1591.24,1413.17,552.67,2388.06,9067.16,47.55,521.62,8139.69,8.4133,393,38.8,23.3607
AC-034,86,0.0002,-0.0003,100.0,642.93,1593.41,1404.76,553.08,2388.03,9061.23,47.55,521.17,8144.34,8.4346,393,38.81,23.3333
AC-034,87,0.0005,0.0002,100.0,642.27,1587.08,1399.25,553.65,2388.07,9057.03,47.45,521.74,8147.82,8.4464,394,38.8,23.3282
AC-034,88,0.0042,0.0006,100.0,642.04,1586.72,1409.98,553.07,2388.05,9063.23,47.45,521.93,8143.71,8.4273,393,38.97,23.3775
AC-034,89,0.0006,0.0001,100.0,642.87,1587.07,1410.57,553.01,2388.11,9065.22,47.46,521.01,8143.09,8.4264,394,38.76,23.4224
AC-034,90,-0.0009,-0.0003,100.0,643.01,1585.65,1407.77,553.99,2388.1,9066.19,47.48,521.27,8148.4,8.4146,393,38.9,23.3544
AC-034,91,-0.0001,0.0003,100.0,642.17,1585.98,1406.98,553.32,2388.07,9062.96,47.76,521.94,8147.51,8.4306,394,38.83,23.4003
AC-034,92,-0.0043,0.0005,100.0,642.33,1585.98,1407.92,553.48,2388.07,9067.05,47.5,521.46,8147.87,8.429,393,38.73,23.2569
AC-034,93,0.0057,0.0003,100.0,642.27,1584.96,1413.55,553.3,2388.12,9070.81,47.34,521.77,8147.38,8.4549,395,38.74,23.218
AC-034,94,-0.0019,0.0002,100.0,642.12,1588.32,1410.49,553.27,2388.08,9073.59,47.53,521.85,8138.85,8.4165,392,38.93,23.2349
AC-034,95,0.0013,-0.0003,100.0,643.0,1589.67,1405.43,553.95,2388.0,9064.19,47.43,521.45,8146.89,8.437,393,38.82,23.3666
AC-034,96,-0.0,0.0005,100.0,642.32,1591.4,1408.72,553.36,2388.05,9071.29,47.43,521.81,8140.98,8.4093,394,38.79,23.3088
AC-034,97,0.0032,0.0003,100.0,642.39,1589.47,1412.55,553.68,2388.03,9066.36,47.43,521.37,8144.26,8.4534,393,38.92,23.2416
AC-034,98,0.0032,-0.0001,100.0,642.56,1591.0,1408.27,553.66,2388.1,9060.41,47.42,521.09,8140.63,8.4414,394,38.71,23.2201
AC-034,99,-0.0,-0.0003,100.0,642.43,1587.86,1404.24,553.28,2388.11,9069.36,47.42,522.19,8148.2,8.4527,392,38.93,23.3279
AC-034,100,0.0011,0.0004,100.0,643.23,1588.09,1410.34,553.75,2388.02,9068.8,47.6,522.0,8152.58,8.47,393,38.68,23.3118
AC-034,101,0.0011,-0.0003,100.0,642.4,1590.5,1415.84,552.62,2388.06,9068.28,47.5,521.29,8147.03,8.4784,394,38.93,23.3211
AC-034,102,0.0014,0.0005,100.0,643.24,1595.19,1401.75,553.1,2388.05,9065.03,47.74,521.37,8149.31,8.4333,392,38.8,23.3329
AC-034,103,-0.0012,0.0002,100.0,642.88,1588.28,1406.05,553.76,2388.05,9059.6,47.49,521.19,8142.01,8.4568,392,38.98,23.2256
AC-034,104,0.0026,-0.0001,100.0,642.63,1587.95,1411.39,552.92,2388.08,9065.82,47.63,521.38,8142.93,8.422,393,38.74,23.2705
AC-034,105,0.0006,0.0001,100.0,642.86,1592.18,1413.81,553.22,2388.08,9065.37,47.62,521.39,8144.35,8.4337,393,38.68,23.2611
AC-034,106,-0.0034,0.0004,100.0,643.05,1595.62,1408.83,553.27,2388.07,9076.74,47.5,520.84,8144.17,8.4548,392,38.82,23.341
AC-034,107,0.0015,-0.0002,100.0,642.75,1594.66,1411.37,553.69,2388.1,9065.19,47.6,521.33,8148.43,8.41,392,38.83,23.1518
AC-034,108,0.0035,0.0004,100.0,642.71,1590.01,1401.82,553.24,2388.12,9070.67,47.44,521.53,8145.15,8.4084,394,38.7,23.2632
AC-034,109,-0.0012,-0.0004,100.0,642.47,1587.34,1402.53,553.19,2388.11,9067.14,47.53,521.7,8145.41,8.4547,393,38.82,23.1446
AC-034,110,0.0024,-0.0,100.0,642.92,1595.45,1403.2,552.9,2388.06,9073.36,47.46,521.25,8148.33,8.4324,393,38.88,23.2356
AC-034,111,0.001,0.0003,100.0,642.67,1594.25,1406.57,552.62,2388.1,9075.09,47.51,521.46,8149.33,8.47,393,38.96,23.1901
AC-034,112,0.001,0.0004,100.0,642.2,1591.06,1410.34,553.65,2388.13,9071.46,47.64,521.86,8150.18,8.4176,393,38.92,23.2321
AC-034,113,-0.0004,0.0004,100.0,642.5,1586.36,1414.49,553.21,2388.03,9072.8,47.62,521.13,8144.65,8.4723,394,38.7,23.3738
AC-034,114,0.0033,-0.0,100.0,642.58,1594.94,1411.57,553.45,2388.1,9072.99,47.57,521.21,8148.42,8.4354,392,38.66,23.3156
AC-034,115,0.0018,0.0002,100.0,642.17,1588.34,1411.36,553.72,2388.12,9076.91,47.4,521.74,8148.07,8.4453,394,38.73,23.3623
AC-034,116,0.0014,0.0004,100.0,642.77,1589.0,1404.91,553.69,2388.07,9078.16,47.48,521.52,8154.4,8.4516,394,38.92,23.2053
AC-034,117,0.001,-0.0,100.0,642.89,1587.05,1407.67,554.07,2388.03,9069.94,47.49,521.19,8148.84,8.4173,393,38.71,23.2901
AC-034,118,-0.0018,0.0001,100.0,642.34,1587.17,1413.98,553.25,2388.1,9078.15,47.4,521.03,8147.59,8.4525,392,38.82,23.331
AC-034,119,0.0029,0.0001,100.0,642.8,1589.61,1406.24,553.78,2388.07,9070.58,47.54,521.15,8149.37,8.4605,394,38.63,23.2639
AC-034,120,-0.0008,-0.0001,100.0,642.9,1588.23,1411.91,553.78,2388.09,9073.56,47.53,521.09,8156.12,8.4694,394,38.76,23.2153
AC-034,121,-0.0017,0.0005,100.0,642.94,1594.26,1404.87,553.55,2388.12,9075.59,47.51,521.33,8147.5,8.4411,395,38.98,23.3351
AC-034,122,0.0008,0.0004,100.0,643.33,1590.47,1405.9,553.41,2388.14,9078.05,47.64,521.26,8149.53,8.4579,394,38.94,23.2889
AC-034,123,0.0028,0.0004,100.0,642.86,1593.34,1404.13,553.83,2388.11,9069.99,47.55,521.49,8149.89,8.4807,394,38.62,23.1041
AC-034,124,-0.0054,-0.0004,100.0,642.59,1599.05,1407.12,552.65,2388.16,9078.77,47.48,521.27,8149.39,8.4463,393,38.88,23.3437
AC-034,125,0.0013,0.0004,100.0,642.6,1586.42,1415.65,552.38,2388.07,9071.16,47.56,521.3,8156.92,8.4469,393,38.91,23.1779
AC-034,126,-0.0025,-0.0003,100.0,642.5,1595.22,1407.99,553.7,2388.04,9077.15,47.48,521.06,8152.88,8.454,395,38.9,23.3216
AC-034,127,-0.0027,0.0005,100.0,642.24,1595.09,1410.51,552.94,2388.07,9085.29,47.53,521.3,8151.79,8.4298,392,38.83,23.2812
AC-034,128,-0.0031,-0.0001,100.0,642.85,1597.51,1414.31,552.44,2388.08,9072.89,47.73,521.36,8154.11,8.4636,393,38.79,23.2286
AC-034,129,-0.0002,0.0001,100.0,642.57,1587.44,1416.4,553.63,2388.11,9084.62,47.6,521.13,8150.92,8.4601,392,38.75,23.2974
AC-034,130,0.0029,-0.0003,100.0,643.1,1589.41,1413.81,553.03,2388.14,9081.13,47.48,521.37,8158.11,8.4386,394,39.16,23.2703
AC-034,131,0.0003,-0.0,100.0,642.88,1591.29,1410.87,553.38,2388.07,9079.25,47.46,521.59,8162.95,8.4702,393,38.63,23.1323
AC-034,132,0.0011,0.0004,100.0,642.52,1598.77,1413.76,552.39,2388.08,9075.98,47.53,521.33,8154.85,8.461,395,38.78,23.315
AC-034,133,0.0006,0.0,100.0,642.39,1595.6,1416.64,553.05,2388.1,9082.99,47.72,520.97,8157.08,8.462,395,38.84,23.2767
AC-034,134,-0.0012,-0.0001,100.0,643.16,1593.07,1415.95,553.47,2388.08,9081.04,47.56,520.54,8155.83,8.4564,393,38.78,23.2685
AC-034,135,0.0001,0.0004,100.0,642.74,1592.84,1409.06,552.57,2388.1,9078.56,47.56,520.95,8152.35,8.4526,394,38.98,23.276
AC-034,136,-0.0021,0.0002,100.0,642.56,1594.72,1412.12,552.9,2388.09,9085.2,47.65,521.45,8154.28,8.4578,396,38.6,23.3061
AC-034,137,-0.0009,0.0001,100.0,642.59,1590.82,1406.06,553.19,2388.11,9078.28,47.37,520.84,8158.69,8.4572,394,38.75,23.2107
AC-034,138,-0.0011,0.0003,100.0,643.0,1595.74,1406.22,553.19,2388.08,9076.15,47.63,521.14,8153.67,8.4546,393,38.8,23.2919
AC-034,139,0.0004,-0.0001,100.0,642.77,1598.47,1411.32,552.86,2388.11,9078.56,47.67,520.57,8157.22,8.4703,393,38.71,23.3597
AC-034,140,-0.002,0.0,100.0,643.63,1585.91,1409.45,552.67,2388.13,9082.64,47.74,521.8,8163.14,8.4572,395,38.67,23.394
AC-034,141,-0.0012,0.0004,100.0,643.11,1588.95,1413.42,552.93,2388.08,9087.31,47.59,521.52,8154.68,8.4221,391,38.81,23.156
AC-034,142,-0.0011,0.0005,100.0,642.51,1590.73,1409.63,552.35,2388.13,9082.67,47.6,520.95,8159.57,8.4967,392,38.75,23.2984
AC-034,143,0.0012,0.0004,100.0,643.29,1593.02,1410.48,552.96,2388.1,9083.08,47.58,521.1,8166.79,8.45,394,38.78,23.1907
AC-034,144,0.0003,0.0001,100.0,643.15,1599.2,1417.97,553.54,2388.11,9089.71,47.77,521.16,8165.57,8.4597,392,38.77,23.1555
AC-034,145,-0.0008,0.0005,100.0,642.76,1584.96,1405.74,553.18,2388.08,9089.61,47.6,520.92,8162.29,8.4781,394,38.7,23.2894
AC-034,146,-0.0032,0.0004,100.0,642.94,1593.96,1406.33,552.75,2388.09,9093.26,47.57,521.56,8168.81,8.4674,395,38.82,23.289
AC-034,147,0.0046,0.0003,100.0,642.73,1595.25,1422.99,553.16,2388.11,9089.86,47.55,520.93,8161.76,8.4756,394,38.74,23.3026
AC-034,148,-0.0023,0.0004,100.0,642.86,1601.14,1416.22,552.95,2388.09,9090.25,47.64,520.84,8166.46,8.4616,395,38.66,23.2557
AC-034,149,-0.0001,0.0005,100.0,642.7,1593.19,1408.42,553.04,2388.11,9087.97,47.64,520.97,8163.75,8.4575,393,38.8,23.221
AC-034,150,0.0011,0.0005,100.0,643.46,1589.54,1410.75,552.93,2388.03,9093.51,47.74,521.12,8167.0,8.4526,394,38.56,23.1587
AC-034,151,0.0037,0.0001,100.0,642.85,1586.99,1411.99,552.43,2388.07,9091.22,47.62,520.64,8161.54,8.4697,395,38.84,23.1504
AC-034,152,0.0009,0.0002,100.0,642.86,1592.46,1414.93,552.76,2388.11,9088.5,47.66,521.05,8165.28,8.4722,394,38.7,23.2403
AC-034,153,0.0016,0.0001,100.0,643.07,1600.12,1412.27,552.29,2388.11,9091.62,47.53,520.64,8168.99,8.4303,394,38.74,23.2021
AC-034,154,-0.0011,0.0004,100.0,642.8,1590.54,1417.1,552.43,2388.16,9095.69,47.69,520.4,8164.2,8.4657,394,38.7,23.1475
AC-034,155,0.0051,0.0,100.0,642.99,1591.27,1414.88,553.4,2388.1,9098.48,47.52,521.05,8174.41,8.495,395,38.66,23.1985
AC-034,156,-0.0002,0.0001,100.0,642.93,1587.54,1413.29,552.81,2388.09,9103.29,47.76,521.35,8173.79,8.4224,394,38.65,23.1507
AC-034,157,0.0013,-0.0,100.0,643.02,1593.0,1419.02,553.73,2388.13,9102.08,47.7,521.17,8176.98,8.4719,392,38.71,23.2835
AC-034,158,-0.0029,0.0002,100.0,643.44,1584.73,1417.52,552.59,2388.11,9096.55,47.72,521.08,8172.43,8.4911,394,38.48,23.1967
AC-034,159,-0.0009,0.0004,100.0,643.33,1593.69,1414.27,552.82,2388.09,9097.53,47.97,520.72,8169.24,8.5069,395,38.75,23.1277
AC-034,160,0.0026,0.0004,100.0,642.86,1594.78,1417.02,551.97,2388.11,9099.73,47.7,521.43,8168.88,8.4933,393,38.56,23.1401
AC-034,161,-0.0013,0.0003,100.0,642.86,1590.89,1410.38,552.9,2388.11,9099.03,47.65,521.58,8171.56,8.4643,396,38.73,23.2084
AC-034,162,0.0025,-0.0001,100.0,643.14,1592.95,1409.5,552.91,2388.08,9111.01,47.85,520.53,8179.29,8.4669,393,38.69,23.1557
AC-034,163,0.0007,0.0,100.0,643.4,1590.3,1421.17,552.48,2388.08,9103.25,47.61,520.58,8174.4,8.4696,393,38.82,23.2383
AC-034,164,-0.0024,-0.0003,100.0,643.17,1610.14,1419.84,552.52,2388.09,9104.05,47.66,521.01,8179.24,8.4818,394,38.74,23.2412
AC-034,165,0.0002,-0.0001,100.0,643.26,1592.59,1418.39,552.21,2388.12,9107.79,47.99,520.68,8181.81,8.5121,396,38.88,23.2412
AC-034,166,-0.003,0.0003,100.0,642.79,1599.95,1417.31,553.02,2388.12,9114.36,47.83,520.62,8179.22,8.485,394,38.74,23.2144
AC-034,167,0.0038,0.0006,100.0,642.92,1595.61,1415.52,552.31,2388.1,9108.1,47.55,520.58,8180.29,8.4967,394,38.58,23.135
AC-034,168,-0.0007,0.0003,100.0,643.02,1598.32,1420.72,552.36,2388.08,9116.68,47.72,520.85,8178.04,8.4695,395,38.79,23.204
AC-034,169,0.0011,0.0002,100.0,643.19,1593.26,1418.78,552.58,2388.12,9108.72,47.81,520.28,8184.63,8.477,396,38.74,23.2687
AC-034,170,-0.002,0.0003,100.0,643.22,1599.85,1421.7,552.28,2388.14,9113.24,47.73,520.31,8179.94,8.4975,394,38.73,23.2821
AC-034,171,-0.0039,-0.0004,100.0,642.56,1590.82,1415.32,552.25,2388.14,9116.69,47.78,520.85,8183.4,8.4795,394,38.65,23.2086
AC-034,172,-0.0006,0.0006,100.0,643.1,1601.06,1422.56,551.85,2388.14,9113.62,47.87,521.21,8181.76,8.4519,394,38.65,23.0896
AC-034,173,-0.0022,0.0003,100.0,643.58,1602.55,1419.57,552.66,2388.08,9117.78,47.83,521.15,8187.58,8.486,395,38.58,23.1
AC-034,174,-0.0018,-0.0,100.0,643.42,1601.32,1419.74,552.66,2388.1,9117.32,47.81,520.59,8189.36,8.4736,396,38.58,23.2538
AC-034,175,-0.0004,-0.0001,100.0,642.77,1601.29,1418.78,552.13,2388.13,9120.39,47.77,520.87,8195.13,8.4565,396,38.63,23.0932
AC-034,176,-0.0026,0.0,100.0,643.41,1599.66,1415.32,552.92,2388.1,9122.53,47.84,521.03,8191.31,8.5046,395,38.67,23.2376
AC-034,177,0.001,-0.0002,100.0,643.22,1591.4,1417.64,552.44,2388.16,9123.99,47.86,520.91,8194.71,8.521,396,38.58,23.21
AC-034,178,0.0014,0.0003,100.0,643.45,1604.03,1421.08,552.63,2388.13,9126.7,47.88,520.41,8194.55,8.4976,395,38.62,23.081
AC-034,179,0.0019,-0.0,100.0,643.48,1597.72,1419.03,552.24,2388.17,9125.75,47.89,520.66,8191.1,8.4974,396,38.68,23.1899
AC-034,180,0.0022,0.0005,100.0,643.21,1596.12,1418.7,552.58,2388.15,9133.19,47.72,520.7,8195.12,8.4777,395,38.42,23.1092
AC-034,181,0.0007,0.0003,100.0,643.18,1600.96,1412.98,552.15,2388.11,9129.07,47.76,520.67,8199.88,8.4759,397,38.71,23.0938
AC-034,182,-0.0015,-0.0003,100.0,643.36,1599.16,1418.46,552.31,2388.13,9131.6,47.97,520.39,8199.66,8.4928,396,38.55,23.0697
AC-034,183,-0.0041,0.0003,100.0,643.52,1604.74,1421.05,552.19,2388.19,9134.8,47.92,520.44,8203.53,8.4883,397,38.52,23.1732
AC-034,184,-0.0037,0.0002,100.0,643.06,1593.95,1424.35,551.84,2388.17,9141.75,48.02,520.53,8200.4,8.5054,396,38.57,23.2029
AC-034,185,0.0034,-0.0002,100.0,643.25,1601.11,1427.22,551.67,2388.13,9136.63,47.88,520.46,8203.44,8.5127,396,38.51,23.0462
AC-034,186,0.0022,0.0003,100.0,643.75,1598.98,1422.41,552.3,2388.18,9146.83,48.35,520.62,8211.62,8.5046,396,38.45,23.0505
AC-034,187,0.0019,0.0003,100.0,643.91,1599.92,1425.4,552.49,2388.12,9144.14,47.98,519.85,8204.7,8.5215,396,38.43,23.1659
AC-034,188,-0.0003,0.0003,100.0,643.63,1597.71,1425.85,552.34,2388.14,9144.57,48.06,520.11,8214.84,8.4984,396,38.43,23.0691
AC-034,189,0.0011,-0.0003,100.0,643.93,1599.6,1425.76,552.06,2388.12,9151.28,48.13,520.39,8220.08,8.4878,396,38.39,23.1228
AC-034,190,-0.0025,-0.0003,100.0,643.29,1607.37,1425.41,551.59,2388.15,9157.54,48.01,519.79,8216.41,8.4646,395,38.48,23.0289
AC-034,191,0.0001,0.0001,100.0,643.83,1601.08,1431.68,552.2,2388.14,9155.1,48.11,520.47,8216.68,8.5044,397,38.37,23.0613
AC-034,192,0.0009,0.0005,100.0,643.53,1602.3,1428.02,552.04,2388.14,9164.23,48.07,519.49,8216.6,8.5151,397,38.38,22.9959
AC-034,193,-0.0009,-0.0001,100.0,643.61,1602.13,1424.76,551.73,2388.19,9163.9,48.09,520.24,8220.91,8.4963,396,38.41,23.0797
AC-034,194,-0.0026,-0.0002,100.0,643.44,1601.27,1426.19,551.45,2388.18,9166.06,48.08,520.41,8228.95,8.5213,396,38.36,23.0603
AC-034,195,0.004,0.0006,100.0,643.94,1597.74,1434.09,551.46,2388.17,9162.57,48.33,520.01,8230.84,8.5014,397,38.36,22.9984
AC-038,1,-0.0011,-0.0004,100.0,642.25,1589.3,1409.25,553.83,2388.03,9050.25,47.49,521.34,8122.88,8.4875,393,38.95,23.2628
AC-038,2,-0.0009,-0.0002,100.0,642.42,1586.56,1402.84,554.13,2388.12,9044.49,47.34,521.6,8129.18,8.4099,393,38.9,23.3776
AC-038,3,0.0024,-0.0,100.0,643.33,1593.66,1404.94,553.88,2388.1,9052.82,47.43,521.51,8131.6,8.4434,393,38.96,23.3164
AC-038,4,0.001,0.0001,100.0,642.93,1590.03,1408.01,553.77,2388.1,9048.51,47.49,521.78,8126.54,8.4255,392,38.73,23.3894
AC-038,5,-0.0051,-0.0004,100.0,642.69,1587.7,1412.24,553.37,2388.14,9043.0,47.36,521.65,8127.32,8.4261,392,38.64,23.4375
AC-038,6,0.0018,0.0003,100.0,642.88,1589.93,1411.93,553.05,2388.07,9041.16,47.41,521.56,8125.95,8.4314,393,38.86,23.3884
AC-038,7,0.0037,0.0003,100.0,642.65,1589.61,1406.36,553.6,2388.12,9050.33,47.47,521.39,8132.4,8.3881,393,39.01,23.2315
AC-038,8,-0.0032,-0.0004,100.0,642.23,1585.79,1412.36,554.19,2388.18,9055.89,47.5,521.38,8128.1,8.4701,393,38.8,23.377
AC-038,9,-0.0003,-0.0002,100.0,642.16,1587.54,1406.74,554.03,2388.17,9042.8,47.62,521.96,8126.31,8.44,392,39.06,23.2893
AC-038,10,-0.0002,0.0003,100.0,643.0,1589.58,1410.93,553.06,2388.13,9049.31,47.42,521.15,8128.41,8.4132,393,38.8,23.336
AC-038,11,0.0016,0.0002,100.0,642.12,1589.44,1410.93,553.22,2388.12,9051.73,47.39,522.0,8127.28,8.451,392,38.91,23.1972
AC-038,12,0.0005,0.0003,100.0,643.24,1588.18,1414.47,552.34,2388.19,9050.25,47.61,521.42,8127.49,8.4685,393,38.84,23.3892
AC-038,13,-0.0016,-0.0001,100.0,642.81,1590.28,1412.48,554.03,2388.11,9040.79,47.63,521.61,8124.02,8.42,392,38.72,23.3364
AC-038,14,0.0014,-0.0003,100.0,642.41,1587.56,1403.03,553.58,2388.12,9055.77,47.45,521.24,8134.02,8.4495,391,38.69,23.273
AC-038,15,0.0006,-0.0001,100.0,642.44,1594.9,1412.99,553.54,2388.12,9049.56,47.63,521.92,8131.18,8.4579,391,38.72,23.3186
AC-038,16,0.0029,0.0001,100.0,642.64,1582.04,1412.53,554.33,2388.17,9049.28,47.44,521.32,8132.15,8.4355,392,38.8,23.3469
AC-038,17,-0.0021,-0.0001,100.0,642.34,1587.03,1400.59,553.75,2388.13,9059.38,47.34,521.59,8120.81,8.4204,393,38.81,23.3542
AC-038,18,-0.0018,-0.0001,100.0,643.02,1585.7,1410.65,552.92,2388.11,9042.39,47.23,521.86,8122.48,8.4608,393,38.87,23.3424
AC-038,19,-0.0025,0.0002,100.0,642.84,1596.47,1412.33,553.91,2388.1,9048.0,47.49,521.3,8125.9,8.4467,394,38.89,23.2625
AC-038,20,-0.0002,-0.0004,100.0,642.13,1593.09,1406.41,553.42,2388.06,9044.05,47.43,521.05,8129.12,8.4439,393,38.84,23.3772
AC-038,21,0.0003,-0.0004,100.0,642.24,1594.31,1400.38,553.05,2388.16,9046.44,47.48,521.58,8133.51,8.4597,393,38.74,23.4
AC-038,22,0.0005,-0.0002,100.0,642.09,1587.18,1421.1,553.46,2388.17,9054.54,47.65,521.03,8124.67,8.4423,393,38.8,23.2618
AC-038,23,0.0009,-0.0,100.0,642.26,1584.89,1408.2,554.03,2388.08,9047.9,47.57,520.85,8127.6,8.4606,392,38.86,23.3257
AC-038,24,-0.0005,-0.0,100.0,642.39,1586.82,1409.61,553.22,2388.15,9047.66,47.5,521.62,8126.7,8.4447,392,38.88,23.2764
AC-038,25,0.0005,-0.0005,100.0,642.63,1581.1,1407.94,553.43,2388.15,9038.89,47.45,521.23,8125.09,8.4474,394,38.9,23.2561
AC-038,26,-0.0023,0.0001,100.0,643.14,1595.06,1403.16,552.5,2388.21,9044.37,47.53,521.47,8128.4,8.4306,394,38.93,23.3049
AC-038,27,0.0006,0.0,100.0,642.46,1591.91,1401.65,553.74,2388.09,9054.55,47.72,521.74,8128.15,8.4221,394,38.88,23.2469
AC-038,28,0.0009,-0.0001,100.0,642.43,1592.08,1412.18,553.75,2388.09,9049.94,47.52,521.76,8127.77,8.4695,394,38.88,23.403
AC-038,29,0.0009,-0.0002,100.0,642.64,1586.68,1407.41,553.89,2388.11,9048.03,47.51,521.43,8128.6,8.4529,394,39.03,23.258
AC-038,30,0.0023,0.0,100.0,642.44,1589.07,1407.62,553.31,2388.15,9051.79,47.52,521.27,8123.99,8.4439,394,38.81,23.3986
AC-038,31,0.0007,0.0004,100.0,642.84,1589.54,1409.44,553.3,2388.13,9053.52,47.4,521.68,8126.69,8.4045,394,38.74,23.3012
AC-038,32,-0.0015,0.0003,100.0,643.16,1587.08,1395.47,553.38,2388.09,9052.24,47.49,521.05,8130.56,8.4401,393,38.78,23.2933
AC-038,33,0.0009,-0.0,100.0,642.67,1587.12,1412.4,554.02,2388.11,9040.54,47.57,521.27,8125.02,8.4201,392,38.87,23.3629
AC-038,34,0.0014,-0.0,100.0,642.28,1589.41,1405.96,553.71,2388.11,9048.04,47.56,520.74,8124.49,8.4116,391,38.83,23.3505
AC-038,35,0.0024,0.0002,100.0,641.88,1583.35,1408.37,553.15,2388.13,9044.18,47.52,521.58,8129.72,8.4148,392,38.86,23.3355
AC-038,36,0.0033,-0.0003,100.0,642.91,1595.17,1399.64,553.46,2388.08,9052.31,47.47,521.04,8127.66,8.4389,393,38.84,23.3631
AC-038,37,0.0005,-0.0003,100.0,642.66,1592.21,1407.84,553.53,2388.08,9049.85,47.38,521.94,8134.08,8.4513,393,38.8,23.2601
AC-038,38,-0.0009,0.0003,100.0,642.96,1588.21,1405.72,552.98,2388.12,9046.59,47.57,520.87,8128.51,8.4593,394,38.93,23.3728
AC-038,39,0.0011,0.0002,100.0,642.6,1582.37,1409.37,553.32,2388.11,9048.57,47.49,521.59,8131.75,8.4424,393,38.77,23.2768
AC-038,40,0.0034,0.0004,100.0,642.77,1591.33,1409.21,553.48,2388.14,9047.07,47.49,521.7,8130.22,8.4092,393,38.92,23.298
AC-038,41,-0.005,-0.0004,100.0,642.56,1590.95,1410.36,553.32,2388.09,9049.8,47.6,521.23,8134.27,8.4142,391,38.98,23.2736
AC-038,42,0.0021,-0.0003,100.0,642.66,1589.06,1414.37,553.82,2388.06,9054.45,47.54,521.89,8130.74,8.4274,393,38.85,23.3433
AC-038,43,-0.0005,-0.0005,100.0,642.84,1586.78,1412.06,553.76,2388.1,9052.16,47.56,521.42,8128.0,8.4451,393,38.75,23.392
AC-038,44,0.0005,-0.0003,100.0,642.72,1582.54,1398.19,553.77,2388.12,9043.14,47.6,521.53,8130.07,8.4283,393,39.11,23.2875
AC-038,45,-0.0018,-0.0,100.0,642.3,1590.58,1407.52,552.92,2388.14,9051.31,47.63,521.54,8131.43,8.4291,394,38.91,23.2259
AC-038,46,-0.0034,0.0004,100.0,642.82,1588.4,1409.1,553.25,2388.09,9053.6,47.66,521.62,8127.34,8.4032,392,38.88,23.3197
AC-038,47,0.0014,0.0002,100.0,642.64,1589.48,1407.74,553.15,2388.19,9045.17,47.53,521.37,8132.59,8.4375,394,38.75,23.2922
AC-038,48,0.0027,0.0003,100.0,642.49,1595.8,1406.74,553.71,2388.13,9050.68,47.47,521.77,8128.78,8.4737,393,38.81,23.3485
AC-038,49,-0.0034,0.0003,100.0,642.91,1586.08,1409.42,552.92,2388.15,9048.79,47.58,521.61,8138.43,8.4611,392,38.72,23.3256
AC-038,50,0.0006,-0.0001,100.0,642.08,1592.84,1413.28,553.0,2388.13,9049.69,47.67,521.05,8125.51,8.4427,393,38.72,23.2577
AC-038,51,-0.0017,-0.0004,100.0,642.64,1588.2,1406.63,553.4,2388.13,9049.88,47.63,521.42,8132.1,8.4644,393,38.83,23.2531
AC-038,52,0.0008,0.0004,100.0,643.0,1585.87,1407.94,553.88,2388.11,9045.83,47.66,521.63,8130.58,8.4534,393,38.75,23.282
AC-038,53,-0.0033,-0.0,100.0,643.04,1590.97,1404.66,553.46,2388.07,9048.27,47.56,521.45,8133.78,8.4331,394,38.98,23.3775
AC-038,54,0.0022,0.0001,100.0,642.16,1588.87,1405.83,553.24,2388.07,9046.0,47.47,521.04,8132.83,8.4302,394,38.79,23.3762
AC-038,55,0.0016,-0.0,100.0,643.13,1584.03,1409.16,553.24,2388.09,9045.14,47.47,521.94,8133.28,8.4132,394,38.79,23.4527
AC-038,56,-0.0013,-0.0003,100.0,642.48,1592.67,1406.19,554.12,2388.13,9048.66,47.46,521.07,8130.13,8.4266,392,38.77,23.3474
AC-038,57,-0.0006,0.0003,100.0,643.35,1589.08,1404.46,552.72,2388.11,9051.49,47.61,521.56,8132.28,8.4704,393,38.99,23.2358
AC-038,58,0.0002,0.0005,100.0,642.84,1604.36,1409.41,553.57,2388.12,9044.66,47.48,521.41,8136.2,8.4278,392,38.86,23.3168
AC-038,59,0.0018,0.0003,100.0,642.8,1588.15,1401.74,553.69,2388.1,9048.43,47.52,521.58,8129.44,8.434,394,38.84,23.3378
AC-038,60,-0.0011,-0.0005,100.0,643.35,1596.09,1411.57,552.43,2388.09,9050.54,47.53,520.99,8128.79,8.4346,394,38.95,23.3436
AC-038,61,0.0019,-0.0001,100.0,642.23,1591.98,1405.75,553.54,2388.13,9044.1,47.45,521.26,8131.22,8.4254,392,38.91,23.2271
AC-038,62,-0.0021,-0.0,100.0,642.8,1588.81,1405.14,553.02,2388.07,9046.04,47.5,521.93,8139.8,8.4306,392,38.61,23.4048
AC-038,63,-0.0044,-0.0001,100.0,642.44,1585.8,1409.6,553.04,2388.09,9044.17,47.62,522.0,8128.73,8.4407,393,38.87,23.2797
AC-038,64,0.0018,0.0002,100.0,642.88,1592.13,1404.47,553.61,2388.13,9049.28,47.4,521.09,8127.36,8.4284,393,38.85,23.3077
AC-038,65,0.002,0.0003,100.0,642.89,1600.54,1405.82,553.21,2388.14,9057.21,47.32,522.06,8129.97,8.4409,392,38.78,23.258
AC-038,66,-0.0,0.0001,100.0,642.54,1592.63,1411.24,553.38,2388.14,9045.52,47.54,521.56,8130.73,8.453,394,38.75,23.277
AC-038,67,0.0018,-0.0002,100.0,642.0,1599.84,1403.88,552.56,2388.06,9051.3,47.46,521.51,8131.73,8.4125,393,38.7,23.3579
AC-038,68,-0.0006,-0.0003,100.0,642.72,1591.46,1404.84,552.79,2388.1,9053.15,47.53,521.77,8129.3,8.434,393,38.82,23.2709
AC-038,69,0.0007,0.0002,100.0,643.01,1591.1,1413.15,552.86,2388.06,9052.33,47.61,521.05,8127.57,8.4475,394,39.08,23.3611
AC-038,70,-0.0014,0.0,100.0,642.52,1592.06,1404.53,553.26,2388.08,9048.6,47.51,521.34,8129.38,8.4578,394,38.71,23.3773
AC-038,71,-0.0043,-0.0001,100.0,642.9,1585.93,1398.16,553.74,2388.06,9046.19,47.5,521.52,8130.29,8.4671,393,38.95,23.2984
AC-038,72,0.0005,0.0004,100.0,643.14,1594.27,1409.37,553.2,2388.11,9050.92,47.56,521.55,8134.6,8.449,391,38.93,23.4225
AC-038,73,0.0006,-0.0003,100.0,642.76,1591.18,1406.75,553.52,2388.14,9046.5,47.53,521.42,8133.22,8.4207,392,38.9,23.3453
AC-038,74,-0.0008,0.0004,100.0,642.45,1585.85,1408.38,553.33,2388.14,9052.98,47.56,520.98,8136.69,8.4526,394,38.8,23.139
AC-038,75,0.0003,-0.0001,100.0,642.93,1588.53,1403.69,553.42,2388.11,9053.05,47.47,521.46,8130.5,8.4354,393,38.61,23.3062
AC-038,76,0.0002,0.0004,100.0,642.53,1584.43,1408.84,552.65,2388.09,9055.66,47.52,521.72,8128.11,8.486,393,38.89,23.1985
AC-038,77,-0.0007,-0.0,100.0,642.65,1589.27,1407.19,553.43,2388.11,9059.39,47.67,521.67,8134.22,8.4709,393,38.71,23.2104
AC-038,78,-0.0034,-0.0002,100.0,642.65,1593.05,1406.31,553.19,2388.16,9053.75,47.61,521.35,8134.78,8.4401,393,38.89,23.2875
AC-038,79,-0.0025,-0.0005,100.0,643.06,1590.31,1414.25,553.37,2388.13,9061.03,47.57,521.53,8130.15,8.4293,392,38.8,23.2711
AC-038,80,-0.0004,0.0001,100.0,642.22,1589.19,1406.79,553.44,2388.13,9048.79,47.47,521.47,8129.17,8.4272,394,38.8,23.2825
AC-038,81,0.0026,-0.0002,100.0,643.31,1589.78,1409.91,553.62,2388.09,9050.71,47.43,521.38,8129.01,8.408,394,38.94,23.2134
AC-038,82,-0.0004,-0.0003,100.0,642.24,1586.66,1404.55,554.38,2388.09,9050.44,47.5,521.09,8132.27,8.4409,392,38.81,23.267
AC-038,83,0.0006,-0.0005,100.0,642.21,1584.46,1410.64,553.27,2388.11,9046.38,47.5,520.94,8131.1,8.4539,395,38.75,23.3345
AC-038,84,0.0008,-0.0002,100.0,642.67,1597.0,1408.25,553.49,2388.16,9055.6,47.48,521.02,8133.24,8.4147,393,38.84,23.2865
AC-038,85,-0.0014,-0.0002,100.0,642.99,1589.45,1405.64,553.07,2388.13,9054.8,47.42,521.5,8136.87,8.4305,395,38.69,23.2868
AC-038,86,0.0016,-0.0004,100.0,643.23,1584.84,1407.81,552.76,2388.1,9057.41,47.57,521.2,8133.92,8.4246,393,38.73,23.2219
AC-038,87,0.0012,-0.0004,100.0,643.01,1588.51,1412.47,553.45,2388.1,9052.04,47.48,521.67,8134.44,8.4228,392,38.93,23.4679
AC-038,88,-0.0005,0.0002,100.0,643.14,1594.67,1413.3,553.24,2388.13,9055.47,47.47,521.43,8128.89,8.4358,394,38.9,23.4242
AC-038,89,-0.0027,-0.0002,100.0,642.43,1589.96,1406.46,553.2,2388.12,9047.94,47.61,521.46,8124.19,8.4655,393,38.84,23.2803
AC-038,90,-0.0018,-0.0003,100.0,642.48,1589.25,1399.51,553.48,2388.13,9053.09,47.6,521.43,8140.2,8.417,393,38.65,23.2607
AC-038,91,0.0028,-0.0,100.0,642.19,1589.17,1411.22,553.5,2388.16,9045.49,47.57,521.75,8129.41,8.4449,394,38.92,23.3045
AC-038,92,0.0013,0.0,100.0,642.52,1592.64,1405.69,552.88,2388.09,9050.17,47.44,521.75,8137.89,8.4834,394,38.9,23.2929
AC-038,93,-0.0036,-0.0004,100.0,642.89,1591.07,1409.64,553.7,2388.09,9055.18,47.58,521.42,8140.62,8.444,393,38.86,23.3233
AC-038,94,0.0014,-0.0001,100.0,642.77,1586.61,1407.9,553.26,2388.09,9058.64,47.48,521.43,8134.56,8.4604,394,38.73,23.3036
AC-038,95,0.0023,-0.0001,100.0,642.9,1594.15,1411.2,552.59,2388.15,9048.54,47.58,521.23,8135.74,8.4576,393,38.8,23.3051
AC-038,96,0.0043,-0.0001,100.0,642.94,1588.48,1406.95,553.8,2388.09,9050.17,47.69,521.82,8132.57,8.4416,393,38.85,23.2399
AC-038,97,-0.0038,-0.0,100.0,642.51,1587.39,1403.5,553.25,2388.09,9058.95,47.52,521.07,8134.28,8.4496,393,38.62,23.2162
AC-038,98,-0.0016,0.0003,100.0,642.77,1591.31,1405.71,552.78,2388.14,9051.96,47.66,521.51,8134.57,8.4537,393,38.77,23.1696
AC-038,99,-0.0032,-0.0002,100.0,642.73,1597.89,1412.09,553.62,2388.13,9050.81,47.69,520.95,8136.21,8.4478,394,38.81,23.1952
AC-038,100,0.0006,-0.0004,100.0,642.91,1587.0,1412.3,553.61,2388.11,9052.84,47.63,520.79,8141.58,8.4179,393,38.87,23.2959
AC-038,101,0.0016,-0.0001,100.0,642.86,1596.66,1408.13,553.39,2388.07,9056.77,47.51,521.74,8131.2,8.5014,393,38.96,23.273
AC-038,102,0.0017,0.0002,100.0,642.61,1590.32,1408.52,553.38,2388.04,9057.72,47.49,521.81,8138.34,8.4131,394,38.68,23.3957
AC-038,103,-0.0015,0.0001,100.0,642.71,1594.07,1414.99,552.96,2388.11,9051.45,47.68,521.36,8134.93,8.4754,394,38.75,23.2851
AC-038,104,0.0011,0.0005,100.0,643.17,1583.23,1412.96,553.53,2388.18,9051.35,47.58,521.39,8134.53,8.4759,393,38.66,23.3439
AC-038,105,-0.0031,-0.0001,100.0,642.96,1592.03,1418.3,552.63,2388.14,9050.9,47.73,521.5,8131.47,8.4694,395,38.82,23.1592
AC-038,106,-0.0015,0.0003,100.0,642.17,1591.61,1402.58,553.44,2388.15,9065.48,47.52,520.76,8133.04,8.4322,395,38.9,23.2814
AC-038,107,-0.0011,0.0,100.0,643.22,1588.06,1418.64,553.9,2388.09,9058.94,47.6,521.55,8138.99,8.4236,394,38.96,23.2589
AC-038,108,0.0038,-0.0004,100.0,642.36,1590.23,1415.08,552.81,2388.15,9049.71,47.43,521.45,8132.38,8.4217,393,39.04,23.2318
AC-038,109,0.0005,-0.0001,100.0,642.82,1589.7,1410.0,552.91,2388.13,9060.74,47.45,521.31,8142.74,8.4575,393,38.88,23.3238
AC-038,110,-0.0013,-0.0,100.0,642.21,1592.95,1412.21,553.94,2388.1,9054.39,47.54,521.28,8136.53,8.4225,394,38.82,23.3953
AC-038,111,0.0072,-0.0002,100.0,643.14,1589.98,1409.05,553.83,2388.11,9060.58,47.65,520.93,8135.06,8.477,394,38.81,23.3629
AC-038,112,-0.0041,-0.0003,100.0,642.96,1595.07,1403.47,553.91,2388.0,9060.44,47.7,520.73,8142.72,8.4597,393,38.67,23.2571
AC-038,113,-0.0029,-0.0004,100.0,642.56,1591.98,1399.48,553.46,2388.11,9065.56,47.52,521.37,8135.39,8.4368,392,38.94,23.2581
AC-038,114,0.0037,0.0002,100.0,642.94,1592.81,1410.77,552.64,2388.07,9064.07,47.5,521.44,8140.5,8.4587,393,38.7,23.3256
AC-038,115,0.0024,0.0005,100.0,643.28,1582.88,1408.63,553.3,2388.13,9061.74,47.68,521.36,8143.66,8.4597,393,38.81,23.3281
AC-038,116,0.0013,0.0001,100.0,642.74,1584.78,1408.38,553.25,2388.12,9066.29,47.59,521.32,8142.25,8.4317,394,38.6,23.26
AC-038,117,0.0017,-0.0003,100.0,642.25,1592.93,1403.03,553.16,2388.08,9064.91,47.59,521.52,8135.06,8.4929,393,38.58,23.2607
AC-038,118,0.0008,-0.0001,100.0,642.26,1585.67,1421.01,553.09,2388.07,9056.48,47.54,520.83,8140.87,8.4514,393,38.76,23.1766
AC-038,119,-0.0001,0.0003,100.0,643.27,1585.15,1410.51,552.96,2388.06,9063.89,47.73,520.48,8141.55,8.4492,394,38.72,23.247
AC-038,120,-0.0012,0.0004,100.0,642.79,1595.13,1409.18,553.13,2388.05,9061.28,47.65,521.2,8143.57,8.4324,394,38.97,23.2083
AC-038,121,0.0007,-0.0004,100.0,643.19,1590.55,1411.28,553.36,2388.11,9062.95,47.61,520.92,8137.96,8.4777,393,38.82,23.2822
AC-038,122,-0.0004,0.0001,100.0,642.37,1587.66,1407.04,553.12,2388.1,9058.88,47.62,521.42,8142.22,8.4301,393,38.78,23.184
AC-038,123,0.0004,0.0001,100.0,642.6,1594.37,1418.21,553.03,2388.11,9063.18,47.61,521.27,8138.84,8.437,392,38.91,23.3147
AC-038,124,0.0029,-0.0003,100.0,642.56,1590.51,1409.86,553.45,2388.12,9061.42,47.55,520.62,8142.55,8.4648,394,38.74,23.3418
AC-038,125,-0.0005,-0.0004,100.0,642.82,1589.36,1408.79,553.53,2388.11,9062.92,47.53,521.34,8149.17,8.4326,393,38.79,23.3474
AC-038,126,0.0031,-0.0003,100.0,643.36,1598.07,1410.26,552.96,2388.09,9063.96,47.66,521.07,8143.02,8.4716,393,38.86,23.241
AC-038,127,-0.0,0.0001,100.0,642.64,1596.74,1412.05,553.01,2388.14,9072.52,47.51,521.64,8147.61,8.4477,395,38.87,23.21
AC-038,128,0.0018,-0.0005,100.0,643.06,1585.61,1412.8,553.75,2388.1,9063.04,47.73,521.09,8148.45,8.501,393,38.87,23.3607
AC-038,129,-0.0031,-0.0004,100.0,642.52,1592.15,1417.85,553.69,2388.14,9062.08,47.65,521.84,8143.13,8.4769,394,38.63,23.3353
AC-038,130,0.0007,-0.0001,100.0,642.51,1593.14,1408.32,552.74,2388.08,9066.51,47.62,520.91,8146.28,8.4658,394,38.67,23.223
AC-038,131,0.003,0.0003,100.0,643.24,1592.74,1414.99,553.19,2388.03,9073.05,47.67,521.18,8144.93,8.376,393,38.69,23.2411
AC-038,132,0.0005,0.0003,100.0,643.14,1597.58,1413.44,553.31,2388.12,9061.77,47.67,521.33,8145.39,8.4351,394,38.74,23.2767
AC-038,133,-0.0011,-0.0,100.0,642.88,1593.02,1418.87,553.12,2388.11,9068.07,47.55,520.83,8142.7,8.4723,394,38.74,23.317
AC-038,134,-0.0009,-0.0003,100.0,643.08,1587.14,1410.15,553.06,2388.09,9073.51,47.42,521.03,8146.25,8.4417,394,38.67,23.1283
AC-038,135,0.0026,-0.0005,100.0,643.07,1597.93,1409.71,552.76,2388.06,9070.14,47.54,520.83,8147.27,8.4442,393,38.5,23.2582
AC-038,136,0.0016,-0.0003,100.0,642.63,1596.09,1412.75,553.74,2388.09,9067.47,47.79,521.34,8145.56,8.4788,395,38.78,23.1958
AC-038,137,0.0016,0.0003,100.0,642.63,1595.19,1405.32,552.45,2388.13,9072.92,47.76,520.85,8148.95,8.4326,394,38.73,23.3127
AC-038,138,-0.0028,-0.0005,100.0,643.16,1586.84,1411.02,552.84,2388.19,9073.25,47.79,520.89,8149.19,8.471,396,38.66,23.3063
AC-038,139,-0.0009,-0.0,100.0,642.55,1594.27,1415.12,553.19,2388.11,9073.27,47.73,521.22,8144.58,8.4876,393,38.74,23.258
AC-038,140,0.0018,-0.0003,100.0,642.62,1587.43,1412.93,553.07,2388.11,9072.17,47.67,521.03,8154.91,8.4612,395,38.66,23.1983
AC-038,141,0.003,0.0004,100.0,643.28,1591.59,1407.34,553.18,2388.09,9065.46,47.69,521.22,8153.29,8.4582,394,38.56,23.1826
AC-038,142,-0.0004,-0.0004,100.0,643.16,1596.77,1416.99,552.43,2388.09,9070.89,47.49,520.5,8150.65,8.4575,394,38.64,23.2017
AC-038,143,-0.0013,-0.0003,100.0,642.5,1600.87,1421.51,552.02,2388.06,9071.38,47.72,521.29,8150.53,8.5339,394,38.67,23.1425
AC-038,144,0.0019,0.0003,100.0,642.75,1591.26,1411.79,553.38,2388.13,9087.03,47.64,520.94,8149.48,8.409,394,38.81,23.2951
AC-038,145,0.0036,-0.0005,100.0,643.36,1591.29,1412.79,552.78,2388.16,9081.27,47.85,520.97,8149.53,8.4581,396,38.56,23.1519
AC-038,146,0.0004,-0.0004,100.0,643.38,1600.91,1414.32,552.59,2388.14,9077.4,47.66,520.46,8155.16,8.4594,395,38.58,23.2027
AC-038,147,-0.0056,-0.0003,100.0,643.59,1604.7,1415.64,553.08,2388.06,9078.85,47.75,520.97,8156.53,8.4496,395,38.55,23.2296
AC-038,148,0.0014,0.0004,100.0,643.11,1598.43,1422.18,553.2,2388.09,9075.98,47.81,521.04,8154.22,8.4512,395,38.73,23.2717
AC-038,149,-0.0013,-0.0004,100.0,643.24,1592.16,1416.73,552.5,2388.1,9081.19,47.77,520.66,8148.69,8.4655,393,38.78,23.2089
AC-038,150,0.0022,0.0002,100.0,642.24,1600.0,1416.68,552.81,2388.1,9076.96,47.88,521.06,8154.4,8.4436,395,38.69,23.2033
AC-038,151,-0.0001,-0.0002,100.0,642.95,1594.61,1417.77,552.47,2388.1,9078.0,47.65,520.82,8156.01,8.4636,396,38.53,23.2487
AC-038,152,-0.0005,0.0002,100.0,642.84,1597.48,1420.25,552.17,2388.09,9081.12,47.8,520.61,8156.97,8.4824,395,38.7,23.2834
AC-038,153,0.0002,0.0001,100.0,642.84,1604.77,1418.01,552.75,2388.11,9079.53,47.62,520.49,8163.14,8.4716,394,38.76,23.1457
AC-038,154,-0.0003,0.0002,100.0,643.17,1589.94,1418.38,552.61,2388.11,9085.08,47.86,520.89,8159.1,8.4564,394,38.66,23.161
AC-038,155,-0.0036,0.0002,100.0,643.49,1596.46,1417.73,551.98,2388.12,9091.65,47.84,520.02,8162.99,8.4955,395,38.88,23.225
AC-038,156,0.0033,-0.0004,100.0,643.47,1603.73,1412.15,552.47,2388.09,9090.04,47.75,520.48,8168.49,8.4484,396,38.66,23.2177
AC-038,157,-0.0,0.0001,100.0,642.94,1592.51,1413.71,552.37,2388.12,9089.33,47.59,520.82,8163.71,8.4668,395,38.54,23.1024
AC-038,158,0.0004,-0.0004,100.0,643.0,1593.39,1419.62,553.63,2388.14,9088.02,47.84,520.7,8163.05,8.467,396,38.56,23.1527
AC-038,159,-0.0008,-0.0002,100.0,642.96,1594.29,1416.71,552.87,2388.08,9092.19,47.73,520.57,8164.52,8.4571,394,38.52,23.0857
AC-038,160,-0.0023,0.0,100.0,642.84,1586.99,1419.87,552.28,2388.1,9091.77,47.9,520.49,8164.76,8.4687,393,38.7,23.1869
AC-038,161,0.0019,-0.0,100.0,643.27,1604.36,1419.95,552.61,2388.08,9092.28,47.67,520.82,8160.21,8.443,394,38.48,23.2537
AC-038,162,0.0015,0.0002,100.0,643.42,1592.85,1415.36,552.41,2388.1,9097.62,47.84,520.36,8162.43,8.4816,395,38.67,23.217
AC-038,163,-0.0005,-0.0003,100.0,643.06,1591.02,1424.59,552.84,2388.15,9096.95,47.7,520.32,8167.53,8.4599,395,38.68,23.2453
AC-038,164,-0.0026,0.0003,100.0,643.07,1593.36,1419.41,553.32,2388.14,9093.04,47.73,520.97,8167.33,8.4802,395,38.61,23.1382
AC-038,165,-0.0021,-0.0004,100.0,643.2,1599.33,1412.85,552.49,2388.2,9097.67,47.83,520.85,8171.47,8.4999,395,38.69,23.1216
AC-038,166,-0.0041,-0.0003,100.0,643.76,1600.07,1416.44,552.86,2388.15,9103.63,47.81,520.4,8169.41,8.4959,394,38.75,23.1031
AC-038,167,0.0006,0.0001,100.0,643.09,1590.66,1419.83,552.77,2388.12,9100.11,47.89,519.91,8177.36,8.4796,394,38.8,23.1763
AC-038,168,0.0008,-0.0003,100.0,643.04,1593.17,1423.66,552.25,2388.13,9100.65,47.91,520.68,8174.16,8.4942,396,38.48,23.14
AC-038,169,-0.0028,-0.0004,100.0,642.93,1601.55,1419.62,552.63,2388.11,9110.4,47.83,520.43,8178.52,8.5071,395,38.57,23.0668
AC-038,170,0.0023,-0.0002,100.0,642.65,1604.55,1415.21,552.04,2388.17,9108.25,47.94,520.76,8177.78,8.5047,395,38.58,23.2694
AC-038,171,0.0038,0.0,100.0,643.45,1594.43,1422.14,552.76,2388.13,9100.84,47.82,520.92,8183.26,8.4793,395,38.72,23.1439
AC-038,172,-0.0006,-0.0005,100.0,643.02,1597.33,1424.64,552.24,2388.1,9107.26,47.91,521.09,8182.07,8.4902,394,38.62,23.0322
AC-038,173,-0.0003,-0.0003,100.0,643.22,1605.01,1418.63,552.21,2388.12,9107.88,47.99,521.04,8175.27,8.4761,396,38.59,23.1237
AC-038,174,0.0012,0.0002,100.0,643.24,1599.67,1430.24,551.96,2388.17,9114.33,48.08,521.19,8179.55,8.4668,397,38.59,23.0522
AC-038,175,0.0002,-0.0003,100.0,643.35,1592.64,1418.61,552.18,2388.15,9112.85,47.76,520.41,8181.32,8.4891,396,38.55,23.1113
AC-038,176,0.0001,-0.0,100.0,643.15,1597.64,1421.22,552.26,2388.14,9110.23,48.05,519.97,8183.81,8.5131,396,38.46,23.1801
AC-038,177,0.0007,-0.0003,100.0,643.35,1602.44,1423.77,552.47,2388.11,9123.54,47.88,521.1,8184.52,8.5014,396,38.76,23.0744
AC-038,178,-0.0004,0.0004,100.0,643.82,1600.23,1421.11,551.37,2388.15,9120.81,47.84,520.32,8194.0,8.5243,395,38.57,23.2017
AC-038,179,0.0039,0.0004,100.0,643.55,1594.33,1426.04,552.33,2388.21,9114.94,48.09,520.66,8189.38,8.5002,396,38.42,23.2328
AC-038,180,0.0013,0.0003,100.0,643.4,1594.51,1425.28,551.06,2388.11,9126.3,47.82,520.51,8195.5,8.4679,395,38.74,23.1098
AC-038,181,0.0,-0.0004,100.0,643.57,1591.28,1416.64,551.84,2388.15,9126.0,47.93,520.86,8195.45,8.5004,395,38.56,23.1342
AC-038,182,0.0013,-0.0,100.0,643.56,1603.5,1422.16,552.46,2388.13,9129.92,48.01,520.7,8197.67,8.5204,394,38.56,23.1349
AC-038,183,-0.0016,-0.0002,100.0,642.83,1590.86,1420.58,551.81,2388.17,9132.15,47.87,520.28,8199.11,8.517,394,38.49,23.1141
AC-038,184,-0.0017,0.0002,100.0,642.96,1597.06,1423.57,551.89,2388.08,9133.05,47.94,520.61,8199.19,8.4795,396,38.46,23.0831
AC-038,185,-0.0015,-0.0,100.0,643.58,1598.91,1429.47,551.37,2388.18,9139.16,48.04,520.76,8191.04,8.5422,397,38.36,23.0453
AC-038,186,-0.0031,-0.0002,100.0,643.58,1597.97,1425.29,551.75,2388.14,9134.14,47.88,520.39,8196.38,8.474,396,38.56,23.1217
AC-038,187,0.0005,0.0001,100.0,643.52,1606.12,1432.11,552.39,2388.18,9134.76,48.14,519.91,8206.67,8.481,397,38.66,23.0874
AC-038,188,-0.0005,-0.0003,100.0,643.33,1598.92,1425.12,551.75,2388.12,9141.02,47.99,519.77,8204.76,8.5051,396,38.67,23.052
AC-038,189,0.0047,0.0001,100.0,643.92,1602.98,1429.18,551.55,2388.18,9147.53,48.11,520.44,8210.99,8.5033,396,38.49,23.0723
AC-038,190,0.0015,0.0002,100.0,643.97,1601.42,1435.51,551.08,2388.19,9146.3,48.12,519.92,8218.72,8.5201,396,38.4,23.0671
AC-038,191,0.0007,-0.0004,100.0,643.13,1604.78,1428.62,552.75,2388.11,9150.36,47.97,519.2,8221.84,8.5265,395,38.48,23.0973
AC-038,192,0.0014,0.0002,100.0,643.65,1602.43,1430.7,551.56,2388.17,9150.13,48.08,519.17,8225.24,8.542,398,38.5,23.0961
AC-038,193,0.0032,-0.0004,100.0,643.45,1604.46,1429.92,551.5,2388.21,9157.23,47.98,519.79,8219.84,8.5484,397,38.53,22.9884
AC-038,194,-0.0017,0.0004,100.0,643.95,1606.9,1426.16,551.67,2388.26,9156.77,48.52,520.07,8217.94,8.5574,397,38.35,23.001
AC-040,1,0.0012,0.0,100.0,642.71,1594.14,1412.72,552.9,2388.08,9051.76,47.59,521.25,8134.87,8.4417,394,38.61,23.2017
AC-040,2,0.0015,0.0001,100.0,642.91,1585.97,1414.86,553.02,2388.13,9058.39,47.55,521.29,8137.99,8.4227,392,38.63,23.3334
AC-040,3,0.0031,-0.0002,100.0,643.19,1593.68,1410.39,552.7,2388.16,9052.46,47.39,521.49,8142.58,8.4526,394,38.81,23.3308
AC-040,4,-0.0012,0.0001,100.0,642.76,1592.3,1397.07,554.1,2388.13,9053.78,47.65,520.89,8136.67,8.4452,393,39.0,23.3082
AC-040,5,0.0021,-0.0,100.0,642.9,1586.67,1412.14,553.47,2388.16,9058.23,47.47,520.75,8132.89,8.4603,394,38.73,23.3157
AC-040,6,0.0034,0.0001,100.0,642.83,1593.66,1411.76,553.49,2388.09,9058.48,47.38,521.36,8133.72,8.4303,393,38.81,23.3616
AC-040,7,0.0022,0.0004,100.0,642.46,1589.19,1408.85,553.5,2388.11,9047.93,47.38,520.96,8139.5,8.4591,392,38.71,23.2662
AC-040,8,0.0025,-0.0,100.0,642.78,1591.79,1413.12,554.21,2388.11,9055.95,47.63,521.13,8134.78,8.468,395,38.85,23.2745
AC-040,9,0.0016,-0.0004,100.0,642.79,1597.62,1410.11,553.81,2388.12,9054.91,47.57,520.81,8134.09,8.4579,394,38.91,23.1765
AC-040,10,0.0005,0.0,100.0,642.83,1586.46,1411.55,554.41,2388.11,9057.67,47.58,521.13,8136.79,8.4313,395,38.76,23.2966
AC-040,11,0.0002,0.0004,100.0,642.36,1590.28,1419.81,553.63,2388.1,9060.92,47.66,521.49,8140.49,8.4429,394,38.78,23.2786
AC-040,12,-0.0036,0.0004,100.0,642.51,1588.0,1410.43,553.07,2388.07,9060.64,47.69,521.33,8137.14,8.4291,393,38.73,23.31
AC-040,13,0.0008,0.0001,100.0,642.94,1589.98,1407.93,552.61,2388.16,9056.51,47.52,521.61,8134.05,8.4294,394,38.72,23.2496
AC-040,14,-0.0005,0.0005,100.0,642.18,1590.02,1409.9,553.73,2388.08,9059.31,47.42,521.39,8134.25,8.444,393,38.79,23.2742
AC-040,15,-0.0023,0.0001,100.0,643.19,1591.23,1412.32,552.93,2388.15,9048.76,47.61,521.52,8136.89,8.4483,393,38.73,23.3176
AC-040,16,-0.0004,-0.0004,100.0,643.2,1591.5,1412.44,553.58,2388.1,9051.32,47.57,521.53,8136.96,8.4535,393,38.67,23.2702
AC-040,17,-0.0006,0.0002,100.0,642.56,1591.77,1414.27,553.88,2388.14,9060.58,47.65,521.58,8141.22,8.433,392,38.85,23.1651
AC-040,18,0.0006,0.0003,100.0,642.64,1588.2,1413.64,553.0,2388.07,9066.33,47.43,521.47,8131.63,8.447,392,38.73,23.2036
AC-040,19,-0.0033,-0.0004,100.0,643.19,1582.17,1405.28,553.09,2388.18,9059.49,47.55,521.34,8135.07,8.4649,393,38.73,23.3641
AC-040,20,0.0019,0.0002,100.0,642.33,1590.42,1407.63,552.73,2388.15,9049.23,47.72,521.39,8134.51,8.4422,393,38.7,23.1759
AC-040,21,-0.0004,0.0003,100.0,642.51,1593.76,1413.32,554.33,2388.1,9056.21,47.57,521.5,8137.26,8.4398,393,38.82,23.2687
AC-040,22,-0.0029,0.0001,100.0,643.2,1585.89,1408.6,552.61,2388.15,9052.51,47.55,521.01,8134.27,8.4962,392,38.81,23.2584
AC-040,23,-0.0006,0.0004,100.0,642.38,1597.07,1406.47,553.09,2388.12,9060.62,47.56,521.23,8135.59,8.4524,395,38.54,23.356
AC-040,24,0.0017,-0.0003,100.0,642.8,1588.47,1408.76,552.88,2388.18,9057.23,47.61,521.41,8137.74,8.4263,395,38.83,23.2815
AC-040,25,0.0019,-0.0001,100.0,643.16,1592.65,1406.65,553.77,2388.14,9054.5,47.69,521.31,8135.14,8.407,392,38.76,23.3242
AC-040,26,-0.0034,-0.0004,100.0,642.79,1596.22,1402.24,553.01,2388.12,9065.03,47.48,521.64,8136.92,8.452,395,38.62,23.1935
AC-040,27,0.0011,-0.0003,100.0,643.05,1586.74,1408.86,553.44,2388.14,9059.52,47.75,521.4,8137.12,8.4473,393,39.0,23.3386
AC-040,28,0.0021,-0.0002,100.0,643.11,1591.34,1409.8,553.32,2388.1,9057.05,47.69,521.05,8133.88,8.4479,393,38.81,23.3432
AC-040,29,0.0028,0.0004,100.0,642.29,1592.54,1409.44,553.22,2388.1,9057.23,47.48,521.35,8132.79,8.4622,393,38.75,23.2615
AC-040,30,-0.0005,-0.0001,100.0,642.58,1587.66,1403.24,553.56,2388.02,9060.61,47.67,521.78,8136.39,8.4513,393,38.72,23.2686
AC-040,31,-0.0,0.0003,100.0,642.67,1589.31,1410.67,553.54,2388.14,9062.06,47.62,521.76,8136.97,8.4464,395,38.69,23.32
AC-040,32,0.0009,-0.0001,100.0,643.13,1590.3,1412.57,554.36,2388.14,9064.1,47.71,521.51,8139.1,8.4438,393,38.78,23.3247
AC-040,33,0.0035,-0.0004,100.0,642.74,1592.62,1410.32,553.35,2388.09,9060.33,47.57,521.72,8136.43,8.402,395,38.71,23.3052
AC-040,34,0.002,0.0,100.0,643.08,1595.37,1412.12,552.85,2388.14,9060.34,47.65,520.65,8133.56,8.4462,392,38.97,23.238
AC-040,35,-0.0014,-0.0002,100.0,642.83,1592.36,1409.24,553.03,2388.08,9050.74,47.58,521.39,8141.58,8.4667,392,38.85,23.3051
AC-040,36,-0.0016,0.0005,100.0,643.12,1594.8,1419.64,553.04,2388.12,9051.8,47.69,520.72,8139.16,8.467,392,38.81,23.2452
AC-040,37,-0.002,0.0003,100.0,642.54,1587.98,1410.43,553.41,2388.15,9055.64,47.44,521.76,8138.09,8.448,393,38.88,23.3287
AC-040,38,0.0021,-0.0002,100.0,642.6,1586.63,1414.05,553.34,2388.13,9057.31,47.78,521.88,8135.48,8.4604,393,38.77,23.2696
AC-040,39,0.0021,0.0,100.0,642.48,1589.93,1409.54,553.14,2388.07,9059.41,47.6,520.52,8137.06,8.447,393,38.88,23.1313
AC-040,40,-0.0018,-0.0001,100.0,643.2,1587.55,1409.94,553.11,2388.13,9064.16,47.52,520.86,8140.64,8.4851,392,38.81,23.159
AC-040,41,0.0013,0.0004,100.0,642.44,1594.77,1405.1,553.11,2388.13,9057.93,47.54,521.4,8137.75,8.4705,392,38.62,23.2912
AC-040,42,0.0004,0.0001,100.0,642.97,1592.56,1414.16,553.09,2388.11,9057.76,47.68,521.63,8134.66,8.4507,393,38.93,23.3395
AC-040,43,-0.0002,-0.0004,100.0,642.63,1589.56,1407.18,552.97,2388.11,9050.67,47.65,520.82,8133.85,8.4583,394,38.82,23.2922
AC-040,44,0.001,0.0001,100.0,642.73,1589.39,1406.72,553.08,2388.13,9059.67,47.55,520.89,8137.17,8.4397,395,38.58,23.2741
AC-040,45,-0.0021,0.0001,100.0,642.77,1590.79,1408.39,553.22,2388.14,9054.68,47.73,521.1,8134.1,8.471,392,38.87,23.3171
AC-040,46,0.0034,-0.0004,100.0,642.62,1592.66,1412.87,552.55,2388.12,9056.11,47.57,520.66,8135.68,8.452,394,38.71,23.2818
AC-040,47,0.0009,0.0003,100.0,642.57,1589.71,1414.45,553.49,2388.1,9056.29,47.58,520.75,8140.14,8.4421,394,38.67,23.1959
AC-040,48,0.0007,-0.0001,100.0,642.64,1594.51,1415.7,553.28,2388.12,9066.92,47.71,521.68,8134.43,8.4731,394,38.69,23.2099
AC-040,49,-0.0012,-0.0001,100.0,642.48,1588.87,1411.14,553.46,2388.07,9060.44,47.61,521.67,8143.35,8.4589,392,38.8,23.3461
AC-040,50,0.0015,-0.0005,100.0,642.66,1593.37,1408.61,553.07,2388.15,9059.14,47.66,520.96,8135.14,8.4229,392,38.78,23.2677
AC-040,51,-0.0006,-0.0004,100.0,642.56,1587.02,1407.15,553.04,2388.12,9062.87,47.62,521.46,8137.27,8.4712,394,38.84,23.2322
AC-040,52,0.0022,-0.0001,100.0,643.28,1599.39,1413.37,552.8,2388.13,9059.5,47.5,520.99,8134.92,8.4454,393,38.89,23.2111
AC-040,53,0.0007,0.0003,100.0,642.35,1596.21,1408.84,553.07,2388.1,9054.56,47.45,521.2,8134.73,8.4289,394,38.58,23.2225
AC-040,54,0.0043,-0.0003,100.0,642.88,1592.2,1419.34,553.19,2388.1,9049.98,47.47,521.08,8140.83,8.4235,393,38.67,23.2745
AC-040,55,0.0005,-0.0004,100.0,643.17,1584.07,1414.24,553.02,2388.14,9062.83,47.57,521.49,8137.33,8.4902,393,38.91,23.375
AC-040,56,0.0022,0.0004,100.0,642.34,1590.22,1405.11,553.18,2388.13,9061.16,47.66,521.6,8138.0,8.4149,394,38.79,23.2956
AC-040,57,0.001,0.0001,100.0,642.72,1590.75,1406.19,553.59,2388.07,9064.79,47.52,520.86,8136.07,8.4655,392,38.87,23.2412
AC-040,58,0.0019,0.0001,100.0,642.73,1589.18,1409.57,553.25,2388.08,9061.39,47.73,520.84,8135.68,8.4075,393,38.77,23.2759
AC-040,59,-0.0004,0.0001,100.0,643.05,1592.81,1409.68,553.19,2388.15,9062.16,47.69,521.33,8139.16,8.4601,394,38.73,23.2414
AC-040,60,-0.003,0.0005,100.0,642.9,1590.62,1409.03,553.08,2388.06,9056.04,47.56,521.23,8138.59,8.4596,394,38.79,23.2207
AC-040,61,-0.0008,0.0002,100.0,642.63,1593.3,1413.51,552.87,2388.14,9065.25,47.64,521.49,8138.15,8.4577,393,38.73,23.3164
AC-040,62,0.0017,0.0005,100.0,642.24,1593.8,1414.58,552.52,2388.15,9058.67,47.49,521.16,8133.16,8.4513,391,38.75,23.2461
AC-040,63,0.0014,-0.0001,100.0,642.68,1598.3,1412.29,553.04,2388.1,9061.96,47.67,521.52,8145.19,8.4659,394,38.73,23.3229
AC-040,64,0.0011,-0.0001,100.0,642.84,1583.9,1411.15,552.95,2388.16,9058.88,47.64,521.0,8142.12,8.4025,394,38.71,23.3062
AC-040,65,0.002,-0.0002,100.0,642.79,1590.67,1403.66,552.94,2388.11,9059.11,47.52,521.82,8139.33,8.491,394,38.67,23.159
AC-040,66,0.0004,0.0003,100.0,642.66,1590.61,1404.16,552.7,2388.12,9063.15,47.7,521.33,8138.01,8.4276,393,38.83,23.1865
AC-040,67,-0.001,-0.0001,100.0,642.59,1589.7,1407.57,553.56,2388.06,9058.31,47.49,521.32,8139.77,8.406,393,38.86,23.222
AC-040,68,0.002,0.0005,100.0,643.53,1596.04,1410.59,553.1,2388.16,9064.53,47.6,521.24,8139.65,8.4505,392,38.99,23.3446
AC-040,69,-0.0017,-0.0002,100.0,643.06,1592.68,1410.34,552.96,2388.12,9062.32,47.77,521.16,8141.79,8.448,395,39.1,23.275
AC-040,70,-0.0045,-0.0004,100.0,643.06,1594.98,1411.94,554.27,2388.12,9060.07,47.6,521.72,8143.29,8.4442,393,38.94,23.3139
AC-040,71,-0.0006,0.0004,100.0,642.31,1594.95,1415.67,553.07,2388.13,9060.08,47.61,521.26,8140.19,8.482,391,38.89,23.2546
AC-040,72,0.0017,0.0,100.0,642.5,1591.17,1413.75,553.8,2388.14,9059.7,47.67,520.81,8140.85,8.4594,393,38.85,23.2792
AC-040,73,0.0023,-0.0004,100.0,642.35,1581.96,1411.64,552.77,2388.16,9063.02,47.62,521.03,8137.76,8.4607,394,38.69,23.3159
AC-040,74,0.001,-0.0001,100.0,642.53,1596.6,1409.01,552.9,2388.13,9061.61,47.67,521.35,8142.06,8.4719,394,38.71,23.1927
AC-040,75,0.002,0.0,100.0,642.87,1588.77,1415.56,552.88,2388.08,9058.67,47.6,521.36,8132.59,8.4545,393,38.77,23.2344
AC-040,76,0.0032,-0.0001,100.0,642.43,1593.47,1417.79,553.18,2388.1,9067.22,47.64,520.71,8140.98,8.4718,394,38.61,23.2327
AC-040,77,0.0031,0.0005,100.0,642.24,1596.49,1413.79,553.41,2388.16,9065.98,47.69,521.03,8138.7,8.4311,394,38.65,23.2423
AC-040,78,-0.0045,0.0001,100.0,643.17,1589.04,1408.29,553.81,2388.1,9062.64,47.58,521.08,8136.19,8.4571,393,38.89,23.1645
AC-040,79,0.0006,-0.0001,100.0,642.82,1590.31,1417.75,554.17,2388.09,9061.32,47.43,521.26,8136.18,8.4494,393,38.76,23.2611
AC-040,80,-0.0007,0.0,100.0,642.64,1593.31,1413.66,553.62,2388.13,9063.38,47.59,521.11,8141.66,8.4677,393,38.69,23.3749
AC-040,81,0.0062,0.0003,100.0,642.99,1592.2,1405.56,552.78,2388.11,9063.92,47.68,521.1,8137.41,8.475,393,38.64,23.1707
AC-040,82,0.0041,0.0001,100.0,642.58,1594.91,1415.43,552.82,2388.09,9064.93,47.6,521.12,8134.89,8.4584,394,38.82,23.1879
AC-040,83,-0.0022,-0.0,100.0,643.09,1594.49,1410.25,553.17,2388.13,9064.5,47.61,521.04,8135.61,8.4671,393,38.58,23.2723
AC-040,84,0.001,0.0001,100.0,642.87,1587.46,1412.34,552.49,2388.12,9060.51,47.83,521.35,8138.09,8.4588,392,38.64,23.1565
AC-040,85,0.0019,0.0004,100.0,642.88,1588.02,1414.32,553.09,2388.19,9061.97,47.6,521.33,8144.3,8.4339,393,38.71,23.2003
AC-040,86,-0.0074,0.0003,100.0,643.29,1594.18,1418.97,553.72,2388.11,9062.92,47.61,520.81,8133.37,8.4388,393,38.73,23.2281
AC-040,87,0.004,-0.0002,100.0,643.14,1590.84,1410.74,552.33,2388.08,9060.53,47.73,520.56,8142.4,8.4681,393,38.79,23.1591
AC-040,88,-0.0021,0.0003,100.0,642.41,1592.78,1408.72,552.86,2388.06,9057.75,47.64,520.58,8141.21,8.4905,393,38.67,23.3422
AC-040,89,-0.0005,0.0005,100.0,642.81,1592.81,1417.96,553.04,2388.15,9063.58,47.59,521.63,8145.93,8.4467,394,38.73,23.2449
AC-040,90,-0.0003,-0.0003,100.0,642.71,1590.56,1412.49,553.28,2388.09,9062.91,47.67,521.17,8142.23,8.4675,395,38.7,23.1938
AC-040,91,0.001,0.0003,100.0,643.58,1592.55,1416.53,552.89,2388.11,9068.33,47.68,520.85,8144.45,8.4574,393,38.7,23.2028
AC-040,92,-0.0034,-0.0001,100.0,643.02,1592.39,1414.66,553.01,2388.11,9066.73,47.53,520.61,8143.06,8.4619,395,38.75,23.2744
AC-040,93,-0.0011,0.0005,100.0,643.38,1596.95,1414.46,553.14,2388.14,9068.07,47.53,521.32,8140.81,8.4603,394,38.74,23.3175
AC-040,94,0.0013,0.0002,100.0,642.96,1593.34,1415.38,553.33,2388.11,9064.36,47.62,521.27,8143.56,8.4351,394,39.01,23.3343
AC-040,95,-0.0024,-0.0002,100.0,643.21,1592.83,1414.74,552.31,2388.17,9062.83,47.68,521.11,8137.3,8.4225,395,38.52,23.1453
AC-040,96,-0.0004,-0.0,100.0,642.28,1598.15,1413.48,553.85,2388.12,9062.73,47.64,520.98,8146.4,8.4753,393,38.87,23.2752
AC-040,97,0.0018,0.0001,100.0,642.68,1591.1,1413.47,552.89,2388.08,9064.99,47.76,520.82,8143.16,8.4455,394,38.73,23.3222
AC-040,98,0.002,0.0003,100.0,642.44,1594.5,1414.3,553.67,2388.16,9065.59,47.6,521.29,8142.77,8.4906,396,38.67,23.1859
AC-040,99,0.0029,-0.0003,100.0,642.56,1593.36,1410.74,552.55,2388.15,9068.94,47.68,521.22,8143.24,8.4554,394,38.82,23.2319
AC-040,100,0.0029,-0.0001,100.0,642.61,1592.13,1410.7,552.92,2388.15,9069.26,47.86,521.23,8142.5,8.4719,393,38.6,23.1742
AC-040,101,-0.0021,0.0004,100.0,642.92,1589.92,1420.24,553.04,2388.08,9062.74,47.7,521.24,8139.36,8.4421,393,38.8,23.1153
AC-040,102,-0.0015,-0.0001,100.0,642.88,1596.55,1421.29,553.43,2388.13,9064.8,47.85,521.14,8145.42,8.4694,395,38.73,23.3326
AC-040,103,-0.0009,0.0004,100.0,643.17,1595.13,1411.95,554.03,2388.1,9064.2,47.63,520.38,8146.2,8.4525,394,38.83,23.2187
AC-040,104,-0.0017,-0.0002,100.0,643.21,1584.57,1413.01,553.82,2388.14,9070.46,47.6,520.99,8147.42,8.4554,392,38.82,23.291
AC-040,105,-0.0004,-0.0003,100.0,642.88,1590.1,1415.68,553.09,2388.15,9066.12,47.72,520.79,8142.27,8.4423,394,38.69,23.2934
AC-040,106,-0.0019,-0.0004,100.0,643.24,1588.99,1422.89,552.4,2388.1,9070.77,47.6,521.02,8147.3,8.4755,394,38.83,23.2113
AC-040,107,0.0046,0.0003,100.0,643.05,1590.21,1411.95,552.87,2388.19,9064.55,47.78,521.99,8137.03,8.4617,394,38.84,23.1594
AC-040,108,-0.0029,0.0001,100.0,643.65,1591.38,1417.07,553.32,2388.13,9065.78,47.78,521.06,8143.28,8.4781,394,38.64,23.2279
AC-040,109,-0.0009,-0.0001,100.0,642.65,1589.15,1415.79,553.25,2388.13,9076.12,47.7,521.26,8142.91,8.4727,394,38.7,23.1671
AC-040,110,-0.0019,0.0001,100.0,643.05,1601.65,1413.05,553.03,2388.08,9066.92,47.7,520.95,8143.01,8.4593,394,38.89,23.1446
AC-040,111,-0.002,-0.0003,100.0,642.86,1592.16,1412.76,552.67,2388.15,9065.85,47.83,520.8,8140.96,8.4163,394,38.83,23.2337
AC-040,112,-0.0025,-0.0001,100.0,642.63,1593.34,1415.28,553.36,2388.14,9062.68,47.74,521.02,8145.92,8.4555,394,38.86,23.1957
AC-040,113,0.0023,-0.0003,100.0,643.29,1595.24,1406.46,552.96,2388.1,9071.81,47.62,520.94,8141.99,8.4394,394,38.7,23.3191
AC-040,114,-0.0022,-0.0002,100.0,643.35,1596.76,1410.8,553.02,2388.17,9071.91,47.6,520.68,8144.87,8.4579,395,38.74,23.204
AC-040,115,-0.0024,-0.0003,100.0,642.49,1592.47,1412.2,553.0,2388.09,9066.05,47.56,521.07,8150.23,8.477,395,38.7,23.3213
AC-040,116,0.0007,-0.0004,100.0,643.39,1595.58,1416.41,552.89,2388.17,9075.93,47.83,521.08,8150.82,8.4484,394,38.66,23.2514
AC-040,117,-0.0007,0.0003,100.0,642.99,1590.89,1416.29,552.33,2388.12,9071.42,47.86,521.44,8149.87,8.4684,395,38.71,23.3111
AC-040,118,-0.0038,0.0003,100.0,642.83,1594.88,1414.41,552.96,2388.19,9068.83,47.66,521.1,8148.56,8.438,395,38.69,23.1924
AC-040,119,-0.0,0.0003,100.0,643.23,1592.27,1406.44,552.7,2388.19,9079.77,47.54,520.77,8153.57,8.4931,395,38.73,23.2514
AC-040,120,-0.0019,0.0002,100.0,643.69,1596.67,1412.09,552.52,2388.16,9070.72,47.66,521.19,8144.69,8.4549,394,38.72,23.3413
AC-040,121,-0.0029,0.0002,100.0,642.66,1590.1,1412.01,553.24,2388.13,9072.38,47.44,520.72,8151.0,8.4926,394,38.79,23.2284
AC-040,122,0.0006,0.0001,100.0,643.39,1588.78,1418.72,553.39,2388.12,9072.86,47.75,520.24,8149.08,8.4719,393,38.83,23.1672
AC-040,123,0.0,0.0,100.0,642.99,1597.06,1414.84,553.35,2388.12,9065.8,47.71,520.98,8147.8,8.4571,394,38.62,23.1853
AC-040,124,0.0017,0.0001,100.0,643.19,1593.54,1419.88,553.0,2388.19,9071.46,47.8,520.92,8150.41,8.4947,394,38.72,23.225
AC-040,125,0.0009,0.0001,100.0,642.48,1588.22,1412.83,552.21,2388.13,9072.55,47.69,520.94,8142.58,8.4888,394,38.68,23.2241
AC-040,126,-0.0025,-0.0001,100.0,643.31,1600.8,1421.92,551.98,2388.16,9068.38,47.66,521.21,8151.49,8.4805,394,38.64,23.1126
AC-040,127,-0.0024,0.0005,100.0,642.99,1596.53,1412.73,553.1,2388.16,9073.05,47.68,521.54,8148.8,8.4389,395,38.77,23.25
AC-040,128,0.0007,-0.0003,100.0,643.47,1593.05,1415.51,552.57,2388.12,9075.73,47.62,520.49,8153.02,8.4844,396,38.77,23.2382
AC-040,129,-0.003,-0.0002,100.0,643.12,1597.15,1415.94,551.94,2388.11,9074.7,47.85,521.13,8147.46,8.477,395,38.68,23.2466
AC-040,130,-0.0033,0.0003,100.0,642.58,1589.19,1422.86,552.9,2388.13,9074.44,47.79,520.98,8148.6,8.4642,395,38.44,23.1718
AC-040,131,-0.0012,0.0003,100.0,643.04,1596.71,1416.33,552.19,2388.1,9072.25,47.67,520.9,8148.33,8.4732,396,38.76,22.9884
AC-040,132,-0.0015,-0.0002,100.0,642.91,1595.06,1424.12,552.56,2388.05,9071.38,47.71,520.98,8154.47,8.4802,394,38.7,23.089
AC-040,133,0.0044,0.0,100.0,642.81,1599.75,1420.19,552.89,2388.14,9072.47,47.7,520.85,8152.35,8.4813,397,38.71,23.2426
AC-040,134,-0.0005,0.0001,100.0,642.96,1591.02,1416.87,553.06,2388.07,9079.03,47.73,520.69,8152.74,8.431,394,38.76,23.1097
AC-040,135,0.0024,-0.0,100.0,643.28,1593.03,1416.27,553.56,2388.07,9087.11,47.92,520.43,8151.37,8.4907,394,38.8,23.172
AC-040,136,0.0028,0.0002,100.0,642.75,1593.1,1417.51,552.93,2388.13,9082.91,47.8,520.59,8148.46,8.4909,394,38.75,23.1907
AC-040,137,0.0006,0.0,100.0,642.75,1590.91,1411.93,552.6,2388.16,9077.03,47.91,520.87,8152.56,8.4292,393,38.68,23.2265
AC-040,138,0.0019,0.0002,100.0,642.84,1600.93,1414.9,552.35,2388.19,9087.51,47.72,521.16,8148.69,8.4698,395,38.62,23.1908
AC-040,139,-0.0022,0.0002,100.0,643.02,1591.79,1411.65,552.54,2388.11,9076.22,47.69,520.91,8150.78,8.4631,394,38.66,23.2684
AC-040,140,-0.0011,0.0005,100.0,643.11,1601.04,1416.32,552.76,2388.13,9079.96,47.78,521.19,8155.07,8.4827,394,38.49,23.1124
AC-040,141,0.0011,-0.0,100.0,642.41,1593.39,1420.84,552.16,2388.12,9073.17,47.79,520.84,8154.24,8.5089,396,38.41,23.226
AC-040,142,0.0025,0.0001,100.0,643.46,1598.31,1417.29,553.09,2388.13,9081.26,47.82,520.64,8159.74,8.4494,394,38.63,23.2028
AC-040,143,0.0012,0.0003,100.0,642.89,1595.6,1415.5,551.77,2388.15,9078.17,47.61,521.15,8158.62,8.5097,396,38.63,23.2497
AC-040,144,0.001,-0.0001,100.0,643.72,1596.64,1418.99,552.66,2388.16,9082.25,47.86,520.63,8154.85,8.4692,394,38.65,23.1117
AC-040,145,0.0022,0.0002,100.0,642.87,1594.2,1420.09,553.1,2388.07,9087.31,47.93,520.44,8162.84,8.4877,396,38.53,23.2354
AC-040,146,0.0004,0.0005,100.0,643.31,1594.14,1414.27,552.43,2388.1,9082.02,47.64,520.86,8152.76,8.5127,395,38.49,23.22
AC-040,147,-0.0017,0.0003,100.0,643.31,1593.49,1417.04,552.64,2388.16,9085.17,47.68,521.02,8163.24,8.4695,395,38.7,23.2738
AC-040,148,0.0031,0.0,100.0,643.54,1596.47,1420.1,552.19,2388.13,9084.94,47.75,520.42,8161.67,8.4593,396,38.71,23.1265
AC-040,149,0.003,-0.0001,100.0,642.77,1598.98,1421.33,553.36,2388.17,9085.53,47.71,521.01,8162.69,8.4716,394,38.67,23.1167
AC-040,150,0.0001,0.0002,100.0,643.56,1598.29,1423.88,553.07,2388.12,9089.1,47.95,520.86,8163.49,8.4644,394,38.74,23.1691
AC-040,151,-0.0017,0.0003,100.0,642.84,1597.36,1420.46,552.5,2388.14,9081.96,47.74,520.62,8166.34,8.4725,394,38.64,23.1927
AC-040,152,0.0025,-0.0,100.0,643.65,1596.73,1411.43,551.94,2388.13,9086.9,47.98,520.51,8162.25,8.4777,393,38.57,23.1096
AC-040,153,0.0019,-0.0004,100.0,643.23,1594.83,1416.22,553.15,2388.15,9084.36,47.77,520.94,8161.16,8.5221,396,38.56,23.1506
AC-040,154,-0.0042,0.0003,100.0,643.13,1596.86,1418.6,552.21,2388.14,9093.35,48.0,520.28,8159.78,8.4865,395,38.52,23.0844
AC-040,155,0.0011,-0.0002,100.0,643.04,1597.9,1417.95,552.05,2388.11,9099.13,47.85,520.31,8167.58,8.4892,395,38.55,23.0479
AC-040,156,0.0007,-0.0003,100.0,643.44,1593.4,1423.83,552.35,2388.22,9098.02,47.82,520.28,8165.98,8.4869,398,38.71,23.2481
AC-040,157,0.0003,0.0004,100.0,642.91,1596.23,1420.97,552.9,2388.17,9099.86,47.87,520.5,8167.85,8.4936,395,38.68,23.2025
AC-040,158,-0.0022,-0.0003,100.0,642.96,1598.97,1421.75,551.57,2388.21,9090.2,47.92,520.19,8164.87,8.4846,394,38.71,23.0951
AC-040,159,0.0008,0.0001,100.0,643.41,1598.67,1415.27,552.05,2388.16,9096.12,47.97,520.5,8165.11,8.4841,396,38.46,23.206
AC-040,160,0.0027,0.0003,100.0,642.87,1595.69,1422.9,552.62,2388.15,9092.63,47.98,519.88,8167.62,8.4912,396,38.6,23.1296
AC-040,161,-0.0017,0.0004,100.0,643.53,1583.91,1425.36,552.27,2388.18,9093.04,47.89,520.71,8169.04,8.5036,395,38.64,23.0539
AC-040,162,-0.0023,-0.0004,100.0,643.69,1601.18,1423.7,551.53,2388.11,9102.56,47.71,520.31,8169.79,8.4862,396,38.57,23.0332
AC-040,163,-0.0011,-0.0002,100.0,643.17,1594.13,1417.51,552.19,2388.13,9103.55,47.73,520.41,8164.49,8.4827,393,38.69,23.2238
AC-040,164,-0.0011,0.0,100.0,643.53,1602.3,1424.2,552.56,2388.16,9095.95,47.82,520.13,8172.54,8.4999,393,38.54,23.1855
AC-040,165,0.0021,-0.0003,100.0,643.45,1597.18,1421.72,552.59,2388.16,9102.92,47.85,520.32,8170.34,8.4927,394,38.43,23.1393
AC-040,166,0.0014,-0.0003,100.0,643.59,1598.48,1422.24,551.82,2388.18,9100.85,48.03,520.28,8171.39,8.5036,396,38.52,23.0775
AC-040,167,0.001,-0.0002,100.0,643.61,1592.84,1422.9,551.87,2388.22,9105.82,47.87,520.53,8167.87,8.482,396,38.58,23.1092
AC-040,168,-0.0039,0.0003,100.0,643.2,1596.3,1424.77,552.12,2388.16,9110.94,47.78,520.06,8173.09,8.4896,398,38.38,23.2124
AC-040,169,0.0004,-0.0003,100.0,643.27,1598.73,1423.45,552.01,2388.11,9102.26,48.13,520.22,8176.48,8.513,395,38.51,23.0678
AC-040,170,-0.0027,0.0004,100.0,643.29,1599.9,1422.47,552.12,2388.13,9110.13,47.89,520.19,8178.88,8.476,395,38.52,23.1798
AC-040,171,0.0038,-0.0003,100.0,643.44,1599.69,1421.72,552.29,2388.18,9101.61,47.83,520.4,8179.72,8.512,398,38.41,23.1361
AC-040,172,-0.0035,-0.0,100.0,643.42,1597.18,1422.74,552.08,2388.17,9105.17,48.04,520.55,8183.77,8.5442,395,38.55,23.1271
AC-040,173,-0.0001,0.0004,100.0,643.95,1599.81,1429.6,552.3,2388.18,9112.69,47.88,520.12,8178.68,8.5191,395,38.53,23.2039
AC-040,174,-0.0018,-0.0005,100.0,643.51,1604.6,1430.95,552.78,2388.16,9120.78,48.12,520.43,8186.11,8.4808,396,38.45,23.0757
AC-040,175,-0.0024,-0.0004,100.0,643.63,1598.28,1423.96,551.82,2388.2,9111.11,47.99,520.53,8179.09,8.5106,395,38.52,23.124
AC-040,176,-0.0008,0.0005,100.0,643.97,1607.64,1415.96,551.27,2388.14,9121.78,48.08,519.74,8185.17,8.4808,395,38.63,23.1903
AC-040,177,0.0008,0.0004,100.0,644.26,1598.58,1425.87,551.54,2388.17,9122.69,47.98,520.49,8181.32,8.5179,395,38.52,23.1628
AC-040,178,0.0015,-0.0002,100.0,643.93,1603.02,1429.43,551.27,2388.19,9112.86,48.06,519.92,8188.82,8.4845,394,38.41,23.0295
AC-040,179,0.0002,0.0004,100.0,643.3,1598.63,1419.48,551.6,2388.24,9125.11,47.97,520.47,8192.22,8.5238,397,38.74,23.1035
AC-040,180,0.0019,0.0001,100.0,643.68,1606.65,1431.78,551.36,2388.16,9118.87,48.05,520.81,8186.41,8.5237,397,38.39,22.9777
AC-040,181,0.001,0.0002,100.0,643.33,1606.82,1429.35,552.15,2388.17,9123.82,48.16,520.51,8194.13,8.503,395,38.58,23.0732
AC-040,182,-0.0056,-0.0004,100.0,643.81,1607.54,1430.81,551.38,2388.19,9127.8,48.13,520.03,8193.83,8.5184,398,38.39,23.0108
AC-040,183,-0.0024,-0.0004,100.0,643.7,1602.54,1428.22,551.88,2388.15,9130.24,48.2,520.39,8195.59,8.5317,396,38.53,22.9529
AC-040,184,0.002,-0.0002,100.0,643.59,1604.29,1425.46,551.38,2388.18,9129.43,48.08,520.31,8199.71,8.5105,396,38.54,23.0755
AC-040,185,0.0007,-0.0002,100.0,643.32,1604.87,1427.3,552.45,2388.21,9127.07,48.12,519.56,8194.02,8.5312,397,38.47,22.9686
AC-040,186,0.0002,0.0003,100.0,643.6,1614.93,1427.59,551.58,2388.22,9133.34,48.16,519.73,8198.36,8.4929,396,38.3,23.1198
AC-040,187,-0.0016,0.0,100.0,644.06,1604.34,1428.42,550.87,2388.14,9133.51,48.15,519.75,8198.9,8.4856,397,38.5,23.0906
AC-040,188,0.0002,-0.0003,100.0,643.87,1611.92,1432.96,551.08,2388.23,9142.42,48.03,520.33,8202.76,8.535,397,38.37,23.1022
AC-043,1,-0.0007,-0.0004,100.0,642.56,1579.64,1392.51,554.3,2387.98,9056.32,47.08,522.02,8139.17,8.3782,393,38.84,23.3701
AC-043,2,0.0019,-0.0005,100.0,642.22,1582.02,1397.92,554.58,2388.05,9052.6,47.22,522.26,8137.21,8.3635,390,39.11,23.3848
AC-043,3,-0.0008,-0.0004,100.0,641.95,1590.17,1402.59,554.07,2388.02,9059.05,47.31,521.94,8141.18,8.4029,391,39.11,23.4861
AC-043,4,0.001,-0.0003,100.0,641.71,1579.53,1403.11,554.23,2388.0,9060.43,47.24,522.32,8138.88,8.4066,392,38.95,23.4021
AC-043,5,-0.0041,0.0002,100.0,642.26,1581.65,1396.1,554.41,2387.98,9051.42,47.1,522.52,8134.44,8.4244,392,39.11,23.4559
AC-043,6,-0.0005,-0.0005,100.0,642.01,1579.15,1401.53,554.7,2388.03,9054.78,47.24,522.39,8136.6,8.403,392,38.95,23.3108
AC-043,7,-0.0006,0.0004,100.0,642.21,1585.22,1399.35,555.02,2388.01,9056.25,47.22,522.23,8134.49,8.4132,393,39.09,23.4156
AC-043,8,-0.0001,-0.0005,100.0,642.16,1587.14,1408.26,554.58,2388.02,9055.62,47.24,522.3,8139.13,8.3683,391,39.11,23.3331
AC-043,9,0.0045,-0.0001,100.0,642.79,1586.06,1402.13,554.93,2388.03,9055.7,47.24,522.41,8141.26,8.3857,392,39.01,23.3477
AC-043,10,0.0005,-0.0,100.0,642.4,1582.86,1392.57,554.06,2388.0,9056.23,47.23,521.66,8136.33,8.4392,391,38.95,23.3811
AC-043,11,0.0015,0.0002,100.0,642.49,1587.46,1392.9,553.37,2388.0,9054.88,47.0,522.82,8135.64,8.4186,391,39.13,23.4239
AC-043,12,0.0005,-0.0,100.0,642.41,1580.83,1392.18,554.41,2388.06,9054.61,47.33,522.41,8136.27,8.3985,391,39.13,23.4009
AC-043,13,-0.0034,0.0003,100.0,642.0,1585.31,1396.87,554.39,2388.02,9056.03,47.37,522.19,8141.95,8.3978,392,39.1,23.4013
AC-043,14,-0.0015,0.0003,100.0,641.51,1586.26,1389.83,554.98,2388.02,9055.74,47.17,522.23,8136.42,8.4187,391,38.95,23.4868
AC-043,15,-0.0007,0.0002,100.0,642.06,1586.13,1401.37,554.68,2388.05,9049.55,47.27,522.21,8141.87,8.4211,390,39.02,23.3574
AC-043,16,-0.001,0.0002,100.0,641.45,1584.97,1403.54,554.03,2388.04,9045.69,47.14,522.16,8138.15,8.4176,391,39.03,23.4268
AC-043,17,-0.0024,-0.0004,100.0,641.91,1585.83,1391.52,553.94,2388.0,9051.58,47.09,522.57,8131.69,8.4065,391,38.91,23.4477
AC-043,18,-0.0022,-0.0001,100.0,642.31,1583.02,1391.45,554.77,2388.0,9054.41,47.2,522.43,8133.87,8.4208,392,38.98,23.3427
AC-043,19,0.0035,0.0002,100.0,642.06,1582.3,1397.75,553.68,2387.99,9055.6,47.12,522.68,8133.59,8.4243,391,39.26,23.3652
AC-043,20,-0.0,-0.0003,100.0,642.6,1582.62,1396.72,554.65,2388.0,9059.35,47.24,522.33,8136.3,8.4098,392,39.07,23.3555
AC-043,21,0.002,-0.0003,100.0,642.87,1585.17,1406.47,554.09,2388.02,9055.45,47.3,522.4,8138.16,8.4232,392,39.13,23.4456
AC-043,22,-0.0001,0.0002,100.0,641.9,1585.31,1401.18,554.33,2388.04,9056.2,47.27,522.15,8136.85,8.4159,390,39.07,23.3456
AC-043,23,0.0025,0.0001,100.0,641.58,1583.52,1397.37,554.06,2388.01,9062.02,46.98,522.5,8141.32,8.3716,393,39.07,23.5032
AC-043,24,-0.0045,-0.0005,100.0,642.24,1580.87,1399.52,554.01,2388.01,9058.97,47.36,522.73,8140.17,8.4148,391,39.01,23.2903
AC-043,25,-0.0025,0.0003,100.0,641.58,1581.59,1396.5,554.28,2388.01,9052.42,47.29,522.16,8134.86,8.3841,392,38.98,23.4059
AC-043,26,-0.0008,0.0004,100.0,642.57,1587.18,1396.91,554.44,2388.0,9059.15,47.35,522.21,8137.01,8.3775,392,39.07,23.4153
AC-043,27,0.0033,-0.0002,100.0,642.34,1581.22,1402.89,554.3,2388.03,9058.81,47.41,522.45,8134.67,8.4042,392,39.02,23.3972
AC-043,28,0.0007,0.0001,100.0,642.23,1590.76,1397.76,554.41,2388.04,9050.19,47.15,522.55,8135.89,8.3836,391,39.13,23.4409
AC-043,29,0.0016,0.0001,100.0,641.99,1586.08,1399.45,554.51,2388.03,9049.92,47.33,522.23,8138.94,8.3853,392,39.02,23.4582
AC-043,30,0.0017,0.0003,100.0,641.87,1586.0,1401.48,555.0,2388.05,9056.49,47.09,522.58,8136.84,8.371,392,39.09,23.4204
AC-043,31,0.0014,-0.0,100.0,642.16,1578.15,1395.89,554.47,2388.02,9050.11,47.23,522.12,8140.24,8.4177,391,39.1,23.3878
AC-043,32,-0.0047,0.0003,100.0,642.07,1587.17,1398.38,554.45,2388.05,9057.38,47.31,522.06,8143.07,8.424,390,39.08,23.4645
AC-043,33,-0.0007,0.0004,100.0,642.42,1579.29,1400.17,554.0,2388.05,9046.8,47.24,522.43,8139.86,8.4318,392,39.04,23.3001
AC-043,34,-0.0031,0.0004,100.0,642.83,1580.3,1397.26,554.61,2388.03,9057.05,47.14,522.08,8132.62,8.3891,391,39.1,23.4014
AC-043,35,-0.0042,-0.0004,100.0,641.89,1586.02,1394.03,554.35,2388.0,9054.58,47.14,522.31,8134.15,8.4024,394,39.0,23.3953
AC-043,36,0.0005,-0.0001,100.0,642.07,1586.2,1401.36,554.14,2388.02,9060.7,47.12,522.18,8140.6,8.3917,391,38.92,23.5067
AC-043,37,0.0046,-0.0003,100.0,642.07,1584.22,1401.09,554.43,2388.02,9046.6,47.24,522.55,8138.24,8.4076,393,39.17,23.3422
AC-043,38,0.0023,-0.0004,100.0,641.7,1587.69,1402.39,554.05,2388.08,9057.12,47.37,522.1,8137.57,8.3769,391,38.85,23.4556
AC-043,39,-0.0029,-0.0001,100.0,642.36,1583.99,1402.98,554.71,2388.02,9051.97,47.43,522.36,8141.95,8.4003,391,39.17,23.521
AC-043,40,-0.0004,0.0003,100.0,641.5,1582.71,1399.59,553.76,2388.02,9048.42,47.46,522.09,8130.71,8.4176,393,39.09,23.3125
AC-043,41,0.0003,0.0004,100.0,641.33,1578.11,1395.35,554.74,2388.02,9056.53,47.28,522.42,8140.16,8.4254,392,38.99,23.3278
AC-043,42,0.0015,-0.0004,100.0,642.14,1590.56,1393.56,554.06,2388.07,9057.91,47.25,522.09,8139.21,8.4473,392,39.07,23.3063
AC-043,43,-0.001,0.0002,100.0,642.22,1591.15,1401.26,553.76,2388.04,9052.57,47.25,522.52,8136.14,8.3858,391,38.96,23.3464
AC-043,44,0.001,0.0003,100.0,641.61,1587.39,1399.4,553.98,2387.96,9050.46,47.31,522.33,8136.2,8.4139,394,38.85,23.4877
AC-043,45,0.0047,0.0002,100.0,642.12,1574.46,1397.69,554.67,2387.98,9050.04,47.36,522.78,8137.47,8.4349,391,39.05,23.3792
AC-043,46,-0.0006,-0.0002,100.0,642.9,1592.46,1403.2,554.6,2388.08,9057.57,47.19,522.59,8138.78,8.3896,391,39.11,23.3661
AC-043,47,-0.0004,-0.0,100.0,642.65,1584.16,1397.52,554.55,2388.0,9064.76,47.4,522.57,8134.58,8.389,393,39.2,23.3325
AC-043,48,-0.0047,-0.0004,100.0,642.12,1588.77,1395.26,554.4,2387.99,9060.49,47.26,522.08,8137.73,8.4192,393,39.06,23.2875
AC-043,49,0.0019,0.0001,100.0,642.37,1585.87,1399.86,554.37,2388.01,9052.03,47.18,522.08,8136.19,8.3971,392,39.09,23.2944
AC-043,50,0.0035,0.0002,100.0,642.25,1581.7,1402.28,554.38,2388.04,9055.87,47.24,522.33,8139.74,8.4052,392,39.03,23.4292
AC-043,51,-0.0007,0.0003,100.0,642.17,1581.84,1404.44,554.33,2388.01,9062.03,47.21,522.19,8131.8,8.4202,394,38.94,23.4191
AC-043,52,0.002,0.0004,100.0,642.88,1579.57,1397.17,554.32,2388.0,9058.17,47.13,522.26,8132.86,8.3918,390,39.04,23.4212
AC-043,53,0.002,-0.0001,100.0,642.51,1589.91,1393.86,554.34,2388.09,9057.99,47.3,522.41,8135.79,8.3661,393,39.02,23.2672
AC-043,54,-0.0018,0.0004,100.0,642.06,1589.72,1404.57,554.89,2388.0,9051.19,47.27,522.23,8141.6,8.3903,392,38.86,23.4111
AC-043,55,-0.0009,-0.0001,100.0,642.38,1582.75,1394.98,553.99,2388.04,9048.74,47.3,521.93,8144.38,8.4446,392,39.0,23.3379
AC-043,56,0.001,-0.0004,100.0,642.02,1588.22,1399.56,553.9,2388.04,9048.36,47.36,521.89,8135.15,8.3798,392,38.86,23.33
AC-043,57,-0.0012,0.0004,100.0,642.01,1576.0,1392.25,554.34,2388.02,9055.64,47.37,522.66,8135.32,8.3954,390,38.86,23.4259
AC-043,58,-0.0028,-0.0003,100.0,642.32,1577.23,1397.47,553.93,2388.06,9060.71,47.11,522.23,8141.1,8.4499,391,38.99,23.2497
AC-043,59,-0.0008,-0.0005,100.0,642.52,1579.68,1404.68,554.75,2388.03,9057.07,47.19,521.88,8140.58,8.4273,392,39.01,23.2466
AC-043,60,0.0006,-0.0001,100.0,642.16,1578.91,1402.7,554.07,2388.05,9056.63,47.3,522.32,8136.08,8.3889,392,39.05,23.4122
AC-043,61,-0.0005,0.0001,100.0,642.05,1583.88,1393.56,554.41,2388.01,9050.78,47.19,522.41,8138.47,8.4082,392,38.99,23.3624
AC-043,62,-0.0029,-0.0,100.0,641.73,1585.66,1406.74,553.97,2388.01,9062.01,47.3,521.82,8136.57,8.4334,392,38.96,23.277
AC-043,63,0.002,0.0002,100.0,642.12,1584.42,1408.87,554.83,2388.03,9059.21,47.13,521.66,8135.57,8.3749,392,39.0,23.4509
AC-043,64,-0.0006,0.0,100.0,642.49,1590.79,1396.52,554.41,2387.98,9058.83,47.25,521.89,8139.67,8.4217,391,38.9,23.5136
AC-043,65,0.0025,0.0004,100.0,642.39,1590.98,1395.71,553.52,2387.99,9058.19,47.39,522.69,8139.96,8.3908,391,38.97,23.372
AC-043,66,0.0008,0.0002,100.0,641.94,1588.61,1397.85,553.84,2388.02,9051.34,47.32,521.59,8138.73,8.4025,390,39.0,23.2788
AC-043,67,-0.0011,-0.0001,100.0,642.02,1582.15,1396.13,554.81,2388.05,9042.97,47.34,521.13,8138.62,8.3913,392,39.04,23.3747
AC-043,68,-0.0004,-0.0005,100.0,642.28,1587.95,1404.65,554.58,2388.0,9059.91,47.29,521.82,8138.43,8.4049,392,39.07,23.3149
AC-043,69,0.0007,0.0,100.0,642.58,1590.21,1395.47,554.65,2388.06,9051.34,47.28,522.19,8133.45,8.4177,392,38.94,23.3906
AC-043,70,-0.0005,0.0,100.0,642.66,1587.33,1398.12,554.33,2388.09,9051.0,47.25,521.65,8137.57,8.433,391,38.92,23.3412
AC-043,71,-0.0,0.0002,100.0,642.32,1586.76,1398.33,554.62,2388.04,9053.52,47.24,522.04,8133.58,8.4244,391,39.03,23.3275
AC-043,72,-0.0008,-0.0001,100.0,642.31,1587.55,1399.32,554.3,2388.01,9055.29,47.33,522.13,8135.89,8.3834,392,38.91,23.3388
AC-043,73,-0.0015,0.0001,100.0,642.32,1584.71,1398.09,554.16,2388.07,9052.1,47.3,522.27,8136.07,8.3994,391,39.05,23.3559
AC-043,74,0.0012,0.0004,100.0,642.23,1586.7,1399.5,554.57,2388.11,9057.26,47.34,521.89,8134.15,8.3957,393,38.97,23.282
AC-043,75,-0.0021,0.0001,100.0,642.73,1590.24,1405.31,555.09,2388.13,9055.68,47.13,521.91,8138.23,8.3772,391,39.0,23.4601
AC-043,76,-0.0012,-0.0001,100.0,642.18,1589.92,1399.38,554.68,2388.06,9052.26,47.25,521.9,8133.32,8.4383,393,39.0,23.302
AC-043,77,-0.0037,-0.0002,100.0,641.78,1587.86,1402.19,553.44,2388.04,9049.28,47.37,522.2,8136.81,8.415,392,39.02,23.3331
AC-043,78,0.0033,0.0004,100.0,642.33,1588.02,1404.39,554.09,2388.02,9053.42,47.39,522.02,8140.59,8.4025,392,39.23,23.3367
AC-043,79,0.0035,-0.0,100.0,642.23,1585.36,1404.41,553.44,2388.1,9052.87,47.39,522.08,8133.4,8.4029,393,38.86,23.4146
AC-043,80,0.0009,-0.0004,100.0,642.24,1588.28,1399.8,553.78,2388.01,9057.28,47.17,522.16,8140.65,8.4089,393,39.14,23.3247
AC-043,81,-0.0032,0.0003,100.0,642.17,1588.47,1396.92,555.14,2388.06,9054.45,47.24,521.96,8134.4,8.4001,391,39.0,23.4363
AC-043,82,0.0011,0.0001,100.0,642.25,1586.85,1406.96,553.99,2388.04,9047.6,47.28,522.09,8134.15,8.3834,391,38.92,23.4605
AC-043,83,0.0025,0.0002,100.0,641.73,1585.31,1400.57,554.1,2388.0,9053.61,47.44,522.68,8139.17,8.4454,392,38.81,23.3417
AC-043,84,0.0022,-0.0002,100.0,642.46,1585.79,1400.41,554.07,2388.08,9050.11,47.45,522.25,8136.25,8.4169,392,39.05,23.4
AC-043,85,-0.0003,-0.0001,100.0,642.11,1586.98,1402.42,554.02,2388.07,9057.08,47.24,522.12,8136.05,8.4479,392,38.93,23.3624
AC-043,86,-0.0001,0.0001,100.0,642.06,1589.44,1406.32,553.43,2388.04,9053.93,47.45,521.68,8140.15,8.426,391,38.97,23.4172
AC-043,87,-0.0006,0.0001,100.0,642.2,1580.3,1399.63,554.17,2388.06,9055.88,47.25,521.9,8138.84,8.4216,391,38.98,23.3393
AC-043,88,-0.0043,-0.0001,100.0,642.52,1590.43,1405.14,553.47,2388.06,9052.05,47.23,521.43,8134.96,8.4099,393,38.92,23.4772
AC-043,89,0.0,-0.0005,100.0,642.2,1583.89,1402.46,553.31,2388.02,9054.94,47.27,522.09,8139.59,8.3798,392,38.87,23.3821
AC-043,90,-0.0001,-0.0001,100.0,642.43,1585.06,1397.98,554.69,2388.01,9049.58,47.46,521.84,8133.88,8.4052,393,39.18,23.5008
AC-043,91,-0.0002,0.0004,100.0,642.37,1586.32,1409.55,554.39,2388.07,9049.64,47.17,522.16,8136.14,8.3721,390,38.9,23.3823
AC-043,92,-0.0008,-0.0005,100.0,642.55,1588.36,1400.17,553.87,2388.07,9063.58,47.46,522.11,8135.12,8.409,392,38.96,23.3704
AC-043,93,-0.0036,0.0004,100.0,642.63,1584.23,1401.12,553.73,2388.05,9060.73,47.25,522.16,8141.63,8.4407,391,39.03,23.4205
AC-043,94,0.0029,-0.0003,100.0,642.09,1588.54,1403.83,554.7,2388.06,9048.29,47.26,521.71,8134.98,8.4109,392,39.0,23.2943
AC-043,95,0.0033,-0.0002,100.0,641.86,1586.88,1400.9,554.04,2388.07,9058.33,47.24,521.95,8135.76,8.4311,392,39.04,23.3896
AC-043,96,-0.0011,0.0002,100.0,642.3,1582.73,1404.43,554.43,2388.03,9051.48,47.24,521.52,8132.67,8.4522,393,39.03,23.4095
AC-043,97,-0.0045,-0.0004,100.0,642.06,1582.45,1401.48,554.5,2388.07,9057.16,47.45,522.25,8139.69,8.4125,392,38.87,23.3991
AC-043,98,-0.001,-0.0005,100.0,642.21,1578.77,1408.2,553.91,2388.1,9052.41,47.19,522.26,8136.45,8.4083,392,38.95,23.2647
AC-043,99,-0.0029,-0.0004,100.0,642.87,1589.73,1401.77,554.08,2388.07,9055.61,47.38,521.98,8132.53,8.3872,392,39.07,23.3389
AC-043,100,0.0047,0.0,100.0,642.27,1581.92,1403.32,554.07,2388.05,9052.92,47.42,522.22,8135.94,8.4388,390,38.84,23.3346
AC-043,101,-0.0007,-0.0003,100.0,641.98,1582.06,1399.16,554.08,2388.02,9052.91,47.35,522.13,8136.94,8.3883,393,39.05,23.3805
AC-043,102,0.0025,0.0002,100.0,642.04,1584.51,1406.12,554.48,2388.07,9052.38,47.34,521.56,8133.6,8.4145,393,38.91,23.3726
AC-043,103,-0.0021,0.0003,100.0,642.2,1580.8,1402.32,554.01,2388.03,9051.35,47.37,522.12,8132.23,8.434,390,38.86,23.3379
AC-043,104,0.0024,0.0004,100.0,642.28,1585.34,1398.11,554.05,2387.98,9055.49,47.43,521.98,8136.3,8.4416,392,38.9,23.4631
AC-043,105,0.0036,-0.0003,100.0,642.52,1585.86,1409.21,554.28,2388.15,9053.39,47.29,521.78,8140.85,8.415,392,38.83,23.3784
AC-043,106,-0.003,0.0001,100.0,642.65,1585.48,1403.34,553.15,2388.07,9053.11,47.37,521.96,8139.08,8.4127,394,38.9,23.3868
AC-043,107,0.0004,-0.0004,100.0,642.04,1585.57,1399.98,553.75,2388.05,9054.37,47.4,522.29,8137.54,8.4147,392,38.95,23.373
AC-043,108,0.0005,0.0004,100.0,642.08,1583.97,1411.24,554.01,2388.07,9061.51,47.31,521.93,8129.21,8.4031,393,38.97,23.3593
AC-043,109,0.0009,0.0003,100.0,642.58,1590.24,1403.07,553.38,2388.07,9053.88,47.31,521.57,8135.62,8.4139,391,39.03,23.4087
AC-043,110,0.0009,-0.0004,100.0,642.75,1588.29,1405.36,553.75,2388.02,9052.99,47.41,522.08,8141.39,8.394,392,38.91,23.4169
AC-043,111,0.0037,0.0002,100.0,641.92,1587.56,1408.64,553.69,2388.05,9053.49,47.36,521.55,8141.47,8.4025,394,38.8,23.3443
AC-043,112,-0.0004,0.0002,100.0,642.16,1587.85,1403.45,554.54,2388.05,9055.75,47.47,521.63,8135.53,8.4156,393,39.0,23.3487
AC-043,113,0.0009,0.0002,100.0,642.32,1586.97,1407.02,552.94,2388.12,9053.43,47.3,521.69,8132.33,8.4214,394,38.78,23.2726
AC-043,114,-0.001,-0.0002,100.0,642.5,1591.84,1400.5,553.72,2388.07,9051.93,47.42,521.95,8132.82,8.4199,392,38.93,23.416
AC-043,115,0.002,0.0002,100.0,642.67,1588.77,1404.07,553.81,2388.04,9056.54,47.46,521.21,8139.97,8.4394,392,39.11,23.322
AC-043,116,0.0011,0.0,100.0,642.47,1585.17,1403.23,553.78,2388.17,9051.81,47.36,522.43,8135.66,8.4087,393,38.98,23.4039
AC-043,117,-0.0011,0.0002,100.0,643.17,1582.12,1402.84,553.44,2388.07,9064.11,47.33,521.9,8136.75,8.4451,394,38.84,23.2177
AC-043,118,-0.0014,0.0002,100.0,642.13,1584.44,1399.44,553.9,2388.04,9053.47,47.33,522.32,8139.43,8.428,392,38.97,23.334
AC-043,119,0.0012,-0.0005,100.0,642.71,1583.89,1393.69,553.58,2388.05,9055.71,47.46,521.99,8135.62,8.4104,393,38.87,23.3845
AC-043,120,-0.003,0.0004,100.0,642.5,1577.56,1401.69,553.51,2388.11,9056.0,47.42,522.31,8130.49,8.4132,392,38.82,23.3068
AC-043,121,0.0004,0.0002,100.0,642.39,1585.15,1405.57,554.06,2388.12,9051.01,47.48,521.82,8136.95,8.414,392,38.81,23.3585
AC-043,122,0.0001,0.0004,100.0,642.69,1583.95,1406.2,553.74,2388.04,9051.36,47.35,521.68,8135.43,8.4402,392,38.92,23.4649
AC-043,123,0.0011,0.0004,100.0,642.1,1591.24,1405.65,553.09,2388.08,9053.42,47.4,521.6,8132.36,8.426,391,38.73,23.3867
AC-043,124,0.0048,-0.0001,100.0,642.76,1592.55,1404.41,554.03,2388.13,9050.77,47.41,521.58,8134.51,8.4383,391,38.97,23.3763
AC-043,125,-0.0013,0.0,100.0,642.22,1580.76,1404.92,554.57,2388.09,9053.86,47.48,521.86,8132.32,8.4103,392,38.96,23.374
AC-043,126,-0.0007,0.0004,100.0,642.21,1590.18,1398.6,553.35,2388.09,9055.43,47.27,521.47,8136.14,8.3923,391,38.99,23.3109
AC-043,127,0.0009,0.0004,100.0,642.8,1587.91,1405.41,553.21,2388.12,9058.88,47.28,521.4,8134.68,8.4353,394,38.88,23.2303
AC-043,128,-0.0046,0.0001,100.0,641.59,1584.45,1403.74,553.57,2388.06,9051.32,47.54,521.54,8134.73,8.4122,393,38.92,23.3222
AC-043,129,-0.002,-0.0002,100.0,642.46,1591.85,1402.12,553.14,2388.07,9053.65,47.24,521.73,8131.89,8.4389,393,38.84,23.3565
AC-043,130,0.0018,0.0002,100.0,642.38,1584.15,1397.85,553.67,2388.11,9050.16,47.58,521.4,8138.21,8.4158,392,38.87,23.239
AC-043,131,0.0046,-0.0003,100.0,642.48,1585.04,1411.13,553.7,2388.09,9051.8,47.51,522.04,8135.8,8.4359,393,38.94,23.2181
AC-043,132,0.0015,0.0004,100.0,642.62,1586.4,1402.99,554.25,2388.1,9052.84,47.4,521.96,8136.91,8.4335,393,38.71,23.3434
AC-043,133,-0.0001,-0.0005,100.0,642.44,1583.32,1401.2,553.82,2388.05,9063.43,47.63,521.67,8137.88,8.4131,392,38.85,23.2844
AC-043,134,-0.0003,0.0002,100.0,642.6,1582.49,1400.71,553.95,2388.1,9053.14,47.39,521.68,8133.38,8.4041,392,38.89,23.3426
AC-043,135,-0.0017,0.0004,100.0,642.9,1589.89,1407.53,553.87,2388.09,9052.8,47.55,521.32,8129.85,8.4106,394,38.82,23.3133
AC-043,136,-0.002,-0.0002,100.0,642.46,1580.98,1402.51,552.63,2388.05,9049.85,47.57,521.71,8137.14,8.4515,393,38.88,23.323
AC-043,137,-0.0031,-0.0004,100.0,642.83,1586.39,1401.37,553.39,2388.15,9058.14,47.63,521.37,8130.76,8.4777,392,38.76,23.449
AC-043,138,0.0004,-0.0004,100.0,642.95,1591.72,1412.68,553.31,2388.12,9057.54,47.55,521.15,8135.19,8.4393,392,38.93,23.3196
AC-043,139,-0.0023,-0.0004,100.0,642.67,1585.19,1411.71,553.8,2388.07,9049.13,47.48,521.89,8131.35,8.4325,394,38.93,23.3142
AC-043,140,0.0015,0.0004,100.0,642.98,1584.45,1410.57,553.46,2388.11,9049.1,47.49,521.11,8132.43,8.4309,393,38.87,23.2644
AC-043,141,-0.0032,-0.0005,100.0,643.18,1587.55,1406.15,553.72,2388.08,9057.82,47.28,521.12,8136.87,8.4224,393,38.91,23.2202
AC-043,142,0.0035,-0.0002,100.0,642.75,1585.17,1403.9,553.52,2388.08,9053.33,47.31,521.42,8133.5,8.4139,393,38.69,23.2168
AC-043,143,-0.0003,0.0,100.0,642.68,1590.81,1407.72,553.56,2388.06,9056.16,47.6,521.37,8131.76,8.4363,394,38.99,23.2953
AC-043,144,-0.0009,-0.0003,100.0,642.36,1587.43,1405.78,553.63,2388.1,9046.28,47.51,521.73,8130.64,8.4532,392,38.83,23.2707
AC-043,145,0.0037,0.0001,100.0,642.38,1585.08,1403.53,553.62,2388.11,9060.03,47.51,521.55,8130.7,8.4306,392,38.91,23.3228
AC-043,146,-0.0002,-0.0005,100.0,642.58,1587.68,1406.05,553.19,2388.08,9044.78,47.62,521.35,8128.64,8.4149,393,38.78,23.3543
AC-043,147,0.0015,-0.0001,100.0,643.0,1591.15,1413.65,553.36,2388.11,9046.38,47.38,521.18,8128.07,8.4242,393,38.77,23.3007
AC-043,148,0.0027,0.0002,100.0,642.12,1591.63,1402.5,553.31,2388.11,9049.39,47.68,521.44,8133.82,8.4455,392,38.8,23.3424
AC-043,149,-0.0001,-0.0003,100.0,642.36,1587.03,1411.24,553.64,2388.1,9051.92,47.49,521.54,8131.8,8.4129,394,38.58,23.4398
AC-043,150,0.0005,-0.0002,100.0,642.79,1585.79,1412.85,554.72,2388.13,9045.47,47.64,521.42,8130.45,8.4098,394,38.85,23.3574
AC-043,151,0.0041,0.0003,100.0,642.69,1595.21,1411.83,553.4,2388.12,9046.6,47.55,520.95,8130.9,8.4531,394,38.78,23.3753
AC-043,152,-0.0015,-0.0003,100.0,642.98,1582.31,1404.12,552.98,2388.15,9050.87,47.62,521.31,8132.08,8.421,393,38.97,23.2154
AC-043,153,-0.0034,-0.0002,100.0,642.77,1588.31,1408.88,553.24,2388.1,9050.13,47.4,521.24,8130.52,8.4873,392,38.83,23.3625
AC-043,154,0.0021,-0.0003,100.0,642.83,1592.39,1413.02,552.58,2388.08,9054.22,47.64,521.88,8129.97,8.427,392,38.83,23.238
AC-043,155,-0.0006,0.0005,100.0,642.69,1592.13,1407.27,552.66,2388.22,9047.45,47.54,521.25,8129.29,8.4794,393,38.8,23.2749
AC-043,156,0.0034,0.0004,100.0,642.62,1588.84,1402.82,553.22,2388.15,9043.64,47.4,520.89,8134.64,8.4719,394,38.8,23.2736
AC-043,157,-0.0025,-0.0005,100.0,642.35,1595.45,1406.14,553.15,2388.13,9052.16,47.47,521.33,8136.14,8.4866,393,38.9,23.3245
AC-043,158,0.0034,-0.0001,100.0,642.09,1584.69,1412.63,553.72,2388.12,9049.24,47.57,521.23,8133.39,8.4433,393,38.78,23.3295
AC-043,159,-0.002,-0.0002,100.0,642.44,1597.68,1408.76,552.76,2388.13,9048.12,47.51,520.99,8126.43,8.4494,394,38.86,23.2969
AC-043,160,0.0013,-0.0003,100.0,643.04,1588.09,1412.27,553.06,2388.13,9054.29,47.65,521.33,8128.45,8.4721,392,38.8,23.3426
AC-043,161,-0.001,0.0001,100.0,642.86,1587.92,1406.44,553.2,2388.15,9054.57,47.54,520.92,8128.56,8.4461,393,38.81,23.3773
AC-043,162,-0.0019,-0.0004,100.0,642.39,1589.28,1403.67,553.82,2388.17,9054.62,47.61,521.35,8126.98,8.4698,393,38.64,23.3072
AC-043,163,-0.0044,-0.0003,100.0,642.76,1595.41,1414.82,552.25,2388.13,9054.96,47.71,520.44,8128.33,8.4345,393,38.75,23.1839
AC-043,164,-0.0016,-0.0002,100.0,642.65,1585.03,1402.03,553.07,2388.15,9053.09,47.68,521.11,8130.33,8.4525,395,38.79,23.2531
AC-043,165,-0.0025,0.0003,100.0,642.93,1590.32,1411.59,553.43,2388.11,9052.22,47.47,521.46,8133.73,8.4636,394,38.73,23.2484
AC-043,166,0.0023,0.0004,100.0,642.07,1595.52,1413.1,552.94,2388.15,9045.46,47.72,521.36,8129.15,8.5107,394,38.77,23.3062
AC-043,167,-0.0004,-0.0004,100.0,642.51,1594.18,1413.16,553.33,2388.15,9047.54,47.82,521.22,8129.03,8.4583,393,38.8,23.2131
AC-043,168,0.0025,0.0004,100.0,643.36,1595.29,1417.67,552.83,2388.12,9048.3,47.55,520.49,8130.93,8.4671,395,38.74,23.2038
AC-043,169,0.0015,-0.0002,100.0,643.33,1598.98,1415.39,552.57,2388.16,9054.98,47.73,520.84,8127.92,8.4766,394,38.68,23.3106
AC-043,170,-0.0013,0.0002,100.0,643.11,1592.69,1419.71,552.96,2388.14,9045.91,47.5,521.27,8128.81,8.5115,394,38.74,23.1463
AC-043,171,0.0001,0.0004,100.0,643.09,1603.7,1413.41,552.57,2388.15,9042.18,47.78,520.98,8127.85,8.4817,393,38.69,23.2519
AC-043,172,0.0018,-0.0,100.0,642.89,1596.93,1414.79,552.79,2388.18,9047.62,47.88,520.66,8120.38,8.4423,393,38.72,23.2878
AC-043,173,-0.0009,-0.0001,100.0,643.15,1592.42,1421.28,552.36,2388.17,9046.69,47.71,521.2,8127.8,8.465,394,38.7,23.2318
AC-043,174,0.0011,-0.0005,100.0,642.86,1598.37,1408.48,552.4,2388.18,9048.7,47.7,520.61,8124.14,8.4737,396,38.68,23.2236
AC-043,175,-0.0026,0.0003,100.0,642.85,1592.66,1412.74,552.81,2388.21,9046.09,47.93,520.49,8127.53,8.4492,393,38.6,23.3449
AC-043,176,-0.0014,-0.0002,100.0,642.66,1596.4,1425.33,553.01,2388.16,9048.48,47.66,520.68,8127.14,8.4569,394,38.61,23.1938
AC-043,177,0.0019,-0.0001,100.0,642.85,1593.96,1415.62,552.97,2388.18,9047.99,48.04,520.74,8125.55,8.496,394,38.63,23.2427
AC-043,178,0.0021,-0.0005,100.0,642.78,1591.34,1416.44,552.46,2388.2,9043.3,47.72,520.48,8125.09,8.4669,394,38.75,23.2095
AC-043,179,0.0015,0.0001,100.0,643.4,1587.33,1422.57,552.5,2388.15,9041.96,47.61,521.16,8125.49,8.4596,396,38.88,23.2559
AC-043,180,-0.0003,0.0003,100.0,643.55,1593.57,1419.86,552.95,2388.18,9041.17,47.71,520.9,8123.15,8.4492,394,38.55,23.2587
AC-043,181,0.004,0.0005,100.0,643.66,1592.45,1420.38,552.25,2388.16,9046.88,47.86,520.96,8124.61,8.4999,394,38.63,23.2826
AC-043,182,0.0005,-0.0,100.0,643.57,1599.93,1409.49,552.26,2388.15,9048.26,47.83,520.67,8126.63,8.4434,395,38.6,23.1493
AC-043,183,0.0014,0.0004,100.0,642.94,1596.31,1424.6,552.68,2388.21,9045.43,47.77,520.76,8131.16,8.5111,393,38.5,23.2454
AC-043,184,0.0002,-0.0004,100.0,643.11,1598.28,1417.62,552.06,2388.22,9042.07,47.91,520.04,8124.26,8.4599,395,38.62,23.2101
AC-043,185,-0.0042,-0.0004,100.0,643.11,1599.24,1421.94,551.83,2388.24,9047.75,47.83,520.14,8127.88,8.5107,394,38.64,23.1877
AC-043,186,0.0001,-0.0004,100.0,643.38,1594.39,1423.01,552.27,2388.26,9040.65,47.9,519.88,8125.62,8.4637,395,38.62,23.1268
AC-043,187,-0.0035,-0.0001,100.0,643.06,1589.79,1423.47,551.92,2388.23,9045.92,47.86,519.72,8123.21,8.4495,394,38.7,23.2501
AC-043,188,0.0002,-0.0001,100.0,643.11,1595.05,1417.53,551.52,2388.21,9043.24,47.86,519.82,8119.87,8.5138,395,38.49,23.1587
AC-043,189,-0.0009,-0.0003,100.0,643.26,1591.49,1419.61,551.48,2388.22,9051.14,48.09,520.12,8124.36,8.4888,396,38.76,23.2067
AC-043,190,-0.001,0.0002,100.0,642.91,1597.86,1421.69,551.82,2388.2,9048.33,48.01,519.94,8125.08,8.4884,395,38.71,23.1346
AC-043,191,-0.0005,0.0002,100.0,643.36,1609.12,1430.8,551.33,2388.26,9045.49,47.96,520.3,8116.69,8.4809,395,38.47,23.1846
AC-043,192,-0.0042,0.0004,100.0,643.24,1593.08,1425.77,552.46,2388.24,9035.48,47.93,520.17,8121.16,8.4876,396,38.63,23.1089
AC-043,193,0.0038,-0.0005,100.0,643.51,1596.91,1426.15,551.37,2388.2,9042.65,48.03,520.38,8124.47,8.5187,396,38.6,23.1303
AC-043,194,0.0032,0.0002,100.0,642.76,1599.91,1424.64,551.64,2388.28,9040.11,48.04,520.05,8123.16,8.5346,394,38.52,23.1438
AC-043,195,-0.0033,-0.0,100.0,643.66,1592.89,1417.3,552.26,2388.27,9040.16,47.97,519.79,8120.06,8.4798,396,38.73,23.0937
AC-043,196,0.0003,-0.0001,100.0,643.62,1591.9,1428.56,552.15,2388.27,9046.22,47.96,520.2,8115.25,8.5074,395,38.67,23.1283
AC-043,197,-0.0086,-0.0001,100.0,642.95,1603.35,1423.51,550.9,2388.31,9043.59,47.82,520.85,8118.95,8.5095,395,38.49,23.2057
AC-043,198,-0.0003,-0.0002,100.0,643.5,1603.9,1428.28,551.86,2388.23,9042.21,47.85,519.83,8120.75,8.529,395,38.57,23.0436
AC-043,199,-0.0011,0.0002,100.0,644.14,1595.39,1429.39,551.59,2388.22,9048.06,48.14,519.85,8118.04,8.518,394,38.49,23.2322
AC-043,200,0.0003,-0.0004,100.0,643.47,1596.53,1427.07,551.41,2388.26,9040.88,47.98,520.02,8117.31,8.5062,396,38.63,23.0568
AC-043,201,-0.0,0.0001,100.0,643.41,1600.81,1432.08,551.01,2388.27,9043.28,48.12,519.81,8118.17,8.5196,396,38.39,23.1349
AC-043,202,0.0012,0.0003,100.0,643.51,1597.68,1420.43,551.67,2388.33,9047.45,48.23,519.91,8118.29,8.5039,394,38.42,23.0226
AC-043,203,-0.0027,0.0001,100.0,644.13,1602.22,1433.01,551.32,2388.27,9041.64,48.09,519.67,8115.21,8.488,395,38.33,23.1111
AC-043,204,-0.0012,0.0001,100.0,643.58,1602.82,1427.41,551.87,2388.34,9036.58,48.14,519.56,8113.18,8.5128,396,38.57,23.1863
AC-043,205,0.0018,-0.0005,100.0,643.73,1599.89,1431.71,551.27,2388.28,9041.39,48.22,519.49,8119.16,8.5322,397,38.46,23.0507
AC-043,206,-0.0027,0.0003,100.0,643.55,1593.77,1426.61,551.64,2388.29,9046.79,48.13,520.33,8111.21,8.5307,397,38.27,22.954
AC-043,207,0.0003,-0.0,100.0,643.99,1599.57,1427.53,550.73,2388.37,9035.0,48.03,519.37,8113.24,8.4916,397,38.44,22.9936
AC-045,1,0.0019,-0.0003,100.0,642.4,1584.27,1403.72,554.81,2387.99,9071.34,47.13,522.49,8150.67,8.3918,391,39.15,23.4142
AC-045,2,-0.0008,0.0001,100.0,642.57,1580.54,1398.95,554.31,2387.93,9068.79,47.2,522.53,8155.6,8.3873,390,39.01,23.4461
AC-045,3,0.0026,-0.0,100.0,641.83,1586.01,1396.16,554.86,2387.94,9072.93,47.03,522.4,8156.34,8.4158,390,38.97,23.3814
AC-045,4,-0.0006,0.0001,100.0,642.51,1588.56,1399.46,554.81,2387.97,9074.0,47.21,522.43,8159.99,8.3862,392,38.89,23.5169
AC-045,5,-0.0007,0.0,100.0,642.43,1577.38,1402.37,554.54,2387.94,9068.84,47.45,522.16,8153.01,8.4016,391,39.01,23.3457
AC-045,6,-0.0011,0.0001,100.0,642.25,1586.89,1394.36,554.91,2388.02,9068.47,47.14,522.52,8149.79,8.3942,391,38.98,23.4869
AC-045,7,0.0011,-0.0005,100.0,642.59,1586.75,1394.63,554.3,2388.01,9076.48,47.24,522.55,8152.54,8.4392,391,38.77,23.4211
AC-045,8,-0.0017,0.0001,100.0,641.75,1583.59,1397.04,554.83,2387.98,9071.25,47.22,522.6,8143.72,8.4142,392,39.08,23.4394
AC-045,9,-0.0038,-0.0003,100.0,642.48,1575.54,1393.75,554.93,2387.94,9077.86,47.33,522.57,8150.72,8.3895,392,38.86,23.3374
AC-045,10,0.0025,-0.0,100.0,642.19,1586.95,1395.36,554.75,2387.95,9077.97,47.26,522.29,8154.64,8.4147,392,39.09,23.3871
AC-045,11,0.0021,-0.0,100.0,642.04,1581.9,1395.97,554.93,2388.0,9064.09,47.21,521.71,8151.27,8.3684,392,39.0,23.4111
AC-045,12,-0.001,-0.0002,100.0,642.23,1589.56,1401.5,554.55,2387.95,9074.9,47.22,522.52,8149.41,8.402,393,39.0,23.4707
AC-045,13,0.0006,0.0004,100.0,641.83,1580.03,1396.11,554.64,2388.04,9074.75,47.18,523.07,8157.31,8.4204,391,38.95,23.4372
AC-045,14,-0.0015,-0.0005,100.0,642.2,1578.76,1395.27,554.56,2387.99,9076.98,47.0,522.68,8154.58,8.3869,392,38.98,23.463
AC-045,15,-0.0014,0.0003,100.0,642.15,1585.59,1399.03,555.12,2387.98,9068.15,47.34,521.74,8152.81,8.3869,392,38.99,23.3841
AC-045,16,-0.0039,-0.0001,100.0,642.28,1586.88,1396.88,554.87,2387.93,9068.3,47.22,522.23,8150.84,8.3892,392,38.98,23.5026
AC-045,17,-0.0008,0.0003,100.0,642.06,1583.64,1406.43,554.16,2388.0,9070.49,47.06,522.62,8152.64,8.3696,391,38.85,23.4428
AC-045,18,0.0036,-0.0005,100.0,642.47,1590.93,1400.46,554.32,2388.0,9067.69,47.2,522.26,8158.15,8.4012,392,39.0,23.3411
AC-045,19,-0.0027,0.0001,100.0,641.91,1584.73,1390.08,554.84,2388.01,9070.81,47.15,522.32,8151.07,8.3959,392,39.09,23.3803
AC-045,20,0.0024,0.0003,100.0,642.11,1589.46,1394.04,554.0,2388.01,9071.12,47.33,521.62,8149.96,8.3932,391,38.97,23.4737
AC-045,21,0.0005,-0.0003,100.0,642.23,1582.61,1396.32,554.12,2388.04,9079.16,47.15,522.02,8149.71,8.3811,391,39.15,23.3855
AC-045,22,0.0012,-0.0002,100.0,642.64,1583.37,1404.5,553.71,2387.93,9072.85,47.14,522.33,8154.55,8.387,391,39.12,23.4677
AC-045,23,-0.0039,-0.0004,100.0,642.31,1590.53,1391.76,554.6,2387.97,9070.83,47.17,522.41,8158.59,8.4418,391,38.92,23.3783
AC-045,24,-0.0008,-0.0001,100.0,642.15,1583.11,1406.04,554.47,2388.0,9071.34,47.3,522.31,8152.79,8.4091,393,38.96,23.3422
AC-045,25,0.0,-0.0001,100.0,642.74,1581.95,1397.36,553.77,2387.97,9074.31,47.18,522.57,8154.97,8.3803,392,39.09,23.4403
AC-045,26,0.0004,0.0002,100.0,641.57,1586.48,1405.01,554.65,2387.99,9076.04,47.24,522.29,8151.66,8.3997,392,39.16,23.4187
AC-045,27,-0.0039,-0.0002,100.0,641.64,1587.1,1403.04,554.16,2387.99,9070.97,47.18,522.41,8150.2,8.3762,391,39.01,23.5326
AC-045,28,0.0001,-0.0004,100.0,642.0,1588.32,1396.93,554.15,2387.99,9069.58,47.0,522.6,8147.45,8.4205,392,39.12,23.3835
AC-045,29,-0.0009,-0.0003,100.0,641.66,1586.43,1394.31,554.12,2388.0,9073.6,47.12,522.35,8149.98,8.369,392,38.84,23.4971
AC-045,30,0.0026,-0.0004,100.0,641.87,1578.31,1398.59,554.54,2387.96,9073.33,47.25,522.51,8149.15,8.3854,393,38.94,23.3643
AC-045,31,-0.0009,-0.0005,100.0,641.99,1592.57,1401.2,554.35,2388.02,9075.67,47.09,522.1,8153.18,8.4278,390,38.92,23.2955
AC-045,32,0.0002,-0.0005,100.0,642.83,1586.52,1395.14,555.01,2387.99,9080.29,47.26,522.09,8147.43,8.4265,393,38.98,23.4345
AC-045,33,-0.0003,0.0002,100.0,642.15,1587.98,1395.86,555.55,2388.01,9068.15,47.25,522.58,8154.57,8.3851,391,38.97,23.4007
AC-045,34,-0.0001,-0.0005,100.0,642.1,1592.79,1394.74,554.88,2388.04,9078.64,47.25,522.47,8148.39,8.3669,391,38.9,23.4692
AC-045,35,0.0036,0.0001,100.0,642.21,1585.5,1400.39,553.55,2387.98,9074.8,47.23,522.22,8153.12,8.4195,391,39.04,23.5263
AC-045,36,-0.0026,-0.0001,100.0,642.04,1585.16,1397.19,554.61,2388.0,9079.73,47.21,522.41,8151.94,8.4203,389,39.12,23.3833
AC-045,37,0.0028,0.0004,100.0,641.71,1580.55,1403.56,554.06,2388.01,9066.42,47.12,522.26,8155.47,8.3982,394,38.93,23.3336
AC-045,38,-0.0035,0.0003,100.0,642.21,1583.07,1401.91,554.7,2387.93,9074.13,47.21,522.53,8152.47,8.4212,391,38.96,23.4666
AC-045,39,-0.0012,0.0004,100.0,641.98,1589.63,1392.69,554.23,2388.0,9074.44,47.18,522.39,8152.8,8.4237,391,38.99,23.4472
AC-045,40,-0.0018,-0.0003,100.0,642.08,1581.91,1400.18,554.53,2388.03,9069.2,47.15,522.25,8154.85,8.4236,391,39.05,23.3772
AC-045,41,0.0006,-0.0003,100.0,642.24,1586.62,1400.5,554.2,2387.97,9069.24,47.42,522.64,8153.24,8.3765,391,38.82,23.3982
AC-045,42,-0.0022,-0.0002,100.0,642.32,1585.49,1396.96,553.89,2387.98,9069.85,47.13,522.65,8152.29,8.3982,392,38.9,23.4523
AC-045,43,0.0028,0.0003,100.0,642.17,1587.28,1401.41,554.97,2387.92,9071.84,47.14,522.6,8152.4,8.3868,392,39.08,23.5111
AC-045,44,-0.0001,-0.0001,100.0,642.07,1586.47,1394.7,553.98,2387.97,9074.08,47.09,522.27,8145.36,8.4357,393,38.85,23.3458
AC-045,45,-0.0002,-0.0005,100.0,642.15,1595.0,1398.05,554.16,2388.03,9079.61,47.23,522.57,8160.05,8.3932,392,38.99,23.302
AC-045,46,0.0013,-0.0005,100.0,643.17,1588.53,1401.57,554.66,2388.02,9062.84,47.31,521.68,8152.05,8.4015,393,38.92,23.4281
AC-045,47,0.0072,0.0004,100.0,641.91,1581.36,1403.25,555.01,2387.99,9074.87,47.14,522.51,8156.51,8.4099,391,39.06,23.3755
AC-045,48,0.0006,0.0003,100.0,642.02,1590.0,1392.41,554.45,2388.01,9069.51,47.26,521.92,8151.33,8.393,391,39.07,23.4273
AC-045,49,-0.001,-0.0,100.0,642.18,1580.0,1403.24,553.76,2388.02,9062.9,47.24,522.28,8149.36,8.4343,391,38.91,23.4004
AC-045,50,-0.0036,0.0001,100.0,641.62,1588.67,1404.79,554.23,2387.99,9072.56,47.47,522.37,8155.53,8.3901,391,38.94,23.4344
AC-045,51,0.0004,0.0001,100.0,642.69,1582.0,1403.06,554.51,2388.04,9072.97,47.23,522.43,8146.61,8.386,393,38.9,23.3697
AC-045,52,-0.0045,0.0004,100.0,642.68,1579.54,1394.36,554.97,2388.03,9074.14,47.37,522.51,8154.23,8.4097,392,39.07,23.3703
AC-045,53,0.0032,0.0002,100.0,642.34,1586.75,1405.98,554.45,2388.01,9072.92,47.4,521.63,8154.06,8.4051,391,38.73,23.4671
AC-045,54,-0.002,0.0004,100.0,642.62,1585.88,1395.67,554.98,2388.03,9079.19,47.3,522.57,8153.55,8.3898,392,39.0,23.4379
AC-045,55,0.0007,0.0004,100.0,641.84,1584.92,1405.3,554.25,2387.97,9077.01,47.21,522.66,8152.46,8.4216,392,38.96,23.2986
AC-045,56,0.0004,-0.0005,100.0,642.12,1586.36,1404.08,554.05,2388.01,9070.34,47.12,521.88,8154.53,8.4091,392,39.03,23.419
AC-045,57,-0.0004,-0.0001,100.0,642.23,1590.47,1407.04,554.29,2388.0,9074.2,47.3,521.97,8152.93,8.4117,391,39.06,23.3349
AC-045,58,-0.0002,-0.0002,100.0,642.46,1576.54,1406.97,553.94,2388.0,9065.63,47.31,521.87,8149.03,8.4252,392,39.1,23.4298
AC-045,59,0.0002,0.0003,100.0,642.11,1584.14,1402.79,554.23,2388.04,9069.23,47.41,522.06,8145.97,8.4057,392,38.98,23.4285
AC-045,60,0.0034,0.0005,100.0,642.43,1583.83,1401.7,554.56,2387.96,9071.75,47.28,521.72,8152.56,8.4207,392,38.93,23.4548
AC-045,61,-0.0,-0.0005,100.0,641.93,1583.9,1397.41,554.28,2388.02,9072.21,47.42,522.11,8151.77,8.3744,389,38.96,23.3939
AC-045,62,0.0014,0.0004,100.0,642.66,1591.98,1399.12,554.09,2388.04,9069.02,47.31,522.0,8155.37,8.4062,391,38.82,23.3384
AC-045,63,-0.0003,0.0001,100.0,642.07,1584.08,1395.48,554.46,2387.97,9058.36,47.32,522.33,8151.11,8.4038,390,39.08,23.4599
AC-045,64,0.0024,-0.0004,100.0,642.49,1589.82,1400.19,554.36,2388.0,9076.76,47.25,522.7,8152.16,8.4047,393,38.99,23.4297
AC-045,65,0.0044,0.0002,100.0,642.39,1593.18,1407.63,553.17,2388.03,9074.89,47.11,521.91,8153.75,8.4138,392,39.07,23.4085
AC-045,66,0.0015,-0.0003,100.0,641.96,1585.76,1396.07,554.12,2388.03,9078.16,47.29,521.51,8158.91,8.3846,392,38.94,23.4591
AC-045,67,0.0038,-0.0,100.0,641.87,1585.9,1396.55,554.89,2388.0,9074.27,47.27,522.27,8148.59,8.4191,391,38.7,23.4329
AC-045,68,-0.0048,-0.0,100.0,642.58,1583.13,1398.97,554.56,2388.04,9072.54,47.21,522.62,8154.91,8.4287,394,39.02,23.4152
AC-045,69,-0.0019,-0.0003,100.0,642.62,1587.53,1395.54,554.43,2388.03,9068.4,47.31,522.0,8156.75,8.3977,392,39.01,23.4174
AC-045,70,0.0021,0.0001,100.0,642.25,1574.14,1395.88,554.24,2388.02,9075.99,47.33,522.34,8154.02,8.4105,393,38.87,23.2702
AC-045,71,-0.0012,0.0002,100.0,642.72,1584.31,1398.68,554.32,2388.03,9068.0,47.32,522.01,8150.82,8.3965,391,38.99,23.3141
AC-045,72,-0.0003,0.0001,100.0,642.51,1588.4,1404.83,553.97,2388.01,9070.99,47.33,522.15,8160.53,8.4344,394,39.03,23.3482
AC-045,73,-0.0023,0.0003,100.0,642.32,1579.67,1399.45,554.46,2388.02,9074.6,47.06,522.59,8151.28,8.4361,390,38.88,23.2875
AC-045,74,0.0001,-0.0004,100.0,642.39,1587.38,1397.47,553.85,2388.0,9069.21,47.29,522.67,8149.34,8.4031,392,39.03,23.3897
AC-045,75,-0.0033,-0.0,100.0,642.09,1582.95,1403.37,554.38,2388.02,9077.66,47.28,521.76,8153.58,8.4202,393,39.06,23.4048
AC-045,76,-0.0026,0.0002,100.0,642.41,1585.34,1395.56,553.7,2388.0,9068.63,47.31,522.01,8152.43,8.4309,392,39.04,23.4298
AC-045,77,-0.0037,-0.0001,100.0,642.98,1582.0,1407.11,553.99,2388.05,9076.65,47.27,522.1,8155.54,8.4018,393,38.9,23.2682
AC-045,78,0.0023,-0.0005,100.0,642.05,1579.35,1395.71,554.51,2388.07,9074.31,47.33,522.03,8153.43,8.3894,390,38.87,23.4792
AC-045,79,-0.0011,0.0003,100.0,642.3,1581.95,1399.75,554.33,2388.04,9073.85,47.35,521.95,8155.67,8.4378,391,38.9,23.3391
AC-045,80,-0.0018,0.0002,100.0,642.6,1586.31,1399.13,553.95,2388.01,9077.19,47.22,522.34,8150.75,8.4083,393,38.93,23.3247
AC-045,81,-0.0018,-0.0003,100.0,642.16,1582.74,1403.49,554.57,2388.07,9068.24,47.29,521.96,8149.63,8.4589,392,39.11,23.4124
AC-045,82,-0.0028,0.0004,100.0,642.78,1592.09,1403.76,554.35,2388.01,9073.74,47.3,521.61,8156.61,8.4025,392,39.0,23.3066
AC-045,83,0.0017,-0.0005,100.0,642.68,1579.5,1410.41,554.71,2388.02,9075.82,47.28,521.52,8153.28,8.4292,392,38.87,23.4168
AC-045,84,-0.0022,-0.0003,100.0,642.02,1585.48,1397.54,553.65,2387.99,9072.28,47.49,522.13,8156.15,8.4077,394,38.93,23.4171
AC-045,85,-0.0019,-0.0001,100.0,641.77,1584.73,1401.11,554.19,2388.0,9077.11,47.33,522.28,8156.42,8.4018,392,39.04,23.3316
AC-045,86,0.0023,-0.0002,100.0,642.6,1587.16,1409.26,554.04,2387.96,9074.73,47.34,521.57,8150.99,8.4299,393,38.82,23.4274
AC-045,87,0.0034,0.0002,100.0,642.13,1589.53,1402.91,553.54,2388.08,9077.44,47.18,522.16,8156.88,8.4591,391,38.94,23.388
AC-045,88,-0.0035,-0.0002,100.0,642.32,1586.83,1403.07,554.07,2388.02,9079.46,47.29,521.12,8159.28,8.412,392,38.97,23.3189
AC-045,89,-0.0001,-0.0003,100.0,642.41,1581.56,1400.39,553.74,2388.06,9071.17,47.31,521.91,8155.7,8.4506,392,38.99,23.4733
AC-045,90,0.0013,0.0003,100.0,642.14,1587.53,1401.74,553.81,2388.02,9078.87,47.53,521.94,8146.89,8.425,393,38.86,23.3481
AC-045,91,-0.0003,0.0001,100.0,642.37,1591.12,1407.44,553.99,2388.09,9081.26,47.6,522.21,8156.38,8.4346,393,38.82,23.3234
AC-045,92,0.0003,0.0004,100.0,643.09,1585.68,1401.2,553.95,2388.05,9073.35,47.47,522.22,8151.38,8.3917,391,38.96,23.4011
AC-045,93,-0.0015,-0.0001,100.0,642.03,1590.02,1404.11,554.4,2388.01,9078.34,47.32,521.53,8155.76,8.4119,391,38.87,23.3321
AC-045,94,0.0015,-0.0004,100.0,641.78,1584.07,1405.0,553.66,2388.03,9076.52,47.29,521.94,8156.59,8.4066,391,38.89,23.4143
AC-045,95,0.0016,-0.0004,100.0,642.14,1590.07,1408.11,553.85,2388.01,9078.37,47.4,522.03,8152.62,8.4164,392,38.88,23.3713
AC-045,96,0.0009,0.0004,100.0,642.46,1585.39,1402.07,554.26,2388.03,9067.52,47.31,522.2,8153.6,8.4238,394,38.89,23.3677
AC-045,97,0.0018,0.0002,100.0,642.84,1578.81,1416.06,554.15,2388.04,9069.26,47.46,521.8,8156.48,8.434,395,38.87,23.3329
AC-045,98,-0.0007,0.0001,100.0,642.84,1591.81,1402.65,553.38,2387.99,9079.36,47.44,521.92,8156.1,8.4396,392,38.68,23.267
AC-045,99,0.0025,-0.0,100.0,642.53,1591.41,1405.05,554.8,2388.07,9079.94,47.38,521.43,8152.12,8.4595,394,38.87,23.3479
AC-045,100,-0.0015,0.0002,100.0,642.89,1591.7,1403.26,554.07,2388.06,9080.85,47.51,521.46,8156.89,8.4319,395,38.71,23.299
AC-045,101,0.0008,-0.0002,100.0,642.58,1591.14,1408.92,553.9,2388.04,9071.98,47.5,521.37,8161.11,8.4351,394,38.84,23.278
AC-045,102,-0.0004,-0.0004,100.0,642.73,1591.97,1407.72,553.63,2388.08,9080.86,47.44,521.93,8155.51,8.4191,393,39.0,23.3907
AC-045,103,-0.003,-0.0002,100.0,642.01,1591.76,1398.91,553.36,2388.06,9076.11,47.45,522.3,8147.46,8.3856,393,38.88,23.2027
AC-045,104,0.0009,0.0003,100.0,642.77,1590.06,1396.56,554.45,2388.02,9076.83,47.61,522.11,8153.44,8.3956,393,38.7,23.2286
AC-045,105,-0.0052,0.0004,100.0,642.8,1592.17,1406.54,553.54,2388.09,9073.39,47.37,521.46,8154.49,8.4226,393,39.02,23.3241
AC-045,106,-0.0004,-0.0001,100.0,642.48,1585.6,1409.05,553.53,2388.05,9081.04,47.48,521.22,8159.22,8.4638,392,38.73,23.1954
AC-045,107,-0.0006,0.0002,100.0,642.6,1587.39,1397.23,553.58,2387.97,9075.56,47.38,521.67,8156.4,8.4508,393,38.89,23.2554
AC-045,108,-0.0,0.0002,100.0,642.83,1596.88,1410.68,554.26,2388.05,9082.05,47.39,521.32,8157.78,8.4465,392,38.95,23.2815
AC-045,109,-0.0004,-0.0003,100.0,642.63,1588.53,1405.34,553.92,2388.08,9082.27,47.35,521.66,8157.53,8.4216,392,38.83,23.2282
AC-045,110,-0.0005,-0.0002,100.0,642.43,1592.76,1397.98,553.68,2388.1,9079.21,47.5,521.83,8158.54,8.4521,394,38.87,23.3524
AC-045,111,-0.0032,-0.0004,100.0,642.73,1592.62,1405.0,553.83,2388.05,9081.13,47.42,521.23,8152.87,8.3702,392,38.82,23.2946
AC-045,112,0.002,-0.0003,100.0,642.75,1589.28,1412.62,554.34,2388.07,9075.66,47.24,521.2,8156.27,8.4468,393,38.93,23.3373
AC-045,113,-0.0021,0.0004,100.0,642.61,1596.68,1408.3,554.6,2388.11,9077.37,47.48,521.43,8155.87,8.3983,393,38.85,23.2184
AC-045,114,-0.003,-0.0,100.0,642.77,1588.77,1415.25,553.98,2388.05,9081.62,47.54,521.37,8163.4,8.4353,393,38.62,23.2688
AC-045,115,-0.0002,0.0,100.0,642.37,1591.74,1408.69,553.58,2388.07,9071.97,47.48,520.65,8151.08,8.4043,392,38.84,23.2171
AC-045,116,-0.0016,0.0001,100.0,643.5,1590.02,1410.1,553.26,2388.08,9081.53,47.5,521.24,8156.89,8.4404,395,39.11,23.354
AC-045,117,-0.0036,-0.0004,100.0,642.77,1593.86,1405.87,553.47,2388.1,9076.75,47.43,521.7,8162.54,8.4499,394,38.88,23.3067
AC-045,118,0.0014,0.0001,100.0,642.34,1594.66,1411.91,552.67,2388.07,9077.11,47.6,520.97,8159.07,8.4546,393,38.59,23.2377
AC-045,119,-0.0022,0.0002,100.0,642.7,1593.11,1409.28,553.29,2388.09,9075.14,47.6,521.34,8154.04,8.3939,393,38.64,23.3484
AC-045,120,0.0029,-0.0002,100.0,642.61,1590.46,1411.55,552.47,2388.04,9077.02,47.45,521.48,8158.59,8.4351,393,38.8,23.2702
AC-045,121,0.0012,-0.0,100.0,642.58,1585.67,1410.42,552.3,2388.07,9080.91,47.48,521.55,8161.53,8.4685,393,38.94,23.2883
AC-045,122,0.0032,-0.0004,100.0,643.23,1594.62,1412.71,553.88,2388.09,9080.9,47.54,520.54,8156.17,8.4408,394,38.94,23.3446
AC-045,123,-0.0038,-0.0003,100.0,642.7,1591.27,1414.6,552.59,2388.09,9082.27,47.57,521.33,8157.38,8.4785,394,38.74,23.1985
AC-045,124,-0.0029,-0.0002,100.0,642.56,1591.61,1411.03,552.59,2388.03,9083.98,47.49,522.0,8156.54,8.4639,395,38.93,23.2577
AC-045,125,-0.0021,-0.0002,100.0,642.4,1596.69,1407.79,553.08,2388.07,9076.55,47.66,521.38,8153.38,8.455,394,38.78,23.2734
AC-045,126,-0.0011,-0.0003,100.0,643.0,1592.58,1410.67,553.49,2388.14,9082.73,47.6,521.4,8157.24,8.4616,393,38.78,23.1851
AC-045,127,-0.0008,-0.0001,100.0,642.58,1591.46,1408.21,552.81,2388.09,9081.53,47.71,521.84,8155.81,8.4754,394,38.66,23.3873
AC-045,128,0.0008,0.0002,100.0,642.59,1602.34,1412.73,553.48,2388.09,9083.23,47.71,521.2,8160.78,8.4759,394,38.8,23.2549
AC-045,129,0.0014,-0.0001,100.0,643.41,1592.32,1407.04,552.35,2388.05,9075.13,47.57,520.91,8157.31,8.4692,395,38.57,23.1598
AC-045,130,0.0015,0.0002,100.0,642.48,1589.37,1407.96,553.14,2388.12,9082.35,47.71,520.86,8158.1,8.4442,394,38.6,23.1769
AC-045,131,-0.0022,0.0002,100.0,642.72,1589.95,1420.19,552.55,2388.1,9080.63,47.77,520.87,8154.07,8.4473,394,38.77,23.2336
AC-045,132,-0.0008,-0.0003,100.0,642.88,1594.96,1424.87,553.03,2388.07,9082.57,47.59,520.66,8160.04,8.4754,395,38.84,23.3358
AC-045,133,0.0035,0.0003,100.0,642.68,1590.71,1411.52,552.78,2388.15,9082.44,47.7,520.86,8159.77,8.4898,394,38.67,23.23
AC-045,134,-0.002,0.0001,100.0,643.25,1594.86,1411.83,552.68,2388.07,9088.16,47.79,521.08,8154.45,8.4388,395,38.67,23.1541
AC-045,135,0.0019,0.0001,100.0,642.76,1589.9,1412.63,552.17,2388.13,9085.26,47.72,520.51,8159.2,8.449,396,38.77,23.198
AC-045,136,0.0016,-0.0003,100.0,642.76,1594.54,1419.31,553.04,2388.11,9083.38,47.87,520.54,8159.78,8.4652,394,38.6,23.2626
AC-045,137,0.0017,0.0004,100.0,643.2,1593.87,1422.48,553.69,2388.08,9084.08,47.8,520.84,8163.37,8.4798,394,38.46,23.1692
AC-045,138,0.0005,-0.0002,100.0,643.42,1597.93,1421.47,552.52,2388.1,9083.26,47.77,520.57,8156.35,8.4477,394,38.7,23.1931
AC-045,139,0.0002,0.0005,100.0,642.94,1595.91,1420.45,552.61,2388.18,9081.3,48.02,520.22,8158.99,8.4918,395,38.53,23.1876
AC-045,140,-0.0024,0.0002,100.0,642.94,1593.51,1416.68,552.04,2388.13,9088.53,47.91,520.62,8161.29,8.5007,396,38.63,23.1017
AC-045,141,-0.0025,0.0003,100.0,643.94,1599.46,1412.57,552.14,2388.18,9083.55,47.96,520.57,8164.69,8.4508,395,38.75,23.1627
AC-045,142,-0.0008,0.0004,100.0,643.05,1603.39,1421.87,551.93,2388.2,9086.14,47.85,520.25,8159.61,8.4966,393,38.44,23.1131
AC-045,143,0.0009,-0.0005,100.0,643.2,1597.22,1421.25,553.0,2388.16,9089.16,47.8,521.01,8161.28,8.462,394,38.72,23.1914
AC-045,144,-0.0,-0.0003,100.0,642.92,1595.77,1415.1,552.44,2388.16,9087.42,47.92,520.49,8167.86,8.4885,395,38.61,23.195
AC-045,145,0.0035,-0.0003,100.0,643.03,1603.58,1422.74,551.63,2388.15,9086.37,48.01,520.06,8164.1,8.5092,395,38.51,23.1288
AC-045,146,0.0008,0.0003,100.0,642.82,1597.71,1426.24,552.01,2388.2,9092.16,47.97,520.09,8162.01,8.4907,395,38.58,23.2119
AC-045,147,-0.0017,-0.0003,100.0,643.18,1596.71,1426.02,552.35,2388.15,9084.75,47.98,519.94,8160.11,8.4791,395,38.61,23.1206
AC-045,148,0.0041,-0.0001,100.0,642.91,1599.65,1420.69,551.33,2388.2,9085.29,47.99,520.15,8153.83,8.495,396,38.46,23.142
AC-045,149,0.0014,0.0001,100.0,644.02,1599.97,1423.59,552.53,2388.13,9090.23,48.12,520.02,8158.12,8.4827,395,38.61,23.0352
AC-045,150,0.0006,0.0003,100.0,643.49,1604.24,1425.67,551.64,2388.15,9086.25,47.95,520.08,8160.48,8.5046,396,38.53,22.9991
AC-045,151,-0.0017,0.0,100.0,643.39,1600.49,1423.71,551.73,2388.18,9085.0,47.74,519.86,8160.21,8.4864,395,38.65,23.044
AC-045,152,0.006,-0.0003,100.0,643.42,1602.13,1424.4,552.09,2388.16,9092.08,48.1,520.15,8156.48,8.5208,393,38.64,22.9761
AC-045,153,0.0002,0.0,100.0,643.34,1596.16,1431.16,551.55,2388.17,9097.89,48.12,520.19,8160.53,8.4816,395,38.52,23.0736
AC-045,154,-0.0023,0.0003,100.0,643.46,1601.63,1423.22,551.3,2388.19,9087.85,48.06,519.52,8163.2,8.5111,395,38.58,23.06
AC-045,155,-0.0044,0.0002,100.0,643.07,1604.21,1430.01,551.31,2388.19,9098.38,47.97,519.79,8162.68,8.5521,395,38.35,23.0156
AC-045,156,-0.0051,-0.0004,100.0,643.6,1603.98,1431.6,551.9,2388.17,9090.97,48.35,520.09,8159.13,8.5271,395,38.49,23.1502
AC-045,157,0.0007,0.0001,100.0,644.07,1597.36,1432.96,551.11,2388.24,9098.48,48.18,519.37,8167.85,8.5358,397,38.4,23.1416
AC-045,158,0.0012,-0.0001,100.0,643.7,1598.55,1437.88,551.59,2388.23,9095.15,48.29,519.83,8160.09,8.5497,396,38.22,23.0342
AC-046,1,0.0034,0.0002,100.0,642.37,1597.38,1391.37,553.92,2388.04,9063.04,47.2,522.42,8137.89,8.4154,391,39.13,23.3629
AC-046,2,0.0033,-0.0005,100.0,641.63,1581.33,1409.91,554.36,2388.03,9057.81,47.18,522.65,8140.05,8.3768,390,39.03,23.4022
AC-046,3,0.0005,-0.0001,100.0,642.33,1578.91,1397.54,553.62,2387.98,9056.65,47.33,522.53,8142.08,8.3959,392,39.15,23.3871
AC-046,4,-0.0007,-0.0002,100.0,642.0,1583.15,1396.42,555.05,2388.01,9067.27,47.19,522.21,8146.28,8.4058,391,39.11,23.4367
AC-046,5,-0.0011,-0.0003,100.0,641.83,1586.45,1398.25,553.8,2388.0,9057.52,47.15,522.35,8140.86,8.3923,392,39.06,23.4273
AC-046,6,-0.0025,-0.0001,100.0,642.42,1585.59,1400.48,554.65,2388.03,9055.37,46.97,522.35,8146.62,8.4055,392,39.0,23.431
AC-046,7,-0.0033,-0.0004,100.0,641.93,1584.73,1398.44,554.13,2388.06,9049.47,47.22,522.3,8144.67,8.3926,391,39.18,23.4234
AC-046,8,0.0017,-0.0004,100.0,642.07,1592.24,1402.27,554.05,2388.0,9067.84,47.16,522.32,8139.77,8.4,392,39.12,23.361
AC-046,9,-0.001,0.0001,100.0,641.96,1575.2,1400.12,554.9,2387.96,9063.14,47.07,522.59,8143.89,8.3744,392,39.03,23.4635
AC-046,10,0.0019,0.0002,100.0,641.89,1584.45,1400.74,554.38,2388.02,9055.43,47.04,522.28,8140.02,8.414,392,39.11,23.4381
AC-046,11,0.0027,-0.0005,100.0,642.35,1580.72,1392.87,554.11,2388.02,9057.08,47.21,522.13,8143.31,8.4321,392,39.0,23.3922
AC-046,12,0.0023,-0.0003,100.0,642.27,1579.14,1396.65,553.88,2388.04,9064.49,47.16,522.19,8141.03,8.3862,392,38.98,23.4034
AC-046,13,-0.0002,-0.0003,100.0,641.96,1578.4,1395.55,554.66,2388.02,9057.01,47.2,522.63,8140.44,8.4539,391,39.0,23.4838
AC-046,14,0.0009,0.0005,100.0,642.44,1590.72,1398.12,553.78,2388.04,9063.34,47.2,523.11,8137.36,8.4041,392,39.17,23.4927
AC-046,15,-0.0002,0.0001,100.0,642.53,1595.76,1394.38,554.34,2388.02,9061.9,47.35,522.53,8142.46,8.4215,390,39.03,23.4216
AC-046,16,0.0003,-0.0002,100.0,642.43,1580.42,1393.89,554.62,2388.02,9062.13,47.15,522.46,8143.26,8.3871,391,39.11,23.402
AC-046,17,0.0003,-0.0005,100.0,641.81,1582.04,1400.88,553.93,2388.01,9057.02,47.16,522.71,8141.34,8.3976,391,38.96,23.4
AC-046,18,0.0022,-0.0001,100.0,642.48,1577.11,1406.51,555.06,2388.06,9062.05,47.3,522.61,8139.89,8.3903,392,38.8,23.3161
AC-046,19,-0.0033,0.0001,100.0,642.22,1586.32,1399.89,553.74,2387.96,9058.52,47.14,522.21,8141.78,8.3757,392,39.08,23.5207
AC-046,20,0.0026,0.0002,100.0,641.98,1578.05,1396.41,554.42,2388.0,9056.82,47.23,522.31,8140.56,8.3636,393,39.04,23.4623
AC-046,21,-0.0011,-0.0001,100.0,641.66,1593.58,1400.84,554.67,2388.05,9054.32,47.22,522.15,8140.16,8.4179,393,38.84,23.4118
AC-046,22,-0.0024,0.0002,100.0,642.2,1589.03,1396.03,554.97,2388.02,9057.12,47.12,522.42,8134.46,8.4078,393,38.96,23.4641
AC-046,23,-0.0008,0.0002,100.0,642.09,1577.46,1393.88,554.33,2387.97,9054.54,47.13,522.87,8142.43,8.4198,391,38.89,23.4135
AC-046,24,0.0006,0.0004,100.0,641.54,1586.69,1406.26,554.31,2388.03,9051.35,47.26,522.39,8148.63,8.3962,393,38.87,23.4752
AC-046,25,0.0013,0.0002,100.0,641.9,1583.38,1399.16,554.18,2388.02,9058.81,47.36,522.76,8147.42,8.372,393,39.15,23.5212
AC-046,26,0.0028,0.0,100.0,642.09,1581.7,1397.53,554.09,2388.04,9052.05,47.25,522.51,8141.89,8.3991,392,39.02,23.3939
AC-046,27,0.0004,-0.0001,100.0,642.75,1582.76,1395.56,554.84,2388.06,9059.07,47.21,522.36,8141.68,8.4032,390,38.9,23.4244
AC-046,28,-0.0044,0.0004,100.0,641.25,1584.57,1400.69,554.85,2387.98,9059.0,47.13,522.55,8142.12,8.3893,392,39.11,23.4039
AC-046,29,0.0009,-0.0,100.0,642.19,1577.07,1398.68,554.35,2388.02,9059.82,47.13,521.76,8144.92,8.4077,392,39.13,23.485
AC-046,30,0.0038,0.0003,100.0,642.33,1578.99,1397.7,554.34,2388.01,9058.95,47.16,522.36,8141.86,8.406,392,39.14,23.4362
AC-046,31,0.002,-0.0005,100.0,642.35,1586.94,1396.89,554.66,2388.02,9058.14,47.05,522.3,8134.38,8.3797,392,39.16,23.3133
AC-046,32,-0.0031,-0.0003,100.0,641.39,1584.24,1403.01,554.53,2388.02,9056.41,47.14,522.52,8148.08,8.4222,392,39.08,23.3657
AC-046,33,0.0035,-0.0,100.0,642.32,1586.57,1400.78,554.86,2387.99,9055.39,47.26,522.41,8140.48,8.3948,391,39.04,23.3739
AC-046,34,0.0022,-0.0001,100.0,642.28,1584.32,1390.82,554.62,2387.98,9060.24,47.16,522.34,8138.73,8.378,391,39.03,23.3771
AC-046,35,-0.0,-0.0002,100.0,641.91,1585.18,1396.24,554.76,2387.98,9064.02,47.21,522.72,8138.38,8.4236,392,39.16,23.4367
AC-046,36,0.0023,-0.0004,100.0,642.14,1582.79,1398.65,554.65,2388.01,9060.26,47.37,522.28,8136.86,8.4049,391,38.96,23.4498
AC-046,37,0.0001,0.0003,100.0,642.44,1589.08,1399.04,554.37,2387.97,9064.85,47.13,522.39,8139.44,8.3863,391,39.14,23.4994
AC-046,38,0.0033,0.0,100.0,641.8,1592.73,1398.42,554.09,2387.99,9064.66,47.11,522.35,8145.08,8.4093,391,39.01,23.361
AC-046,39,-0.0001,-0.0003,100.0,642.51,1587.55,1400.02,553.54,2388.0,9059.85,47.16,522.85,8142.67,8.3806,392,38.95,23.4235
AC-046,40,-0.0008,0.0,100.0,642.26,1582.52,1402.52,554.6,2388.01,9052.98,47.13,522.81,8137.32,8.4034,392,39.0,23.4005
AC-046,41,0.0004,-0.0001,100.0,642.06,1586.78,1402.66,553.82,2388.04,9055.5,47.19,522.0,8132.46,8.4117,392,39.11,23.437
AC-046,42,-0.0007,-0.0001,100.0,642.58,1580.61,1402.43,555.52,2388.04,9057.95,47.14,522.59,8136.29,8.4056,391,38.95,23.3629
AC-046,43,0.0003,0.0003,100.0,641.91,1587.01,1398.94,554.43,2388.03,9054.4,47.17,522.04,8137.39,8.4038,390,39.17,23.5208
AC-046,44,0.0001,-0.0005,100.0,642.1,1585.31,1400.49,554.9,2387.98,9061.58,47.44,522.32,8137.85,8.3807,391,38.85,23.427
AC-046,45,-0.0032,0.0004,100.0,642.03,1582.99,1397.49,554.82,2388.0,9056.6,47.16,522.39,8142.3,8.3736,392,39.03,23.4351
AC-046,46,0.0013,0.0004,100.0,642.31,1585.1,1403.21,553.85,2388.04,9058.95,47.13,521.72,8140.63,8.3888,390,39.2,23.4145
AC-046,47,-0.0017,0.0002,100.0,642.1,1587.82,1394.22,554.52,2388.04,9054.49,47.2,522.36,8140.56,8.4278,393,38.95,23.4633
AC-046,48,-0.0005,0.0005,100.0,641.72,1586.79,1396.17,554.18,2388.08,9058.78,47.24,522.43,8140.86,8.4034,391,39.08,23.505
AC-046,49,0.0028,-0.0002,100.0,642.19,1584.21,1402.59,554.75,2388.06,9061.49,47.24,522.66,8142.27,8.4296,393,38.94,23.4069
AC-046,50,-0.0017,0.0003,100.0,641.88,1583.42,1399.0,554.32,2388.01,9061.67,47.34,521.85,8142.49,8.4445,390,38.99,23.3023
AC-046,51,0.0022,-0.0003,100.0,642.52,1585.09,1397.22,555.13,2388.0,9061.15,47.2,522.15,8139.46,8.428,392,39.12,23.4149
AC-046,52,0.0035,-0.0,100.0,641.98,1584.31,1402.92,554.59,2388.01,9056.88,47.26,522.22,8140.83,8.3764,392,39.1,23.4191
AC-046,53,0.0028,-0.0,100.0,641.49,1586.15,1393.6,554.33,2388.04,9056.28,47.31,521.84,8136.91,8.4132,391,39.1,23.3947
AC-046,54,-0.0004,0.0004,100.0,641.79,1585.71,1403.39,554.83,2388.03,9073.82,47.19,521.58,8146.28,8.4257,391,38.91,23.3755
AC-046,55,-0.0029,0.0005,100.0,641.58,1587.89,1399.69,554.8,2388.01,9061.45,47.28,522.08,8139.52,8.3781,391,39.03,23.3852
AC-046,56,-0.0001,-0.0004,100.0,641.85,1583.58,1392.32,553.72,2387.96,9058.45,47.34,522.27,8140.97,8.4136,391,38.87,23.4338
AC-046,57,0.0022,0.0005,100.0,641.39,1577.48,1396.11,554.91,2387.98,9064.05,47.19,522.65,8144.0,8.4312,392,38.98,23.3452
AC-046,58,-0.0003,-0.0001,100.0,641.87,1587.2,1394.52,554.1,2388.02,9058.52,47.01,522.56,8136.39,8.3996,392,39.05,23.3554
AC-046,59,-0.0003,-0.0002,100.0,642.26,1593.24,1398.98,554.62,2388.05,9059.68,47.15,522.69,8142.08,8.3855,393,39.04,23.4432
AC-046,60,0.0003,0.0004,100.0,642.27,1591.28,1394.38,553.38,2388.0,9054.93,47.22,522.68,8142.65,8.3936,391,38.95,23.5082
AC-046,61,0.0022,0.0001,100.0,642.06,1575.38,1396.3,554.02,2388.07,9063.35,47.33,522.21,8143.37,8.3987,392,39.08,23.3564
AC-046,62,-0.0015,-0.0001,100.0,642.55,1583.99,1396.19,554.93,2388.03,9059.58,47.26,522.2,8149.48,8.3672,392,39.21,23.4079
AC-046,63,-0.0016,0.0004,100.0,641.74,1588.73,1397.2,554.92,2387.98,9060.93,47.17,522.71,8141.73,8.3875,392,38.93,23.4825
AC-046,64,-0.007,-0.0005,100.0,642.02,1579.38,1393.84,554.16,2388.02,9063.85,47.17,522.65,8136.95,8.4214,389,39.15,23.4313
AC-046,65,0.0023,0.0003,100.0,642.41,1580.93,1403.07,553.97,2388.05,9060.5,47.06,522.56,8141.47,8.431,391,38.92,23.4221
AC-046,66,0.0015,0.0001,100.0,642.06,1582.64,1397.46,554.29,2388.04,9066.32,47.29,521.91,8143.12,8.3816,391,39.06,23.3565
AC-046,67,0.0006,-0.0005,100.0,642.16,1586.12,1407.56,553.55,2388.05,9049.32,47.33,522.53,8139.79,8.4051,392,38.99,23.4361
AC-046,68,0.0013,-0.0003,100.0,642.06,1581.71,1395.15,554.45,2388.06,9060.4,47.19,522.19,8144.48,8.3639,390,38.99,23.4764
AC-046,69,-0.0004,0.0003,100.0,641.88,1581.09,1395.81,554.3,2388.04,9059.13,47.33,522.18,8144.02,8.4124,391,38.83,23.4367
AC-046,70,-0.0008,0.0,100.0,642.03,1596.28,1400.05,554.94,2388.01,9057.66,46.99,522.8,8140.13,8.4089,392,39.0,23.3993
AC-046,71,0.0001,-0.0001,100.0,642.22,1579.76,1399.9,554.91,2388.04,9057.89,47.3,522.08,8142.88,8.4163,392,38.91,23.3726
AC-046,72,-0.0002,-0.0003,100.0,642.15,1589.85,1398.18,554.79,2387.98,9056.23,47.37,521.97,8136.08,8.393,391,38.86,23.3318
AC-046,73,-0.0016,0.0003,100.0,642.67,1587.78,1406.88,554.82,2387.98,9065.99,47.12,522.3,8144.54,8.4226,392,38.97,23.4898
AC-046,74,-0.0013,0.0004,100.0,641.8,1588.06,1408.11,553.81,2388.02,9053.02,47.04,521.83,8142.38,8.3945,393,39.01,23.2357
AC-046,75,-0.0003,0.0004,100.0,642.34,1586.19,1403.82,554.8,2388.02,9062.57,47.07,522.05,8140.39,8.3922,391,38.89,23.5176
AC-046,76,-0.0043,-0.0001,100.0,642.15,1583.52,1399.72,554.94,2387.98,9054.07,47.05,522.4,8142.05,8.4117,391,38.91,23.4025
AC-046,77,-0.0017,-0.0001,100.0,642.25,1583.0,1396.77,554.76,2388.0,9058.98,47.31,522.06,8141.0,8.3493,393,39.04,23.4126
AC-046,78,-0.0017,0.0,100.0,642.34,1582.61,1396.5,555.11,2387.99,9056.35,47.23,522.13,8144.3,8.3787,391,39.07,23.441
AC-046,79,0.0013,-0.0004,100.0,642.56,1586.46,1399.42,554.8,2388.02,9058.01,47.28,522.3,8143.03,8.3866,392,38.78,23.4919
AC-046,80,-0.0063,0.0001,100.0,642.28,1584.89,1396.54,554.02,2388.06,9057.38,47.25,522.26,8139.3,8.4097,392,39.02,23.4484
AC-046,81,0.0026,-0.0004,100.0,642.45,1583.75,1407.25,554.8,2388.07,9056.13,47.16,522.53,8134.27,8.4213,392,39.03,23.3395
AC-046,82,0.0018,0.0001,100.0,641.85,1578.57,1401.64,554.67,2388.03,9061.87,47.26,522.48,8142.83,8.4054,392,38.9,23.4499
AC-046,83,0.0015,-0.0,100.0,642.81,1585.51,1402.18,554.29,2388.05,9061.75,47.33,522.36,8137.87,8.394,392,39.07,23.3118
AC-046,84,-0.0021,-0.0005,100.0,642.56,1586.77,1397.6,553.89,2388.0,9055.0,47.39,521.86,8146.31,8.4105,390,39.1,23.297
AC-046,85,-0.0011,-0.0004,100.0,642.2,1583.17,1401.49,554.56,2387.97,9053.83,47.15,522.14,8144.18,8.3803,392,39.02,23.4152
AC-046,86,0.0013,-0.0002,100.0,642.01,1585.1,1401.22,553.9,2387.99,9061.72,47.13,522.1,8139.78,8.3626,393,38.9,23.3292
AC-046,87,0.0021,-0.0003,100.0,642.09,1577.48,1397.32,554.08,2388.01,9067.01,47.14,522.21,8142.67,8.4056,390,39.0,23.2666
AC-046,88,-0.0059,0.0002,100.0,642.17,1584.29,1402.9,554.49,2387.99,9059.92,47.09,522.31,8141.52,8.4446,392,39.04,23.4295
AC-046,89,0.0008,0.0002,100.0,641.94,1585.92,1400.32,554.48,2388.02,9057.27,47.25,522.03,8143.38,8.3874,391,38.96,23.418
AC-046,90,-0.0006,0.0002,100.0,642.26,1583.33,1397.15,554.9,2388.0,9058.08,47.32,522.06,8138.33,8.4117,392,38.98,23.4245
AC-046,91,-0.0013,0.0005,100.0,642.2,1582.65,1395.06,554.31,2387.99,9059.8,47.28,521.61,8137.13,8.4373,392,38.96,23.3558
AC-046,92,0.0028,0.0003,100.0,642.17,1586.37,1391.34,553.51,2387.96,9057.2,47.33,522.18,8139.71,8.4096,393,38.89,23.4494
AC-046,93,-0.0005,-0.0,100.0,641.77,1583.12,1399.69,554.0,2388.01,9054.91,47.21,522.18,8140.76,8.4084,392,38.83,23.3974
AC-046,94,0.0015,-0.0,100.0,641.63,1582.07,1399.85,554.06,2388.02,9059.23,47.49,522.11,8139.96,8.3899,392,39.04,23.3005
AC-046,95,-0.0023,0.0005,100.0,641.95,1589.76,1391.34,554.28,2388.0,9054.98,47.12,522.44,8140.47,8.392,392,38.95,23.4605
AC-046,96,0.0001,-0.0005,100.0,642.35,1584.95,1395.81,553.89,2388.04,9060.66,47.38,522.3,8140.81,8.4068,390,38.98,23.4058
AC-046,97,0.001,0.0002,100.0,642.25,1589.59,1400.53,554.61,2388.01,9049.64,47.13,521.88,8141.08,8.3642,393,39.0,23.3348
AC-046,98,0.0005,-0.0001,100.0,642.45,1582.07,1401.72,554.1,2388.06,9058.6,47.36,522.27,8141.34,8.3901,391,38.95,23.3921
AC-046,99,-0.002,0.0004,100.0,642.12,1583.66,1395.97,554.2,2388.08,9058.63,47.29,522.17,8140.95,8.4466,391,39.02,23.4395
AC-046,100,0.0016,0.0003,100.0,642.09,1589.3,1400.26,554.1,2388.0,9057.93,47.26,522.32,8145.34,8.3898,392,39.05,23.4893
AC-046,101,-0.0015,0.0002,100.0,642.25,1584.69,1402.98,554.96,2387.98,9064.03,47.31,521.59,8138.27,8.4166,391,39.01,23.402
AC-046,102,-0.0017,0.0002,100.0,642.14,1589.9,1401.17,554.7,2388.03,9054.08,47.24,522.66,8139.34,8.3912,391,39.15,23.3576
AC-046,103,0.0015,0.0004,100.0,642.31,1589.09,1399.28,554.16,2388.01,9055.95,47.31,521.75,8136.66,8.4073,392,39.11,23.415
AC-046,104,-0.0005,0.0003,100.0,642.33,1586.11,1398.41,554.85,2388.02,9060.42,47.22,521.69,8141.37,8.3629,391,39.18,23.3154
AC-046,105,-0.0013,0.0004,100.0,642.06,1581.5,1403.97,553.93,2388.08,9060.87,47.15,521.6,8142.52,8.4275,391,39.0,23.3966
AC-046,106,0.0021,-0.0003,100.0,642.56,1588.31,1404.25,554.16,2388.05,9055.11,47.43,521.92,8140.16,8.4221,392,38.9,23.4498
AC-046,107,0.0018,-0.0001,100.0,642.09,1585.39,1403.38,554.71,2388.06,9057.05,47.25,521.87,8139.85,8.4037,392,38.8,23.322
AC-046,108,0.0011,-0.0003,100.0,642.3,1584.56,1396.58,554.3,2388.03,9065.47,47.34,522.47,8145.32,8.4204,393,39.15,23.4501
AC-046,109,-0.0039,0.0005,100.0,642.17,1584.41,1402.55,554.12,2388.06,9056.69,47.47,522.06,8143.94,8.4433,390,39.0,23.3571
AC-046,110,0.0031,-0.0005,100.0,642.03,1589.15,1406.25,554.23,2388.02,9068.88,47.13,522.0,8141.25,8.3737,393,38.85,23.3725
AC-046,111,-0.0002,0.0001,100.0,641.86,1578.0,1409.16,554.85,2388.03,9055.15,47.08,522.17,8143.54,8.3892,394,39.17,23.3686
AC-046,112,0.0012,0.0002,100.0,642.11,1588.49,1405.23,553.52,2388.04,9052.49,47.32,522.33,8141.14,8.4228,392,38.85,23.3221
AC-046,113,0.001,-0.0004,100.0,642.87,1579.88,1398.14,554.22,2388.01,9062.32,47.45,522.31,8139.62,8.405,391,38.97,23.4215
AC-046,114,0.0018,0.0001,100.0,642.41,1584.35,1403.2,554.18,2388.03,9057.24,47.26,522.21,8142.93,8.4067,392,38.99,23.4489
AC-046,115,-0.0008,-0.0002,100.0,642.06,1580.11,1396.37,553.86,2388.06,9051.95,47.46,521.87,8137.15,8.4094,392,38.67,23.4419
AC-046,116,0.002,-0.0003,100.0,642.12,1576.85,1396.1,554.75,2388.04,9057.68,47.28,521.71,8143.14,8.4316,392,38.93,23.3224
AC-046,117,0.002,-0.0001,100.0,641.61,1590.28,1399.41,553.77,2388.04,9056.82,47.38,521.64,8138.28,8.4092,392,38.9,23.4433
AC-046,118,0.004,-0.0005,100.0,642.82,1585.61,1403.76,553.71,2388.05,9060.45,47.27,522.19,8144.58,8.4099,394,38.94,23.237
AC-046,119,0.0022,-0.0004,100.0,642.36,1580.69,1403.84,553.26,2388.0,9056.51,47.39,522.01,8138.85,8.406,392,38.84,23.3283
AC-046,120,0.0037,-0.0002,100.0,642.22,1589.39,1402.52,553.91,2388.03,9057.94,47.36,522.14,8142.0,8.4207,391,38.97,23.3124
AC-046,121,-0.0043,0.0001,100.0,643.06,1588.51,1403.22,553.87,2388.01,9063.61,47.28,522.07,8141.2,8.41,395,39.17,23.4114
AC-046,122,0.0021,-0.0004,100.0,642.32,1590.31,1402.71,554.02,2388.05,9059.45,47.29,521.58,8139.26,8.411,393,39.03,23.3797
AC-046,123,-0.001,-0.0005,100.0,642.24,1585.83,1404.42,553.66,2388.05,9060.72,47.41,522.22,8136.81,8.4331,392,38.92,23.3296
AC-046,124,-0.0013,0.0003,100.0,642.34,1591.26,1397.0,554.4,2388.07,9061.42,47.3,522.16,8139.73,8.4279,390,38.85,23.3832
AC-046,125,-0.002,0.0005,100.0,642.07,1585.72,1397.6,554.1,2388.09,9066.73,47.17,521.69,8138.63,8.4307,391,39.11,23.2527
AC-046,126,-0.0009,0.0001,100.0,642.47,1584.82,1401.24,554.05,2388.07,9059.63,47.34,522.22,8142.74,8.3877,393,38.85,23.3214
AC-046,127,-0.0014,-0.0002,100.0,642.57,1576.26,1398.11,553.99,2388.05,9054.58,47.17,522.28,8139.11,8.4641,392,39.08,23.3481
AC-046,128,0.0029,0.0,100.0,642.07,1591.44,1401.05,554.47,2388.02,9060.23,47.29,522.12,8138.25,8.4186,391,38.83,23.3598
AC-046,129,-0.0008,-0.0003,100.0,642.06,1588.78,1401.19,554.45,2388.08,9061.19,47.22,521.17,8143.35,8.434,391,38.85,23.402
AC-046,130,0.0033,-0.0002,100.0,642.12,1585.19,1401.71,553.65,2388.04,9059.13,47.29,521.91,8137.32,8.3919,393,39.04,23.212
AC-046,131,0.0025,0.0001,100.0,642.65,1590.0,1402.75,553.69,2388.02,9058.74,47.35,522.09,8142.95,8.3925,391,38.99,23.4089
AC-046,132,-0.0011,-0.0004,100.0,642.36,1593.0,1399.16,554.46,2388.09,9058.48,47.26,521.69,8134.18,8.3925,393,38.81,23.3511
AC-046,133,0.003,0.0,100.0,642.32,1587.8,1402.53,553.85,2387.98,9055.74,47.29,522.34,8142.07,8.418,392,38.94,23.2599
AC-046,134,-0.0028,0.0004,100.0,642.48,1584.94,1397.17,554.17,2388.1,9060.95,47.31,521.79,8138.41,8.391,393,38.77,23.4341
AC-046,135,-0.0042,0.0005,100.0,642.46,1581.75,1400.67,553.71,2388.05,9062.22,47.29,522.29,8146.17,8.3862,392,38.95,23.3298
AC-046,136,0.0004,0.0004,100.0,642.74,1589.92,1398.29,554.14,2388.0,9059.0,47.3,521.68,8138.26,8.3827,392,39.03,23.3075
AC-046,137,-0.0018,0.0003,100.0,642.35,1584.34,1394.91,553.77,2388.01,9061.74,47.34,521.95,8136.68,8.4261,392,38.86,23.3635
AC-046,138,-0.0012,-0.0002,100.0,642.21,1581.99,1399.29,554.22,2388.01,9053.81,47.41,521.78,8144.75,8.4179,394,39.11,23.4079
AC-046,139,-0.0029,0.0004,100.0,642.23,1578.2,1398.9,554.38,2388.03,9057.99,47.35,522.26,8143.31,8.4434,392,38.95,23.358
AC-046,140,-0.001,-0.0005,100.0,642.49,1585.37,1402.27,554.1,2388.08,9063.03,47.43,521.92,8138.68,8.3996,391,38.89,23.4183
AC-046,141,0.0039,0.0004,100.0,642.32,1588.41,1399.21,553.86,2388.11,9057.14,47.39,521.65,8138.24,8.4176,392,39.06,23.4283
AC-046,142,-0.0011,-0.0002,100.0,642.58,1597.06,1404.14,554.62,2388.05,9065.38,47.29,522.17,8141.83,8.4413,393,39.0,23.3789
AC-046,143,-0.0017,-0.0005,100.0,642.42,1576.86,1410.27,554.41,2388.03,9055.04,47.32,521.98,8139.21,8.4076,391,38.99,23.306
AC-046,144,-0.0039,-0.0004,100.0,642.39,1585.54,1398.11,554.08,2388.0,9061.27,47.32,521.82,8141.47,8.4529,392,38.91,23.3589
AC-046,145,0.0012,-0.0001,100.0,642.41,1583.38,1402.98,553.37,2388.06,9056.31,47.5,522.48,8138.55,8.422,394,38.9,23.2635
AC-046,146,-0.0001,-0.0003,100.0,642.87,1585.59,1400.02,553.48,2388.06,9051.09,47.17,521.65,8133.43,8.4148,393,38.92,23.2654
AC-046,147,-0.0007,0.0005,100.0,642.63,1587.11,1400.17,553.61,2388.1,9062.11,47.49,521.81,8143.02,8.4295,392,38.88,23.367
AC-046,148,-0.0019,-0.0001,100.0,641.98,1586.2,1391.66,553.69,2388.08,9063.75,47.41,522.39,8145.36,8.4126,393,39.02,23.3815
AC-046,149,0.001,0.0,100.0,642.27,1599.0,1407.4,553.13,2388.08,9062.18,47.2,521.73,8138.8,8.44,393,39.0,23.4244
AC-046,150,0.0007,0.0,100.0,642.53,1588.86,1405.9,554.48,2388.06,9056.77,47.61,521.88,8142.17,8.3967,393,38.94,23.4362
AC-046,151,0.0016,-0.0005,100.0,642.59,1591.88,1399.71,554.14,2388.05,9056.38,47.37,521.32,8141.19,8.4208,391,38.9,23.3098
AC-046,152,0.0004,-0.0005,100.0,642.19,1589.74,1406.12,553.91,2388.06,9063.32,47.62,521.34,8136.47,8.4533,392,38.85,23.3182
AC-046,153,-0.0033,-0.0004,100.0,642.38,1592.88,1398.14,553.5,2388.04,9059.76,47.58,522.04,8140.67,8.3802,392,39.06,23.3956
AC-046,154,0.002,0.0002,100.0,642.44,1581.87,1402.48,554.15,2388.1,9063.87,47.44,521.8,8138.97,8.4453,393,38.89,23.4027
AC-046,155,0.0013,0.0002,100.0,642.82,1584.59,1407.71,553.29,2388.1,9053.83,47.47,522.04,8135.05,8.4148,393,38.74,23.3113
AC-046,156,-0.0005,0.0002,100.0,642.15,1582.61,1406.28,553.43,2388.07,9061.27,47.28,521.65,8139.34,8.4433,393,38.95,23.4514
AC-046,157,0.0033,-0.0002,100.0,642.41,1585.54,1408.52,553.75,2388.06,9055.99,47.41,521.78,8133.51,8.4057,393,38.98,23.3122
AC-046,158,-0.0051,0.0004,100.0,642.65,1584.83,1398.19,553.94,2388.04,9054.0,47.54,521.43,8139.3,8.4519,391,38.83,23.2787
AC-046,159,-0.0008,0.0002,100.0,642.45,1584.8,1406.27,554.21,2388.02,9066.24,47.45,521.65,8137.58,8.3813,392,38.75,23.4059
AC-046,160,-0.0021,0.0004,100.0,642.22,1590.53,1404.36,553.72,2388.05,9055.21,47.4,521.66,8136.15,8.4205,393,38.81,23.328
AC-046,161,0.0,0.0003,100.0,642.21,1589.13,1409.91,553.9,2388.09,9053.11,47.46,522.15,8137.15,8.4161,392,38.8,23.331
AC-046,162,0.003,0.0001,100.0,642.35,1584.18,1403.82,553.33,2388.09,9059.61,47.55,522.0,8140.09,8.4127,393,38.86,23.3498
AC-046,163,-0.002,-0.0004,100.0,642.54,1591.17,1403.75,553.44,2388.06,9058.78,47.35,521.96,8139.77,8.4454,394,39.01,23.3471
AC-046,164,0.0001,-0.0005,100.0,642.51,1592.86,1406.39,553.92,2388.08,9064.28,47.27,521.76,8141.84,8.4037,394,38.84,23.3656
AC-046,165,-0.0026,-0.0002,100.0,641.79,1591.36,1406.71,553.8,2388.05,9060.84,47.54,521.49,8145.36,8.4254,393,38.87,23.3645
AC-046,166,-0.0026,0.0,100.0,642.28,1589.3,1413.01,553.64,2388.07,9060.18,47.49,521.6,8144.62,8.4128,392,38.94,23.4135
AC-046,167,-0.0016,-0.0003,100.0,642.78,1589.49,1410.44,553.95,2388.1,9050.57,47.49,522.22,8138.09,8.4458,394,38.82,23.3903
AC-046,168,0.0004,0.0004,100.0,642.36,1581.13,1402.62,553.5,2388.08,9060.2,47.29,522.16,8134.63,8.3989,392,38.92,23.3384
AC-046,169,0.0005,-0.0,100.0,642.59,1589.57,1412.88,553.42,2388.09,9061.79,47.43,521.22,8139.7,8.4368,393,38.95,23.1819
AC-046,170,0.0024,0.0002,100.0,641.97,1584.25,1401.72,554.05,2388.01,9065.48,47.57,522.16,8138.85,8.4206,393,38.96,23.3698
AC-046,171,0.0011,0.0002,100.0,642.08,1585.77,1399.5,554.26,2388.05,9059.04,47.3,521.67,8139.63,8.4138,393,38.95,23.325
AC-046,172,0.0033,-0.0002,100.0,642.8,1591.14,1400.21,553.46,2388.09,9063.83,47.33,520.96,8135.69,8.4547,392,38.81,23.3427
AC-046,173,-0.0058,-0.0001,100.0,642.45,1590.03,1407.57,553.79,2388.13,9057.5,47.62,521.6,8142.69,8.4195,392,38.75,23.402
AC-046,174,0.0063,0.0,100.0,642.67,1590.89,1405.46,554.04,2388.06,9065.96,47.65,521.3,8143.97,8.4364,394,38.58,23.3459
AC-046,175,-0.0011,0.0003,100.0,642.45,1592.7,1410.57,553.66,2388.05,9057.99,47.6,521.94,8141.77,8.4555,392,39.02,23.335
AC-046,176,-0.0018,0.0003,100.0,642.93,1592.43,1406.87,554.03,2388.12,9060.81,47.56,521.53,8134.99,8.4429,393,38.81,23.3313
AC-046,177,-0.0008,-0.0005,100.0,642.52,1595.76,1398.33,553.6,2388.08,9060.2,47.41,521.49,8144.14,8.3992,392,38.89,23.3006
AC-046,178,0.0009,0.0,100.0,642.37,1590.92,1404.84,553.51,2388.09,9060.55,47.42,521.23,8136.73,8.422,392,38.84,23.1322
AC-046,179,0.0013,-0.0004,100.0,642.91,1589.62,1410.92,553.56,2388.08,9066.41,47.67,521.33,8136.92,8.4571,392,39.02,23.3236
AC-046,180,0.0019,0.0,100.0,642.68,1588.08,1409.72,552.82,2388.14,9064.73,47.39,521.42,8137.7,8.4417,392,38.75,23.2622
AC-046,181,-0.003,-0.0005,100.0,642.5,1591.55,1403.43,553.69,2388.14,9064.51,47.51,521.28,8131.82,8.4288,393,38.87,23.3231
AC-046,182,-0.0013,0.0005,100.0,642.8,1590.19,1403.75,554.05,2388.1,9056.87,47.65,521.07,8134.78,8.4341,393,38.72,23.351
AC-046,183,0.0035,0.0004,100.0,642.71,1589.82,1412.53,553.0,2388.09,9059.43,47.55,521.97,8139.51,8.4479,394,38.84,23.2896
AC-046,184,-0.0015,-0.0005,100.0,642.43,1586.52,1405.93,553.06,2388.09,9053.34,47.51,521.27,8131.55,8.4309,394,38.81,23.2412
AC-046,185,-0.0014,-0.0005,100.0,643.14,1588.13,1403.91,553.27,2388.09,9058.72,47.51,521.38,8138.29,8.433,394,38.97,23.2541
AC-046,186,-0.0023,-0.0,100.0,642.46,1586.31,1406.41,553.78,2388.05,9055.41,47.57,521.33,8134.12,8.4634,393,38.88,23.2476
AC-046,187,-0.0015,0.0005,100.0,642.66,1590.92,1404.1,552.86,2388.1,9060.57,47.55,521.32,8137.2,8.4543,393,38.74,23.1666
AC-046,188,0.0014,-0.0001,100.0,642.67,1592.47,1401.12,553.19,2388.1,9055.6,47.7,521.43,8139.91,8.4304,393,38.89,23.2724
AC-046,189,0.0021,0.0004,100.0,642.75,1584.23,1413.48,552.37,2388.19,9049.89,47.56,521.1,8140.0,8.427,394,38.8,23.2674
AC-046,190,-0.0051,0.0,100.0,642.87,1585.6,1403.57,554.27,2388.11,9064.48,47.73,521.47,8134.41,8.4685,393,38.78,23.3385
AC-046,191,-0.0016,0.0002,100.0,642.46,1594.04,1411.98,553.22,2388.07,9053.69,47.53,521.47,8137.87,8.455,393,38.82,23.2851
AC-046,192,0.003,0.0001,100.0,642.32,1590.97,1407.14,553.14,2388.12,9053.82,47.54,520.94,8141.62,8.4528,393,38.79,23.2335
AC-046,193,0.0039,0.0001,100.0,642.6,1583.92,1412.8,553.51,2388.13,9060.05,47.62,521.06,8136.43,8.5175,393,38.85,23.3074
AC-046,194,-0.0012,0.0,100.0,642.9,1590.96,1405.65,553.62,2388.03,9056.39,47.5,521.66,8136.44,8.4753,393,38.81,23.1438
AC-046,195,-0.0031,-0.0004,100.0,642.95,1594.64,1409.92,553.1,2388.12,9060.57,47.65,521.44,8142.79,8.4465,394,38.7,23.2502
AC-046,196,-0.0035,-0.0001,100.0,642.63,1594.68,1412.13,554.21,2388.09,9054.93,47.57,520.79,8135.27,8.432,393,38.94,23.2858
AC-046,197,-0.0047,0.0,100.0,642.53,1585.77,1410.07,553.43,2388.19,9063.52,47.64,521.4,8131.37,8.4942,393,38.92,23.2423
AC-046,198,0.0042,-0.0002,100.0,643.29,1595.46,1416.63,553.27,2388.14,9056.1,47.54,521.54,8133.56,8.4578,394,38.87,23.2968
AC-046,199,-0.0015,0.0002,100.0,642.37,1594.03,1418.39,553.52,2388.13,9066.47,47.63,521.19,8135.77,8.4337,393,38.71,23.2721
AC-046,200,0.003,0.0003,100.0,642.84,1590.0,1413.03,553.48,2388.14,9054.92,47.66,520.82,8138.03,8.4323,394,38.67,23.2213
AC-046,201,0.0018,-0.0003,100.0,642.76,1597.84,1410.45,552.91,2388.15,9054.58,47.66,521.13,8131.41,8.4579,393,38.76,23.3409
AC-046,202,-0.0057,0.0003,100.0,642.9,1587.11,1407.87,552.97,2388.15,9057.64,47.65,521.27,8130.53,8.4453,394,38.91,23.2074
AC-046,203,-0.0025,0.0002,100.0,643.24,1593.95,1415.19,553.62,2388.13,9056.74,47.58,520.79,8135.21,8.4557,394,38.46,23.179
AC-046,204,-0.0008,-0.0005,100.0,642.89,1590.84,1408.69,552.91,2388.16,9059.25,47.67,521.3,8134.98,8.4589,393,38.71,23.3654
AC-046,205,0.0024,-0.0002,100.0,642.17,1586.56,1412.51,553.15,2388.12,9055.49,47.7,521.16,8134.13,8.4431,395,38.67,23.2765
AC-046,206,-0.0007,0.0002,100.0,642.67,1595.42,1409.29,552.64,2388.09,9065.06,47.65,521.58,8133.82,8.465,393,38.74,23.2905
AC-046,207,0.0022,0.0001,100.0,642.96,1583.59,1414.38,552.77,2388.19,9053.79,47.66,520.9,8133.18,8.4562,393,38.85,23.2375
AC-046,208,-0.0017,0.0001,100.0,642.38,1590.81,1409.99,553.08,2388.15,9058.21,47.6,520.26,8137.29,8.4713,394,38.95,23.293
AC-046,209,0.0026,0.0003,100.0,643.77,1591.19,1405.62,553.19,2388.14,9047.88,47.76,521.06,8139.07,8.4453,394,38.6,23.2775
AC-046,210,-0.0018,-0.0001,100.0,643.12,1593.6,1413.19,552.89,2388.16,9052.99,47.8,520.83,8136.06,8.4864,395,38.72,23.1658
AC-046,211,0.0036,-0.0004,100.0,642.57,1588.32,1418.27,552.18,2388.17,9061.15,47.54,521.2,8140.84,8.492,393,38.93,23.2325
AC-046,212,0.0032,-0.0002,100.0,642.95,1591.71,1414.68,553.51,2388.17,9053.66,47.54,520.87,8138.02,8.4549,393,38.66,23.1836
AC-046,213,0.0012,-0.0001,100.0,643.06,1593.17,1412.55,552.8,2388.15,9058.08,47.84,521.26,8134.11,8.4701,393,38.49,23.2152
AC-046,214,0.0009,0.0003,100.0,643.12,1590.3,1419.95,552.67,2388.13,9060.02,47.61,521.27,8141.92,8.4201,393,38.75,23.315
AC-046,215,-0.0009,0.0002,100.0,642.93,1593.56,1414.73,552.66,2388.18,9053.16,47.87,521.24,8136.94,8.4318,393,38.61,23.265
AC-046,216,-0.0011,-0.0004,100.0,642.99,1593.96,1421.8,552.62,2388.16,9056.16,47.81,521.0,8134.67,8.447,393,38.6,23.2757
AC-046,217,0.0005,-0.0004,100.0,642.88,1602.49,1415.76,552.77,2388.13,9067.55,47.83,520.97,8135.92,8.4874,394,38.58,23.2442
AC-046,218,0.0013,0.0005,100.0,642.72,1596.36,1424.43,552.75,2388.2,9058.16,47.91,520.67,8140.89,8.4675,394,38.6,23.1174
AC-046,219,0.0003,0.0005,100.0,643.32,1589.54,1411.71,552.81,2388.16,9063.14,47.79,520.47,8128.12,8.4757,394,38.53,23.1473
AC-046,220,-0.0049,0.0004,100.0,643.34,1590.47,1422.97,552.48,2388.21,9053.31,47.73,520.68,8131.88,8.4823,393,38.62,23.2802
AC-046,221,-0.0005,-0.0004,100.0,642.98,1597.19,1418.26,552.76,2388.18,9060.67,47.91,520.54,8127.91,8.4929,394,38.9,23.2823
AC-046,222,-0.0032,-0.0005,100.0,642.88,1593.61,1416.66,553.03,2388.21,9056.97,47.74,521.1,8135.91,8.4634,395,38.7,23.1989
AC-046,223,0.0008,-0.0004,100.0,642.98,1589.55,1411.61,553.13,2388.14,9057.51,47.81,520.3,8127.96,8.4472,394,38.69,23.2243
AC-046,224,0.002,0.0001,100.0,642.97,1588.82,1414.86,553.02,2388.18,9062.35,47.83,520.46,8129.72,8.4425,396,38.61,23.2332
AC-046,225,0.0009,0.0002,100.0,643.45,1596.3,1418.5,551.71,2388.2,9056.12,47.98,520.97,8131.2,8.4772,394,38.81,23.1286
AC-046,226,-0.0022,-0.0001,100.0,642.81,1596.51,1415.17,553.06,2388.18,9055.12,47.71,521.12,8134.02,8.47,395,38.55,23.2365
AC-046,227,-0.0014,0.0004,100.0,642.97,1593.94,1409.57,552.46,2388.2,9054.44,47.91,520.34,8134.8,8.4463,397,38.54,23.1443
AC-046,228,0.0016,-0.0001,100.0,642.75,1588.39,1413.37,552.45,2388.2,9056.58,47.76,520.56,8134.53,8.488,396,38.63,23.0398
AC-046,229,0.0028,0.0001,100.0,643.35,1589.93,1428.51,551.78,2388.17,9054.46,47.67,521.53,8135.05,8.4753,394,38.59,23.215
AC-046,230,-0.0026,-0.0004,100.0,643.72,1594.68,1420.94,552.46,2388.15,9060.34,47.94,520.51,8132.47,8.4714,394,38.48,23.1996
AC-046,231,0.0019,0.0004,100.0,643.11,1593.33,1423.59,552.57,2388.16,9060.54,47.91,520.75,8126.3,8.5003,395,38.49,23.2047
AC-046,232,0.0016,0.0003,100.0,642.88,1591.95,1415.79,552.0,2388.18,9055.01,47.67,520.35,8131.66,8.4727,395,38.59,23.1672
AC-046,233,-0.0036,0.0001,100.0,643.05,1588.18,1416.7,551.85,2388.2,9053.46,47.86,520.15,8124.84,8.4751,396,38.58,23.1161
AC-046,234,-0.0021,0.0002,100.0,642.81,1596.73,1420.76,552.29,2388.23,9061.94,47.82,520.03,8129.47,8.4913,394,38.65,23.1071
AC-046,235,0.0011,0.0003,100.0,643.47,1603.38,1420.9,551.67,2388.17,9051.79,48.0,520.94,8135.71,8.4789,396,38.53,23.1439
AC-046,236,0.0007,0.0004,100.0,643.12,1595.44,1416.92,551.36,2388.22,9061.31,47.82,520.21,8126.39,8.5282,393,38.69,23.1484
AC-046,237,0.0015,-0.0004,100.0,643.08,1594.62,1410.64,552.59,2388.17,9057.49,48.08,519.74,8130.91,8.4685,395,38.75,23.2151
AC-046,238,-0.0004,0.0,100.0,643.2,1598.58,1423.18,551.54,2388.21,9048.05,47.98,519.98,8131.29,8.4933,395,38.75,23.2362
AC-046,239,0.0017,0.0002,100.0,643.68,1597.92,1422.03,551.58,2388.16,9052.34,48.05,520.15,8127.51,8.4827,395,38.63,23.1421
AC-046,240,0.0011,-0.0002,100.0,643.0,1595.13,1424.97,551.31,2388.23,9054.2,47.98,520.42,8128.39,8.5196,395,38.5,23.1914
AC-046,241,-0.0019,0.0005,100.0,642.72,1596.83,1424.73,551.82,2388.23,9049.94,47.67,520.29,8128.23,8.5,394,38.52,23.0925
AC-046,242,0.0008,0.0002,100.0,642.97,1600.41,1427.35,551.99,2388.25,9049.52,48.07,520.01,8125.0,8.4847,396,38.68,23.0289
AC-046,243,-0.0017,-0.0003,100.0,643.45,1601.32,1421.55,551.99,2388.21,9054.42,48.13,519.72,8126.34,8.5032,395,38.49,23.0906
AC-046,244,0.0005,-0.0001,100.0,643.63,1594.24,1419.28,551.46,2388.27,9055.49,47.88,520.39,8129.42,8.494,394,38.51,22.9421
AC-046,245,-0.0006,0.0001,100.0,643.13,1603.5,1422.32,551.68,2388.28,9054.54,48.1,519.83,8127.14,8.4829,395,38.49,23.0752
AC-046,246,0.0023,0.0003,100.0,643.59,1598.63,1430.25,551.8,2388.25,9052.91,48.09,519.77,8125.87,8.516,394,38.58,23.0992
AC-046,247,-0.0006,0.0004,100.0,643.2,1606.34,1424.21,552.26,2388.3,9049.92,48.06,519.96,8125.05,8.4879,396,38.49,23.1393
AC-046,248,0.0011,0.0002,100.0,643.71,1596.39,1427.26,550.98,2388.3,9051.89,48.14,520.07,8132.02,8.5017,396,38.56,23.0529
AC-046,249,0.005,0.0003,100.0,643.26,1598.26,1428.19,551.82,2388.28,9048.4,48.01,519.37,8125.79,8.5045,395,38.37,23.0572
AC-046,250,-0.0019,-0.0005,100.0,643.7,1603.89,1427.77,551.33,2388.27,9055.61,48.17,519.96,8126.87,8.5118,394,38.44,23.107
AC-046,251,-0.0039,0.0004,100.0,643.71,1601.83,1426.78,550.74,2388.27,9044.42,48.16,519.82,8123.49,8.5302,395,38.44,23.0447
AC-046,252,0.0011,0.0002,100.0,643.74,1604.29,1426.03,551.22,2388.29,9053.35,48.23,519.83,8126.53,8.4992,397,38.68,22.9664
AC-046,253,-0.0007,0.0003,100.0,644.27,1601.35,1425.3,550.83,2388.3,9052.47,48.33,519.95,8127.21,8.5271,397,38.43,22.9692
AC-046,254,-0.0014,0.0002,100.0,643.9,1595.95,1430.12,550.5,2388.22,9053.98,48.11,519.97,8122.81,8.504,396,38.49,23.0242
AC-046,255,0.003,-0.0003,100.0,643.75,1602.1,1429.98,550.76,2388.25,9057.26,48.29,519.99,8120.71,8.5249,396,38.4,23.1204
AC-046,256,0.0023,0.0002,100.0,644.44,1602.57,1433.99,550.75,2388.25,9041.98,48.22,519.48,8118.01,8.5052,397,38.38,23.017
AC-048,1,0.0022,-0.0001,100.0,642.39,1576.34,1403.88,554.29,2388.01,9062.79,47.39,521.98,8148.9,8.4149,391,39.01,23.4323
AC-048,2,0.0033,-0.0,100.0,642.06,1581.14,1401.49,554.11,2387.98,9065.1,47.26,522.48,8144.72,8.4182,394,39.0,23.3808
AC-048,3,0.0026,-0.0004,100.0,642.07,1584.44,1404.37,554.97,2387.98,9060.38,47.38,522.65,8145.33,8.3994,391,39.17,23.4419
AC-048,4,0.0004,-0.0002,100.0,642.16,1585.47,1395.88,553.67,2388.01,9066.63,47.39,522.38,8148.32,8.4051,393,39.21,23.2644
AC-048,5,0.0022,0.0001,100.0,642.84,1586.98,1400.11,553.62,2387.98,9066.16,47.15,521.8,8144.23,8.4181,394,38.97,23.4096
AC-048,6,0.0015,0.0002,100.0,642.25,1587.09,1404.26,554.68,2387.97,9066.56,47.32,522.38,8146.34,8.4022,392,38.89,23.3299
AC-048,7,-0.004,0.0003,100.0,642.3,1582.04,1399.55,554.63,2387.98,9066.45,47.38,522.18,8147.34,8.4022,391,39.02,23.4346
AC-048,8,0.0025,0.0001,100.0,641.9,1576.47,1397.54,553.93,2387.98,9064.2,47.46,522.15,8141.87,8.4118,391,39.12,23.3935
AC-048,9,-0.0027,0.0001,100.0,642.04,1583.9,1396.15,554.66,2388.01,9068.56,47.16,522.13,8144.64,8.4081,393,38.96,23.3517
AC-048,10,0.003,-0.0001,100.0,642.86,1583.54,1394.31,554.63,2388.0,9058.86,46.94,521.96,8149.69,8.39,391,39.01,23.5182
AC-048,11,-0.0003,0.0005,100.0,642.33,1581.65,1401.42,554.17,2387.96,9065.92,47.27,521.87,8150.89,8.4178,391,38.85,23.4575
AC-048,12,0.0006,0.0001,100.0,642.4,1590.97,1396.97,554.52,2388.03,9059.34,47.16,522.4,8144.6,8.3824,391,39.01,23.4385
AC-048,13,0.0025,-0.0002,100.0,642.69,1581.93,1395.69,554.18,2388.03,9066.23,47.11,521.79,8138.26,8.4151,392,38.88,23.4703
AC-048,14,-0.0,-0.0002,100.0,642.28,1587.36,1394.82,554.22,2388.02,9069.23,47.01,522.16,8143.53,8.4054,390,38.96,23.3859
AC-048,15,-0.0036,-0.0001,100.0,642.17,1587.61,1394.65,554.16,2388.02,9070.49,47.31,522.47,8148.07,8.4253,392,39.14,23.4874
AC-048,16,0.0007,0.0002,100.0,642.13,1586.28,1389.4,554.62,2387.98,9062.83,47.33,522.66,8144.07,8.4081,392,39.0,23.3461
AC-048,17,0.0025,-0.0005,100.0,641.99,1588.51,1395.88,554.35,2387.95,9064.41,47.1,522.43,8150.45,8.4168,392,38.91,23.4134
AC-048,18,0.0006,0.0001,100.0,641.72,1584.75,1396.3,553.76,2388.05,9058.29,47.12,522.21,8150.72,8.425,391,38.88,23.4058
AC-048,19,-0.0012,-0.0004,100.0,642.57,1585.16,1395.01,554.61,2388.0,9061.12,47.38,522.46,8143.83,8.4106,391,38.91,23.3902
AC-048,20,0.0006,0.0003,100.0,641.78,1584.29,1403.8,553.69,2388.01,9065.94,47.12,522.7,8144.96,8.3923,392,38.95,23.381
AC-048,21,-0.0023,0.0004,100.0,641.93,1580.07,1398.66,554.15,2388.03,9064.54,47.18,522.21,8147.33,8.3984,392,39.07,23.4726
AC-048,22,0.0031,0.0004,100.0,642.34,1585.29,1409.48,554.65,2388.04,9066.3,47.06,522.49,8148.61,8.4103,393,38.92,23.4722
AC-048,23,-0.0004,0.0001,100.0,642.51,1572.34,1401.51,554.21,2388.03,9060.99,47.24,522.37,8147.17,8.3828,392,39.1,23.2976
AC-048,24,-0.0023,0.0002,100.0,642.16,1587.86,1399.38,554.73,2388.04,9063.43,47.21,522.18,8144.37,8.452,392,38.97,23.4347
AC-048,25,0.0007,0.0001,100.0,642.04,1581.05,1390.8,554.37,2388.03,9058.03,47.04,522.26,8149.78,8.3806,392,38.99,23.4623
AC-048,26,0.0009,-0.0001,100.0,642.17,1588.21,1396.71,554.59,2388.02,9063.8,47.21,522.44,8146.97,8.3984,390,38.98,23.3157
AC-048,27,0.0022,0.0001,100.0,642.32,1583.89,1395.44,554.17,2387.99,9063.6,47.44,522.13,8150.42,8.4059,391,38.99,23.435
AC-048,28,0.0013,-0.0003,100.0,641.94,1578.18,1400.78,553.91,2388.01,9065.02,47.31,522.05,8151.99,8.3972,391,38.85,23.3393
AC-048,29,0.0009,0.0002,100.0,641.87,1589.61,1396.77,553.84,2387.98,9066.41,47.1,522.45,8147.49,8.4041,392,39.09,23.4955
AC-048,30,-0.001,-0.0,100.0,641.98,1590.33,1393.3,553.65,2388.02,9057.96,47.3,522.73,8142.15,8.4048,391,38.94,23.3828
AC-048,31,0.0055,0.0004,100.0,642.28,1587.01,1398.14,553.86,2387.99,9067.04,47.28,521.99,8149.31,8.4127,391,39.25,23.3682
AC-048,32,-0.0036,-0.0004,100.0,642.58,1584.43,1399.54,554.79,2388.01,9060.82,47.2,521.79,8153.82,8.397,391,38.96,23.4056
AC-048,33,0.0013,-0.0001,100.0,642.27,1582.17,1398.03,554.42,2388.03,9059.03,47.24,522.48,8142.09,8.4372,393,38.91,23.3628
AC-048,34,-0.0015,-0.0001,100.0,642.31,1576.99,1401.23,553.73,2387.99,9070.98,47.33,522.62,8144.97,8.3651,392,39.12,23.3232
AC-048,35,0.0034,-0.0001,100.0,641.84,1583.47,1393.4,553.66,2388.03,9067.72,47.15,522.66,8145.03,8.438,391,38.72,23.4334
AC-048,36,0.0001,0.0005,100.0,642.2,1589.6,1406.3,553.91,2387.98,9057.89,47.31,522.45,8147.64,8.4164,390,39.08,23.4601
AC-048,37,-0.0011,0.0001,100.0,642.45,1583.54,1395.63,553.39,2388.02,9064.29,47.11,522.06,8146.17,8.3687,392,39.08,23.4468
AC-048,38,0.0006,-0.0001,100.0,642.52,1583.12,1403.58,554.97,2387.99,9068.09,47.24,522.41,8151.48,8.4222,392,38.92,23.3366
AC-048,39,-0.002,0.0004,100.0,642.17,1584.48,1403.94,553.5,2387.98,9067.03,47.29,522.2,8149.6,8.3819,393,39.09,23.3152
AC-048,40,-0.0019,-0.0005,100.0,642.37,1580.52,1402.27,554.0,2388.01,9061.16,47.1,522.27,8142.88,8.3993,392,39.15,23.4574
AC-048,41,0.0003,-0.0005,100.0,641.92,1592.88,1398.46,553.61,2387.97,9069.62,47.33,522.23,8147.85,8.4133,392,38.99,23.4511
AC-048,42,-0.0002,-0.0004,100.0,641.86,1591.61,1396.98,554.32,2388.02,9060.38,47.13,522.2,8147.53,8.3996,391,38.82,23.4084
AC-048,43,-0.0,-0.0002,100.0,641.95,1587.48,1398.16,553.89,2388.01,9068.92,47.07,521.94,8144.91,8.4259,392,38.89,23.2892
AC-048,44,-0.0013,0.0005,100.0,642.02,1588.3,1400.69,554.58,2387.97,9063.5,47.05,522.01,8146.44,8.3957,391,39.05,23.4356
AC-048,45,0.0005,0.0001,100.0,642.43,1583.17,1406.77,554.8,2388.04,9063.39,47.16,522.12,8137.78,8.3878,392,38.72,23.3696
AC-048,46,0.0015,0.0001,100.0,642.1,1591.04,1404.53,554.63,2388.05,9067.78,47.21,522.69,8149.34,8.3794,391,39.06,23.3096
AC-048,47,0.001,-0.0005,100.0,642.22,1586.22,1394.9,554.28,2388.04,9062.28,47.24,521.99,8147.93,8.4026,394,39.0,23.3863
AC-048,48,0.0022,-0.0001,100.0,641.83,1583.38,1396.86,554.11,2388.01,9068.76,47.27,522.09,8148.96,8.4226,391,39.01,23.3603
AC-048,49,-0.0025,0.0001,100.0,642.54,1589.97,1408.52,554.07,2388.01,9063.1,47.2,522.41,8149.09,8.3885,390,39.16,23.4253
AC-048,50,0.0009,0.0002,100.0,642.12,1590.3,1400.48,554.59,2388.01,9064.86,47.23,522.22,8143.03,8.4059,392,39.09,23.3963
AC-048,51,0.002,-0.0003,100.0,642.23,1581.67,1400.15,554.36,2388.02,9075.25,47.16,522.16,8145.58,8.3767,391,39.04,23.2452
AC-048,52,0.0001,0.0,100.0,642.28,1584.95,1401.76,555.14,2388.01,9074.72,47.28,522.75,8149.61,8.4004,391,39.04,23.4298
AC-048,53,0.0047,-0.0,100.0,642.13,1584.49,1400.43,553.53,2388.05,9063.24,47.29,522.26,8144.72,8.3792,394,38.83,23.353
AC-048,54,-0.0021,0.0004,100.0,642.54,1575.01,1399.05,554.41,2387.98,9062.43,47.15,522.06,8145.85,8.3645,392,38.84,23.3466
AC-048,55,0.0013,0.0003,100.0,642.5,1583.85,1400.9,554.84,2387.98,9063.16,47.1,522.16,8145.11,8.4213,393,39.06,23.371
AC-048,56,-0.001,-0.0001,100.0,642.25,1587.02,1391.58,554.32,2387.99,9067.49,47.12,522.82,8144.19,8.3953,391,38.95,23.3373
AC-048,57,-0.0008,-0.0003,100.0,642.18,1590.35,1403.2,554.58,2388.0,9067.11,47.16,522.52,8147.8,8.3906,392,38.92,23.3417
AC-048,58,-0.0024,0.0001,100.0,642.01,1585.1,1402.41,553.88,2388.08,9067.43,47.22,522.39,8145.18,8.3903,392,39.03,23.3852
AC-048,59,0.0009,-0.0002,100.0,642.23,1578.8,1398.39,554.36,2387.98,9072.79,47.23,522.31,8151.67,8.4242,393,38.92,23.3584
AC-048,60,0.0012,0.0003,100.0,641.96,1586.16,1392.42,553.8,2387.96,9064.01,47.23,522.15,8146.22,8.4251,391,38.9,23.3977
AC-048,61,0.0009,0.0002,100.0,642.01,1586.52,1399.36,554.68,2388.03,9068.8,47.34,522.13,8147.89,8.4184,392,38.78,23.3682
AC-048,62,-0.0039,-0.0004,100.0,641.88,1592.04,1403.23,554.29,2388.03,9061.83,47.14,522.32,8143.83,8.3932,391,38.95,23.4076
AC-048,63,-0.0015,-0.0003,100.0,641.88,1585.01,1398.86,553.58,2388.01,9069.38,47.18,522.46,8152.55,8.4306,392,38.99,23.4837
AC-048,64,0.0003,-0.0003,100.0,642.28,1586.88,1399.85,554.68,2388.0,9072.85,47.32,522.11,8150.85,8.3648,391,39.03,23.4145
AC-048,65,-0.0005,0.0004,100.0,642.23,1587.09,1392.72,554.3,2388.01,9071.08,47.35,522.83,8152.6,8.3833,392,39.2,23.4317
AC-048,66,0.0034,0.0004,100.0,642.39,1580.02,1406.96,554.61,2388.02,9060.34,47.3,522.32,8151.18,8.4118,391,39.03,23.5172
AC-048,67,0.0032,0.0002,100.0,642.53,1585.13,1404.21,554.45,2388.04,9065.13,47.23,522.41,8148.25,8.3907,392,39.03,23.3576
AC-048,68,-0.0015,-0.0,100.0,642.23,1583.38,1401.44,554.36,2388.0,9058.48,47.19,522.09,8152.3,8.3949,391,39.13,23.4937
AC-048,69,-0.0004,0.0001,100.0,642.17,1582.02,1396.62,554.35,2388.02,9068.0,47.26,522.32,8151.2,8.4017,391,39.08,23.4277
AC-048,70,-0.0024,-0.0002,100.0,642.53,1588.61,1401.9,554.0,2388.0,9067.82,47.27,522.97,8146.86,8.4117,393,39.03,23.3765
AC-048,71,-0.0014,-0.0005,100.0,642.39,1585.74,1399.17,554.48,2388.06,9065.38,47.29,521.69,8147.57,8.4387,392,39.17,23.4199
AC-048,72,0.0024,-0.0003,100.0,642.08,1589.47,1400.71,554.59,2387.98,9065.25,47.2,521.78,8145.02,8.3982,392,39.03,23.3513
AC-048,73,0.001,0.0002,100.0,642.27,1590.06,1397.73,554.35,2388.02,9064.3,47.17,522.8,8151.58,8.4124,393,39.04,23.3671
AC-048,74,0.0021,-0.0003,100.0,642.03,1578.3,1400.9,554.04,2387.98,9073.84,47.39,522.45,8151.75,8.4105,391,38.95,23.3725
AC-048,75,0.0009,-0.0001,100.0,642.01,1587.37,1400.42,554.22,2388.0,9067.46,47.24,522.27,8146.95,8.3744,393,38.92,23.2872
AC-048,76,-0.0006,-0.0004,100.0,642.77,1587.9,1396.48,554.82,2387.99,9072.87,47.31,522.3,8148.63,8.4701,391,38.95,23.459
AC-048,77,0.0012,-0.0003,100.0,642.68,1586.78,1399.73,554.29,2388.04,9075.06,47.18,522.2,8155.62,8.4379,391,39.03,23.424
AC-048,78,0.0005,-0.0,100.0,641.83,1587.16,1391.09,554.63,2388.01,9073.42,47.41,522.36,8148.95,8.4202,392,39.01,23.4659
AC-048,79,0.0019,-0.0001,100.0,642.55,1583.0,1397.4,553.67,2388.01,9066.65,47.26,521.95,8152.41,8.4206,392,38.88,23.4111
AC-048,80,0.001,0.0004,100.0,642.1,1587.39,1395.96,554.86,2387.99,9071.21,47.15,522.39,8149.96,8.3931,392,38.99,23.492
AC-048,81,-0.0,0.0001,100.0,641.83,1584.25,1396.2,555.07,2388.02,9073.68,47.25,522.31,8144.94,8.3891,392,38.88,23.431
AC-048,82,0.0002,0.0,100.0,642.65,1587.84,1404.42,554.38,2388.05,9071.72,47.38,522.5,8150.17,8.4353,392,39.15,23.3756
AC-048,83,0.0008,0.0,100.0,642.58,1589.08,1399.29,554.83,2388.01,9070.49,47.26,522.17,8149.02,8.435,392,39.06,23.3687
AC-048,84,0.0033,-0.0002,100.0,642.16,1584.08,1403.77,554.36,2388.06,9072.69,47.18,522.48,8151.5,8.3702,394,39.0,23.4543
AC-048,85,0.0011,-0.0004,100.0,642.53,1587.82,1400.3,554.54,2388.04,9074.13,47.24,522.51,8148.85,8.4205,391,38.93,23.3965
AC-048,86,0.0033,-0.0001,100.0,642.1,1582.17,1393.24,554.21,2388.0,9070.56,47.27,522.13,8153.66,8.4137,392,39.01,23.3646
AC-048,87,-0.0055,-0.0003,100.0,642.43,1583.44,1398.08,554.15,2388.01,9062.92,47.11,522.77,8151.48,8.4385,392,39.02,23.3078
AC-048,88,-0.0014,0.0004,100.0,642.53,1588.09,1405.22,554.39,2388.06,9072.06,47.18,522.18,8151.18,8.4046,392,38.9,23.4976
AC-048,89,0.0004,0.0004,100.0,641.92,1588.82,1400.71,554.55,2388.02,9067.82,47.2,522.04,8151.07,8.4119,392,39.01,23.4373
AC-048,90,0.0002,-0.0004,100.0,642.39,1584.2,1408.35,554.32,2387.99,9066.63,47.27,522.58,8147.76,8.4214,392,39.08,23.4554
AC-048,91,0.0005,-0.0004,100.0,643.01,1588.81,1407.43,553.75,2388.02,9069.24,47.15,521.86,8151.93,8.3903,392,38.78,23.4528
AC-048,92,0.0021,0.0004,100.0,642.11,1582.91,1402.49,554.09,2388.02,9067.31,47.24,522.2,8149.59,8.3902,392,39.21,23.4104
AC-048,93,-0.0007,0.0002,100.0,641.81,1588.72,1401.94,554.38,2387.96,9063.22,47.35,522.04,8152.73,8.3866,392,38.96,23.3816
AC-048,94,0.0,0.0004,100.0,642.35,1590.94,1400.85,553.26,2388.02,9072.58,47.39,522.26,8156.38,8.3954,392,39.16,23.4658
AC-048,95,0.0002,0.0001,100.0,642.5,1583.11,1396.02,553.61,2387.97,9071.52,47.53,522.33,8150.64,8.3951,391,38.96,23.5076
AC-048,96,-0.0023,0.0001,100.0,642.24,1589.59,1403.77,553.85,2388.06,9069.29,47.3,522.03,8150.46,8.4118,392,38.9,23.4029
AC-048,97,0.0005,0.0002,100.0,642.13,1580.52,1401.46,554.5,2387.99,9085.69,47.21,522.12,8153.49,8.4335,392,39.08,23.4349
AC-048,98,0.0041,-0.0001,100.0,642.36,1581.34,1404.85,554.12,2388.04,9075.13,47.31,522.46,8151.51,8.4218,392,38.76,23.4492
AC-048,99,-0.0006,-0.0001,100.0,642.79,1582.66,1404.64,554.13,2388.06,9077.33,47.38,522.27,8153.44,8.4169,392,38.68,23.4172
AC-048,100,-0.0039,-0.0004,100.0,642.38,1591.08,1397.66,554.8,2387.99,9071.62,47.33,522.07,8143.76,8.3974,392,38.94,23.4921
AC-048,101,0.0004,0.0002,100.0,641.95,1589.3,1402.75,553.93,2388.0,9079.94,47.38,521.8,8153.2,8.3922,392,39.05,23.4642
AC-048,102,0.0012,-0.0002,100.0,642.05,1587.96,1404.51,554.59,2388.03,9066.87,47.27,522.46,8153.16,8.4095,392,39.03,23.3615
AC-048,103,-0.0012,0.0,100.0,641.91,1584.21,1402.82,554.44,2387.98,9069.21,47.36,522.0,8150.45,8.4417,392,38.94,23.2994
AC-048,104,0.0057,0.0001,100.0,642.21,1584.14,1397.78,554.0,2388.03,9075.12,47.27,522.45,8153.77,8.4198,391,38.88,23.3039
AC-048,105,-0.0022,0.0005,100.0,642.3,1587.08,1397.38,554.55,2388.0,9075.79,47.29,522.44,8154.72,8.4262,394,38.94,23.3078
AC-048,106,0.0,0.0002,100.0,642.54,1584.65,1402.06,554.98,2388.03,9074.22,47.4,522.1,8158.34,8.3848,391,38.9,23.3834
AC-048,107,0.0001,0.0003,100.0,642.97,1580.2,1399.73,554.5,2388.06,9070.54,47.37,522.48,8149.16,8.4038,393,39.04,23.4044
AC-048,108,0.0063,0.0005,100.0,642.43,1583.52,1403.39,554.61,2388.01,9069.45,47.53,521.81,8155.53,8.4224,392,38.95,23.2532
AC-048,109,0.0013,-0.0001,100.0,642.96,1577.68,1399.29,554.29,2388.02,9072.5,47.33,522.05,8157.56,8.3975,392,39.04,23.4283
AC-048,110,-0.0004,-0.0003,100.0,642.52,1584.89,1398.75,553.37,2388.04,9074.73,47.28,522.22,8154.92,8.4381,393,39.02,23.2959
AC-048,111,0.0002,0.0003,100.0,642.11,1579.14,1402.74,554.56,2388.01,9077.72,47.33,522.59,8152.11,8.4302,392,39.12,23.409
AC-048,112,0.001,-0.0003,100.0,642.46,1587.86,1404.72,554.2,2388.03,9080.95,47.1,522.23,8157.27,8.3802,392,38.93,23.3286
AC-048,113,-0.0006,0.0001,100.0,642.23,1586.49,1395.82,553.83,2388.08,9074.51,47.21,522.0,8151.69,8.4191,393,39.06,23.3109
AC-048,114,0.0007,0.0004,100.0,642.22,1586.35,1396.42,553.73,2387.98,9067.8,47.25,522.17,8152.25,8.4315,393,39.0,23.3964
AC-048,115,0.0011,0.0002,100.0,642.22,1583.95,1393.97,554.53,2388.03,9078.93,47.36,522.1,8156.13,8.4104,393,38.96,23.4473
AC-048,116,-0.0001,0.0,100.0,642.24,1593.76,1404.9,554.3,2388.01,9078.73,47.42,522.76,8154.88,8.3808,390,38.84,23.3267
AC-048,117,-0.0012,0.0001,100.0,642.39,1580.64,1406.38,554.71,2387.99,9073.18,47.36,521.88,8152.61,8.4382,392,38.88,23.33
AC-048,118,0.0022,0.0003,100.0,642.2,1586.34,1399.51,553.39,2388.04,9071.96,47.35,521.63,8154.35,8.4151,394,39.02,23.4144
AC-048,119,0.001,0.0003,100.0,642.18,1586.09,1390.45,554.27,2388.04,9072.92,47.06,522.07,8154.77,8.4299,392,39.0,23.2948
AC-048,120,-0.0014,-0.0003,100.0,642.44,1588.55,1401.07,554.27,2388.02,9068.99,47.31,522.27,8161.43,8.4052,392,38.88,23.4132
AC-048,121,0.002,-0.0004,100.0,642.03,1589.41,1399.93,553.63,2388.03,9069.27,47.3,522.38,8154.18,8.4567,391,38.99,23.3528
AC-048,122,-0.0017,0.0003,100.0,642.3,1586.82,1400.63,553.9,2388.0,9077.56,47.38,522.15,8152.6,8.3993,391,39.16,23.3222
AC-048,123,-0.0006,-0.0004,100.0,641.93,1592.87,1396.62,554.04,2388.06,9069.93,47.2,521.99,8157.78,8.4086,393,39.1,23.3386
AC-048,124,0.0007,-0.0001,100.0,641.75,1585.63,1405.08,554.68,2388.01,9075.13,47.24,521.84,8159.49,8.4541,392,39.06,23.3738
AC-048,125,0.0055,0.0002,100.0,642.3,1582.96,1397.73,554.57,2388.0,9083.28,47.34,522.38,8153.9,8.4026,392,39.07,23.2803
AC-048,126,-0.0006,0.0003,100.0,642.45,1579.8,1400.93,553.86,2388.01,9078.74,47.22,522.14,8155.0,8.4054,391,38.98,23.3129
AC-048,127,0.0017,-0.0003,100.0,642.73,1586.03,1407.52,553.83,2388.02,9079.14,47.31,522.58,8162.87,8.4069,391,38.88,23.3955
AC-048,128,0.0019,0.0,100.0,642.28,1585.67,1406.02,554.18,2388.04,9077.31,47.44,522.11,8160.39,8.3935,391,38.8,23.4026
AC-048,129,0.0015,-0.0004,100.0,642.28,1580.19,1398.93,554.37,2388.03,9085.25,47.23,522.12,8158.56,8.414,393,38.82,23.3757
AC-048,130,-0.0018,-0.0005,100.0,641.61,1595.71,1402.09,554.5,2388.02,9077.04,47.24,522.59,8157.2,8.4635,392,38.95,23.3519
AC-048,131,0.0016,-0.0004,100.0,642.65,1586.1,1395.28,553.72,2387.98,9079.77,47.47,521.88,8159.93,8.4019,392,38.92,23.3736
AC-048,132,0.0012,-0.0,100.0,642.31,1590.47,1396.18,553.14,2388.01,9075.46,47.44,522.22,8159.86,8.3847,391,39.03,23.3766
AC-048,133,0.0006,-0.0002,100.0,642.74,1586.64,1399.92,554.48,2388.03,9085.2,47.43,522.47,8161.72,8.4237,391,38.89,23.264
AC-048,134,-0.0022,-0.0004,100.0,642.52,1587.53,1399.67,553.62,2388.06,9089.17,47.27,521.89,8159.75,8.4292,392,38.99,23.347
AC-048,135,-0.0012,-0.0002,100.0,642.47,1591.14,1397.59,555.2,2388.0,9076.2,47.27,521.27,8158.97,8.399,391,38.82,23.2983
AC-048,136,0.0042,-0.0004,100.0,642.11,1582.87,1405.06,554.0,2388.01,9079.84,47.4,521.84,8163.53,8.4288,393,39.04,23.4057
AC-048,137,0.0005,-0.0001,100.0,642.81,1586.86,1403.65,554.0,2388.0,9080.62,47.3,522.01,8157.32,8.4055,391,38.84,23.4128
AC-048,138,-0.0018,0.0004,100.0,642.03,1586.7,1410.02,554.17,2388.03,9086.91,47.09,521.9,8163.03,8.4059,393,38.83,23.3331
AC-048,139,0.001,-0.0001,100.0,642.41,1583.75,1408.99,554.12,2387.99,9078.15,47.3,521.88,8160.35,8.4079,392,38.84,23.3403
AC-048,140,-0.0001,-0.0002,100.0,642.48,1583.78,1402.22,553.84,2388.01,9083.14,47.38,522.01,8159.01,8.4296,393,39.05,23.405
AC-048,141,-0.0015,-0.0001,100.0,642.4,1579.98,1400.18,553.71,2388.01,9088.46,47.42,521.63,8160.56,8.3977,392,38.87,23.4452
AC-048,142,-0.0032,0.0002,100.0,642.23,1587.81,1400.04,553.84,2387.98,9085.0,47.24,522.6,8162.77,8.3446,391,39.07,23.4193
AC-048,143,-0.0038,0.0003,100.0,642.53,1586.18,1405.89,554.59,2388.03,9085.12,47.37,522.32,8163.9,8.431,391,39.01,23.3323
AC-048,144,0.0019,0.0002,100.0,642.37,1588.01,1406.95,554.55,2388.05,9084.75,47.19,522.4,8162.83,8.4403,394,39.06,23.4883
AC-048,145,-0.0012,-0.0001,100.0,642.75,1581.33,1402.7,553.69,2388.03,9085.19,47.36,522.1,8164.54,8.3969,392,38.96,23.3868
AC-048,146,0.002,-0.0002,100.0,642.73,1584.24,1405.39,553.63,2387.99,9089.08,47.37,521.45,8165.11,8.4194,393,39.04,23.3931
AC-048,147,-0.0017,0.0005,100.0,642.42,1594.6,1401.95,554.18,2387.99,9082.47,47.53,521.85,8164.07,8.3923,392,38.92,23.3166
AC-048,148,-0.0028,-0.0004,100.0,642.5,1588.13,1402.21,554.18,2388.0,9091.61,47.21,521.84,8160.94,8.4309,392,39.06,23.3924
AC-048,149,0.0013,-0.0004,100.0,642.29,1587.15,1408.11,553.94,2387.99,9079.35,47.44,521.99,8160.03,8.4378,392,38.88,23.3767
AC-048,150,0.0013,0.0002,100.0,642.59,1585.96,1409.73,554.89,2388.0,9094.33,47.3,521.2,8160.37,8.4121,393,38.85,23.3854
AC-048,151,-0.0055,0.0005,100.0,642.33,1585.5,1400.86,553.68,2388.09,9085.09,47.54,521.45,8167.42,8.4248,392,38.97,23.2836
AC-048,152,-0.0018,-0.0005,100.0,642.31,1590.34,1412.93,554.55,2388.02,9094.31,47.49,521.5,8164.39,8.4345,391,39.06,23.4439
AC-048,153,-0.0008,0.0001,100.0,642.68,1594.39,1397.83,554.03,2388.01,9084.28,47.2,521.99,8169.85,8.4318,391,38.94,23.2717
AC-048,154,-0.0023,-0.0003,100.0,642.16,1585.91,1400.94,553.9,2388.0,9096.19,47.19,521.97,8170.6,8.4296,393,38.89,23.4489
AC-048,155,0.0029,-0.0003,100.0,642.92,1587.86,1406.51,553.97,2387.99,9089.61,47.44,521.64,8166.66,8.4457,394,38.87,23.3339
AC-048,156,-0.0011,-0.0004,100.0,642.28,1590.67,1400.6,553.73,2388.03,9099.52,47.31,521.21,8171.18,8.4445,393,38.96,23.3283
AC-048,157,0.0026,-0.0005,100.0,642.7,1592.57,1402.09,553.62,2388.07,9084.88,47.36,521.39,8167.12,8.4177,392,38.78,23.2402
AC-048,158,0.001,0.0002,100.0,642.32,1590.45,1413.96,553.71,2387.99,9094.69,47.5,521.74,8170.44,8.4051,392,38.96,23.2618
AC-048,159,-0.0007,0.0002,100.0,642.42,1582.51,1406.52,553.4,2388.0,9094.19,47.4,522.09,8171.24,8.4156,393,38.89,23.3774
AC-048,160,0.0009,-0.0003,100.0,642.39,1585.96,1401.63,553.62,2387.96,9087.64,47.5,521.84,8168.64,8.4616,394,38.78,23.3298
AC-048,161,0.0007,-0.0001,100.0,642.69,1588.77,1403.13,554.62,2388.04,9098.94,47.25,521.92,8169.93,8.4209,392,38.82,23.4195
AC-048,162,0.001,-0.0005,100.0,642.67,1588.73,1402.08,553.87,2388.04,9097.55,47.33,521.2,8172.98,8.4651,391,38.86,23.2964
AC-048,163,-0.0003,0.0001,100.0,642.39,1588.28,1408.85,553.33,2388.02,9090.54,47.37,521.39,8172.88,8.4235,392,38.81,23.2202
AC-048,164,-0.0015,-0.0004,100.0,642.5,1585.7,1405.64,553.45,2387.99,9101.15,47.22,521.68,8170.93,8.4175,393,38.69,23.2296
AC-048,165,0.0001,0.0002,100.0,643.0,1591.63,1403.59,554.41,2388.04,9102.92,47.36,522.32,8178.94,8.4322,395,38.68,23.2428
AC-048,166,-0.0007,0.0003,100.0,642.51,1587.01,1407.68,554.06,2388.04,9102.78,47.45,521.83,8172.57,8.472,393,38.85,23.3821
AC-048,167,-0.0019,-0.0003,100.0,641.53,1591.51,1401.43,553.73,2388.03,9098.68,47.45,521.97,8175.82,8.4383,392,38.9,23.2416
AC-048,168,-0.0016,-0.0001,100.0,642.54,1583.44,1407.15,554.2,2388.06,9097.86,47.33,522.14,8171.58,8.4134,394,38.91,23.3072
AC-048,169,-0.0007,0.0001,100.0,642.81,1582.34,1403.35,553.72,2388.07,9095.9,47.47,522.36,8179.37,8.4436,395,38.83,23.3032
AC-048,170,0.0005,-0.0004,100.0,642.32,1601.41,1395.53,554.02,2388.02,9097.63,47.29,522.36,8171.82,8.4977,393,38.92,23.2899
AC-048,171,-0.0005,0.0004,100.0,642.99,1592.53,1403.44,552.96,2388.01,9096.11,47.46,521.87,8178.24,8.4421,394,38.81,23.2065
AC-048,172,0.0005,0.0002,100.0,642.02,1595.99,1407.25,553.91,2388.03,9098.69,47.28,521.92,8180.34,8.4062,393,38.68,23.423
AC-048,173,0.0003,-0.0001,100.0,642.9,1590.64,1400.44,554.76,2388.04,9101.8,47.47,521.72,8180.95,8.4488,394,38.74,23.2552
AC-048,174,0.0013,-0.0004,100.0,642.75,1584.64,1407.27,553.46,2388.05,9100.32,47.53,522.52,8183.33,8.4107,394,38.87,23.359
AC-048,175,0.002,-0.0002,100.0,642.79,1597.99,1410.35,553.98,2387.99,9102.75,47.38,521.61,8183.38,8.4439,393,38.84,23.3409
AC-048,176,-0.0018,0.0004,100.0,642.99,1589.6,1409.23,553.64,2388.0,9106.35,47.46,521.69,8181.34,8.4136,393,38.78,23.3887
AC-048,177,-0.0006,-0.0003,100.0,642.59,1589.32,1411.14,553.46,2388.03,9105.62,47.62,521.77,8183.12,8.4167,394,38.78,23.2869
AC-048,178,-0.0007,0.0003,100.0,642.05,1585.45,1404.49,553.96,2387.99,9116.1,47.59,521.19,8184.61,8.4509,393,38.78,23.3475
AC-048,179,0.0039,0.0001,100.0,642.38,1588.41,1412.07,553.31,2388.02,9102.32,47.4,521.75,8181.91,8.4377,393,38.96,23.3672
AC-048,180,0.0022,-0.0004,100.0,642.39,1595.3,1405.82,553.4,2388.06,9109.81,47.5,521.9,8183.92,8.4336,391,38.78,23.2588
AC-048,181,-0.0027,-0.0005,100.0,642.53,1592.39,1402.01,554.49,2388.05,9107.37,47.61,521.32,8185.11,8.4658,395,38.81,23.3259
AC-048,182,0.0001,-0.0004,100.0,643.01,1585.15,1401.83,553.26,2388.03,9107.35,47.5,522.09,8186.88,8.4261,393,38.94,23.3445
AC-048,183,0.0018,-0.0004,100.0,642.84,1594.15,1407.05,553.3,2388.01,9113.2,47.55,521.63,8186.44,8.4266,394,38.73,23.3863
AC-048,184,-0.0025,-0.0002,100.0,642.52,1591.88,1398.63,552.64,2388.01,9115.5,47.61,521.6,8194.3,8.4368,393,38.82,23.3124
AC-048,185,-0.0014,-0.0004,100.0,642.53,1598.55,1409.81,553.46,2387.99,9116.37,47.36,521.07,8189.63,8.4457,393,38.77,23.2795
AC-048,186,-0.001,0.0002,100.0,642.4,1590.33,1409.04,554.13,2388.09,9115.52,47.29,522.39,8192.21,8.4212,394,38.89,23.4084
AC-048,187,-0.0001,-0.0002,100.0,642.62,1599.39,1413.47,554.13,2388.04,9118.25,47.52,521.57,8191.67,8.4314,394,38.78,23.3541
AC-048,188,0.0018,0.0,100.0,642.34,1593.36,1405.29,553.74,2388.04,9125.49,47.65,521.82,8198.76,8.4363,393,38.72,23.2895
AC-048,189,0.0003,0.0,100.0,643.0,1589.45,1408.22,553.61,2388.02,9119.91,47.54,521.84,8194.35,8.4462,392,38.64,23.2525
AC-048,190,-0.0008,-0.0003,100.0,643.22,1589.68,1409.3,553.89,2387.95,9121.12,47.48,521.61,8196.27,8.4243,394,38.87,23.4068
AC-048,191,0.0007,-0.0004,100.0,642.66,1586.88,1416.42,553.95,2388.0,9126.4,47.46,521.64,8197.29,8.4432,396,38.8,23.2577
AC-048,192,-0.0005,-0.0,100.0,643.01,1595.3,1410.89,552.99,2388.04,9128.35,47.48,521.63,8200.61,8.4453,395,38.94,23.251
AC-048,193,0.0023,0.0001,100.0,642.46,1596.92,1409.87,553.21,2388.01,9129.75,47.38,521.42,8195.52,8.4531,393,38.72,23.2873
AC-048,194,0.0009,-0.0004,100.0,642.62,1592.95,1414.64,553.64,2388.01,9135.74,47.43,520.74,8198.78,8.4348,395,38.6,23.2724
AC-048,195,-0.0005,-0.0003,100.0,642.51,1587.81,1404.95,552.75,2388.05,9128.62,47.57,522.02,8199.95,8.4221,393,38.59,23.2359
AC-048,196,-0.001,0.0001,100.0,643.5,1590.29,1412.13,553.41,2388.05,9129.75,47.61,521.54,8202.95,8.4673,394,38.74,23.3566
AC-048,197,0.0026,-0.0003,100.0,642.69,1592.0,1410.23,553.27,2388.08,9142.16,47.71,521.72,8206.38,8.4673,393,38.71,23.1459
AC-048,198,0.0019,0.0003,100.0,642.36,1585.28,1415.33,553.9,2388.07,9139.44,47.4,521.62,8208.5,8.4708,394,38.56,23.2619
AC-048,199,0.0004,0.0002,100.0,643.13,1594.73,1414.11,554.05,2388.06,9142.45,47.62,520.94,8211.98,8.4617,392,38.74,23.1588
AC-048,200,-0.0008,-0.0004,100.0,642.42,1591.26,1410.07,554.59,2388.03,9132.51,47.66,521.41,8211.23,8.4673,395,38.83,23.1801
AC-048,201,-0.0012,-0.0004,100.0,642.81,1598.64,1410.85,552.84,2388.03,9140.4,47.55,521.54,8213.18,8.4677,394,38.75,23.366
AC-048,202,0.0011,0.0004,100.0,642.06,1590.76,1411.55,553.29,2388.03,9138.14,47.52,521.24,8214.83,8.4839,394,38.92,23.2684
AC-048,203,0.0008,-0.0003,100.0,642.78,1596.3,1416.51,553.65,2387.99,9144.42,47.56,520.8,8211.55,8.4286,395,38.84,23.1209
AC-048,204,0.002,0.0,100.0,643.34,1587.42,1418.81,552.44,2388.07,9146.09,47.54,521.44,8216.44,8.4793,396,38.74,23.2117
AC-048,205,-0.0027,0.0004,100.0,642.65,1588.68,1419.31,552.76,2387.99,9151.35,47.61,521.16,8216.59,8.4426,395,38.6,23.2698
AC-048,206,0.0032,-0.0003,100.0,642.67,1596.45,1417.79,552.98,2388.11,9146.51,47.65,521.23,8217.88,8.4719,394,38.68,23.1415
AC-048,207,0.0035,0.0004,100.0,643.08,1600.75,1409.2,553.76,2388.06,9145.09,47.69,521.11,8222.06,8.488,396,38.91,23.2077
AC-048,208,-0.0007,-0.0004,100.0,643.33,1591.12,1410.65,553.24,2388.11,9155.19,47.77,521.29,8224.0,8.4692,394,38.84,23.1579
AC-048,209,0.0008,-0.0001,100.0,642.83,1596.06,1421.92,553.07,2388.04,9158.94,47.68,520.72,8229.16,8.4857,396,38.78,23.0752
AC-048,210,-0.0022,-0.0005,100.0,642.71,1600.12,1417.16,552.69,2388.06,9161.25,47.65,521.02,8224.14,8.4822,394,38.68,23.1974
AC-048,211,0.0013,-0.0002,100.0,642.91,1600.75,1417.84,553.08,2388.03,9164.03,47.94,520.29,8227.46,8.4596,396,38.7,23.2743
AC-048,212,0.0008,0.0004,100.0,643.02,1594.41,1416.99,552.56,2388.09,9170.04,47.89,520.94,8228.92,8.471,394,38.64,23.2122
AC-048,213,-0.0026,-0.0004,100.0,643.28,1597.42,1408.66,553.21,2388.14,9167.05,47.62,521.33,8230.32,8.4773,396,38.64,23.1549
AC-048,214,-0.0013,0.0001,100.0,643.13,1594.97,1413.88,552.92,2388.12,9167.78,47.81,520.44,8235.98,8.4626,395,38.79,23.1464
AC-048,215,0.003,0.0002,100.0,643.07,1601.76,1421.3,553.06,2388.1,9172.79,47.68,520.6,8240.15,8.478,397,38.43,23.1378
AC-048,216,-0.0045,-0.0004,100.0,643.4,1601.0,1407.63,553.0,2388.1,9171.45,47.97,521.03,8241.36,8.5016,397,38.58,23.2
AC-048,217,-0.0011,0.0003,100.0,643.29,1594.66,1421.11,552.89,2388.08,9167.0,47.64,521.04,8237.72,8.5073,397,38.41,23.1774
AC-048,218,0.0015,-0.0001,100.0,643.33,1598.76,1415.13,553.18,2388.06,9182.87,47.59,520.88,8243.81,8.5131,395,38.72,23.1518
AC-048,219,0.0028,-0.0002,100.0,643.35,1601.96,1422.96,552.45,2388.08,9183.28,47.87,520.87,8247.86,8.4863,396,38.45,23.1485
AC-048,220,-0.0029,-0.0001,100.0,643.43,1600.6,1418.94,553.21,2388.06,9187.13,47.8,521.0,8250.12,8.4868,396,38.52,23.1516
AC-048,221,-0.0019,-0.0002,100.0,643.08,1598.16,1425.57,552.01,2388.13,9191.86,48.01,520.72,8255.4,8.5087,395,38.6,23.2172
AC-048,222,0.0056,0.0004,100.0,643.71,1603.59,1419.42,552.2,2388.1,9190.24,47.9,520.73,8248.76,8.5139,395,38.65,23.1358
AC-048,223,-0.0011,0.0003,100.0,643.59,1604.0,1418.92,552.25,2388.12,9194.76,47.95,520.88,8262.29,8.4945,395,38.4,23.1297
AC-048,224,-0.0013,0.0001,100.0,643.36,1606.43,1426.57,552.39,2388.07,9202.57,47.93,521.02,8263.32,8.5171,395,38.51,23.1291
AC-048,225,-0.0016,0.0001,100.0,643.87,1598.18,1430.13,552.29,2388.11,9198.81,47.78,520.47,8266.63,8.4576,395,38.36,23.2052
AC-048,226,-0.0043,-0.0002,100.0,642.95,1604.22,1419.28,551.99,2388.05,9207.82,47.92,520.97,8264.65,8.4938,396,38.5,23.0366
AC-048,227,-0.0001,-0.0001,100.0,643.75,1608.61,1426.16,552.33,2388.16,9208.97,47.76,520.14,8272.65,8.4803,397,38.64,23.1457
AC-048,228,0.0002,-0.0002,100.0,643.82,1598.89,1420.08,550.98,2388.09,9210.41,48.04,520.68,8271.59,8.5145,395,38.51,23.0815
AC-048,229,0.0007,0.0003,100.0,644.18,1600.93,1425.22,551.62,2388.11,9214.52,48.0,520.29,8270.51,8.4947,396,38.59,23.0387
AC-048,230,0.0038,0.0005,100.0,643.39,1600.58,1429.6,551.83,2388.19,9221.31,48.12,520.76,8276.2,8.5112,397,38.49,23.0147
AC-048,231,-0.0025,-0.0005,100.0,644.02,1609.54,1435.19,551.65,2388.52,9228.53,47.98,520.53,8290.25,8.4923,398,38.45,23.0188
AC-050,1,0.0015,-0.0006,100.0,642.12,1582.5,1400.44,553.76,2388.05,9057.95,47.31,521.97,8141.04,8.4366,394,38.96,23.3947
AC-050,2,0.0008,0.0002,100.0,642.62,1589.9,1404.14,554.52,2388.02,9062.85,47.31,522.27,8138.39,8.4211,394,38.91,23.4594
AC-050,3,-0.0012,0.0002,100.0,642.55,1582.75,1403.42,554.26,2388.04,9071.21,47.41,522.4,8143.16,8.3931,392,38.97,23.323
AC-050,4,-0.0035,-0.0005,100.0,642.61,1586.91,1403.46,554.56,2388.05,9065.42,47.46,522.25,8141.2,8.4286,393,38.91,23.3886
AC-050,5,-0.0018,0.0003,100.0,642.41,1589.7,1401.43,554.26,2388.05,9060.73,47.33,522.1,8143.94,8.4295,394,38.98,23.334
AC-050,6,0.0023,-0.0,100.0,642.46,1585.34,1402.43,553.63,2388.01,9056.24,47.48,521.56,8143.26,8.4073,391,38.87,23.2987
AC-050,7,0.0012,0.0002,100.0,642.37,1584.77,1402.34,553.91,2388.07,9062.94,47.3,521.59,8147.63,8.3972,393,39.04,23.4
AC-050,8,0.0009,0.0001,100.0,642.38,1585.62,1401.11,554.15,2388.04,9062.45,47.38,522.31,8147.94,8.4477,392,38.88,23.3771
AC-050,9,0.0027,-0.0002,100.0,642.54,1581.7,1398.03,553.67,2388.04,9059.19,47.37,522.18,8143.67,8.4103,393,38.95,23.349
AC-050,10,0.0005,0.0003,100.0,642.33,1585.82,1395.96,554.58,2388.09,9061.41,47.26,521.43,8142.77,8.4169,392,38.81,23.2714
AC-050,11,-0.0036,-0.0004,100.0,642.05,1578.46,1396.43,553.38,2388.09,9063.78,47.4,521.57,8146.15,8.3979,392,38.81,23.3106
AC-050,12,-0.003,0.0003,100.0,642.76,1581.49,1400.18,554.42,2388.07,9060.85,47.34,522.23,8143.07,8.4528,393,38.84,23.3407
AC-050,13,-0.0025,0.0,100.0,642.6,1576.37,1398.64,553.14,2388.07,9065.62,47.4,521.87,8142.15,8.4003,393,38.85,23.3102
AC-050,14,-0.0014,0.0003,100.0,641.95,1588.64,1406.48,553.63,2388.05,9063.97,47.43,521.76,8143.77,8.4072,391,38.95,23.3548
AC-050,15,0.0018,0.0,100.0,642.19,1588.83,1399.52,553.72,2388.02,9061.43,47.25,522.36,8142.46,8.4295,391,38.96,23.346
AC-050,16,-0.0009,0.0003,100.0,641.81,1584.15,1405.48,553.85,2388.11,9064.26,47.43,521.75,8138.77,8.4279,392,38.89,23.288
AC-050,17,-0.0049,-0.0005,100.0,642.83,1585.08,1402.0,554.4,2388.08,9067.86,47.41,521.77,8143.94,8.4252,394,38.83,23.2551
AC-050,18,0.002,0.0001,100.0,642.47,1582.63,1401.72,553.74,2388.05,9057.15,47.3,522.45,8145.89,8.418,393,38.9,23.441
AC-050,19,0.0023,-0.0006,100.0,642.67,1585.14,1404.04,554.12,2388.09,9061.05,47.49,522.02,8143.45,8.4178,392,39.02,23.3642
AC-050,20,-0.0001,-0.0002,100.0,642.42,1583.58,1399.71,554.51,2388.07,9068.95,47.46,521.68,8142.44,8.4347,392,38.82,23.4585
AC-050,21,-0.0001,-0.0001,100.0,642.56,1585.06,1412.19,554.43,2388.04,9062.45,47.35,521.46,8140.47,8.419,392,39.0,23.3518
AC-050,22,0.004,0.0002,100.0,642.39,1584.2,1407.2,554.04,2388.03,9063.67,47.41,521.47,8143.65,8.4218,393,38.76,23.3956
AC-050,23,-0.0005,-0.0004,100.0,642.83,1593.36,1400.32,553.53,2388.08,9056.7,47.48,521.89,8142.94,8.3873,391,38.99,23.4109
AC-050,24,0.0035,-0.0002,100.0,642.73,1580.39,1400.53,554.31,2388.07,9061.05,47.32,521.94,8145.82,8.3854,392,38.96,23.3642
AC-050,25,0.0026,0.0003,100.0,642.4,1589.16,1399.42,553.25,2388.04,9063.67,47.41,521.98,8138.58,8.4174,394,38.98,23.3005
AC-050,26,0.0035,-0.0001,100.0,642.74,1579.32,1397.69,554.16,2388.06,9074.08,47.43,521.98,8145.23,8.4121,393,38.81,23.3646
AC-050,27,-0.0019,-0.0003,100.0,642.46,1586.65,1402.83,553.98,2388.04,9069.01,47.36,521.67,8148.89,8.4403,392,38.94,23.3186
AC-050,28,-0.005,0.0,100.0,642.28,1586.5,1407.03,553.44,2388.13,9068.05,47.46,521.59,8139.08,8.4091,392,38.91,23.3449
AC-050,29,0.0039,0.0001,100.0,642.92,1591.07,1399.2,553.96,2388.06,9061.73,47.34,521.57,8149.84,8.4099,391,38.91,23.3521
AC-050,30,-0.0021,0.0002,100.0,642.62,1590.45,1407.7,554.18,2388.03,9064.09,47.25,522.31,8145.42,8.4132,393,38.99,23.1615
AC-050,31,-0.0034,-0.0006,100.0,642.46,1584.46,1408.24,553.98,2388.06,9062.5,47.18,521.49,8142.92,8.4105,393,38.91,23.3103
AC-050,32,0.0009,-0.0006,100.0,642.63,1589.42,1399.63,553.37,2388.04,9060.88,47.44,522.26,8148.2,8.3881,393,39.0,23.3352
AC-050,33,0.0,-0.0004,100.0,642.14,1582.13,1405.19,553.22,2388.08,9062.7,47.51,521.78,8146.65,8.4352,391,38.82,23.3546
AC-050,34,-0.0009,0.0004,100.0,642.82,1582.82,1408.77,554.05,2388.08,9068.04,47.34,522.29,8145.91,8.4409,393,38.98,23.3735
AC-050,35,-0.0031,0.0003,100.0,642.12,1590.81,1400.34,553.18,2388.02,9058.77,47.3,521.23,8144.14,8.3706,393,38.9,23.3269
AC-050,36,0.0004,-0.0004,100.0,642.38,1586.38,1403.16,554.13,2388.08,9064.08,47.42,522.38,8142.4,8.4335,394,38.95,23.4361
AC-050,37,-0.0029,-0.0002,100.0,642.66,1591.79,1401.3,554.6,2388.01,9064.12,47.47,521.68,8151.49,8.4158,393,38.8,23.3016
AC-050,38,-0.0002,-0.0005,100.0,642.28,1587.84,1404.96,553.6,2388.06,9065.83,47.33,522.12,8142.72,8.4467,392,38.99,23.344
AC-050,39,-0.001,-0.0005,100.0,642.21,1586.89,1404.47,554.31,2388.05,9065.63,47.48,521.96,8139.14,8.4424,393,38.91,23.319
AC-050,40,-0.0061,-0.0002,100.0,643.19,1587.36,1398.9,554.35,2388.07,9059.91,47.3,522.31,8145.16,8.4504,393,38.95,23.3161
AC-050,41,-0.0002,0.0001,100.0,642.47,1584.96,1406.08,554.03,2388.0,9073.29,47.44,522.05,8145.35,8.3822,392,38.83,23.3256
AC-050,42,-0.0003,-0.0003,100.0,641.82,1585.3,1399.3,554.38,2388.02,9068.48,47.13,522.17,8144.13,8.418,393,38.8,23.4777
AC-050,43,0.0026,-0.0005,100.0,642.39,1589.71,1410.44,553.41,2388.07,9065.43,47.32,522.44,8142.57,8.4232,393,38.7,23.3443
AC-050,44,0.0011,0.0002,100.0,642.07,1590.7,1403.72,553.84,2388.04,9059.48,47.43,521.9,8145.86,8.4063,393,38.89,23.3815
AC-050,45,0.0005,-0.0001,100.0,641.8,1592.23,1401.26,553.56,2388.02,9059.32,47.19,521.73,8142.33,8.3988,390,38.95,23.3749
AC-050,46,0.0008,0.0001,100.0,642.26,1586.46,1404.42,553.29,2388.04,9071.98,47.41,521.8,8142.1,8.4241,391,38.96,23.3982
AC-050,47,0.0016,0.0002,100.0,642.78,1594.91,1404.75,553.26,2388.0,9061.25,47.48,522.25,8142.54,8.438,391,38.94,23.253
AC-050,48,-0.0005,-0.0001,100.0,642.22,1580.13,1403.97,553.98,2388.11,9069.15,47.43,522.09,8141.59,8.4472,392,38.9,23.3085
AC-050,49,0.0026,-0.0002,100.0,642.85,1586.51,1403.74,553.53,2388.07,9056.25,47.38,521.63,8140.68,8.403,393,38.91,23.1514
AC-050,50,-0.0036,0.0002,100.0,642.17,1593.23,1396.05,554.17,2388.06,9061.89,47.63,521.69,8147.92,8.4304,392,38.84,23.38
AC-050,51,-0.0016,-0.0005,100.0,642.12,1588.94,1408.59,553.5,2388.03,9062.73,47.28,521.81,8140.9,8.3951,393,38.99,23.1953
AC-050,52,0.0062,-0.0004,100.0,642.16,1585.63,1410.41,554.02,2388.08,9062.46,47.34,521.97,8143.61,8.41,392,38.95,23.4115
AC-050,53,0.0036,-0.0004,100.0,642.53,1587.93,1401.62,553.98,2388.04,9071.8,47.65,521.8,8149.64,8.4355,394,38.99,23.3295
AC-050,54,-0.002,0.0003,100.0,642.03,1586.26,1407.92,553.54,2388.02,9065.53,47.33,521.19,8141.71,8.4345,392,38.93,23.4203
AC-050,55,-0.0021,0.0001,100.0,641.89,1587.63,1410.24,554.04,2388.07,9060.36,47.45,521.23,8143.56,8.45,393,38.76,23.3948
AC-050,56,-0.0005,-0.0005,100.0,642.45,1583.2,1408.51,554.6,2388.02,9063.39,47.39,521.43,8144.82,8.4518,394,38.96,23.2727
AC-050,57,0.0026,-0.0001,100.0,643.12,1584.99,1398.91,553.92,2388.06,9057.86,47.51,522.1,8145.08,8.4159,393,38.78,23.3328
AC-050,58,0.0008,-0.0002,100.0,642.32,1586.96,1404.61,553.8,2388.02,9066.95,47.18,521.81,8142.77,8.4207,393,39.02,23.3168
AC-050,59,0.0011,-0.0,100.0,642.72,1586.05,1400.68,553.96,2388.11,9067.12,47.23,522.11,8141.16,8.3832,394,38.81,23.3355
AC-050,60,-0.0013,-0.0001,100.0,642.44,1589.24,1416.54,553.12,2388.03,9070.84,47.32,521.79,8144.09,8.4086,392,38.86,23.3714
AC-050,61,-0.0021,-0.0005,100.0,642.39,1584.21,1404.19,553.94,2388.08,9066.48,47.4,521.9,8143.44,8.4312,393,38.94,23.3841
AC-050,62,-0.0008,0.0004,100.0,642.64,1597.04,1403.63,553.31,2388.12,9060.63,47.53,522.24,8147.15,8.4157,394,39.14,23.2324
AC-050,63,-0.0009,0.0002,100.0,642.14,1589.99,1410.05,553.37,2388.04,9067.71,47.37,521.23,8146.18,8.4236,392,38.79,23.3751
AC-050,64,0.0026,-0.0002,100.0,642.21,1592.14,1403.64,553.14,2388.06,9057.15,47.4,521.71,8145.31,8.4281,392,38.91,23.3434
AC-050,65,0.0039,-0.0003,100.0,642.24,1585.01,1405.13,553.69,2388.07,9068.1,47.24,522.19,8146.92,8.4537,393,38.98,23.2149
AC-050,66,-0.002,-0.0002,100.0,642.52,1584.84,1407.86,553.52,2388.05,9065.0,47.58,521.98,8142.94,8.4272,392,38.96,23.2587
AC-050,67,-0.0027,0.0001,100.0,642.55,1592.28,1406.93,553.16,2388.05,9077.05,47.23,520.86,8140.28,8.4347,393,38.88,23.3006
AC-050,68,0.0006,0.0,100.0,642.52,1585.26,1402.78,553.42,2388.08,9057.66,47.19,521.31,8152.22,8.4391,395,38.91,23.327
AC-050,69,0.001,-0.0,100.0,642.29,1581.25,1409.86,553.25,2388.04,9066.7,47.28,522.2,8146.75,8.4336,392,39.08,23.4135
AC-050,70,0.0042,0.0004,100.0,642.46,1586.49,1409.26,554.94,2388.06,9066.79,47.5,521.67,8143.18,8.4552,394,39.05,23.2842
AC-050,71,0.0004,0.0002,100.0,642.0,1588.12,1399.37,553.54,2388.06,9063.64,47.53,521.72,8150.49,8.4144,392,38.9,23.3808
AC-050,72,-0.0028,0.0003,100.0,642.42,1584.73,1404.86,553.8,2388.11,9058.59,47.59,522.04,8146.85,8.4021,392,38.89,23.3863
AC-050,73,0.0004,-0.0001,100.0,642.63,1586.71,1400.6,554.14,2388.03,9061.19,47.43,521.39,8140.58,8.4378,393,38.67,23.2567
AC-050,74,-0.0024,-0.0004,100.0,642.79,1587.78,1405.16,554.46,2388.05,9067.88,47.26,521.78,8150.52,8.4015,393,38.73,23.3033
AC-050,75,0.003,-0.0006,100.0,642.6,1593.14,1396.47,554.63,2388.03,9058.27,47.44,521.63,8142.02,8.4256,394,38.93,23.3008
AC-050,76,-0.0026,0.0003,100.0,642.87,1590.79,1407.75,554.06,2388.07,9073.62,47.47,521.55,8146.77,8.4664,393,38.96,23.352
AC-050,77,-0.0004,-0.0004,100.0,642.07,1584.43,1405.78,553.61,2387.99,9066.94,47.44,521.84,8149.47,8.413,392,38.87,23.2678
AC-050,78,0.0037,-0.0005,100.0,642.59,1586.9,1406.29,553.91,2388.04,9061.96,47.35,521.41,8144.46,8.4072,393,38.72,23.4196
AC-050,79,-0.0006,-0.0004,100.0,642.51,1589.88,1406.79,553.97,2388.05,9069.12,47.49,522.02,8140.66,8.3685,393,38.95,23.2316
AC-050,80,-0.002,-0.0006,100.0,642.53,1584.91,1408.52,554.29,2388.04,9070.89,47.62,521.71,8145.66,8.427,393,38.85,23.3824
AC-050,81,0.0016,0.0001,100.0,642.91,1584.75,1405.41,553.9,2388.07,9076.62,47.46,521.32,8145.04,8.4206,391,38.84,23.365
AC-050,82,-0.0047,-0.0003,100.0,642.44,1587.53,1407.61,553.88,2388.08,9066.0,47.36,522.18,8146.92,8.4279,393,38.83,23.3956
AC-050,83,-0.0013,-0.0001,100.0,642.81,1584.97,1406.28,553.05,2388.08,9062.4,47.5,521.28,8142.42,8.4171,393,38.69,23.2507
AC-050,84,0.0003,-0.0004,100.0,642.86,1594.21,1401.17,553.17,2388.09,9070.82,47.43,521.7,8143.94,8.4153,392,38.89,23.1871
AC-050,85,-0.0007,-0.0006,100.0,642.52,1587.23,1414.25,553.96,2388.05,9063.96,47.57,521.68,8148.3,8.3936,393,38.87,23.2868
AC-050,86,-0.0006,0.0001,100.0,642.6,1589.77,1408.59,553.28,2388.06,9064.35,47.45,521.41,8143.7,8.4459,393,39.05,23.3112
AC-050,87,-0.0011,0.0001,100.0,642.8,1590.97,1402.2,553.29,2388.09,9076.77,47.45,521.54,8144.99,8.4213,393,39.04,23.2808
AC-050,88,0.0014,0.0,100.0,642.57,1596.7,1400.16,554.13,2388.02,9059.16,47.51,521.52,8145.71,8.429,393,38.84,23.2388
AC-050,89,-0.0023,-0.0003,100.0,642.43,1588.87,1415.58,553.88,2388.06,9070.2,47.31,521.85,8148.8,8.4376,393,38.8,23.288
AC-050,90,-0.0029,0.0001,100.0,642.6,1593.47,1410.18,554.29,2388.08,9074.19,47.46,521.27,8147.58,8.4483,393,38.76,23.281
AC-050,91,0.0035,-0.0006,100.0,642.48,1594.0,1403.91,553.26,2388.07,9066.75,47.54,521.5,8146.37,8.4339,393,38.96,23.3141
AC-050,92,-0.0013,-0.0005,100.0,642.76,1590.0,1401.25,553.57,2388.09,9078.07,47.45,521.21,8146.99,8.4334,393,38.8,23.4373
AC-050,93,-0.0014,-0.0004,100.0,642.43,1584.14,1407.75,553.86,2388.05,9066.98,47.36,521.06,8147.19,8.4146,394,38.77,23.2351
AC-050,94,0.0031,-0.0,100.0,643.02,1589.56,1406.51,554.09,2388.11,9063.37,47.52,521.76,8150.5,8.4371,393,38.72,23.3616
AC-050,95,-0.002,-0.0005,100.0,642.61,1589.19,1400.61,553.72,2388.08,9068.33,47.63,521.59,8143.97,8.4572,393,38.86,23.2087
AC-050,96,0.0004,-0.0001,100.0,643.01,1584.82,1407.66,553.88,2388.05,9064.01,47.67,520.95,8154.63,8.4468,393,38.74,23.3042
AC-050,97,0.0023,0.0001,100.0,642.26,1586.61,1412.3,553.01,2388.09,9063.93,47.54,521.46,8142.47,8.4492,391,38.76,23.2788
AC-050,98,-0.0013,0.0001,100.0,642.38,1592.25,1415.75,553.75,2388.06,9066.16,47.45,521.31,8148.98,8.4741,394,38.83,23.3351
AC-050,99,0.0018,0.0,100.0,642.39,1585.49,1405.87,553.01,2388.03,9067.2,47.35,521.39,8152.68,8.4572,395,39.02,23.3337
AC-050,100,0.0017,0.0002,100.0,642.38,1588.59,1411.1,553.32,2388.09,9066.08,47.61,521.2,8147.06,8.4043,391,38.87,23.218
AC-050,101,0.0015,-0.0003,100.0,642.85,1592.22,1401.11,553.13,2388.11,9063.79,47.49,521.52,8144.98,8.4367,392,38.9,23.2263
AC-050,102,-0.0019,-0.0003,100.0,642.39,1582.43,1414.12,553.38,2388.12,9071.01,47.6,522.0,8148.9,8.4199,393,38.79,23.2869
AC-050,103,-0.0031,-0.0002,100.0,642.03,1589.44,1406.72,553.31,2388.13,9064.34,47.53,521.37,8146.56,8.4632,393,38.63,23.3116
AC-050,104,0.0059,0.0004,100.0,642.36,1582.35,1405.23,553.76,2388.1,9072.74,47.67,521.29,8146.65,8.4417,391,39.01,23.2998
AC-050,105,0.0029,-0.0004,100.0,642.69,1586.81,1404.16,553.88,2388.01,9070.52,47.46,521.52,8144.18,8.4503,393,38.96,23.1933
AC-050,106,0.0002,-0.0002,100.0,642.86,1595.04,1412.43,553.63,2388.11,9068.84,47.47,521.34,8152.45,8.4337,393,38.68,23.3613
AC-050,107,-0.0003,0.0002,100.0,642.41,1585.63,1406.48,553.02,2388.04,9076.73,47.71,521.35,8149.23,8.4257,392,38.76,23.2578
AC-050,108,0.0021,0.0003,100.0,642.56,1586.63,1403.55,554.17,2388.07,9068.62,47.38,521.79,8148.95,8.405,393,38.89,23.4082
AC-050,109,-0.0008,-0.0004,100.0,643.16,1592.98,1402.06,552.92,2388.05,9068.55,47.62,521.45,8144.44,8.4259,394,38.75,23.2252
AC-050,110,0.0011,-0.0006,100.0,642.54,1589.83,1409.9,553.33,2388.09,9068.83,47.59,521.61,8145.54,8.4337,393,39.05,23.2011
AC-050,111,-0.0034,-0.0001,100.0,642.35,1583.83,1411.36,554.03,2388.12,9077.18,47.48,520.8,8149.64,8.4407,392,38.8,23.2918
AC-050,112,0.0042,-0.0005,100.0,642.7,1593.62,1411.73,553.65,2388.12,9067.69,47.57,521.4,8147.41,8.4403,392,38.7,23.3406
AC-050,113,0.0041,0.0001,100.0,642.58,1594.04,1407.39,553.47,2388.06,9069.77,47.66,521.29,8142.84,8.4579,393,38.81,23.3687
AC-050,114,0.0016,0.0002,100.0,642.45,1581.39,1410.59,553.53,2388.05,9063.18,47.62,521.1,8147.27,8.4139,393,38.84,23.2916
AC-050,115,-0.0017,0.0002,100.0,642.68,1587.94,1408.14,553.7,2388.04,9068.26,47.55,521.5,8150.3,8.415,393,38.75,23.2829
AC-050,116,0.0018,-0.0001,100.0,642.65,1590.26,1409.13,553.65,2388.09,9069.26,47.52,521.71,8150.06,8.4735,394,38.77,23.2517
AC-050,117,0.0019,-0.0006,100.0,642.46,1595.36,1405.92,553.18,2388.1,9067.25,47.6,521.34,8144.56,8.4447,394,38.57,23.2391
AC-050,118,0.0015,0.0004,100.0,642.47,1584.45,1404.53,553.45,2388.1,9068.18,47.35,521.26,8146.99,8.415,392,38.94,23.3091
AC-050,119,-0.0035,0.0,100.0,643.12,1590.39,1406.79,553.14,2388.08,9074.31,47.4,521.22,8150.38,8.4504,394,38.86,23.2776
AC-050,120,-0.0006,0.0001,100.0,642.67,1583.85,1399.52,553.37,2388.05,9074.37,47.57,521.28,8147.45,8.4601,392,38.78,23.3392
AC-050,121,0.0029,-0.0004,100.0,642.58,1594.4,1407.05,553.03,2388.09,9070.88,47.63,521.52,8147.12,8.4468,393,38.74,23.3172
AC-050,122,0.0017,-0.0003,100.0,642.91,1586.67,1412.8,553.46,2388.11,9074.7,47.52,521.62,8145.69,8.4333,394,38.8,23.2134
AC-050,123,-0.001,0.0003,100.0,643.01,1578.72,1411.24,553.45,2388.08,9071.52,47.58,521.57,8150.93,8.4162,394,38.84,23.3588
AC-050,124,-0.0018,0.0003,100.0,642.72,1594.11,1411.57,553.61,2388.13,9076.43,47.78,520.68,8146.2,8.4797,391,39.02,23.257
AC-050,125,0.0034,0.0003,100.0,642.91,1594.05,1407.09,553.17,2388.09,9072.09,47.57,521.27,8146.63,8.4409,393,38.85,23.1987
AC-050,126,-0.0007,-0.0005,100.0,642.93,1593.66,1408.19,553.54,2388.07,9073.0,47.51,521.92,8151.66,8.4659,394,38.8,23.295
AC-050,127,-0.0037,0.0004,100.0,642.73,1586.43,1410.09,552.97,2388.08,9068.8,47.55,521.88,8157.71,8.413,395,38.69,23.2201
AC-050,128,-0.0,-0.0003,100.0,642.85,1587.73,1410.21,552.69,2388.07,9076.77,47.6,521.25,8153.94,8.4194,393,38.6,23.2817
AC-050,129,0.0014,0.0004,100.0,642.82,1591.14,1416.38,553.37,2388.16,9071.56,47.64,520.99,8154.07,8.4504,394,38.67,23.2955
AC-050,130,0.0023,-0.0001,100.0,642.99,1598.6,1414.89,553.18,2388.11,9085.34,47.56,520.95,8152.18,8.4192,394,38.7,23.3214
AC-050,131,0.0034,0.0,100.0,642.42,1588.11,1415.53,553.26,2388.04,9069.6,47.7,520.87,8154.82,8.469,392,38.78,23.266
AC-050,132,0.0003,0.0001,100.0,642.87,1591.02,1414.88,552.39,2388.11,9074.73,47.53,520.99,8155.73,8.4624,394,38.78,23.2801
AC-050,133,0.0005,-0.0003,100.0,643.07,1590.9,1405.64,553.15,2388.06,9076.85,47.56,521.18,8156.05,8.4557,394,38.71,23.3598
AC-050,134,-0.0027,-0.0004,100.0,642.75,1594.49,1414.12,553.32,2388.08,9073.39,47.54,521.63,8153.71,8.4541,394,38.81,23.3491
AC-050,135,0.0033,0.0004,100.0,642.9,1596.24,1410.8,552.8,2388.09,9073.29,47.58,521.08,8152.2,8.4656,393,38.81,23.2899
AC-050,136,0.0031,0.0001,100.0,643.54,1595.47,1411.44,552.72,2388.11,9087.74,47.45,520.49,8155.12,8.4413,394,38.95,23.226
AC-050,137,0.0005,-0.0001,100.0,643.11,1585.13,1407.97,553.02,2388.1,9083.98,47.68,521.11,8154.02,8.4157,394,38.77,23.2591
AC-050,138,0.0022,-0.0002,100.0,643.52,1597.84,1420.15,552.91,2388.13,9079.03,47.48,521.05,8159.54,8.4711,395,38.62,23.2523
AC-050,139,-0.0018,0.0001,100.0,642.64,1587.2,1408.46,553.37,2388.1,9081.32,47.62,520.51,8151.09,8.4661,394,38.75,23.1872
AC-050,140,0.0002,0.0002,100.0,642.96,1592.7,1414.87,552.62,2388.11,9074.22,47.58,521.36,8157.23,8.4336,392,38.73,23.3439
AC-050,141,-0.0001,-0.0003,100.0,642.44,1586.14,1414.46,553.24,2388.11,9088.0,47.72,521.55,8159.43,8.3914,394,38.81,23.2952
AC-050,142,-0.0046,-0.0001,100.0,643.51,1592.92,1417.52,553.06,2388.1,9082.1,47.77,521.39,8155.69,8.5048,394,38.7,23.2388
AC-050,143,0.0008,0.0004,100.0,642.26,1596.39,1410.7,552.72,2388.08,9084.3,47.66,521.42,8155.03,8.4267,395,38.74,23.219
AC-050,144,-0.0028,-0.0003,100.0,642.17,1598.41,1413.07,553.16,2388.16,9082.8,47.74,520.89,8157.77,8.4727,394,38.79,23.247
AC-050,145,0.0013,-0.0002,100.0,643.11,1585.16,1407.11,552.86,2388.1,9084.7,47.6,521.28,8162.09,8.46,393,38.93,23.3105
AC-050,146,-0.0017,0.0001,100.0,642.84,1592.44,1411.11,553.19,2388.09,9080.39,47.54,521.1,8156.44,8.4544,394,38.76,23.3391
AC-050,147,0.0,-0.0001,100.0,643.04,1592.47,1409.15,553.02,2388.13,9085.3,47.74,521.37,8159.92,8.504,393,38.51,23.2651
AC-050,148,0.0032,-0.0002,100.0,642.13,1593.57,1407.7,552.1,2388.09,9088.55,47.62,522.19,8158.17,8.4743,395,38.6,23.3118
AC-050,149,-0.0018,0.0,100.0,643.01,1584.21,1410.61,552.38,2388.09,9088.11,47.59,521.54,8163.19,8.4385,394,38.69,23.2573
AC-050,150,-0.0008,0.0001,100.0,643.37,1590.63,1413.01,553.05,2388.1,9081.01,47.52,521.4,8160.63,8.4752,394,38.51,23.1816
AC-050,151,-0.0003,0.0,100.0,642.49,1590.38,1415.17,553.09,2388.12,9085.05,47.6,520.74,8158.61,8.4393,396,38.72,23.3047
AC-050,152,0.0008,0.0004,100.0,642.71,1594.38,1415.78,553.31,2388.1,9084.92,47.72,520.8,8160.4,8.46,394,38.62,23.201
AC-050,153,-0.0018,-0.0003,100.0,642.6,1586.45,1407.55,553.0,2388.08,9088.09,47.71,520.96,8162.21,8.4432,395,38.6,23.193
AC-050,154,0.0023,-0.0001,100.0,643.09,1597.35,1416.92,553.56,2388.08,9090.87,47.68,520.53,8160.79,8.458,394,38.73,23.2003
AC-050,155,0.0015,-0.0001,100.0,642.42,1593.18,1416.79,553.14,2388.08,9090.82,47.59,520.99,8159.43,8.4548,393,38.69,23.2141
AC-050,156,0.0041,-0.0003,100.0,642.5,1593.73,1408.39,552.7,2388.11,9091.39,47.6,520.94,8161.32,8.4758,396,38.72,23.1351
AC-050,157,0.0018,0.0001,100.0,643.28,1594.64,1415.82,553.21,2388.17,9083.52,47.85,521.09,8159.74,8.4821,394,38.56,23.2534
AC-050,158,0.0,-0.0002,100.0,642.75,1598.37,1418.15,552.23,2388.15,9093.64,47.5,520.71,8167.54,8.4579,395,38.44,23.2506
AC-050,159,0.0024,0.0002,100.0,643.15,1596.77,1415.76,552.53,2388.1,9092.02,47.74,520.73,8161.54,8.4731,395,38.68,23.2233
AC-050,160,-0.0009,-0.0004,100.0,642.79,1590.19,1419.36,552.84,2388.08,9089.7,47.7,520.92,8163.02,8.5081,395,38.62,23.2034
AC-050,161,-0.0018,-0.0006,100.0,643.26,1591.34,1415.91,552.09,2388.13,9090.83,47.75,520.82,8163.28,8.4611,394,38.85,23.2393
AC-050,162,0.0038,0.0001,100.0,643.31,1596.57,1419.83,553.14,2388.12,9092.19,47.93,520.62,8164.05,8.4701,395,38.75,23.1573
AC-050,163,-0.0003,-0.0001,100.0,643.55,1588.15,1418.66,553.08,2388.14,9091.82,47.71,521.01,8162.44,8.4401,395,38.66,23.2479
AC-050,164,-0.0004,-0.0006,100.0,642.98,1593.81,1416.02,552.5,2388.09,9088.76,47.98,520.65,8161.97,8.4823,395,38.62,23.2171
AC-050,165,0.0011,0.0001,100.0,643.32,1597.08,1424.74,552.64,2388.09,9089.17,47.75,520.62,8171.73,8.4687,396,38.66,23.2858
AC-050,166,0.0038,-0.0002,100.0,643.26,1597.49,1415.92,552.7,2388.15,9095.28,47.69,521.1,8170.23,8.4701,396,38.8,23.1589
AC-050,167,-0.0024,-0.0001,100.0,643.01,1593.06,1414.23,553.02,2388.09,9095.57,47.99,521.05,8168.12,8.4827,395,38.64,23.1266
AC-050,168,0.004,-0.0006,100.0,643.47,1598.0,1423.54,553.2,2388.1,9099.12,47.74,520.75,8170.12,8.4962,394,38.42,23.0698
AC-050,169,-0.0056,0.0003,100.0,643.04,1598.54,1410.54,552.91,2388.13,9100.45,47.77,520.37,8169.12,8.4664,395,38.55,23.1757
AC-050,170,-0.0018,-0.0002,100.0,642.88,1601.32,1412.15,552.18,2388.15,9087.36,47.83,520.32,8169.46,8.4937,395,38.65,23.149
AC-050,171,-0.0009,-0.0001,100.0,643.42,1591.19,1420.96,553.14,2388.11,9091.96,47.8,520.11,8167.89,8.4943,396,38.62,23.1544
AC-050,172,0.0016,0.0002,100.0,643.08,1600.57,1421.22,553.08,2388.14,9099.32,47.78,520.96,8169.41,8.4396,394,38.54,23.2524
AC-050,173,-0.0007,0.0002,100.0,643.4,1597.41,1420.73,552.27,2388.15,9103.88,47.79,520.77,8169.77,8.4317,395,38.57,23.1259
AC-050,174,0.0039,-0.0006,100.0,643.32,1600.74,1417.92,552.26,2388.14,9105.8,47.87,520.56,8172.1,8.5058,396,38.57,23.1725
AC-050,175,0.0028,0.0002,100.0,643.0,1597.26,1417.15,552.84,2388.12,9100.45,47.69,520.66,8167.99,8.4518,397,38.63,23.0842
AC-050,176,-0.0009,-0.0,100.0,643.56,1599.13,1422.81,552.87,2388.15,9088.79,47.79,520.56,8175.49,8.515,395,38.64,23.0654
AC-050,177,-0.0009,-0.0005,100.0,643.4,1594.05,1414.26,552.5,2388.17,9108.73,47.86,520.97,8172.8,8.4537,396,38.68,23.1364
AC-050,178,-0.0026,-0.0003,100.0,642.99,1596.98,1413.86,551.64,2388.17,9110.88,47.98,520.67,8171.15,8.4935,394,38.49,23.2623
AC-050,179,-0.0017,-0.0,100.0,644.05,1595.72,1417.09,551.39,2388.15,9105.7,47.89,520.95,8175.73,8.4854,397,38.67,23.0033
AC-050,180,0.0,0.0002,100.0,643.37,1602.04,1423.59,552.81,2388.16,9111.71,47.99,520.07,8177.68,8.4906,395,38.55,23.0109
AC-050,181,0.0003,-0.0001,100.0,643.35,1598.91,1428.34,552.14,2388.15,9106.13,47.88,519.87,8177.14,8.5075,396,38.59,23.0827
AC-050,182,-0.0047,0.0001,100.0,643.32,1588.47,1422.34,551.95,2388.16,9112.74,47.96,519.91,8174.19,8.4997,394,38.47,23.1038
AC-050,183,0.0031,-0.0001,100.0,642.67,1599.99,1419.22,552.49,2388.14,9112.22,47.98,519.6,8182.82,8.5189,397,38.68,23.0091
AC-050,184,-0.0013,-0.0004,100.0,643.24,1604.23,1425.6,551.42,2388.16,9116.44,48.01,520.38,8178.18,8.5295,396,38.76,23.1558
AC-050,185,-0.0012,-0.0001,100.0,643.24,1605.9,1422.68,551.96,2388.19,9114.81,48.01,520.38,8186.04,8.4699,395,38.48,23.1318
AC-050,186,-0.0003,-0.0002,100.0,643.22,1599.08,1420.48,551.71,2388.21,9114.43,48.07,520.2,8185.13,8.5161,394,38.63,23.0817
AC-050,187,0.0015,0.0002,100.0,643.85,1597.32,1418.55,552.22,2388.15,9117.37,47.93,520.25,8184.7,8.4821,395,38.4,23.0392
AC-050,188,0.0007,-0.0005,100.0,643.59,1596.38,1423.52,551.45,2388.16,9105.3,47.98,520.15,8185.53,8.5062,397,38.41,23.065
AC-050,189,0.0018,-0.0004,100.0,643.22,1604.68,1423.37,551.48,2388.19,9119.31,48.02,519.77,8188.29,8.4782,397,38.3,23.0607
AC-050,190,-0.0017,-0.0002,100.0,643.56,1605.26,1429.34,551.71,2388.18,9127.29,48.11,519.47,8194.51,8.5261,396,38.59,23.1751
AC-050,191,-0.0016,-0.0002,100.0,643.22,1605.49,1422.66,551.85,2388.14,9124.24,48.21,520.1,8193.04,8.5208,396,38.55,23.1961
AC-050,192,-0.0047,-0.0001,100.0,643.29,1600.19,1426.15,551.94,2388.17,9126.5,48.05,520.31,8189.44,8.4568,395,38.48,23.081
AC-050,193,0.0014,-0.0002,100.0,643.95,1599.52,1425.99,551.54,2388.22,9124.44,48.15,520.06,8191.4,8.5049,397,38.33,23.0002
AC-050,194,0.0037,0.0004,100.0,643.77,1604.93,1423.51,551.41,2388.18,9128.75,48.16,519.85,8194.2,8.5043,396,38.42,23.0543
AC-050,195,0.0019,-0.0004,100.0,643.33,1605.31,1434.87,551.25,2388.17,9134.7,48.14,519.33,8200.9,8.5352,395,38.45,23.0191
AC-050,196,0.002,-0.0002,100.0,643.32,1602.26,1430.01,551.4,2388.19,9129.59,48.24,519.88,8194.1,8.5034,395,38.45,23.0379
AC-050,197,-0.0026,-0.0001,100.0,643.73,1599.94,1432.87,551.18,2388.19,9132.97,48.22,519.48,8194.64,8.5241,397,38.52,23.0832
AC-050,198,0.0039,0.0001,100.0,643.83,1608.2,1433.88,552.06,2388.2,9128.91,48.01,520.0,8200.2,8.5002,396,38.43,23.1086
AC-051,1,0.0032,-0.0003,100.0,641.83,1583.55,1408.68,553.56,2387.98,9065.98,47.25,521.79,8149.56,8.3884,391,39.08,23.3214
AC-051,2,-0.0011,-0.0002,100.0,642.09,1580.84,1397.69,553.74,2387.97,9060.95,47.19,522.13,8145.73,8.3922,391,38.83,23.3451
AC-051,3,0.0008,-0.0004,100.0,642.49,1591.56,1398.4,553.8,2387.98,9064.23,47.06,522.27,8142.38,8.4018,392,39.18,23.3495
AC-051,4,-0.001,-0.0,100.0,642.42,1573.22,1397.74,554.93,2388.07,9072.7,47.19,522.71,8148.23,8.39,393,38.89,23.4847
AC-051,5,0.0024,0.0003,100.0,642.08,1587.52,1388.02,553.9,2387.99,9062.93,47.25,522.14,8147.25,8.4024,391,39.05,23.4072
AC-051,6,0.0009,-0.0003,100.0,642.36,1588.81,1413.03,553.71,2388.0,9066.39,47.07,521.99,8145.04,8.3998,389,39.25,23.4322
AC-051,7,-0.0032,0.0003,100.0,642.59,1586.67,1397.9,554.3,2387.96,9065.31,47.35,522.66,8150.71,8.402,390,38.95,23.4541
AC-051,8,0.0007,0.0002,100.0,642.13,1585.18,1389.85,554.97,2388.01,9070.65,47.23,522.84,8148.9,8.3824,390,39.14,23.3908
AC-051,9,-0.0002,-0.0003,100.0,641.92,1581.31,1391.19,553.82,2388.04,9070.01,47.22,522.91,8146.25,8.3882,393,39.1,23.4177
AC-051,10,0.0044,-0.0003,100.0,641.95,1579.59,1395.93,554.78,2387.99,9061.13,47.13,522.07,8152.59,8.3868,392,39.04,23.4171
AC-051,11,0.0032,0.0,100.0,641.99,1585.7,1393.19,553.77,2387.97,9068.79,47.34,522.38,8150.89,8.4186,392,38.92,23.4027
AC-051,12,0.0005,0.0004,100.0,642.21,1583.55,1389.2,554.52,2387.99,9065.9,47.15,522.05,8144.55,8.4291,391,39.1,23.3517
AC-051,13,-0.0029,0.0005,100.0,641.58,1587.14,1396.97,554.59,2388.03,9071.65,47.24,522.49,8145.81,8.3808,392,39.08,23.4121
AC-051,14,-0.002,-0.0005,100.0,642.45,1579.21,1403.43,554.42,2388.03,9061.97,47.18,523.01,8144.39,8.4423,392,38.99,23.4162
AC-051,15,-0.0001,-0.0001,100.0,642.06,1584.57,1396.03,553.91,2388.03,9060.32,47.27,522.01,8147.09,8.4001,392,38.9,23.4238
AC-051,16,0.0001,-0.0002,100.0,641.76,1587.33,1397.08,554.2,2388.02,9071.14,47.3,522.29,8144.6,8.4088,392,39.12,23.3354
AC-051,17,-0.0017,-0.0002,100.0,642.11,1578.84,1396.02,554.76,2387.99,9068.06,47.04,521.96,8151.42,8.3953,391,38.87,23.4162
AC-051,18,-0.0031,0.0003,100.0,642.5,1585.74,1390.17,554.52,2388.01,9065.7,47.17,522.27,8141.5,8.4231,392,39.1,23.3507
AC-051,19,-0.002,0.0004,100.0,641.54,1586.4,1400.69,554.69,2388.02,9064.79,47.24,522.27,8138.56,8.3937,391,38.82,23.4286
AC-051,20,-0.0002,0.0003,100.0,642.5,1590.56,1399.39,554.25,2388.03,9058.19,47.41,522.69,8150.28,8.4209,392,39.04,23.2901
AC-051,21,0.0051,0.0003,100.0,642.07,1581.87,1398.51,554.34,2387.99,9064.35,47.09,522.15,8149.93,8.3907,392,38.99,23.2898
AC-051,22,-0.0026,0.0001,100.0,642.19,1577.01,1402.11,555.04,2387.98,9062.26,47.18,522.69,8147.21,8.361,392,38.95,23.4309
AC-051,23,-0.0022,-0.0005,100.0,642.38,1584.38,1395.99,554.79,2388.01,9065.78,47.39,522.6,8143.61,8.415,392,39.06,23.3853
AC-051,24,0.0006,-0.0001,100.0,642.0,1583.36,1399.28,554.48,2388.01,9063.45,47.29,522.21,8150.43,8.4044,391,38.9,23.3236
AC-051,25,0.0004,-0.0005,100.0,641.87,1587.45,1398.14,555.07,2388.08,9057.63,47.16,522.59,8146.1,8.3719,392,39.02,23.3845
AC-051,26,-0.0034,0.0003,100.0,641.97,1586.1,1397.02,554.29,2388.03,9069.78,46.97,522.18,8152.07,8.3953,394,39.04,23.3796
AC-051,27,-0.0016,-0.0005,100.0,642.43,1587.92,1397.9,554.5,2388.01,9065.78,47.25,522.21,8152.2,8.3918,393,39.05,23.4449
AC-051,28,-0.0007,-0.0004,100.0,642.21,1580.72,1394.09,553.34,2387.99,9066.77,47.21,522.67,8144.06,8.3837,392,39.08,23.3686
AC-051,29,-0.0013,-0.0001,100.0,642.0,1589.57,1395.6,554.25,2388.0,9069.51,47.23,522.35,8145.93,8.3822,392,39.02,23.4774
AC-051,30,0.0006,0.0001,100.0,642.44,1583.31,1397.49,554.14,2387.97,9064.15,47.12,522.53,8148.14,8.4299,392,38.98,23.3854
AC-051,31,-0.0026,-0.0002,100.0,642.57,1589.98,1394.81,553.31,2388.01,9069.88,47.06,522.6,8155.46,8.3994,392,39.02,23.3859
AC-051,32,0.0007,0.0004,100.0,641.9,1588.91,1402.73,553.6,2388.03,9069.05,47.15,521.96,8146.25,8.4454,391,39.01,23.3623
AC-051,33,-0.001,0.0001,100.0,642.38,1580.28,1402.87,555.11,2388.0,9071.64,47.18,522.39,8148.43,8.4054,392,38.9,23.4073
AC-051,34,0.0006,0.0004,100.0,642.04,1580.13,1394.64,554.38,2387.98,9069.82,47.1,522.87,8154.57,8.4032,392,38.93,23.4866
AC-051,35,-0.001,0.0003,100.0,642.07,1584.53,1403.04,554.02,2388.01,9065.98,47.15,522.16,8146.52,8.3551,393,39.14,23.3543
AC-051,36,-0.0002,0.0,100.0,642.27,1585.42,1400.76,554.63,2387.97,9065.16,47.08,521.8,8151.69,8.4338,392,39.08,23.4072
AC-051,37,-0.0062,0.0004,100.0,642.31,1578.13,1400.38,553.93,2387.98,9066.67,47.35,522.41,8144.68,8.4037,393,39.0,23.4549
AC-051,38,-0.0032,-0.0005,100.0,642.53,1578.81,1397.83,554.25,2387.98,9068.23,47.04,522.25,8141.69,8.3871,391,39.12,23.413
AC-051,39,-0.0012,-0.0003,100.0,642.27,1578.65,1399.7,554.13,2388.01,9060.11,47.12,522.61,8143.77,8.4055,391,38.94,23.4417
AC-051,40,0.0005,-0.0001,100.0,642.3,1587.11,1401.09,554.72,2388.0,9066.2,47.14,522.41,8145.1,8.4084,394,39.02,23.5103
AC-051,41,0.0027,0.0003,100.0,642.37,1589.88,1402.95,554.98,2388.06,9070.69,47.25,522.22,8155.59,8.4242,392,38.92,23.3851
AC-051,42,-0.0018,0.0001,100.0,641.77,1583.89,1406.52,554.55,2388.03,9066.26,47.1,522.35,8145.62,8.3691,391,39.09,23.4411
AC-051,43,-0.0023,-0.0004,100.0,641.75,1590.87,1390.27,555.22,2388.01,9065.07,47.05,522.86,8146.23,8.4266,391,39.06,23.3238
AC-051,44,-0.002,0.0002,100.0,642.35,1579.96,1401.64,554.09,2388.02,9073.44,47.13,522.38,8151.05,8.4022,392,39.1,23.3925
AC-051,45,-0.0009,0.0004,100.0,642.3,1585.72,1407.09,554.14,2388.0,9063.8,47.25,522.2,8139.54,8.3736,393,38.97,23.3901
AC-051,46,-0.002,0.0004,100.0,642.59,1580.8,1393.9,554.99,2388.02,9071.14,47.11,522.11,8149.89,8.4039,391,39.16,23.3419
AC-051,47,0.0012,-0.0005,100.0,641.89,1584.02,1394.6,555.0,2388.05,9063.82,47.35,522.46,8145.38,8.4086,393,39.11,23.4013
AC-051,48,0.0035,0.0002,100.0,641.94,1590.27,1396.94,554.11,2387.99,9068.28,47.26,522.11,8146.86,8.3985,392,38.84,23.547
AC-051,49,-0.0004,-0.0005,100.0,641.65,1583.44,1397.07,554.18,2387.95,9068.79,47.21,522.09,8149.32,8.4013,393,39.07,23.3951
AC-051,50,-0.0015,0.0001,100.0,642.14,1583.81,1403.18,554.37,2388.06,9065.88,47.48,522.39,8148.73,8.4097,391,39.02,23.4311
AC-051,51,0.0011,-0.0002,100.0,641.9,1585.3,1394.31,553.75,2387.95,9061.92,47.43,522.5,8150.99,8.3889,392,39.14,23.4143
AC-051,52,-0.0002,0.0002,100.0,641.7,1579.66,1396.44,554.61,2387.98,9066.09,47.29,522.51,8144.85,8.3845,392,39.1,23.4208
AC-051,53,-0.0045,-0.0,100.0,642.38,1583.5,1401.44,554.73,2388.0,9064.94,47.34,522.26,8153.14,8.3947,391,39.03,23.3348
AC-051,54,-0.0008,-0.0004,100.0,642.14,1580.92,1392.3,554.15,2387.98,9071.38,47.23,522.8,8149.07,8.435,392,39.13,23.3836
AC-051,55,0.0038,-0.0,100.0,642.36,1584.86,1393.78,555.01,2388.0,9067.56,47.36,522.33,8152.04,8.4292,390,38.98,23.42
AC-051,56,0.0001,-0.0002,100.0,642.24,1581.96,1401.09,553.81,2388.02,9070.96,47.09,522.4,8146.05,8.3923,390,38.99,23.3662
AC-051,57,-0.0006,-0.0004,100.0,642.48,1585.54,1397.4,554.06,2388.05,9064.91,47.05,521.74,8149.0,8.4277,391,39.15,23.4264
AC-051,58,0.0007,-0.0002,100.0,642.25,1574.28,1403.2,554.46,2388.01,9068.53,47.15,522.15,8155.35,8.43,390,39.09,23.4685
AC-051,59,-0.0,-0.0002,100.0,642.36,1580.13,1395.36,553.99,2387.97,9070.55,47.25,522.34,8148.22,8.394,392,38.97,23.3901
AC-051,60,0.0,-0.0003,100.0,642.17,1585.85,1396.7,554.65,2388.04,9065.17,47.46,522.29,8147.36,8.4162,392,38.97,23.5202
AC-051,61,-0.0044,-0.0,100.0,642.4,1588.12,1394.9,554.05,2387.97,9064.09,47.4,522.08,8152.84,8.4289,392,39.02,23.3826
AC-051,62,-0.0011,0.0004,100.0,641.85,1583.34,1398.23,554.28,2388.0,9066.45,47.27,521.77,8153.69,8.3997,392,38.94,23.3381
AC-051,63,-0.0044,0.0001,100.0,642.07,1584.81,1396.39,553.89,2387.98,9061.25,47.28,522.4,8152.38,8.4127,391,38.98,23.364
AC-051,64,-0.0047,0.0004,100.0,642.67,1584.89,1396.9,554.9,2388.07,9074.75,47.21,522.3,8145.93,8.4155,394,38.93,23.3223
AC-051,65,0.0006,0.0004,100.0,642.07,1575.34,1397.81,554.12,2387.96,9060.52,47.14,522.43,8145.99,8.4453,391,38.81,23.474
AC-051,66,-0.0019,-0.0003,100.0,641.9,1582.86,1395.43,554.42,2387.98,9073.89,47.23,522.64,8150.61,8.3891,392,38.99,23.3575
AC-051,67,0.0019,-0.0003,100.0,642.45,1586.96,1402.05,555.23,2388.02,9067.99,47.18,521.81,8148.48,8.4157,391,38.8,23.43
AC-051,68,0.0004,0.0001,100.0,641.59,1589.74,1404.45,555.52,2388.01,9068.51,47.41,522.61,8154.12,8.4101,392,38.82,23.4198
AC-051,69,0.0018,0.0001,100.0,642.08,1582.23,1401.39,554.52,2388.03,9075.63,47.27,522.14,8150.9,8.4112,391,38.91,23.4664
AC-051,70,-0.0008,-0.0,100.0,642.71,1578.36,1402.68,554.92,2387.97,9069.87,47.2,521.65,8148.62,8.3573,390,38.94,23.3504
AC-051,71,-0.0009,0.0002,100.0,642.21,1584.91,1400.74,554.81,2387.95,9068.32,47.25,522.2,8150.09,8.4336,393,39.01,23.4582
AC-051,72,0.0006,-0.0004,100.0,642.0,1588.95,1399.19,554.56,2388.01,9063.88,47.17,522.35,8152.43,8.3796,391,38.74,23.3948
AC-051,73,0.0019,0.0,100.0,642.14,1585.35,1408.19,554.83,2388.03,9075.32,47.21,522.39,8150.61,8.4103,392,38.87,23.4086
AC-051,74,-0.0045,0.0003,100.0,642.31,1584.92,1403.43,554.73,2388.1,9068.38,47.29,522.64,8149.89,8.4149,390,39.01,23.3746
AC-051,75,0.0001,0.0003,100.0,641.93,1582.39,1400.59,554.17,2388.02,9066.07,47.24,522.53,8154.61,8.3727,392,39.23,23.3778
AC-051,76,0.0004,0.0002,100.0,641.4,1587.43,1398.4,554.59,2387.99,9057.07,47.26,522.17,8150.92,8.3942,393,39.12,23.3601
AC-051,77,-0.001,-0.0002,100.0,641.79,1586.4,1400.69,553.77,2388.04,9075.6,47.02,522.73,8152.32,8.3924,393,39.11,23.4219
AC-051,78,0.0053,-0.0001,100.0,641.96,1584.84,1399.82,554.0,2387.99,9066.59,47.26,522.9,8144.81,8.3966,391,39.03,23.3349
AC-051,79,0.0019,-0.0001,100.0,642.06,1591.14,1397.01,554.57,2388.02,9065.55,47.39,522.28,8150.65,8.4159,393,39.01,23.4976
AC-051,80,-0.0005,0.0002,100.0,642.08,1594.77,1401.76,553.77,2388.06,9072.78,47.22,522.56,8151.68,8.3913,392,38.81,23.2302
AC-051,81,-0.0044,-0.0002,100.0,642.19,1581.73,1403.82,554.01,2387.95,9074.76,47.35,522.61,8153.39,8.3954,393,38.99,23.419
AC-051,82,-0.0011,0.0002,100.0,642.66,1581.41,1394.25,553.75,2388.07,9068.97,47.35,521.94,8147.26,8.4102,392,39.12,23.3876
AC-051,83,-0.0003,-0.0004,100.0,642.22,1593.58,1397.43,553.86,2388.04,9074.87,47.15,522.01,8148.51,8.4086,392,38.94,23.3264
AC-051,84,-0.0014,0.0004,100.0,642.44,1581.15,1393.56,553.89,2388.01,9068.25,47.39,521.84,8153.99,8.4292,390,39.01,23.2153
AC-051,85,0.0006,-0.0003,100.0,642.12,1577.38,1404.25,554.1,2388.05,9069.32,47.37,522.24,8148.33,8.383,392,38.95,23.3788
AC-051,86,-0.0009,0.0002,100.0,642.42,1582.38,1403.02,554.46,2388.07,9068.33,47.29,522.04,8149.97,8.4191,392,39.09,23.3363
AC-051,87,-0.0014,0.0003,100.0,642.43,1584.33,1399.14,554.0,2388.02,9077.03,47.37,522.55,8151.71,8.3941,393,38.96,23.4286
AC-051,88,0.0032,-0.0002,100.0,642.17,1582.77,1402.8,554.32,2387.97,9074.77,47.29,522.36,8156.91,8.3864,392,38.9,23.4065
AC-051,89,-0.0016,-0.0004,100.0,642.02,1588.12,1402.46,553.83,2387.97,9071.82,47.14,521.94,8154.67,8.3782,390,38.88,23.2981
AC-051,90,0.0008,0.0002,100.0,642.16,1578.5,1413.25,554.32,2388.02,9077.02,47.39,521.61,8155.76,8.3829,392,39.05,23.3669
AC-051,91,-0.0038,0.0002,100.0,642.68,1588.64,1398.27,554.43,2387.98,9072.77,47.33,522.29,8154.45,8.403,391,39.06,23.2932
AC-051,92,0.005,0.0003,100.0,642.06,1590.85,1403.14,554.07,2388.05,9077.28,47.29,521.95,8151.57,8.385,394,38.88,23.3694
AC-051,93,0.0049,0.0004,100.0,642.38,1582.21,1401.24,554.61,2388.02,9072.8,47.12,522.13,8157.89,8.4206,392,39.16,23.3865
AC-051,94,-0.0014,0.0002,100.0,642.38,1583.13,1394.91,554.15,2387.98,9073.51,47.16,521.98,8157.8,8.4209,393,38.99,23.3582
AC-051,95,-0.003,0.0001,100.0,642.27,1581.92,1398.07,554.81,2387.99,9069.59,47.4,521.98,8154.27,8.4089,391,38.98,23.5169
AC-051,96,0.0012,-0.0001,100.0,642.25,1590.46,1403.82,553.91,2388.01,9075.12,47.22,522.48,8157.06,8.4138,391,39.1,23.3134
AC-051,97,0.0016,-0.0003,100.0,642.43,1584.49,1391.22,554.22,2388.0,9075.13,47.19,521.95,8155.19,8.3871,392,38.79,23.3716
AC-051,98,-0.0017,-0.0,100.0,642.57,1591.28,1400.26,554.27,2388.04,9063.5,47.36,522.31,8155.27,8.4095,393,39.0,23.3279
AC-051,99,-0.0002,0.0,100.0,641.83,1584.9,1404.52,553.9,2387.98,9075.25,47.37,521.89,8158.96,8.381,389,38.9,23.3256
AC-051,100,0.0009,-0.0005,100.0,641.88,1585.76,1397.47,554.11,2387.95,9067.72,47.17,522.33,8150.1,8.4099,391,39.09,23.4378
AC-051,101,-0.004,-0.0003,100.0,642.36,1585.79,1404.95,554.35,2388.0,9078.43,47.21,522.36,8154.75,8.4438,392,39.13,23.3591
AC-051,102,0.0003,0.0002,100.0,641.79,1591.13,1400.81,553.99,2388.04,9074.1,47.34,522.79,8159.1,8.431,391,38.9,23.357
AC-051,103,0.0006,0.0005,100.0,642.04,1584.07,1405.27,554.33,2387.99,9071.15,47.37,522.43,8155.01,8.4179,391,38.7,23.4433
AC-051,104,0.0015,0.0002,100.0,642.27,1587.61,1406.64,553.7,2388.0,9069.94,47.27,522.06,8154.66,8.4317,392,38.79,23.4278
AC-051,105,0.0018,0.0003,100.0,642.73,1593.41,1400.67,554.13,2387.99,9076.54,47.25,522.19,8151.63,8.4159,392,38.87,23.3731
AC-051,106,0.0007,-0.0001,100.0,641.7,1583.71,1400.71,554.13,2388.02,9083.39,47.35,522.1,8155.37,8.4156,392,39.08,23.3035
AC-051,107,0.0017,0.0004,100.0,642.63,1587.13,1402.66,554.6,2388.03,9071.22,47.24,521.61,8153.12,8.4211,394,39.0,23.3055
AC-051,108,-0.0034,-0.0,100.0,642.67,1594.21,1401.17,553.94,2388.05,9077.1,47.28,522.12,8152.63,8.4001,393,39.03,23.4164
AC-051,109,0.0017,-0.0004,100.0,642.19,1582.48,1396.64,554.7,2388.05,9073.11,47.49,521.95,8158.64,8.4095,392,39.04,23.3123
AC-051,110,0.0034,0.0004,100.0,642.75,1586.65,1395.81,554.79,2388.02,9079.58,47.07,522.28,8158.77,8.4468,392,38.94,23.3526
AC-051,111,-0.0035,0.0002,100.0,642.75,1588.95,1400.1,553.52,2387.98,9071.97,47.23,522.29,8152.03,8.417,390,39.09,23.5288
AC-051,112,-0.0013,-0.0005,100.0,641.96,1587.49,1401.44,554.0,2388.04,9070.88,47.27,521.95,8154.76,8.4294,393,38.87,23.4661
AC-051,113,0.0056,0.0001,100.0,642.45,1585.81,1405.4,553.87,2387.99,9082.94,47.32,521.97,8162.98,8.4105,393,39.08,23.4839
AC-051,114,-0.0047,0.0003,100.0,641.76,1592.86,1403.26,554.2,2388.02,9077.61,47.18,522.5,8163.75,8.4169,391,38.84,23.3474
AC-051,115,-0.0016,0.0005,100.0,642.42,1585.85,1401.92,553.61,2387.99,9077.48,47.43,522.63,8155.31,8.4119,393,39.0,23.3883
AC-051,116,0.0009,0.0,100.0,642.94,1591.19,1400.27,555.13,2387.96,9076.81,47.41,521.74,8155.95,8.413,392,38.94,23.2972
AC-051,117,0.0034,-0.0004,100.0,641.71,1591.2,1405.29,554.1,2387.97,9078.91,47.41,522.3,8155.05,8.4245,391,39.09,23.3235
AC-051,118,0.0032,0.0001,100.0,641.93,1584.34,1404.39,554.28,2387.97,9081.66,47.43,521.6,8151.58,8.3979,392,39.02,23.3296
AC-051,119,-0.0016,-0.0002,100.0,642.54,1582.16,1402.37,554.7,2387.99,9083.93,47.28,522.57,8157.89,8.4098,391,38.96,23.3908
AC-051,120,0.0009,-0.0004,100.0,642.21,1591.5,1408.52,554.01,2387.99,9074.05,47.2,522.52,8157.42,8.421,394,38.95,23.3511
AC-051,121,-0.0002,0.0005,100.0,642.2,1585.56,1398.43,554.86,2388.07,9085.23,47.19,522.15,8156.77,8.3956,392,38.94,23.4239
AC-051,122,-0.0021,-0.0004,100.0,642.8,1579.7,1397.52,554.41,2388.03,9085.75,46.98,522.09,8162.21,8.451,392,38.98,23.3222
AC-051,123,0.0001,-0.0002,100.0,642.46,1592.13,1404.88,554.19,2388.05,9084.82,47.24,522.15,8162.09,8.3914,392,38.88,23.4414
AC-051,124,0.0018,0.0003,100.0,642.39,1586.52,1403.43,553.63,2387.99,9071.95,47.43,521.91,8165.01,8.415,393,38.95,23.3622
AC-051,125,0.0033,0.0,100.0,642.74,1587.06,1405.73,554.25,2388.01,9082.8,47.43,522.67,8163.9,8.3826,393,38.91,23.4087
AC-051,126,0.0006,-0.0005,100.0,642.42,1584.69,1401.36,553.61,2388.0,9081.47,47.15,522.02,8161.41,8.419,393,39.0,23.4547
AC-051,127,0.003,0.0002,100.0,642.38,1585.9,1403.21,554.73,2388.05,9082.92,47.28,522.76,8161.42,8.4258,392,39.0,23.3179
AC-051,128,0.0008,-0.0003,100.0,642.63,1589.79,1408.51,554.03,2388.0,9079.04,47.27,521.91,8160.58,8.4212,392,38.98,23.4175
AC-051,129,-0.0005,0.0002,100.0,642.36,1587.22,1404.43,553.49,2388.01,9084.31,47.39,521.73,8162.49,8.4161,393,38.85,23.3681
AC-051,130,0.0001,0.0002,100.0,642.59,1589.78,1404.2,553.97,2388.01,9081.32,47.23,521.97,8168.24,8.4468,393,38.95,23.4208
AC-051,131,0.0045,-0.0001,100.0,642.48,1587.54,1401.08,554.51,2388.02,9083.96,47.33,522.31,8164.72,8.4122,393,38.88,23.2615
AC-051,132,-0.0039,-0.0005,100.0,642.2,1591.16,1407.46,554.21,2387.98,9086.94,47.28,521.46,8167.48,8.4224,393,38.98,23.4509
AC-051,133,0.0005,0.0004,100.0,642.34,1586.2,1398.22,554.25,2388.04,9087.78,47.24,521.98,8158.91,8.4071,393,39.13,23.3745
AC-051,134,-0.0019,-0.0001,100.0,642.66,1587.71,1399.25,554.62,2388.04,9088.63,47.41,522.49,8164.23,8.4242,392,38.76,23.4354
AC-051,135,-0.0013,-0.0002,100.0,642.54,1589.22,1408.65,553.58,2388.03,9089.09,47.36,522.15,8169.89,8.3823,391,39.02,23.3625
AC-051,136,0.0008,-0.0001,100.0,642.29,1592.78,1399.26,553.76,2388.01,9085.18,47.25,521.95,8169.48,8.3843,392,39.15,23.3036
AC-051,137,0.0008,0.0001,100.0,641.97,1583.39,1406.34,554.64,2388.0,9092.7,47.36,522.71,8166.63,8.436,392,39.09,23.3903
AC-051,138,-0.0001,0.0001,100.0,642.5,1590.9,1399.65,554.22,2388.03,9092.68,47.29,522.08,8170.34,8.4106,392,38.94,23.4015
AC-051,139,0.002,0.0,100.0,642.39,1587.85,1402.3,554.66,2388.07,9090.0,47.47,521.77,8165.03,8.415,391,38.82,23.3566
AC-051,140,0.0027,0.0,100.0,642.15,1591.47,1409.15,554.02,2388.02,9088.39,47.43,521.71,8162.18,8.4128,393,39.07,23.3123
AC-051,141,-0.003,0.0003,100.0,642.34,1585.16,1402.53,553.96,2387.98,9087.19,47.32,522.36,8163.71,8.4043,392,39.06,23.3019
AC-051,142,0.0008,0.0001,100.0,642.5,1580.16,1406.16,553.78,2387.99,9087.81,47.35,521.97,8164.66,8.4142,392,38.81,23.2894
AC-051,143,0.0025,0.0004,100.0,642.21,1585.8,1394.37,554.3,2387.99,9095.35,47.36,521.65,8172.29,8.4349,393,38.99,23.4394
AC-051,144,-0.0009,0.0005,100.0,642.23,1590.29,1402.01,553.58,2387.99,9093.95,47.48,522.02,8174.05,8.4146,392,38.87,23.3218
AC-051,145,-0.0036,-0.0005,100.0,642.02,1588.04,1400.15,553.3,2388.02,9093.42,47.4,522.06,8169.08,8.414,395,38.95,23.3074
AC-051,146,0.0012,-0.0002,100.0,642.38,1586.36,1406.56,553.14,2387.99,9085.86,47.32,521.78,8168.7,8.4609,391,38.83,23.3914
AC-051,147,0.0,-0.0005,100.0,642.4,1595.14,1398.12,553.57,2388.05,9090.54,47.31,521.76,8173.33,8.4014,393,38.73,23.3819
AC-051,148,0.0034,-0.0001,100.0,642.52,1587.43,1405.89,554.03,2388.07,9091.21,47.32,521.52,8168.1,8.4439,393,38.9,23.3775
AC-051,149,-0.0029,-0.0001,100.0,642.67,1589.04,1395.03,553.72,2388.02,9093.68,47.33,521.54,8169.96,8.4363,392,38.88,23.3705
AC-051,150,0.0032,-0.0002,100.0,642.28,1590.71,1405.13,553.6,2388.02,9096.87,47.28,522.18,8178.99,8.4452,393,38.95,23.2774
AC-051,151,-0.0001,0.0002,100.0,641.95,1590.87,1400.54,554.11,2388.03,9089.54,47.41,521.81,8179.51,8.452,392,39.09,23.2743
AC-051,152,0.0008,-0.0004,100.0,642.92,1588.44,1401.51,553.73,2388.0,9100.27,47.51,522.04,8176.26,8.4183,392,38.84,23.3618
AC-051,153,-0.0043,0.0001,100.0,642.53,1588.27,1406.95,553.98,2388.03,9096.87,47.32,522.42,8175.9,8.4056,392,38.94,23.4385
AC-051,154,-0.0024,0.0004,100.0,643.0,1591.31,1408.13,553.43,2388.07,9096.5,47.49,521.97,8182.84,8.4023,392,38.93,23.2865
AC-051,155,-0.0003,0.0001,100.0,642.56,1591.63,1408.54,553.13,2388.02,9098.37,47.46,521.75,8179.42,8.4317,394,38.84,23.4153
AC-051,156,0.0034,-0.0001,100.0,642.15,1590.95,1402.43,554.07,2388.06,9104.01,47.42,522.11,8180.08,8.4617,393,38.85,23.238
AC-051,157,-0.0008,0.0003,100.0,642.18,1590.38,1406.88,553.44,2388.01,9109.01,47.54,522.09,8185.27,8.4442,392,38.96,23.3376
AC-051,158,-0.0011,0.0003,100.0,642.53,1587.2,1410.05,554.56,2388.02,9099.8,47.48,521.64,8182.26,8.4394,395,38.77,23.2203
AC-051,159,0.0004,0.0004,100.0,642.35,1599.09,1406.3,553.48,2388.05,9105.0,47.39,522.01,8186.2,8.4451,394,38.91,23.3701
AC-051,160,-0.0017,-0.0004,100.0,642.57,1593.9,1402.03,554.02,2388.0,9105.99,47.45,521.91,8182.63,8.4396,393,38.83,23.3569
AC-051,161,0.001,0.0001,100.0,642.67,1585.22,1406.39,553.98,2387.99,9108.36,47.36,522.31,8185.06,8.4457,393,38.84,23.3503
AC-051,162,0.0008,0.0003,100.0,642.71,1591.91,1402.23,553.88,2388.04,9104.91,47.38,521.62,8184.57,8.4783,393,38.82,23.2362
AC-051,163,0.0026,-0.0003,100.0,642.58,1598.53,1403.95,553.87,2388.02,9107.92,47.57,522.41,8187.08,8.4227,392,38.98,23.3113
AC-051,164,-0.0013,0.0001,100.0,642.7,1594.44,1400.76,553.8,2388.05,9106.22,47.39,521.7,8186.77,8.4365,392,38.7,23.345
AC-051,165,-0.0002,-0.0,100.0,642.75,1589.77,1402.01,553.94,2388.01,9117.76,47.5,521.69,8186.91,8.4114,393,38.89,23.2796
AC-051,166,-0.0026,-0.0003,100.0,642.24,1592.89,1402.76,553.47,2388.08,9117.35,47.44,521.82,8186.66,8.4129,395,38.82,23.4058
AC-051,167,-0.0028,-0.0002,100.0,642.89,1592.23,1405.19,553.67,2387.99,9114.24,47.42,521.66,8186.47,8.4571,394,38.94,23.3449
AC-051,168,-0.0008,-0.0001,100.0,642.7,1589.03,1406.07,553.74,2387.98,9113.9,47.38,522.21,8188.65,8.4168,393,38.93,23.332
AC-051,169,-0.0011,-0.0002,100.0,642.78,1595.33,1402.31,553.28,2388.06,9114.75,47.22,521.93,8194.04,8.4197,394,38.91,23.3807
AC-051,170,0.0012,0.0004,100.0,642.75,1590.84,1406.16,552.73,2388.04,9125.18,47.54,521.47,8196.06,8.4649,395,38.92,23.3872
AC-051,171,-0.001,0.0005,100.0,642.55,1591.88,1408.94,553.5,2388.04,9117.67,47.56,521.46,8192.49,8.4605,394,38.64,23.201
AC-051,172,0.0042,-0.0003,100.0,642.51,1593.21,1409.49,553.35,2387.99,9117.81,47.49,521.47,8195.51,8.4463,393,38.88,23.2373
AC-051,173,-0.0016,-0.0,100.0,642.59,1596.35,1413.19,554.27,2388.05,9130.01,47.67,521.43,8192.4,8.4252,393,38.83,23.2935
AC-051,174,0.0041,0.0001,100.0,642.72,1595.45,1407.46,553.82,2388.03,9125.02,47.63,521.74,8203.31,8.4283,393,39.0,23.3297
AC-051,175,0.001,-0.0003,100.0,642.24,1587.01,1402.65,553.18,2388.04,9126.91,47.47,521.57,8200.78,8.4367,394,38.69,23.2622
AC-051,176,-0.0005,-0.0005,100.0,642.48,1590.33,1416.04,553.31,2388.0,9129.1,47.48,521.84,8195.48,8.4313,395,38.81,23.2523
AC-051,177,0.0013,0.0005,100.0,642.15,1594.84,1406.61,552.97,2388.03,9125.29,47.55,521.79,8200.41,8.4775,396,38.78,23.2656
AC-051,178,-0.0043,0.0002,100.0,642.44,1592.11,1408.93,553.62,2388.06,9130.21,47.44,521.57,8200.25,8.4579,395,38.79,23.4036
AC-051,179,0.0009,-0.0004,100.0,643.16,1596.79,1406.73,553.49,2388.03,9132.19,47.42,521.81,8196.51,8.4461,395,38.82,23.2498
AC-051,180,-0.0033,0.0003,100.0,642.74,1592.03,1407.11,553.41,2388.06,9127.77,47.61,521.78,8204.46,8.4811,393,38.76,23.2609
AC-051,181,0.0005,-0.0002,100.0,643.33,1584.48,1411.82,553.23,2388.05,9128.9,47.49,521.34,8201.1,8.4755,392,38.72,23.2981
AC-051,182,-0.0004,-0.0002,100.0,642.86,1594.21,1407.05,553.68,2388.05,9129.03,47.51,521.3,8207.87,8.4659,394,38.66,23.2846
AC-051,183,0.0016,0.0001,100.0,642.99,1592.53,1415.32,553.68,2388.07,9134.24,47.47,521.57,8211.99,8.4927,393,38.84,23.2264
AC-051,184,-0.0044,-0.0003,100.0,642.32,1597.43,1411.04,553.02,2388.04,9141.55,47.67,521.17,8212.66,8.4653,394,38.91,23.2087
AC-051,185,-0.0037,-0.0001,100.0,643.13,1594.44,1411.4,552.84,2388.06,9142.86,47.5,521.24,8216.43,8.4496,395,38.76,23.2431
AC-051,186,-0.0003,0.0001,100.0,643.21,1589.96,1416.87,552.71,2388.04,9132.56,47.59,521.62,8217.13,8.4684,396,38.79,23.3117
AC-051,187,0.001,0.0001,100.0,642.62,1591.46,1409.26,553.45,2388.03,9143.57,47.43,520.64,8211.34,8.4535,395,38.65,23.2538
AC-051,188,0.0004,0.0003,100.0,642.98,1596.83,1414.92,553.01,2388.06,9153.59,47.5,521.42,8211.55,8.4598,394,38.77,23.1368
AC-051,189,0.0017,-0.0003,100.0,642.87,1595.66,1416.32,553.72,2388.07,9153.17,47.79,520.99,8221.71,8.4627,393,38.8,23.274
AC-051,190,0.001,-0.0003,100.0,643.1,1600.81,1415.55,552.52,2388.02,9154.05,47.7,521.33,8226.4,8.4591,394,38.69,23.3197
AC-051,191,-0.0012,0.0,100.0,642.74,1584.78,1424.99,553.27,2388.07,9152.17,47.79,521.46,8220.61,8.4678,394,38.65,23.2786
AC-051,192,0.0023,0.0002,100.0,643.45,1594.21,1410.0,554.06,2388.04,9158.53,47.77,521.17,8227.41,8.444,395,38.54,23.2994
AC-051,193,0.002,0.0005,100.0,643.08,1591.05,1417.7,553.06,2388.06,9166.96,47.64,521.58,8224.08,8.4818,395,38.64,23.1821
AC-051,194,0.0002,-0.0001,100.0,643.4,1593.76,1412.87,552.71,2388.15,9165.02,47.87,521.1,8229.31,8.4651,394,38.65,23.1941
AC-051,195,0.0012,-0.0001,100.0,643.16,1596.05,1413.79,552.81,2388.08,9164.67,47.83,520.43,8237.0,8.4809,395,38.66,23.1147
AC-051,196,-0.0019,-0.0002,100.0,643.09,1596.96,1416.27,553.99,2388.08,9167.14,47.62,521.11,8233.55,8.4522,396,38.85,23.212
AC-051,197,0.0037,0.0001,100.0,642.83,1597.94,1418.42,552.71,2388.12,9179.12,47.66,521.17,8236.36,8.4965,395,38.96,23.1683
AC-051,198,0.0009,0.0,100.0,643.51,1591.09,1418.2,553.4,2388.07,9175.36,47.78,521.21,8239.24,8.4886,395,38.53,23.1286
AC-051,199,0.0039,-0.0004,100.0,643.19,1592.24,1417.94,553.05,2388.06,9174.31,47.66,521.0,8238.54,8.4873,395,38.65,23.2985
AC-051,200,0.0004,-0.0003,100.0,642.65,1594.92,1414.82,552.75,2388.03,9175.16,47.73,520.86,8242.47,8.4732,395,38.69,23.1436
AC-051,201,0.0009,0.0002,100.0,643.27,1605.04,1419.07,552.89,2388.09,9185.64,47.83,521.23,8245.46,8.4866,395,38.45,23.2067
AC-051,202,-0.0009,-0.0,100.0,643.22,1605.12,1412.48,552.56,2388.08,9185.22,47.94,520.93,8248.19,8.4987,394,38.82,23.1381
AC-051,203,-0.0038,-0.0001,100.0,643.08,1590.92,1426.12,552.41,2388.15,9188.26,47.69,520.94,8253.41,8.499,396,38.62,23.0319
AC-051,204,0.0011,0.0004,100.0,643.21,1604.24,1423.73,552.53,2388.07,9201.99,47.79,521.25,8253.27,8.4982,396,38.67,23.1033
AC-051,205,0.0023,-0.0,100.0,643.31,1592.63,1423.81,552.69,2388.07,9193.09,47.94,520.58,8256.4,8.4914,393,38.57,23.1452
AC-051,206,0.003,0.0004,100.0,643.44,1601.34,1416.05,552.53,2388.08,9204.96,48.07,520.38,8261.07,8.4775,397,38.69,23.1276
AC-051,207,0.0017,-0.0004,100.0,643.27,1602.47,1415.91,552.45,2388.07,9211.23,47.99,520.47,8268.39,8.5021,396,38.56,23.2241
AC-051,208,-0.0015,0.0004,100.0,643.69,1606.39,1422.9,552.72,2388.14,9210.36,47.94,520.42,8267.54,8.4834,397,38.46,23.2072
AC-051,209,0.0031,-0.0003,100.0,643.81,1604.36,1428.61,552.49,2388.12,9214.76,47.95,520.78,8269.27,8.5187,396,38.66,23.1217
AC-051,210,0.0008,0.0005,100.0,643.19,1605.01,1430.44,551.49,2388.11,9213.46,47.94,520.38,8274.65,8.5195,395,38.57,23.0721
AC-051,211,0.0008,-0.0005,100.0,643.68,1609.75,1419.91,552.63,2388.32,9219.81,48.27,520.24,8279.86,8.5275,398,38.43,23.0668
AC-051,212,0.0015,0.0005,100.0,643.37,1602.44,1432.71,552.73,2388.46,9226.6,48.09,520.36,8288.26,8.5117,398,38.72,23.0834
AC-051,213,0.0014,0.0004,100.0,644.11,1606.6,1428.55,551.6,2388.56,9244.59,47.89,520.2,8293.72,8.5306,397,38.39,23.0958
AC-059,1,0.0,0.0002,100.0,642.23,1583.85,1394.9,554.96,2388.01,9054.46,47.12,522.76,8138.74,8.4077,390,38.95,23.3631
AC-059,2,-0.0006,0.0003,100.0,641.68,1583.38,1391.57,554.44,2388.0,9048.32,47.05,522.92,8143.46,8.4237,391,39.07,23.5368
AC-059,3,0.0006,0.0003,100.0,642.12,1593.37,1396.53,554.45,2388.01,9048.23,47.09,522.29,8142.43,8.3694,391,39.08,23.3646
AC-059,4,-0.0016,-0.0002,100.0,641.91,1582.06,1397.24,554.75,2388.01,9057.77,47.14,522.65,8144.85,8.3991,391,38.94,23.4428
AC-059,5,-0.0028,-0.0003,100.0,642.45,1587.57,1397.78,553.96,2388.02,9058.48,47.15,522.12,8139.1,8.3991,390,39.18,23.503
AC-059,6,0.004,-0.0003,100.0,642.06,1581.03,1394.81,554.4,2387.99,9051.75,47.23,522.22,8135.43,8.4062,391,39.12,23.4303
AC-059,7,0.0012,-0.0003,100.0,642.27,1584.95,1396.13,555.24,2387.96,9054.09,47.07,522.2,8135.67,8.3909,391,39.03,23.4483
AC-059,8,0.0029,0.0004,100.0,642.02,1583.08,1398.88,555.13,2388.01,9068.66,47.11,522.43,8139.45,8.4222,389,39.05,23.4404
AC-059,9,-0.0003,0.0002,100.0,642.36,1576.47,1397.44,554.87,2388.01,9053.1,46.95,522.74,8139.97,8.3953,391,39.12,23.4364
AC-059,10,-0.0019,-0.0004,100.0,642.46,1580.88,1395.39,555.07,2387.98,9050.94,47.23,522.5,8141.35,8.4098,391,39.04,23.4173
AC-059,11,0.0005,-0.0001,100.0,642.21,1583.2,1404.76,554.57,2388.0,9049.98,47.14,522.15,8135.85,8.3806,392,39.03,23.4487
AC-059,12,0.0011,-0.0001,100.0,642.63,1581.27,1395.08,554.47,2388.01,9054.86,47.04,522.45,8139.12,8.3833,392,38.98,23.4486
AC-059,13,0.0043,-0.0002,100.0,641.96,1586.06,1397.83,554.75,2387.99,9058.86,46.99,522.15,8140.48,8.3712,392,38.92,23.5137
AC-059,14,-0.0006,-0.0005,100.0,642.07,1581.3,1392.85,554.03,2388.03,9061.5,47.03,522.26,8134.36,8.3657,390,39.11,23.5179
AC-059,15,-0.0045,-0.0003,100.0,642.06,1583.71,1395.08,554.7,2387.93,9059.47,47.12,523.06,8136.23,8.4163,392,39.08,23.4219
AC-059,16,0.0014,-0.0002,100.0,641.94,1581.83,1403.74,554.99,2388.03,9053.85,47.16,522.08,8141.52,8.4463,392,39.08,23.4022
AC-059,17,0.003,0.0004,100.0,641.61,1586.13,1397.73,554.8,2388.04,9063.44,47.25,522.39,8143.47,8.4167,391,38.96,23.4058
AC-059,18,0.0007,0.0003,100.0,642.66,1582.76,1401.69,554.44,2387.98,9055.75,47.09,522.85,8137.83,8.4325,391,39.1,23.4539
AC-059,19,0.0021,-0.0005,100.0,641.97,1586.95,1390.1,554.54,2388.0,9057.81,47.17,522.35,8142.07,8.3961,390,39.08,23.3528
AC-059,20,-0.0019,0.0005,100.0,642.3,1584.6,1396.49,554.45,2387.98,9052.58,47.06,522.53,8139.59,8.4255,391,39.25,23.5442
AC-059,21,-0.0002,0.0003,100.0,642.3,1581.47,1399.84,554.76,2387.95,9058.96,47.15,522.35,8137.05,8.3814,390,39.18,23.4255
AC-059,22,-0.0023,-0.0003,100.0,642.31,1591.06,1398.76,554.75,2387.99,9058.43,47.09,522.96,8137.92,8.4299,391,39.15,23.5255
AC-059,23,-0.0009,0.0002,100.0,642.2,1585.82,1397.61,554.91,2388.01,9058.4,47.03,522.9,8141.08,8.3634,392,39.2,23.3611
AC-059,24,-0.0015,0.0001,100.0,642.41,1581.11,1398.28,555.24,2388.01,9055.94,47.46,522.53,8138.81,8.4076,390,39.15,23.4705
AC-059,25,-0.0031,0.0002,100.0,642.22,1579.22,1402.15,555.16,2388.01,9051.53,47.19,522.27,8139.97,8.3888,391,39.09,23.3908
AC-059,26,0.0012,-0.0004,100.0,642.14,1592.32,1392.7,554.58,2388.03,9061.38,47.13,522.3,8140.34,8.3785,392,39.07,23.5365
AC-059,27,0.0021,-0.0005,100.0,642.08,1587.53,1396.91,553.97,2388.03,9051.92,47.14,522.89,8133.63,8.3792,390,38.98,23.3086
AC-059,28,0.002,0.0001,100.0,642.07,1580.79,1393.16,555.01,2387.97,9051.83,47.3,522.45,8139.29,8.4047,392,39.27,23.3488
AC-059,29,-0.003,-0.0004,100.0,642.86,1584.38,1399.44,554.69,2388.01,9060.54,47.1,521.93,8140.16,8.4304,392,39.15,23.2982
AC-059,30,-0.0029,0.0004,100.0,642.12,1576.66,1399.97,554.42,2387.97,9052.83,47.06,522.7,8138.1,8.3812,392,38.97,23.3897
AC-059,31,0.0015,-0.0003,100.0,642.0,1589.11,1395.91,554.56,2388.01,9058.0,47.09,522.53,8143.7,8.381,391,38.91,23.4557
AC-059,32,0.0039,0.0003,100.0,641.73,1581.49,1396.72,554.81,2388.04,9051.29,47.13,522.38,8132.43,8.3773,391,39.04,23.5383
AC-059,33,-0.0002,0.0,100.0,642.33,1585.08,1395.03,554.78,2388.02,9057.88,47.24,522.46,8134.83,8.3886,391,39.09,23.382
AC-059,34,0.0014,0.0005,100.0,642.08,1583.01,1392.14,554.48,2388.02,9061.14,47.1,522.31,8134.0,8.4044,391,39.1,23.4074
AC-059,35,-0.0042,0.0004,100.0,641.95,1579.09,1397.35,554.32,2387.97,9060.9,47.02,522.67,8143.61,8.3856,391,39.13,23.3904
AC-059,36,0.0019,0.0003,100.0,641.95,1589.87,1396.41,555.29,2387.96,9064.12,47.02,522.26,8138.28,8.4135,390,38.97,23.4566
AC-059,37,0.0006,-0.0001,100.0,642.42,1577.67,1398.99,554.49,2387.98,9056.82,47.17,522.01,8134.09,8.3613,392,38.95,23.3906
AC-059,38,-0.0028,0.0005,100.0,642.31,1582.94,1391.74,555.02,2388.05,9051.53,47.26,522.9,8136.93,8.3705,392,39.04,23.4085
AC-059,39,0.0034,0.0004,100.0,642.14,1587.79,1397.2,553.67,2388.01,9060.96,47.2,522.43,8139.41,8.395,391,39.13,23.3136
AC-059,40,0.0025,-0.0001,100.0,641.67,1580.34,1398.95,554.49,2388.08,9057.36,47.16,522.59,8138.98,8.3846,391,39.25,23.3541
AC-059,41,0.0008,-0.0004,100.0,642.37,1576.02,1400.48,554.75,2388.01,9052.35,47.05,522.48,8137.78,8.4202,391,39.25,23.5002
AC-059,42,0.0035,0.0002,100.0,642.06,1588.54,1394.96,554.65,2387.99,9053.16,47.38,522.34,8139.02,8.3533,391,39.01,23.3713
AC-059,43,0.0012,-0.0004,100.0,642.21,1576.53,1399.68,554.06,2388.01,9049.78,47.26,522.43,8144.32,8.373,392,38.93,23.5115
AC-059,44,-0.0005,0.0005,100.0,641.72,1590.2,1400.09,553.94,2388.03,9055.95,47.17,522.35,8142.0,8.4216,392,38.94,23.3515
AC-059,45,0.0024,0.0004,100.0,642.56,1578.99,1403.09,555.6,2387.96,9060.77,47.02,523.21,8135.25,8.4064,391,38.99,23.405
AC-059,46,0.0018,0.0,100.0,642.18,1580.76,1394.89,554.17,2388.04,9052.97,47.21,522.78,8135.86,8.4075,392,39.09,23.4232
AC-059,47,0.0016,0.0003,100.0,642.24,1582.66,1405.06,553.64,2388.0,9057.58,47.1,522.82,8137.94,8.3928,392,39.0,23.4924
AC-059,48,-0.0001,0.0005,100.0,641.5,1588.83,1394.15,553.94,2388.01,9055.14,47.27,522.16,8135.83,8.4216,393,39.11,23.4603
AC-059,49,-0.0017,0.0004,100.0,642.28,1583.82,1397.94,554.61,2387.99,9058.71,47.2,522.17,8142.06,8.3839,391,39.12,23.3419
AC-059,50,0.0032,-0.0,100.0,642.3,1588.59,1393.23,554.87,2388.0,9055.62,47.2,522.44,8141.81,8.4101,392,39.1,23.5059
AC-059,51,-0.0,-0.0004,100.0,641.72,1586.51,1403.8,554.6,2388.01,9058.5,47.11,522.39,8140.26,8.4025,392,39.07,23.5007
AC-059,52,-0.0001,0.0004,100.0,642.11,1578.19,1403.12,555.22,2388.04,9058.89,47.15,522.48,8138.77,8.4008,391,39.16,23.4569
AC-059,53,-0.0008,0.0004,100.0,642.21,1581.66,1396.66,554.36,2387.99,9056.56,47.21,522.14,8143.23,8.3953,391,38.97,23.3741
AC-059,54,-0.0022,-0.0003,100.0,641.88,1582.06,1396.12,554.52,2388.04,9054.54,47.03,522.62,8143.92,8.4257,392,39.16,23.3291
AC-059,55,0.0045,0.0001,100.0,642.1,1582.29,1396.88,553.64,2388.0,9054.54,47.08,522.38,8137.37,8.4241,390,39.12,23.4798
AC-059,56,0.0028,0.0002,100.0,641.82,1582.02,1390.76,554.23,2387.99,9048.69,47.23,522.32,8137.7,8.3613,392,39.05,23.436
AC-059,57,-0.0004,0.0005,100.0,642.16,1577.69,1398.25,555.09,2388.0,9061.92,47.23,522.48,8136.56,8.3963,392,39.11,23.4128
AC-059,58,0.0009,-0.0002,100.0,642.25,1584.98,1403.11,555.15,2388.02,9053.93,47.25,522.61,8142.66,8.3839,393,39.02,23.5089
AC-059,59,-0.0008,-0.0004,100.0,641.74,1581.71,1395.81,554.5,2387.97,9058.97,47.06,522.82,8142.15,8.3883,393,39.09,23.5788
AC-059,60,0.0011,-0.0003,100.0,642.53,1576.88,1394.22,554.77,2387.97,9054.1,47.11,522.42,8135.0,8.3693,391,39.12,23.4605
AC-059,61,-0.0015,0.0005,100.0,642.15,1582.39,1401.4,553.97,2387.99,9045.61,47.16,522.15,8140.4,8.3743,392,39.06,23.3362
AC-059,62,0.0037,-0.0002,100.0,641.91,1581.23,1394.37,554.42,2388.02,9059.2,47.22,522.47,8139.56,8.3859,392,39.1,23.3653
AC-059,63,0.0026,0.0001,100.0,642.1,1580.94,1400.24,555.04,2387.96,9055.16,47.08,521.99,8137.39,8.3803,391,38.86,23.5182
AC-059,64,0.0005,0.0002,100.0,642.38,1586.79,1401.39,555.72,2388.04,9057.28,47.0,521.99,8140.18,8.4031,390,39.05,23.4975
AC-059,65,0.0026,0.0005,100.0,641.61,1585.98,1398.05,554.57,2388.02,9053.58,47.29,522.16,8141.63,8.3886,392,39.11,23.346
AC-059,66,-0.0001,-0.0005,100.0,642.01,1584.5,1402.64,554.79,2388.06,9054.42,47.11,522.35,8137.54,8.3982,392,39.09,23.4249
AC-059,67,0.0011,-0.0,100.0,641.7,1583.79,1393.19,554.03,2388.06,9059.25,47.23,522.16,8135.64,8.3752,391,39.05,23.4128
AC-059,68,0.0033,0.0001,100.0,642.17,1588.73,1402.06,554.66,2388.01,9051.79,47.15,522.4,8138.24,8.4037,390,39.04,23.369
AC-059,69,-0.0008,-0.0002,100.0,642.09,1578.97,1401.98,554.26,2388.08,9056.86,47.47,522.11,8140.01,8.3892,390,38.91,23.3614
AC-059,70,-0.001,0.0005,100.0,642.09,1580.28,1400.71,553.66,2388.01,9054.67,47.07,522.73,8138.23,8.3928,391,38.73,23.4732
AC-059,71,0.0012,-0.0004,100.0,642.57,1580.08,1395.4,554.14,2388.03,9055.19,47.11,522.13,8140.6,8.3818,390,38.98,23.4276
AC-059,72,0.0013,-0.0004,100.0,642.16,1582.33,1395.67,555.04,2388.01,9060.79,47.24,522.26,8132.05,8.4383,393,38.95,23.4486
AC-059,73,0.0008,-0.0001,100.0,642.27,1583.8,1393.46,554.56,2388.03,9053.29,47.32,521.67,8140.39,8.4184,392,39.09,23.407
AC-059,74,-0.0031,0.0001,100.0,641.79,1587.15,1397.83,554.98,2388.0,9048.75,47.14,522.34,8141.35,8.3826,391,38.98,23.389
AC-059,75,0.0001,0.0001,100.0,642.12,1588.22,1396.13,554.38,2388.06,9061.48,47.22,522.21,8139.22,8.4326,390,38.94,23.4274
AC-059,76,-0.004,0.0003,100.0,642.33,1581.5,1396.22,554.28,2388.02,9056.93,47.28,522.19,8139.33,8.3942,392,39.02,23.4053
AC-059,77,-0.0011,0.0002,100.0,643.13,1592.05,1402.18,554.5,2388.05,9053.78,47.29,521.56,8139.26,8.4399,392,39.05,23.4276
AC-059,78,-0.0025,-0.0005,100.0,642.15,1591.32,1400.52,553.86,2388.03,9052.12,47.14,521.94,8133.84,8.4258,392,39.14,23.3966
AC-059,79,-0.0009,-0.0003,100.0,642.35,1585.13,1406.59,553.73,2388.02,9066.28,47.19,522.28,8139.15,8.3441,389,39.19,23.4185
AC-059,80,-0.0016,0.0001,100.0,641.94,1589.03,1393.59,554.57,2388.06,9055.74,47.44,522.48,8138.49,8.3854,392,38.94,23.3962
AC-059,81,0.0006,-0.0,100.0,642.4,1587.41,1397.92,553.76,2388.01,9057.15,47.24,522.5,8136.81,8.3637,392,39.13,23.3202
AC-059,82,0.0033,-0.0,100.0,642.65,1585.02,1393.85,554.24,2388.04,9060.18,47.31,522.24,8141.68,8.3939,392,38.98,23.4273
AC-059,83,0.0026,0.0002,100.0,642.43,1583.33,1397.74,554.23,2387.97,9056.27,47.29,522.54,8139.35,8.3727,393,39.09,23.418
AC-059,84,0.0013,0.0001,100.0,642.28,1587.74,1398.63,554.54,2388.02,9059.56,47.29,522.42,8135.48,8.4095,392,39.13,23.3553
AC-059,85,-0.0001,-0.0001,100.0,641.92,1583.53,1395.25,554.32,2387.96,9057.2,47.17,521.84,8137.2,8.3817,393,38.99,23.3983
AC-059,86,-0.0009,0.0003,100.0,641.95,1589.08,1394.79,554.12,2387.99,9056.48,47.33,522.25,8138.67,8.428,391,39.11,23.4579
AC-059,87,-0.0005,-0.0001,100.0,641.93,1584.3,1402.08,554.6,2388.01,9054.01,47.31,521.77,8140.65,8.3677,391,39.06,23.3425
AC-059,88,0.0024,0.0004,100.0,642.15,1582.89,1393.39,553.87,2388.05,9055.67,47.28,522.25,8145.0,8.4089,393,39.0,23.3807
AC-059,89,-0.0009,-0.0,100.0,642.4,1586.9,1404.24,554.7,2388.0,9060.04,47.25,521.93,8139.02,8.4223,391,38.83,23.37
AC-059,90,-0.001,0.0003,100.0,642.49,1586.55,1400.05,554.13,2388.05,9057.55,47.06,522.09,8138.67,8.376,392,38.88,23.3533
AC-059,91,0.0011,-0.0003,100.0,642.42,1584.92,1391.79,553.66,2388.03,9060.71,47.43,522.1,8137.81,8.4097,391,38.89,23.3571
AC-059,92,-0.001,0.0002,100.0,642.03,1579.32,1402.74,554.51,2388.05,9052.27,47.15,522.03,8136.18,8.4194,390,38.89,23.4079
AC-059,93,-0.0003,0.0003,100.0,642.0,1581.74,1394.85,553.66,2388.04,9058.45,47.04,522.23,8140.7,8.3955,391,38.98,23.3652
AC-059,94,-0.0004,-0.0001,100.0,642.06,1587.69,1407.8,554.28,2388.03,9060.3,47.23,522.1,8139.1,8.4026,391,38.98,23.345
AC-059,95,0.0028,0.0005,100.0,641.94,1585.28,1395.97,553.71,2387.99,9058.05,47.1,522.08,8138.61,8.4225,392,38.92,23.4669
AC-059,96,-0.0028,-0.0004,100.0,641.61,1587.45,1398.66,554.38,2388.05,9056.44,47.22,522.06,8138.66,8.4282,392,38.86,23.4697
AC-059,97,-0.0019,-0.0001,100.0,642.58,1584.78,1394.47,554.65,2388.01,9061.6,47.18,522.54,8137.53,8.3752,392,39.02,23.3965
AC-059,98,-0.0036,0.0,100.0,642.25,1579.39,1402.71,554.63,2388.0,9057.98,47.4,523.1,8141.82,8.3971,392,38.94,23.3537
AC-059,99,-0.003,0.0003,100.0,642.37,1583.53,1406.1,554.27,2388.06,9060.04,47.29,521.88,8135.75,8.3866,392,38.99,23.4044
AC-059,100,0.001,-0.0001,100.0,641.94,1584.45,1399.26,554.32,2388.01,9046.96,47.35,522.11,8136.99,8.4118,393,39.09,23.338
AC-059,101,-0.0034,-0.0003,100.0,642.44,1584.1,1398.93,554.29,2388.03,9055.8,47.24,522.27,8142.29,8.3885,393,39.0,23.3741
AC-059,102,0.0018,0.0004,100.0,642.26,1581.25,1406.74,553.84,2388.03,9057.9,47.32,522.0,8140.5,8.3927,390,39.07,23.405
AC-059,103,0.0009,0.0,100.0,642.35,1582.53,1398.99,554.64,2388.05,9064.58,47.28,522.5,8141.88,8.4075,392,39.05,23.3689
AC-059,104,0.0004,-0.0002,100.0,642.6,1580.21,1399.9,553.7,2388.01,9052.35,47.32,521.84,8141.54,8.4213,391,39.04,23.4089
AC-059,105,0.0029,0.0002,100.0,642.27,1591.08,1400.27,554.98,2388.0,9061.12,47.28,522.5,8137.32,8.4016,390,39.05,23.3102
AC-059,106,0.0016,-0.0003,100.0,642.28,1589.22,1399.77,554.68,2387.95,9061.44,47.39,522.16,8142.11,8.392,392,38.96,23.4016
AC-059,107,0.0009,-0.0002,100.0,642.47,1583.82,1408.93,554.8,2388.01,9054.88,47.22,522.27,8137.58,8.4133,393,38.92,23.333
AC-059,108,0.0038,0.0004,100.0,642.38,1590.34,1404.71,554.35,2388.05,9059.49,47.18,522.57,8140.03,8.4295,391,38.87,23.4768
AC-059,109,0.0007,-0.0001,100.0,642.68,1576.42,1394.53,554.47,2388.03,9057.15,47.18,522.12,8135.83,8.3987,391,38.9,23.4865
AC-059,110,-0.0019,0.0005,100.0,641.96,1591.02,1399.34,554.21,2388.04,9055.48,47.22,522.28,8144.9,8.4069,393,39.11,23.3104
AC-059,111,0.0044,-0.0002,100.0,642.45,1587.74,1398.46,553.94,2388.02,9064.64,47.2,521.98,8150.6,8.3813,391,39.06,23.3443
AC-059,112,0.0016,0.0004,100.0,642.1,1584.36,1401.97,554.45,2388.09,9058.32,47.15,522.52,8132.86,8.4058,392,38.92,23.2664
AC-059,113,0.0001,0.0004,100.0,642.06,1579.63,1398.42,554.95,2388.04,9057.85,47.35,522.22,8145.13,8.3801,390,38.96,23.4604
AC-059,114,-0.0054,0.0002,100.0,641.98,1589.52,1403.52,554.24,2388.06,9066.28,47.17,521.77,8140.12,8.3951,392,38.85,23.4966
AC-059,115,0.004,0.0005,100.0,641.64,1585.52,1408.11,554.06,2388.03,9055.53,47.18,522.12,8136.7,8.3935,391,39.03,23.4566
AC-059,116,0.0003,0.0005,100.0,641.91,1589.24,1402.23,554.81,2388.03,9058.52,47.15,522.17,8140.56,8.4098,391,38.84,23.3805
AC-059,117,-0.0005,0.0,100.0,642.05,1586.52,1401.15,554.08,2388.06,9057.47,47.23,522.07,8137.35,8.4488,391,39.16,23.4362
AC-059,118,0.0024,0.0001,100.0,642.22,1592.21,1404.82,554.47,2388.02,9059.66,47.17,521.68,8136.95,8.4077,392,38.88,23.4325
AC-059,119,0.0015,0.0001,100.0,642.28,1583.23,1406.62,554.55,2388.03,9054.41,47.23,522.29,8140.26,8.4208,392,38.82,23.3247
AC-059,120,-0.0013,-0.0002,100.0,641.7,1580.76,1401.0,553.9,2388.06,9056.86,47.27,521.92,8135.15,8.456,391,38.9,23.4283
AC-059,121,-0.0023,0.0004,100.0,642.27,1578.56,1391.52,554.31,2387.97,9051.69,47.15,522.69,8143.19,8.4401,391,39.14,23.4506
AC-059,122,0.0041,-0.0003,100.0,642.59,1577.06,1403.37,553.73,2388.02,9052.09,47.33,522.2,8137.83,8.4119,394,38.98,23.4442
AC-059,123,0.0001,-0.0,100.0,641.91,1585.21,1397.71,554.4,2388.06,9058.6,47.39,522.21,8141.43,8.4365,390,39.08,23.3159
AC-059,124,0.0026,-0.0,100.0,642.37,1585.79,1406.47,554.05,2388.09,9058.69,47.29,521.98,8133.53,8.4112,391,38.85,23.3798
AC-059,125,0.0021,-0.0003,100.0,642.22,1586.41,1402.81,553.67,2388.09,9056.41,47.25,522.08,8142.81,8.4277,391,38.98,23.3519
AC-059,126,0.0019,0.0004,100.0,642.29,1581.83,1409.11,553.92,2388.02,9060.72,47.22,521.69,8136.34,8.4114,393,39.02,23.2967
AC-059,127,0.0007,0.0001,100.0,641.61,1585.84,1398.04,553.96,2388.02,9053.01,47.3,522.11,8134.07,8.4088,392,38.89,23.4096
AC-059,128,0.0005,-0.0003,100.0,642.28,1584.21,1397.82,553.94,2388.06,9049.51,47.21,521.81,8138.16,8.4073,392,39.06,23.4329
AC-059,129,-0.002,-0.0002,100.0,642.47,1584.22,1410.66,554.58,2388.03,9061.05,47.45,522.16,8144.0,8.42,393,38.85,23.3199
AC-059,130,-0.0024,0.0004,100.0,642.38,1591.6,1402.06,554.88,2388.08,9064.4,47.39,521.72,8143.54,8.4178,392,38.98,23.3256
AC-059,131,0.0008,0.0,100.0,642.32,1586.64,1406.44,553.33,2388.02,9051.6,47.35,521.91,8135.1,8.425,393,39.01,23.322
AC-059,132,0.0025,-0.0004,100.0,641.88,1587.92,1407.67,554.54,2388.05,9061.19,47.27,522.39,8141.45,8.3939,392,39.02,23.3626
AC-059,133,0.0001,0.0002,100.0,642.12,1589.34,1407.58,554.75,2387.99,9055.71,47.31,522.66,8138.36,8.4005,392,38.91,23.3258
AC-059,134,0.0029,0.0001,100.0,642.08,1587.62,1406.59,553.71,2388.0,9058.34,47.36,521.31,8145.41,8.4122,393,38.88,23.4598
AC-059,135,0.001,-0.0004,100.0,642.3,1594.09,1399.73,554.14,2388.05,9056.79,47.35,522.3,8138.82,8.4425,391,39.09,23.3721
AC-059,136,-0.0011,-0.0003,100.0,642.95,1591.41,1398.92,553.51,2388.07,9062.42,47.43,522.07,8143.47,8.4015,392,38.93,23.3521
AC-059,137,0.0017,-0.0002,100.0,641.95,1586.64,1401.3,554.54,2388.09,9062.77,47.27,522.31,8137.29,8.4142,392,38.92,23.3298
AC-059,138,-0.0004,0.0002,100.0,642.48,1584.4,1402.19,553.74,2388.06,9059.75,47.33,521.7,8139.57,8.4451,393,38.78,23.3573
AC-059,139,-0.0014,0.0004,100.0,642.06,1582.55,1392.56,554.37,2388.05,9056.86,47.4,522.13,8139.85,8.4025,391,38.98,23.2939
AC-059,140,-0.0004,0.0001,100.0,642.48,1587.72,1400.42,554.37,2388.06,9058.04,47.46,522.21,8137.67,8.4409,392,38.81,23.3179
AC-059,141,-0.0012,0.0001,100.0,642.3,1586.78,1404.7,553.42,2388.02,9060.09,47.33,521.69,8134.54,8.428,393,38.9,23.4016
AC-059,142,-0.0032,0.0005,100.0,642.52,1590.11,1403.03,554.27,2388.03,9061.71,47.52,521.47,8141.1,8.427,393,38.85,23.3473
AC-059,143,-0.001,0.0002,100.0,642.39,1579.78,1396.68,554.35,2388.07,9059.87,47.38,521.7,8137.4,8.3972,393,38.99,23.3907
AC-059,144,-0.0012,-0.0,100.0,642.57,1586.57,1399.93,554.31,2388.04,9061.64,47.47,521.35,8140.84,8.4175,392,38.8,23.2849
AC-059,145,-0.0007,-0.0004,100.0,642.36,1585.7,1398.05,553.64,2388.02,9056.63,47.51,522.34,8149.47,8.4138,392,38.58,23.4505
AC-059,146,0.0014,-0.0004,100.0,642.23,1588.89,1407.35,553.99,2388.05,9060.02,47.32,522.1,8140.79,8.416,393,39.0,23.3135
AC-059,147,0.0011,-0.0005,100.0,642.84,1590.65,1399.11,553.58,2388.08,9056.42,47.26,521.76,8144.12,8.4371,392,38.98,23.328
AC-059,148,0.0038,0.0002,100.0,642.3,1587.05,1403.75,554.27,2388.04,9057.08,47.47,521.65,8142.45,8.4229,393,39.08,23.3833
AC-059,149,-0.0029,-0.0004,100.0,642.29,1589.45,1399.39,554.32,2388.06,9057.61,47.4,521.9,8142.27,8.4399,392,38.85,23.3294
AC-059,150,0.0035,-0.0001,100.0,642.06,1589.26,1396.57,554.52,2388.03,9058.34,47.72,521.6,8141.89,8.4261,391,38.89,23.3266
AC-059,151,-0.0011,-0.0,100.0,642.12,1596.17,1407.15,554.04,2388.05,9054.49,47.37,521.78,8139.0,8.3837,394,38.87,23.4164
AC-059,152,-0.0026,-0.0001,100.0,642.44,1589.44,1400.62,553.49,2388.03,9063.76,47.53,521.85,8141.08,8.4051,395,38.9,23.3299
AC-059,153,-0.0005,0.0002,100.0,642.27,1588.45,1403.3,553.51,2388.05,9057.01,47.48,522.25,8139.44,8.4501,393,38.99,23.3049
AC-059,154,-0.0025,-0.0003,100.0,642.89,1585.93,1400.01,553.57,2388.06,9060.48,47.43,522.05,8142.38,8.414,392,38.89,23.3972
AC-059,155,-0.0003,-0.0003,100.0,642.65,1587.9,1405.22,552.37,2388.07,9061.24,47.39,521.23,8143.46,8.4367,392,38.93,23.4012
AC-059,156,-0.0,-0.0004,100.0,643.02,1589.37,1413.16,553.77,2388.08,9054.86,47.56,521.9,8136.8,8.452,393,38.81,23.3266
AC-059,157,-0.0007,-0.0002,100.0,642.51,1589.66,1404.14,553.6,2388.05,9063.51,47.44,521.84,8138.31,8.4379,393,38.82,23.2664
AC-059,158,-0.0016,0.0,100.0,642.34,1585.76,1404.45,553.61,2388.14,9062.63,47.4,521.96,8147.65,8.4317,391,38.71,23.2747
AC-059,159,-0.0005,0.0002,100.0,642.4,1593.71,1412.32,553.58,2388.05,9056.01,47.45,521.54,8139.07,8.4482,396,38.91,23.3147
AC-059,160,-0.0007,0.0003,100.0,641.94,1583.27,1402.75,553.45,2388.08,9058.87,47.48,522.17,8143.03,8.4344,393,38.77,23.3337
AC-059,161,-0.0018,0.0002,100.0,642.41,1589.77,1402.99,553.43,2388.09,9060.46,47.35,521.48,8137.59,8.4209,392,38.85,23.3329
AC-059,162,0.002,-0.0003,100.0,642.56,1594.93,1407.6,553.93,2388.08,9059.53,47.4,522.13,8135.51,8.4104,390,38.85,23.3815
AC-059,163,-0.0037,0.0005,100.0,642.49,1590.16,1404.63,553.98,2388.11,9060.39,47.55,521.56,8139.4,8.4345,393,38.75,23.2671
AC-059,164,-0.0003,0.0003,100.0,642.89,1586.12,1399.07,553.98,2388.14,9064.29,47.59,521.87,8139.89,8.446,393,39.14,23.3612
AC-059,165,0.0002,-0.0,100.0,641.99,1592.58,1401.71,552.9,2388.04,9061.36,47.44,521.65,8138.68,8.4388,393,38.96,23.2786
AC-059,166,-0.0037,0.0,100.0,642.39,1592.19,1407.49,553.22,2388.09,9065.26,47.44,521.79,8140.3,8.4284,393,38.84,23.1786
AC-059,167,-0.0007,0.0,100.0,642.59,1595.82,1401.69,553.51,2388.13,9052.16,47.47,521.11,8138.06,8.4383,394,38.82,23.4042
AC-059,168,-0.0047,-0.0002,100.0,642.95,1585.57,1406.48,553.12,2388.11,9056.71,47.45,522.05,8137.48,8.4426,392,38.75,23.3473
AC-059,169,-0.0038,-0.0004,100.0,643.08,1585.13,1402.83,553.12,2388.13,9063.16,47.59,521.39,8135.25,8.4467,393,38.81,23.217
AC-059,170,0.0014,-0.0004,100.0,642.82,1597.36,1409.61,553.09,2388.1,9061.49,47.67,521.72,8145.4,8.466,393,38.92,23.1998
AC-059,171,-0.0005,-0.0003,100.0,642.62,1585.32,1403.53,552.97,2388.08,9063.96,47.66,521.46,8143.62,8.4832,394,38.83,23.282
AC-059,172,-0.003,0.0002,100.0,642.61,1588.63,1410.88,552.96,2388.14,9059.44,47.57,521.46,8139.91,8.4631,394,38.67,23.3295
AC-059,173,-0.0017,-0.0004,100.0,642.43,1583.66,1404.61,553.74,2388.09,9062.75,47.57,521.33,8142.33,8.4125,393,38.79,23.2746
AC-059,174,0.0031,-0.0003,100.0,642.31,1592.14,1410.45,552.88,2388.09,9052.88,47.6,521.55,8139.66,8.405,394,38.76,23.3065
AC-059,175,-0.003,-0.0002,100.0,642.67,1592.45,1418.83,553.99,2388.1,9063.04,47.57,521.43,8137.56,8.4446,394,38.65,23.2135
AC-059,176,-0.0005,-0.0004,100.0,642.46,1590.88,1409.38,552.92,2388.08,9067.22,47.45,521.52,8137.38,8.4032,394,38.58,23.3245
AC-059,177,-0.0008,0.0,100.0,643.05,1590.96,1405.81,553.2,2388.06,9068.22,47.49,521.51,8142.78,8.444,395,38.9,23.4004
AC-059,178,0.0013,-0.0,100.0,642.55,1599.13,1410.31,552.5,2388.1,9062.08,47.62,521.33,8139.39,8.436,393,38.94,23.251
AC-059,179,0.0004,-0.0002,100.0,643.04,1596.13,1404.63,553.57,2388.1,9058.94,47.64,520.86,8137.5,8.4453,392,38.95,23.294
AC-059,180,0.0036,0.0003,100.0,642.76,1595.89,1416.18,553.04,2388.09,9066.59,47.65,521.43,8139.2,8.4554,392,38.86,23.2266
AC-059,181,-0.0007,-0.0004,100.0,643.03,1596.71,1410.45,553.52,2388.13,9063.12,47.45,521.15,8143.72,8.4519,394,38.86,23.3088
AC-059,182,-0.0011,-0.0,100.0,642.68,1590.39,1412.47,553.18,2388.1,9062.77,47.53,521.32,8138.82,8.4415,394,38.87,23.2384
AC-059,183,0.0042,-0.0,100.0,642.3,1587.56,1411.66,553.51,2388.12,9058.51,47.76,520.9,8142.98,8.4523,394,38.75,23.4106
AC-059,184,-0.0014,-0.0005,100.0,642.87,1596.72,1410.78,553.17,2388.17,9054.56,47.78,521.38,8139.96,8.4869,392,38.71,23.175
AC-059,185,-0.0005,0.0003,100.0,643.08,1594.19,1412.15,553.99,2388.12,9060.18,47.52,520.84,8138.35,8.4346,394,38.84,23.2264
AC-059,186,-0.0021,-0.0004,100.0,642.49,1591.65,1408.31,553.04,2388.11,9057.64,47.67,521.39,8134.59,8.4606,394,38.68,23.2328
AC-059,187,0.0006,0.0,100.0,643.03,1586.02,1405.76,552.4,2388.16,9068.12,47.62,521.07,8140.97,8.4359,395,38.72,23.3242
AC-059,188,-0.0013,0.0001,100.0,643.34,1591.01,1406.32,552.85,2388.12,9063.79,47.7,521.31,8141.38,8.426,394,38.73,23.2959
AC-059,189,0.0025,-0.0002,100.0,642.62,1586.19,1406.73,553.13,2388.11,9064.19,47.67,520.86,8138.39,8.4687,395,38.87,23.1882
AC-059,190,0.0003,-0.0003,100.0,642.69,1594.76,1414.46,552.56,2388.13,9066.86,47.81,521.16,8144.65,8.4648,394,38.71,23.3562
AC-059,191,0.0008,0.0,100.0,643.19,1590.32,1411.52,553.0,2388.11,9067.69,47.67,521.49,8136.66,8.4759,395,38.64,23.2527
AC-059,192,0.0022,0.0002,100.0,642.82,1594.94,1406.03,552.08,2388.14,9065.11,47.59,520.83,8141.43,8.4575,393,38.86,23.3309
AC-059,193,0.002,0.0001,100.0,642.73,1599.8,1408.93,553.0,2388.17,9062.05,47.55,520.53,8140.35,8.4864,395,38.73,23.2154
AC-059,194,-0.0038,0.0003,100.0,642.85,1601.16,1419.62,553.87,2388.15,9075.9,47.58,521.48,8139.66,8.4777,395,38.85,23.2899
AC-059,195,-0.0003,0.0004,100.0,642.59,1597.87,1425.96,553.18,2388.13,9055.0,47.69,520.56,8137.74,8.4263,394,38.78,23.2586
AC-059,196,0.0001,-0.0,100.0,642.81,1598.62,1414.28,553.76,2388.17,9057.62,47.79,521.44,8133.83,8.4619,396,38.77,23.1429
AC-059,197,0.0016,0.0002,100.0,643.25,1589.76,1419.41,553.4,2388.19,9062.46,47.66,520.63,8143.15,8.4597,395,38.68,23.2904
AC-059,198,0.0009,-0.0002,100.0,642.66,1591.75,1419.49,553.06,2388.1,9059.74,47.69,520.84,8134.79,8.436,394,38.86,23.2813
AC-059,199,-0.0011,0.0,100.0,643.24,1600.12,1406.74,552.68,2388.11,9065.65,47.78,521.13,8138.65,8.4323,394,38.78,23.235
AC-059,200,0.0044,-0.0002,100.0,643.15,1604.41,1413.77,552.35,2388.16,9069.71,47.72,521.05,8141.09,8.4723,394,38.69,23.3227
AC-059,201,-0.0002,-0.0001,100.0,642.97,1592.23,1422.52,552.79,2388.16,9060.79,47.64,520.56,8139.88,8.4984,395,38.67,23.2887
AC-059,202,-0.0007,0.0004,100.0,643.01,1599.8,1416.56,552.86,2388.13,9059.57,47.78,520.14,8142.87,8.4696,395,38.6,23.2109
AC-059,203,-0.0042,-0.0005,100.0,643.16,1596.07,1418.08,551.99,2388.19,9061.17,47.89,520.66,8136.8,8.4535,394,38.67,23.2076
AC-059,204,0.0026,-0.0001,100.0,643.11,1580.1,1412.49,552.36,2388.11,9061.04,47.65,520.49,8146.3,8.4868,394,38.74,23.2261
AC-059,205,0.0022,-0.0002,100.0,642.8,1599.21,1418.72,552.1,2388.11,9061.42,47.73,520.65,8139.5,8.4771,394,38.69,23.1832
AC-059,206,0.0027,-0.0002,100.0,642.73,1594.98,1420.36,551.76,2388.15,9069.01,47.75,520.55,8142.56,8.4546,395,38.8,23.2558
AC-059,207,0.0029,0.0,100.0,643.32,1599.41,1416.11,552.05,2388.17,9066.36,47.95,520.46,8143.8,8.4951,396,38.55,23.1637
AC-059,208,-0.0018,-0.0003,100.0,642.68,1595.16,1424.0,552.05,2388.13,9060.48,48.01,520.11,8138.67,8.4417,396,38.7,23.1342
AC-059,209,0.0033,0.0001,100.0,642.9,1596.59,1414.54,552.5,2388.19,9057.71,47.67,520.92,8141.02,8.4795,393,38.55,23.2676
AC-059,210,-0.0004,0.0002,100.0,643.18,1600.76,1421.0,552.12,2388.18,9059.81,47.92,520.66,8136.4,8.4791,394,38.57,23.1527
AC-059,211,0.0037,0.0001,100.0,643.08,1602.91,1416.89,551.74,2388.19,9060.02,47.94,520.25,8136.91,8.4844,395,38.76,23.2471
AC-059,212,-0.005,-0.0005,100.0,642.78,1591.39,1421.01,552.58,2388.16,9069.9,47.85,520.16,8138.42,8.4711,395,38.61,23.2378
AC-059,213,-0.0006,0.0005,100.0,643.19,1600.85,1423.3,552.11,2388.21,9068.51,47.85,520.45,8135.9,8.4901,396,38.66,23.1887
AC-059,214,-0.0018,-0.0003,100.0,643.2,1597.76,1417.63,552.05,2388.21,9070.95,47.91,520.68,8144.15,8.4853,394,38.38,23.1812
AC-059,215,-0.0024,-0.0001,100.0,643.34,1594.58,1418.44,551.59,2388.21,9062.7,47.92,520.53,8137.86,8.4852,398,38.58,23.2726
AC-059,216,-0.0,0.0002,100.0,643.57,1598.79,1425.27,552.32,2388.18,9066.73,47.95,520.28,8135.99,8.5073,394,38.72,23.2616
AC-059,217,-0.001,-0.0001,100.0,642.34,1598.51,1418.95,551.86,2388.22,9063.76,47.86,519.86,8136.29,8.4928,394,38.58,23.1679
AC-059,218,-0.0054,0.0002,100.0,643.64,1598.02,1414.18,552.43,2388.23,9060.62,47.92,519.61,8138.12,8.5318,395,38.34,23.1616
AC-059,219,0.0027,-0.0005,100.0,643.27,1599.87,1417.33,552.05,2388.25,9071.83,47.96,519.96,8138.8,8.5069,395,38.55,23.0707
AC-059,220,-0.0014,0.0002,100.0,643.84,1602.08,1417.58,551.62,2388.23,9061.17,47.95,520.26,8140.33,8.5077,396,38.39,23.145
AC-059,221,0.0008,-0.0004,100.0,643.14,1596.25,1424.94,552.14,2388.23,9062.56,48.24,520.45,8133.85,8.4918,395,38.65,23.1631
AC-059,222,-0.0024,0.0004,100.0,643.41,1601.25,1427.51,552.04,2388.22,9058.2,48.1,519.87,8145.15,8.5008,395,38.45,23.1103
AC-059,223,0.0001,0.0,100.0,643.6,1602.46,1424.16,551.68,2388.2,9066.96,48.22,520.07,8140.02,8.4959,394,38.49,23.1274
AC-059,224,-0.0032,0.0001,100.0,643.64,1593.92,1420.56,551.66,2388.21,9070.84,48.08,519.62,8138.09,8.5062,397,38.35,23.0915
AC-059,225,0.003,0.0004,100.0,643.76,1604.01,1422.57,551.64,2388.24,9063.62,48.16,520.3,8132.3,8.5162,397,38.43,23.0844
AC-059,226,0.0012,-0.0002,100.0,643.47,1591.33,1420.92,552.27,2388.23,9062.85,48.25,520.05,8140.27,8.4971,396,38.44,23.0291
AC-059,227,-0.004,-0.0003,100.0,643.36,1603.48,1425.92,551.83,2388.23,9067.15,48.08,519.24,8143.16,8.5272,395,38.43,23.035
AC-059,228,-0.0,-0.0001,100.0,643.58,1599.79,1432.85,551.3,2388.22,9068.13,48.08,519.36,8135.62,8.5353,396,38.56,23.0203
AC-059,229,0.0016,-0.0001,100.0,643.62,1602.36,1429.64,551.35,2388.22,9073.2,48.41,519.44,8143.48,8.5208,396,38.38,23.0154
AC-059,230,-0.0016,-0.0004,100.0,643.93,1597.9,1429.54,551.33,2388.28,9066.11,48.14,518.99,8138.19,8.5105,397,38.51,23.0253
AC-059,231,0.002,-0.0004,100.0,643.47,1599.56,1425.87,550.88,2388.28,9063.69,48.14,519.09,8141.32,8.5155,395,38.44,23.0258
AC-061,1,-0.0006,0.0005,100.0,641.89,1582.05,1399.41,554.88,2387.98,9063.7,47.15,522.36,8140.09,8.3703,391,39.27,23.4459
AC-061,2,0.0001,0.0004,100.0,641.79,1578.38,1397.21,554.86,2387.97,9064.77,47.45,522.39,8146.75,8.4195,391,38.99,23.51
AC-061,3,-0.0006,-0.0002,100.0,641.83,1584.92,1394.93,555.18,2387.97,9067.64,47.1,522.39,8146.4,8.3592,392,39.16,23.3222
AC-061,4,-0.0041,0.0002,100.0,642.0,1584.04,1396.35,554.65,2388.0,9054.69,47.17,522.12,8145.1,8.4005,390,39.07,23.5221
AC-061,5,0.0005,0.0001,100.0,642.12,1584.25,1395.61,554.74,2387.99,9065.42,47.34,522.6,8146.28,8.4133,392,39.07,23.3733
AC-061,6,0.0017,-0.0002,100.0,642.27,1585.73,1396.52,555.11,2387.97,9062.54,47.3,522.57,8140.21,8.4128,391,38.99,23.4047
AC-061,7,0.0005,-0.0003,100.0,642.23,1593.23,1400.51,554.66,2387.98,9057.02,47.07,522.69,8145.9,8.385,391,39.16,23.4766
AC-061,8,-0.0016,-0.0,100.0,642.01,1585.31,1387.62,554.06,2387.92,9061.52,47.05,522.24,8139.74,8.4177,392,39.14,23.4355
AC-061,9,0.0014,-0.0002,100.0,641.74,1582.42,1393.68,554.63,2388.03,9066.54,47.21,522.42,8140.7,8.3747,391,39.08,23.3879
AC-061,10,-0.0011,-0.0004,100.0,642.0,1580.05,1391.52,554.61,2387.96,9059.7,46.95,522.99,8146.36,8.38,390,39.21,23.5685
AC-061,11,-0.0037,-0.0004,100.0,642.05,1575.01,1401.0,554.23,2387.97,9056.57,47.01,523.0,8140.96,8.3805,392,38.96,23.3606
AC-061,12,-0.0015,0.0,100.0,642.55,1587.68,1395.53,554.7,2388.0,9057.47,47.15,522.36,8142.87,8.3746,392,39.08,23.4503
AC-061,13,0.0023,-0.0003,100.0,642.31,1585.1,1397.64,553.9,2387.98,9061.94,47.25,522.13,8145.51,8.4255,392,39.07,23.4047
AC-061,14,-0.001,0.0002,100.0,641.96,1587.93,1400.13,555.1,2388.0,9064.92,47.1,522.07,8143.47,8.3739,391,39.26,23.4843
AC-061,15,-0.0024,0.0003,100.0,642.0,1585.8,1397.46,554.76,2387.98,9058.39,47.26,522.11,8141.88,8.3552,391,39.1,23.4815
AC-061,16,0.0011,0.0002,100.0,641.89,1581.62,1397.98,554.14,2388.03,9065.41,47.12,522.91,8144.4,8.4071,391,39.04,23.4515
AC-061,17,-0.0032,0.0002,100.0,642.53,1586.79,1396.9,554.42,2387.94,9063.86,47.27,522.88,8144.65,8.4034,390,39.14,23.4869
AC-061,18,0.0033,0.0001,100.0,642.6,1575.71,1396.89,555.31,2387.98,9060.89,46.88,522.61,8153.12,8.3795,389,39.07,23.3292
AC-061,19,0.0024,-0.0005,100.0,641.74,1582.14,1395.31,555.05,2388.01,9064.97,46.97,522.42,8142.43,8.3878,390,39.14,23.4077
AC-061,20,-0.0007,-0.0005,100.0,641.97,1587.01,1391.93,555.09,2388.08,9057.3,47.2,522.19,8141.07,8.4138,390,39.08,23.3209
AC-061,21,0.0026,-0.0004,100.0,642.09,1582.89,1393.75,554.28,2388.07,9057.04,46.94,522.2,8142.87,8.3585,391,39.18,23.4199
AC-061,22,0.0013,-0.0001,100.0,642.7,1581.77,1395.37,555.13,2387.93,9058.36,47.15,522.7,8145.08,8.3578,390,38.94,23.4023
AC-061,23,0.0037,0.0004,100.0,641.81,1580.59,1404.09,554.78,2388.01,9065.9,47.27,523.13,8145.57,8.3866,390,38.93,23.4079
AC-061,24,-0.0015,-0.0005,100.0,641.85,1577.6,1397.46,554.63,2388.0,9066.97,47.08,522.76,8149.13,8.4012,390,39.14,23.4993
AC-061,25,-0.0005,-0.0005,100.0,641.85,1578.67,1396.31,555.86,2387.96,9064.74,47.26,523.12,8141.9,8.3949,392,39.16,23.3639
AC-061,26,0.0011,0.0,100.0,642.24,1583.09,1399.38,553.89,2388.02,9062.13,47.11,522.1,8141.34,8.4021,392,39.08,23.4386
AC-061,27,-0.003,-0.0001,100.0,642.25,1581.72,1396.4,554.33,2388.02,9067.63,47.18,522.15,8147.11,8.3937,392,39.16,23.5115
AC-061,28,0.0011,-0.0,100.0,641.91,1582.38,1391.54,554.47,2387.99,9062.91,47.2,522.52,8143.83,8.402,390,39.13,23.4566
AC-061,29,0.0023,0.0001,100.0,641.79,1575.95,1396.08,554.18,2388.01,9067.56,47.06,522.49,8143.03,8.4149,392,39.05,23.4149
AC-061,30,0.0001,0.0001,100.0,642.08,1585.37,1401.37,554.43,2388.01,9063.39,47.05,522.98,8151.15,8.3939,392,38.96,23.4509
AC-061,31,-0.0013,-0.0002,100.0,642.33,1585.71,1396.31,554.58,2388.03,9060.66,47.18,522.75,8148.15,8.3444,391,39.02,23.375
AC-061,32,-0.0032,-0.0,100.0,642.28,1583.93,1398.32,554.3,2387.98,9069.6,47.24,522.52,8148.58,8.3807,393,39.19,23.3665
AC-061,33,0.0015,-0.0001,100.0,642.21,1590.48,1392.19,555.39,2387.97,9071.34,47.13,522.78,8148.23,8.3923,391,39.02,23.5131
AC-061,34,-0.0042,-0.0002,100.0,641.99,1584.07,1403.92,554.38,2388.0,9065.63,47.15,522.54,8141.86,8.4201,390,39.11,23.4399
AC-061,35,-0.0002,-0.0005,100.0,642.07,1587.29,1389.4,554.25,2388.01,9062.01,47.15,521.72,8141.98,8.3906,391,39.23,23.332
AC-061,36,0.0032,-0.0005,100.0,642.39,1584.89,1396.22,554.54,2388.01,9065.36,47.04,522.61,8148.56,8.3573,391,39.31,23.5103
AC-061,37,-0.0008,0.0,100.0,642.13,1581.72,1393.46,554.3,2388.01,9070.21,47.26,522.18,8146.35,8.4442,391,39.02,23.4485
AC-061,38,0.0048,-0.0004,100.0,641.21,1589.07,1394.77,554.33,2387.97,9065.17,47.14,522.35,8142.68,8.3642,392,38.97,23.4614
AC-061,39,0.0041,0.0001,100.0,642.09,1584.27,1393.72,555.02,2387.98,9060.8,47.03,522.37,8142.46,8.395,391,39.18,23.3393
AC-061,40,-0.0035,-0.0002,100.0,641.85,1583.34,1400.9,554.79,2387.93,9060.33,47.02,522.32,8146.48,8.3994,393,39.08,23.3248
AC-061,41,-0.0037,-0.0005,100.0,641.97,1587.64,1401.65,554.85,2388.0,9063.74,47.21,522.39,8147.77,8.4249,391,39.1,23.5359
AC-061,42,-0.0017,0.0003,100.0,641.62,1591.73,1394.91,554.25,2387.94,9056.02,47.18,522.2,8143.61,8.3768,391,39.19,23.4075
AC-061,43,0.0047,0.0001,100.0,641.91,1589.55,1398.73,555.57,2387.96,9072.56,47.1,522.13,8140.65,8.34,390,38.9,23.4371
AC-061,44,0.0015,-0.0003,100.0,642.05,1578.17,1401.28,555.3,2388.02,9056.16,47.08,522.38,8147.71,8.3719,391,38.94,23.4357
AC-061,45,-0.0032,-0.0,100.0,641.65,1586.51,1402.3,554.9,2388.0,9061.12,47.05,522.37,8145.58,8.3898,393,38.96,23.4382
AC-061,46,-0.0018,-0.0004,100.0,642.19,1588.03,1402.73,554.57,2388.0,9062.32,46.86,522.74,8142.09,8.3876,392,39.05,23.3767
AC-061,47,0.0022,-0.0004,100.0,641.67,1588.11,1403.35,554.74,2387.99,9063.26,47.18,522.27,8141.56,8.4041,392,38.94,23.382
AC-061,48,-0.0001,0.0003,100.0,641.84,1581.37,1405.84,554.26,2388.04,9062.75,47.06,522.56,8146.37,8.3623,390,38.84,23.3452
AC-061,49,0.0007,-0.0002,100.0,641.76,1588.59,1399.53,554.41,2388.0,9058.58,47.16,522.28,8143.24,8.3832,390,39.03,23.4995
AC-061,50,0.0022,0.0,100.0,642.18,1582.93,1399.9,554.42,2388.04,9058.16,47.08,522.25,8136.16,8.3822,391,39.41,23.338
AC-061,51,-0.0007,-0.0002,100.0,641.99,1579.3,1393.16,554.59,2387.96,9053.83,47.22,522.21,8139.89,8.4142,392,39.1,23.4035
AC-061,52,-0.0029,-0.0003,100.0,641.86,1580.56,1392.33,554.23,2388.0,9068.06,47.22,521.84,8145.85,8.365,391,39.01,23.4896
AC-061,53,0.0007,-0.0003,100.0,642.47,1586.23,1388.09,554.15,2387.94,9061.41,47.17,522.04,8144.01,8.3936,393,38.95,23.5414
AC-061,54,-0.0001,0.0002,100.0,642.38,1586.48,1396.48,555.23,2388.04,9056.31,46.95,522.49,8149.75,8.435,392,39.05,23.3583
AC-061,55,0.0019,-0.0005,100.0,641.72,1585.31,1398.49,555.09,2387.98,9058.83,47.09,522.33,8143.65,8.4087,391,38.92,23.425
AC-061,56,0.0013,-0.0003,100.0,641.93,1590.56,1396.88,553.98,2388.02,9060.36,47.11,521.93,8137.38,8.4214,393,39.08,23.3475
AC-061,57,-0.0015,0.0003,100.0,642.11,1591.0,1400.87,554.46,2387.96,9062.44,47.31,522.11,8145.66,8.3901,391,39.15,23.3537
AC-061,58,0.0035,0.0003,100.0,642.38,1577.57,1396.23,554.3,2388.06,9052.57,47.31,522.37,8142.76,8.4206,392,38.95,23.3917
AC-061,59,0.0005,0.0,100.0,641.83,1578.49,1399.7,554.14,2388.03,9060.23,47.28,522.14,8139.62,8.376,393,39.1,23.372
AC-061,60,0.0003,0.0,100.0,642.02,1589.47,1397.64,554.26,2387.96,9060.38,47.02,522.3,8146.46,8.3747,391,38.98,23.3717
AC-061,61,-0.0014,-0.0003,100.0,641.75,1586.87,1396.24,553.33,2387.96,9057.46,47.06,522.47,8144.95,8.4035,391,38.95,23.2719
AC-061,62,-0.0034,-0.0002,100.0,641.97,1586.62,1400.16,554.32,2388.06,9057.86,47.34,522.25,8142.36,8.3937,391,39.08,23.3947
AC-061,63,0.0025,0.0003,100.0,642.33,1578.93,1394.74,555.39,2388.03,9055.95,47.17,522.47,8142.41,8.3907,392,38.92,23.3971
AC-061,64,0.0043,-0.0001,100.0,641.85,1578.78,1396.47,554.03,2388.02,9063.05,47.03,522.59,8147.43,8.3881,391,39.13,23.4913
AC-061,65,-0.0005,0.0004,100.0,641.92,1593.04,1400.82,554.8,2388.01,9060.45,47.05,522.58,8146.9,8.3848,391,39.13,23.4534
AC-061,66,-0.0026,0.0004,100.0,641.82,1579.52,1397.36,554.86,2388.06,9057.61,47.17,522.73,8138.87,8.4221,392,39.01,23.5495
AC-061,67,0.0004,0.0004,100.0,641.98,1587.95,1401.4,554.55,2388.01,9060.32,47.47,522.46,8145.73,8.3937,391,38.98,23.451
AC-061,68,0.0015,-0.0002,100.0,642.33,1581.95,1400.42,553.83,2388.03,9063.57,47.1,522.07,8140.43,8.4226,391,39.12,23.4829
AC-061,69,0.0044,-0.0005,100.0,642.52,1586.61,1403.65,553.82,2388.05,9055.67,47.24,522.22,8145.55,8.423,392,39.05,23.392
AC-061,70,0.0004,-0.0002,100.0,641.92,1583.42,1397.31,554.57,2387.97,9070.17,47.16,522.01,8143.73,8.4042,391,39.22,23.4178
AC-061,71,-0.0017,0.0001,100.0,642.07,1585.89,1404.7,554.38,2388.01,9057.7,47.33,522.28,8138.03,8.3964,391,39.02,23.3521
AC-061,72,0.0012,-0.0002,100.0,641.76,1584.05,1402.17,553.74,2388.01,9061.97,47.18,523.0,8145.16,8.4001,391,39.08,23.2993
AC-061,73,0.001,0.0004,100.0,642.0,1582.83,1405.02,554.5,2388.01,9065.76,47.2,522.41,8145.96,8.4301,392,38.96,23.4232
AC-061,74,-0.0009,0.0003,100.0,641.93,1591.63,1400.38,554.43,2387.95,9063.02,47.23,522.68,8139.18,8.4179,390,38.95,23.3088
AC-061,75,-0.0006,0.0004,100.0,641.81,1578.93,1402.13,554.35,2387.96,9060.9,47.15,522.15,8143.92,8.4335,392,38.86,23.3315
AC-061,76,0.0014,-0.0004,100.0,641.9,1586.43,1404.36,553.85,2388.06,9060.61,47.28,522.46,8142.51,8.4246,392,39.05,23.4147
AC-061,77,-0.0037,-0.0002,100.0,642.0,1586.88,1400.62,554.98,2387.97,9059.13,47.28,522.49,8139.0,8.4016,392,38.95,23.4299
AC-061,78,-0.0012,0.0004,100.0,642.26,1591.1,1396.19,554.76,2388.03,9066.6,47.26,522.05,8148.51,8.4035,392,38.88,23.3449
AC-061,79,0.0007,0.0003,100.0,642.24,1586.79,1402.17,554.68,2388.05,9058.85,47.27,522.56,8138.56,8.3551,391,38.86,23.4763
AC-061,80,-0.0008,-0.0001,100.0,641.89,1587.15,1399.65,555.12,2388.08,9059.53,47.24,521.99,8142.29,8.4408,392,39.03,23.3492
AC-061,81,-0.0012,-0.0,100.0,641.88,1586.76,1400.8,554.67,2387.99,9064.49,47.35,521.86,8143.76,8.3919,391,38.89,23.4553
AC-061,82,-0.0033,0.0004,100.0,642.8,1574.88,1402.7,554.61,2388.02,9058.68,47.15,522.71,8136.11,8.3809,392,38.91,23.2813
AC-061,83,-0.0014,-0.0003,100.0,642.04,1583.72,1397.8,555.02,2388.04,9061.62,47.11,521.92,8140.37,8.4119,392,39.05,23.4335
AC-061,84,0.0038,-0.0003,100.0,642.09,1586.25,1404.03,554.27,2388.06,9061.07,47.22,521.7,8139.32,8.4244,391,38.96,23.3025
AC-061,85,-0.0012,-0.0004,100.0,642.28,1588.18,1397.96,554.18,2388.0,9060.37,47.23,522.36,8138.15,8.4345,393,39.0,23.4344
AC-061,86,-0.0011,-0.0001,100.0,642.57,1590.3,1399.43,554.58,2388.02,9061.3,47.32,522.41,8147.17,8.3969,391,39.03,23.4054
AC-061,87,-0.0032,-0.0001,100.0,642.54,1585.19,1398.61,554.57,2388.01,9065.1,47.24,522.33,8142.62,8.4166,392,38.99,23.4356
AC-061,88,-0.0004,-0.0002,100.0,642.04,1585.31,1394.35,554.33,2387.96,9063.46,47.33,522.11,8144.09,8.43,392,38.99,23.4389
AC-061,89,-0.0007,-0.0002,100.0,642.26,1582.51,1396.37,554.34,2388.07,9061.86,47.34,522.23,8147.23,8.4174,392,39.05,23.4227
AC-061,90,0.0011,-0.0003,100.0,642.21,1587.9,1404.52,555.15,2388.03,9058.38,47.21,522.01,8142.93,8.3782,393,39.11,23.3875
AC-061,91,0.0034,-0.0004,100.0,642.37,1589.64,1398.29,554.21,2388.05,9058.34,47.18,522.55,8139.71,8.41,393,38.8,23.3863
AC-061,92,0.0002,-0.0002,100.0,642.0,1587.8,1401.47,554.08,2388.04,9058.16,47.39,522.02,8138.77,8.4022,392,38.94,23.4212
AC-061,93,-0.0011,0.0001,100.0,642.0,1586.87,1396.28,554.15,2388.02,9062.66,47.2,522.27,8143.33,8.413,390,38.95,23.4661
AC-061,94,-0.0,0.0004,100.0,642.82,1582.0,1396.38,554.18,2388.06,9056.46,47.37,522.12,8141.29,8.4016,391,38.98,23.3647
AC-061,95,-0.0002,0.0003,100.0,642.63,1584.47,1398.67,554.37,2388.01,9064.19,47.29,522.04,8143.06,8.3972,392,39.02,23.4434
AC-061,96,0.0016,0.0004,100.0,641.62,1584.04,1398.23,553.98,2388.05,9061.39,47.28,522.14,8138.71,8.4311,392,38.97,23.4796
AC-061,97,0.0041,-0.0003,100.0,642.41,1579.94,1399.27,554.18,2388.03,9055.66,47.39,522.04,8140.89,8.4489,391,38.92,23.3827
AC-061,98,0.0008,0.0,100.0,641.96,1587.57,1398.53,555.13,2388.05,9054.43,47.28,522.49,8144.06,8.4185,393,39.08,23.4339
AC-061,99,-0.001,-0.0,100.0,642.37,1590.9,1403.36,554.38,2388.01,9057.88,47.17,522.72,8141.44,8.369,391,39.08,23.4081
AC-061,100,0.0014,-0.0003,100.0,642.69,1578.91,1396.85,554.65,2388.04,9057.43,47.26,522.6,8138.07,8.3907,393,38.95,23.4197
AC-061,101,0.0027,-0.0001,100.0,642.62,1590.11,1398.84,553.96,2388.0,9063.7,47.37,522.41,8142.41,8.4301,392,38.9,23.3394
AC-061,102,0.0043,-0.0003,100.0,641.55,1585.13,1402.19,553.98,2388.02,9059.86,47.12,522.54,8144.21,8.3845,394,38.89,23.4023
AC-061,103,0.0001,-0.0002,100.0,641.96,1588.47,1397.25,554.44,2388.02,9058.46,47.2,522.35,8142.43,8.4257,393,38.76,23.3521
AC-061,104,0.0004,0.0002,100.0,642.4,1587.35,1397.83,554.0,2388.02,9060.36,47.35,522.57,8143.37,8.4298,393,39.06,23.3494
AC-061,105,0.0044,0.0003,100.0,641.59,1582.51,1400.92,553.74,2388.03,9059.92,47.26,522.11,8141.2,8.4149,393,39.05,23.3943
AC-061,106,0.0006,-0.0002,100.0,642.01,1584.72,1404.63,554.34,2388.08,9070.63,47.29,522.42,8142.57,8.4242,391,38.99,23.4024
AC-061,107,-0.0018,0.0002,100.0,642.56,1577.88,1398.53,554.33,2388.02,9058.21,47.31,521.63,8138.82,8.4177,391,38.91,23.3566
AC-061,108,-0.0032,-0.0004,100.0,642.41,1585.26,1402.59,553.98,2388.05,9060.98,47.24,522.52,8135.48,8.4148,392,38.97,23.3691
AC-061,109,-0.0008,-0.0003,100.0,642.25,1585.13,1406.46,554.2,2388.0,9056.47,47.32,522.23,8137.84,8.3877,392,39.0,23.3645
AC-061,110,-0.0001,-0.0001,100.0,641.52,1587.14,1397.78,554.15,2388.03,9052.39,47.34,521.67,8141.59,8.3902,393,38.91,23.3898
AC-061,111,-0.0003,-0.0004,100.0,642.64,1587.55,1396.42,553.27,2388.02,9060.37,47.42,521.69,8136.84,8.422,392,38.92,23.3457
AC-061,112,-0.0022,-0.0004,100.0,642.29,1580.31,1404.73,554.96,2388.11,9062.57,47.16,521.61,8138.96,8.4012,392,39.0,23.4581
AC-061,113,-0.0001,-0.0002,100.0,642.22,1586.42,1406.71,554.41,2388.08,9057.44,47.41,521.88,8144.08,8.4051,392,39.07,23.3838
AC-061,114,0.0002,0.0,100.0,642.5,1596.95,1392.25,554.26,2388.0,9060.06,47.5,521.82,8138.37,8.4625,393,39.21,23.3436
AC-061,115,-0.0004,-0.0003,100.0,642.28,1578.34,1405.75,553.99,2388.04,9062.59,47.26,521.91,8135.38,8.4128,393,38.88,23.2298
AC-061,116,0.0041,0.0,100.0,642.39,1584.02,1403.28,553.7,2388.07,9054.36,47.28,522.32,8135.51,8.4249,392,38.87,23.3671
AC-061,117,-0.0001,0.0,100.0,642.48,1589.61,1407.1,554.76,2388.14,9058.53,47.41,522.18,8134.54,8.393,393,38.81,23.2653
AC-061,118,-0.0005,-0.0,100.0,642.67,1589.2,1399.26,553.94,2388.11,9057.38,47.46,522.57,8138.41,8.4027,394,38.63,23.3522
AC-061,119,0.0053,0.0002,100.0,642.57,1588.33,1407.42,553.86,2388.11,9058.2,47.32,521.7,8136.1,8.4089,393,38.95,23.3214
AC-061,120,-0.0019,0.0001,100.0,642.79,1588.86,1403.68,553.74,2388.04,9061.98,47.3,521.67,8141.5,8.4048,393,38.78,23.4025
AC-061,121,0.0027,-0.0001,100.0,642.54,1586.19,1396.3,553.65,2388.08,9057.97,47.44,521.66,8136.01,8.3932,392,38.96,23.389
AC-061,122,0.0015,-0.0003,100.0,642.08,1592.66,1398.86,553.25,2388.12,9056.11,47.51,521.85,8135.74,8.4072,393,39.21,23.3079
AC-061,123,0.0053,-0.0002,100.0,642.79,1580.27,1400.69,553.9,2388.05,9058.28,47.47,521.61,8139.27,8.4489,393,38.97,23.3207
AC-061,124,0.0029,-0.0003,100.0,642.6,1580.15,1405.36,554.68,2388.06,9054.8,47.35,521.28,8131.68,8.3814,393,39.08,23.4229
AC-061,125,-0.0028,0.0,100.0,642.25,1590.8,1405.23,553.64,2388.07,9048.06,47.54,521.5,8128.0,8.4093,392,39.01,23.2626
AC-061,126,0.0005,-0.0005,100.0,642.65,1587.32,1405.49,553.57,2388.11,9049.47,47.52,521.41,8141.61,8.4376,393,38.96,23.3716
AC-061,127,0.0013,-0.0002,100.0,642.58,1594.83,1409.0,553.55,2388.11,9055.58,47.35,522.25,8135.83,8.4251,392,38.85,23.3192
AC-061,128,-0.0028,-0.0004,100.0,642.26,1589.29,1401.69,553.67,2388.07,9052.42,47.37,521.8,8138.98,8.4726,392,39.0,23.2664
AC-061,129,-0.0005,0.0002,100.0,642.43,1587.57,1399.33,553.06,2388.08,9053.34,47.5,521.77,8140.65,8.4348,394,38.84,23.3223
AC-061,130,-0.0008,-0.0001,100.0,642.41,1585.21,1402.25,553.46,2388.14,9054.38,47.45,521.57,8141.45,8.3941,393,38.95,23.379
AC-061,131,0.0007,0.0003,100.0,642.46,1592.28,1401.76,552.88,2388.14,9055.45,47.45,521.7,8138.71,8.4292,394,38.76,23.3029
AC-061,132,-0.0021,0.0004,100.0,642.0,1588.64,1410.25,554.09,2388.09,9054.29,47.53,521.73,8136.2,8.419,391,38.77,23.2453
AC-061,133,0.0005,-0.0002,100.0,642.47,1592.35,1400.26,553.61,2388.11,9048.33,47.24,521.72,8139.22,8.4334,391,39.14,23.1841
AC-061,134,0.0015,0.0003,100.0,642.36,1582.26,1405.94,553.44,2388.05,9050.27,47.53,521.56,8130.96,8.3946,394,38.82,23.3037
AC-061,135,0.0025,0.0004,100.0,643.21,1596.33,1412.85,553.22,2388.09,9060.0,47.72,521.41,8134.7,8.4134,394,38.84,23.3687
AC-061,136,-0.0003,0.0003,100.0,642.43,1591.76,1405.66,553.44,2388.1,9058.8,47.54,521.77,8130.89,8.4686,393,38.77,23.2441
AC-061,137,-0.0008,-0.0001,100.0,642.95,1587.27,1413.21,553.4,2388.11,9050.48,47.47,521.31,8130.41,8.4121,392,38.69,23.3268
AC-061,138,-0.0025,-0.0001,100.0,642.61,1598.31,1412.76,553.16,2388.13,9050.08,47.66,521.4,8132.0,8.4482,393,38.75,23.2923
AC-061,139,-0.0022,-0.0004,100.0,642.62,1591.71,1403.04,553.06,2388.15,9057.78,47.54,521.57,8122.98,8.4594,393,38.85,23.2507
AC-061,140,-0.0016,-0.0001,100.0,642.5,1587.3,1411.6,553.66,2388.12,9054.73,47.68,521.51,8136.42,8.4524,393,38.89,23.3631
AC-061,141,-0.0025,0.0004,100.0,642.5,1587.49,1404.87,553.33,2388.15,9062.22,47.57,521.39,8138.44,8.4425,393,38.89,23.2607
AC-061,142,0.0001,0.0004,100.0,642.85,1590.69,1407.85,553.44,2388.14,9051.08,47.6,522.02,8125.6,8.4312,391,38.69,23.3209
AC-061,143,-0.0015,-0.0003,100.0,642.43,1593.67,1409.01,552.84,2388.12,9053.95,47.7,520.59,8137.11,8.4455,393,38.94,23.3478
AC-061,144,-0.0018,-0.0005,100.0,642.58,1588.43,1414.42,553.64,2388.15,9045.64,47.51,521.91,8132.72,8.4544,392,38.65,23.3413
AC-061,145,0.0,-0.0002,100.0,642.45,1597.18,1415.04,553.59,2388.11,9052.42,47.64,520.91,8131.89,8.4111,393,38.74,23.294
AC-061,146,-0.0036,-0.0001,100.0,642.53,1589.26,1408.49,553.81,2388.14,9059.52,47.56,521.53,8135.62,8.4072,392,38.77,23.2152
AC-061,147,-0.0017,-0.0002,100.0,643.1,1594.81,1409.27,553.28,2388.12,9055.66,47.52,521.49,8137.62,8.4345,391,38.87,23.2855
AC-061,148,-0.0007,0.0002,100.0,642.86,1592.12,1406.07,552.8,2388.1,9046.08,47.74,520.79,8133.51,8.4674,392,38.79,23.279
AC-061,149,-0.0027,0.0003,100.0,643.05,1582.65,1420.79,553.29,2388.09,9049.53,47.62,521.51,8128.39,8.4577,393,38.67,23.2531
AC-061,150,0.0028,0.0004,100.0,642.94,1598.53,1415.22,552.49,2388.08,9056.41,47.64,520.9,8132.81,8.4621,392,38.65,23.1929
AC-061,151,-0.0008,-0.0001,100.0,642.88,1595.61,1402.92,553.62,2388.15,9051.67,47.66,521.57,8135.52,8.4295,393,38.83,23.2362
AC-061,152,-0.0018,-0.0001,100.0,642.62,1592.97,1411.75,553.27,2388.19,9051.3,47.75,520.78,8129.26,8.4453,394,38.66,23.2097
AC-061,153,0.0033,-0.0005,100.0,642.38,1584.55,1412.92,553.78,2388.18,9052.16,47.47,520.77,8128.56,8.5074,393,38.75,23.3532
AC-061,154,-0.0013,0.0003,100.0,643.68,1592.9,1413.98,552.81,2388.17,9049.59,47.64,521.38,8135.42,8.4393,394,38.77,23.3135
AC-061,155,0.0009,-0.0001,100.0,642.72,1597.17,1411.1,552.58,2388.08,9050.47,47.62,521.02,8128.72,8.4733,393,38.72,23.1678
AC-061,156,-0.0013,0.0001,100.0,642.85,1599.96,1414.85,552.4,2388.1,9049.66,47.84,520.86,8126.22,8.4336,395,38.93,23.2228
AC-061,157,0.0001,-0.0003,100.0,642.9,1592.84,1408.91,551.73,2388.14,9053.1,47.63,520.34,8127.21,8.4633,395,38.69,23.1621
AC-061,158,-0.001,-0.0001,100.0,642.99,1590.46,1410.7,552.91,2388.16,9048.46,47.52,520.5,8131.09,8.4536,394,38.87,23.1819
AC-061,159,0.0004,-0.0004,100.0,642.73,1593.46,1412.19,552.53,2388.19,9047.98,47.84,521.23,8127.94,8.4958,394,38.53,23.121
AC-061,160,-0.0008,0.0001,100.0,642.79,1593.67,1412.2,552.36,2388.13,9046.52,47.74,520.17,8125.52,8.4714,393,38.73,23.2185
AC-061,161,-0.0001,-0.0005,100.0,642.44,1595.51,1420.18,552.29,2388.18,9049.07,47.78,520.83,8126.64,8.4614,394,38.66,23.2307
AC-061,162,-0.0004,0.0004,100.0,643.0,1588.71,1408.61,552.79,2388.18,9049.9,47.71,520.78,8126.22,8.453,395,38.81,23.1875
AC-061,163,-0.0015,-0.0004,100.0,642.88,1603.46,1414.8,552.5,2388.12,9054.77,47.72,520.74,8128.85,8.473,395,38.55,23.2401
AC-061,164,-0.0009,-0.0003,100.0,642.63,1595.29,1418.16,552.18,2388.18,9045.26,47.73,520.48,8123.76,8.4917,394,38.56,23.1946
AC-061,165,-0.0042,-0.0003,100.0,643.41,1592.72,1424.72,551.71,2388.2,9045.8,47.96,520.77,8123.38,8.4988,396,38.56,23.2553
AC-061,166,0.0007,0.0003,100.0,643.19,1588.26,1417.55,552.32,2388.18,9043.71,47.87,520.72,8123.5,8.4349,394,38.5,23.1544
AC-061,167,0.0008,-0.0002,100.0,642.91,1598.37,1420.92,552.45,2388.23,9039.3,47.73,520.42,8120.2,8.4654,395,38.71,23.2732
AC-061,168,0.0034,0.0001,100.0,643.16,1596.01,1421.04,552.31,2388.22,9044.53,48.0,520.98,8122.82,8.4966,394,38.61,23.3654
AC-061,169,-0.0015,-0.0,100.0,642.98,1597.45,1415.84,551.96,2388.2,9047.95,47.89,520.3,8119.22,8.4752,397,38.7,23.2252
AC-061,170,0.0015,-0.0005,100.0,643.34,1594.38,1420.64,552.61,2388.24,9050.07,47.62,520.71,8128.83,8.4989,397,38.72,23.0212
AC-061,171,0.0,-0.0003,100.0,643.46,1596.99,1422.42,551.07,2388.23,9044.71,47.85,520.49,8128.25,8.4697,396,38.44,23.1927
AC-061,172,-0.0006,-0.0003,100.0,643.26,1602.37,1416.4,552.33,2388.23,9041.21,47.89,520.44,8119.73,8.4881,395,38.62,23.1052
AC-061,173,-0.0008,0.0004,100.0,643.77,1597.09,1423.02,551.95,2388.25,9046.24,48.02,520.46,8120.92,8.4641,395,38.5,23.1417
AC-061,174,-0.0004,0.0001,100.0,643.32,1603.31,1422.98,551.88,2388.25,9041.33,48.07,520.29,8121.83,8.4862,396,38.54,23.0664
AC-061,175,0.0002,-0.0001,100.0,643.19,1597.03,1424.3,551.69,2388.28,9047.52,48.0,520.11,8113.57,8.4936,396,38.5,23.1427
AC-061,176,0.0,-0.0003,100.0,643.43,1596.56,1431.19,551.45,2388.27,9042.44,48.16,519.8,8116.74,8.5378,396,38.52,23.1043
AC-061,177,-0.0075,-0.0004,100.0,643.12,1599.93,1419.31,551.77,2388.25,9047.94,47.94,519.55,8117.73,8.5089,394,38.64,23.2137
AC-061,178,-0.0066,0.0001,100.0,643.61,1595.91,1420.18,551.92,2388.27,9036.28,47.95,519.76,8115.33,8.461,396,38.58,23.1987
AC-061,179,-0.0006,0.0003,100.0,643.28,1598.9,1428.14,550.75,2388.28,9041.05,48.19,519.7,8113.12,8.4991,395,38.66,23.0977
AC-061,180,-0.0009,-0.0004,100.0,643.52,1599.75,1421.91,550.73,2388.27,9043.28,48.02,519.33,8113.01,8.5139,394,38.45,23.004
AC-061,181,0.001,-0.0005,100.0,643.78,1604.19,1420.72,552.09,2388.3,9044.23,48.1,519.44,8113.37,8.5026,395,38.46,23.1098
AC-061,182,0.0018,0.0003,100.0,644.06,1606.3,1430.19,551.3,2388.3,9038.76,48.19,519.72,8116.31,8.5286,396,38.6,22.9853
AC-061,183,0.0014,0.0,100.0,643.48,1609.91,1423.4,551.48,2388.28,9034.33,48.21,519.65,8113.64,8.5365,395,38.55,23.1324
AC-061,184,0.0009,-0.0005,100.0,643.93,1596.35,1425.73,551.31,2388.26,9038.33,48.25,519.62,8111.09,8.5217,396,38.53,23.1414
AC-061,185,-0.0049,0.0,100.0,643.39,1604.83,1426.0,551.12,2388.26,9038.93,48.23,519.82,8109.39,8.519,397,38.34,22.984
AC-064,1,-0.0004,-0.0005,100.0,642.36,1586.12,1408.33,553.72,2388.06,9061.0,47.36,522.38,8139.39,8.4304,393,38.91,23.325
AC-064,2,-0.0008,0.0001,100.0,642.88,1581.13,1411.2,554.33,2388.09,9058.96,47.34,521.81,8132.32,8.4046,392,38.86,23.3201
AC-064,3,-0.001,0.0002,100.0,642.4,1588.42,1398.31,554.17,2388.05,9056.99,47.49,521.78,8140.83,8.4201,394,38.8,23.3658
AC-064,4,0.0011,-0.0001,100.0,642.09,1592.03,1402.35,553.62,2388.07,9062.12,47.31,522.07,8132.35,8.4306,393,38.89,23.3541
AC-064,5,-0.0015,-0.0,100.0,642.08,1593.79,1409.68,553.6,2388.04,9058.71,47.48,522.14,8139.14,8.4214,392,38.84,23.3954
AC-064,6,0.0025,-0.0001,100.0,642.41,1584.39,1398.68,553.67,2388.05,9061.62,47.47,521.74,8143.41,8.4229,393,38.82,23.2814
AC-064,7,-0.0022,-0.0,100.0,642.67,1588.0,1402.33,554.02,2388.09,9053.91,47.42,522.39,8134.71,8.4504,393,38.68,23.3219
AC-064,8,0.0018,-0.0,100.0,642.92,1585.98,1403.88,553.77,2388.08,9052.52,47.46,522.1,8138.17,8.4096,395,38.99,23.2747
AC-064,9,-0.0018,0.0003,100.0,642.58,1584.6,1403.35,553.59,2388.03,9049.69,47.44,521.75,8136.09,8.4512,393,38.87,23.2603
AC-064,10,0.0007,0.0001,100.0,642.05,1589.08,1400.76,553.58,2388.06,9058.7,47.46,521.95,8137.78,8.4355,394,38.73,23.3419
AC-064,11,0.0004,0.0001,100.0,642.73,1586.57,1403.66,554.32,2388.09,9064.09,47.16,521.91,8136.78,8.4122,393,38.89,23.3741
AC-064,12,-0.0043,-0.0001,100.0,642.21,1587.6,1405.13,553.58,2388.03,9061.78,47.32,521.45,8137.28,8.4069,391,38.75,23.3205
AC-064,13,0.0009,-0.0001,100.0,643.21,1591.73,1406.05,553.56,2388.14,9059.2,47.3,521.24,8141.79,8.3911,393,39.13,23.4087
AC-064,14,0.0,0.0002,100.0,642.44,1587.32,1407.95,554.05,2388.08,9054.83,47.2,521.57,8136.39,8.4282,393,38.89,23.3249
AC-064,15,-0.0003,0.0004,100.0,642.21,1588.68,1406.99,554.05,2388.1,9057.31,47.46,521.99,8137.18,8.4026,394,38.93,23.4367
AC-064,16,-0.0011,-0.0003,100.0,641.91,1587.52,1408.94,554.21,2388.04,9054.81,47.33,521.82,8135.11,8.4365,392,38.75,23.4245
AC-064,17,0.0021,0.0003,100.0,641.54,1583.34,1404.85,553.45,2388.06,9054.8,47.47,521.52,8134.74,8.3864,393,38.9,23.2712
AC-064,18,0.0002,-0.0004,100.0,642.7,1588.04,1403.62,553.6,2388.08,9052.06,47.5,522.21,8136.11,8.4421,393,38.97,23.3743
AC-064,19,0.0001,-0.0003,100.0,642.52,1583.21,1403.95,553.88,2388.07,9053.91,47.49,521.69,8140.09,8.4335,394,38.88,23.4951
AC-064,20,-0.0015,0.0001,100.0,642.55,1592.9,1402.36,553.21,2388.03,9051.3,47.47,522.03,8136.92,8.4575,393,38.89,23.4117
AC-064,21,0.0032,-0.0005,100.0,642.99,1584.23,1399.48,553.32,2388.07,9052.5,47.4,521.58,8138.43,8.4267,394,38.9,23.3402
AC-064,22,-0.0022,-0.0005,100.0,642.36,1592.92,1408.15,553.25,2388.08,9059.98,47.45,521.44,8137.92,8.3941,394,38.86,23.3198
AC-064,23,0.0006,-0.0004,100.0,643.49,1590.75,1404.34,553.52,2388.11,9058.45,47.47,522.13,8133.45,8.4454,391,39.0,23.3449
AC-064,24,0.0057,-0.0004,100.0,642.5,1589.22,1404.82,554.45,2388.01,9060.52,47.46,521.86,8138.03,8.4462,392,38.75,23.2963
AC-064,25,0.0025,0.0003,100.0,642.41,1588.52,1407.61,554.6,2388.1,9057.14,47.36,521.79,8138.72,8.4296,392,38.74,23.2693
AC-064,26,-0.0047,-0.0002,100.0,642.23,1585.5,1401.43,553.54,2388.05,9052.56,47.44,521.75,8134.32,8.3796,393,38.84,23.2994
AC-064,27,-0.0001,-0.0001,100.0,642.65,1591.62,1410.3,553.97,2388.06,9056.46,47.52,521.96,8135.93,8.4304,394,38.83,23.313
AC-064,28,-0.0019,0.0003,100.0,642.18,1591.39,1400.18,554.0,2388.14,9055.21,47.42,521.5,8136.11,8.4295,393,38.86,23.2164
AC-064,29,-0.0009,-0.0,100.0,642.3,1589.93,1408.05,553.43,2388.09,9058.49,47.58,522.02,8140.44,8.4545,392,38.83,23.2943
AC-064,30,-0.0036,0.0001,100.0,641.91,1595.94,1410.51,553.14,2388.08,9055.54,47.49,521.65,8140.35,8.4513,393,38.94,23.3681
AC-064,31,0.0003,-0.0001,100.0,642.17,1586.6,1404.97,553.58,2388.06,9056.75,47.45,521.64,8135.46,8.4456,393,38.96,23.262
AC-064,32,0.0005,-0.0005,100.0,642.48,1586.13,1408.83,553.77,2388.09,9051.22,47.37,521.53,8137.76,8.4394,394,38.94,23.332
AC-064,33,-0.0017,-0.0002,100.0,642.92,1589.38,1403.15,553.69,2388.05,9064.32,47.56,521.86,8135.44,8.3924,393,38.88,23.4644
AC-064,34,-0.0,0.0004,100.0,642.73,1589.62,1404.77,554.66,2388.07,9063.36,47.34,521.69,8134.85,8.4376,393,38.83,23.4207
AC-064,35,-0.0008,-0.0003,100.0,642.39,1588.65,1408.47,554.06,2388.11,9062.96,47.53,521.79,8135.33,8.4336,392,38.89,23.3186
AC-064,36,0.0019,0.0,100.0,641.99,1595.28,1401.76,553.41,2388.03,9050.44,47.3,521.59,8134.22,8.4127,392,38.84,23.3819
AC-064,37,0.0022,-0.0001,100.0,642.3,1582.82,1399.7,553.55,2388.12,9052.43,47.38,521.89,8137.69,8.4114,392,38.99,23.3067
AC-064,38,-0.0012,0.0003,100.0,642.61,1584.92,1405.8,554.12,2388.08,9065.18,47.24,521.36,8135.37,8.4566,392,38.98,23.3457
AC-064,39,-0.0047,-0.0002,100.0,642.5,1588.5,1411.84,553.53,2388.07,9059.02,47.38,521.81,8136.04,8.4361,392,38.93,23.4014
AC-064,40,0.0005,-0.0,100.0,642.57,1591.54,1401.89,554.0,2388.08,9059.23,47.3,521.5,8135.61,8.4176,392,38.86,23.3505
AC-064,41,-0.0034,-0.0004,100.0,642.25,1590.18,1404.56,553.19,2388.05,9057.96,47.57,521.9,8139.44,8.3974,393,38.94,23.3885
AC-064,42,0.0008,0.0004,100.0,642.56,1586.53,1401.27,553.52,2388.1,9059.38,47.37,521.15,8137.39,8.4009,394,38.86,23.3463
AC-064,43,0.002,-0.0,100.0,642.67,1588.24,1409.04,554.23,2388.06,9056.0,47.38,521.62,8134.52,8.3979,393,38.86,23.3228
AC-064,44,-0.0026,-0.0003,100.0,642.26,1588.9,1405.53,553.55,2388.16,9049.08,47.4,521.24,8140.91,8.4176,393,39.0,23.3457
AC-064,45,-0.0005,-0.0001,100.0,642.46,1590.21,1408.07,554.18,2388.07,9053.92,47.57,521.25,8137.54,8.448,393,38.84,23.3911
AC-064,46,-0.0006,0.0001,100.0,643.28,1583.66,1400.05,553.84,2388.01,9058.69,47.42,521.82,8133.14,8.4413,391,38.82,23.4893
AC-064,47,0.0023,-0.0003,100.0,642.41,1590.62,1404.87,553.85,2388.09,9062.18,47.43,521.91,8136.63,8.4175,391,38.81,23.3696
AC-064,48,0.0006,-0.0003,100.0,642.8,1589.78,1407.41,553.55,2388.08,9055.07,47.44,521.7,8135.61,8.4171,393,38.85,23.3587
AC-064,49,0.002,0.0005,100.0,642.42,1592.98,1414.69,553.66,2388.06,9057.87,47.36,522.19,8139.47,8.4186,393,38.86,23.2685
AC-064,50,0.0028,0.0001,100.0,641.89,1593.29,1404.3,554.32,2388.05,9047.65,47.28,522.26,8133.85,8.4607,392,38.82,23.3027
AC-064,51,0.0006,0.0004,100.0,642.99,1592.33,1406.84,554.25,2388.03,9052.97,47.26,521.55,8136.37,8.4161,394,38.76,23.4001
AC-064,52,-0.0004,0.0001,100.0,642.61,1592.55,1401.18,554.18,2388.09,9051.02,47.47,521.81,8137.32,8.3978,393,38.93,23.317
AC-064,53,0.0006,0.0004,100.0,642.57,1583.63,1405.13,553.25,2388.09,9060.3,47.42,521.13,8140.51,8.4028,393,38.82,23.3434
AC-064,54,0.0027,-0.0005,100.0,642.58,1591.98,1405.95,554.2,2388.12,9053.18,47.43,521.44,8132.64,8.4159,391,38.57,23.2494
AC-064,55,-0.0005,-0.0004,100.0,642.78,1580.51,1401.15,554.06,2388.04,9053.93,47.46,522.07,8138.94,8.4382,391,39.04,23.4277
AC-064,56,0.0015,-0.0,100.0,642.22,1585.86,1412.51,553.79,2388.06,9054.3,47.35,521.63,8136.75,8.4451,394,39.0,23.4717
AC-064,57,-0.0036,-0.0002,100.0,642.51,1583.48,1412.54,553.43,2388.12,9060.85,47.42,521.31,8132.71,8.4219,392,38.84,23.3663
AC-064,58,0.0019,-0.0004,100.0,642.92,1589.47,1403.94,553.61,2388.07,9055.69,47.55,521.39,8141.32,8.4199,394,38.86,23.2866
AC-064,59,-0.0007,-0.0003,100.0,642.28,1585.01,1408.74,553.78,2388.02,9056.33,47.39,521.51,8142.76,8.4334,392,38.87,23.4422
AC-064,60,0.0018,0.0003,100.0,642.36,1587.34,1398.98,553.45,2388.1,9062.19,47.51,521.36,8136.72,8.4442,393,38.98,23.3883
AC-064,61,-0.0036,-0.0005,100.0,643.03,1583.68,1407.67,554.11,2388.07,9052.82,47.47,521.57,8138.36,8.437,392,39.04,23.3409
AC-064,62,0.0002,0.0001,100.0,642.2,1583.7,1408.66,554.05,2388.09,9058.76,47.23,521.82,8133.62,8.4307,393,39.06,23.3669
AC-064,63,-0.002,-0.0003,100.0,642.74,1581.45,1402.06,553.69,2388.06,9057.88,47.65,521.47,8138.73,8.3989,393,38.93,23.304
AC-064,64,0.0015,-0.0001,100.0,642.61,1587.46,1398.02,553.12,2388.04,9062.89,47.36,521.26,8139.57,8.4121,391,38.96,23.3107
AC-064,65,-0.0023,-0.0004,100.0,642.57,1587.48,1408.48,554.11,2388.06,9058.95,47.38,521.51,8134.53,8.4402,393,38.86,23.311
AC-064,66,-0.002,-0.0,100.0,642.63,1586.69,1410.05,553.41,2388.11,9059.07,47.27,521.92,8140.02,8.4461,393,38.76,23.2552
AC-064,67,-0.0023,0.0004,100.0,641.79,1596.41,1399.02,553.5,2388.07,9061.18,47.49,522.21,8140.2,8.4446,392,38.98,23.3352
AC-064,68,-0.0005,0.0004,100.0,642.4,1586.63,1407.39,554.67,2388.08,9051.16,47.37,521.61,8134.2,8.4341,393,38.95,23.4033
AC-064,69,-0.001,0.0,100.0,642.48,1582.15,1406.23,553.62,2388.05,9056.96,47.62,521.69,8134.35,8.4186,392,38.88,23.3317
AC-064,70,-0.005,-0.0002,100.0,642.5,1587.87,1411.56,553.8,2388.14,9053.61,47.54,521.49,8136.58,8.4319,394,38.7,23.343
AC-064,71,-0.0004,0.0,100.0,642.76,1590.63,1402.65,553.54,2388.04,9060.01,47.55,521.73,8135.93,8.4225,393,38.93,23.3475
AC-064,72,0.0025,0.0001,100.0,642.49,1588.64,1406.08,553.04,2388.08,9062.86,47.43,521.83,8136.05,8.4306,391,38.92,23.3497
AC-064,73,-0.0039,0.0002,100.0,642.39,1587.43,1405.09,552.78,2388.05,9055.76,47.24,522.12,8138.83,8.4108,393,38.91,23.3074
AC-064,74,-0.0027,-0.0001,100.0,642.61,1584.69,1399.78,553.76,2388.11,9053.11,47.31,521.54,8142.32,8.4597,394,38.84,23.3363
AC-064,75,-0.0019,-0.0002,100.0,642.62,1588.02,1402.99,553.46,2388.08,9063.01,47.44,521.62,8140.35,8.4093,393,38.89,23.4064
AC-064,76,0.0018,-0.0001,100.0,642.41,1594.25,1409.36,553.56,2388.08,9057.59,47.59,521.64,8130.95,8.4274,393,38.94,23.352
AC-064,77,0.0029,-0.0005,100.0,642.53,1598.75,1408.65,553.68,2388.06,9061.43,47.57,521.77,8134.17,8.4303,393,38.87,23.3293
AC-064,78,-0.0001,-0.0001,100.0,642.26,1588.74,1402.41,552.93,2388.1,9062.12,47.53,522.06,8137.58,8.4393,394,38.87,23.3572
AC-064,79,0.0001,-0.0002,100.0,642.1,1592.68,1402.23,554.23,2388.04,9057.78,47.34,521.75,8141.43,8.449,391,38.98,23.255
AC-064,80,0.0005,-0.0003,100.0,643.33,1584.81,1397.31,554.57,2388.08,9061.8,47.46,522.24,8137.57,8.4278,392,38.79,23.3051
AC-064,81,0.0028,-0.0001,100.0,642.29,1588.33,1408.43,553.74,2388.01,9062.51,47.29,521.96,8139.42,8.3912,392,38.87,23.3044
AC-064,82,0.001,0.0003,100.0,642.47,1581.11,1403.91,553.98,2388.07,9059.04,47.32,521.15,8137.63,8.4427,392,38.82,23.2995
AC-064,83,-0.0013,-0.0004,100.0,642.28,1586.93,1405.18,553.89,2388.05,9062.36,47.49,521.63,8138.81,8.423,392,38.72,23.4038
AC-064,84,0.0015,-0.0002,100.0,642.41,1587.24,1405.54,553.35,2388.04,9055.63,47.48,522.0,8137.73,8.43,394,38.85,23.3745
AC-064,85,-0.0011,-0.0005,100.0,642.56,1592.04,1404.05,553.32,2388.07,9056.23,47.45,521.49,8140.01,8.466,393,38.93,23.3262
AC-064,86,0.0008,-0.0001,100.0,642.36,1588.65,1414.09,553.78,2388.07,9055.98,47.31,521.81,8140.06,8.4214,393,38.82,23.4175
AC-064,87,-0.0042,-0.0005,100.0,642.71,1582.61,1403.5,554.15,2388.11,9051.73,47.46,521.73,8139.53,8.4505,395,38.78,23.3006
AC-064,88,0.0033,-0.0002,100.0,642.36,1592.4,1402.48,554.14,2388.11,9058.85,47.36,521.73,8136.72,8.4226,393,38.75,23.2554
AC-064,89,-0.0016,0.0003,100.0,642.6,1585.81,1405.66,554.1,2388.13,9062.76,47.47,521.86,8137.13,8.4426,393,38.92,23.2889
AC-064,90,-0.0004,-0.0005,100.0,642.52,1597.29,1407.32,553.54,2388.08,9059.94,47.55,522.05,8136.94,8.4439,393,38.74,23.2802
AC-064,91,-0.0023,0.0004,100.0,642.54,1586.43,1405.48,553.88,2388.06,9060.77,47.67,521.89,8140.81,8.4086,393,38.92,23.3168
AC-064,92,-0.0011,0.0004,100.0,642.38,1593.87,1404.4,552.7,2388.07,9059.46,47.41,521.55,8139.26,8.4565,393,38.74,23.2092
AC-064,93,-0.0009,0.0004,100.0,642.06,1588.15,1411.74,553.38,2388.08,9056.18,47.43,521.82,8141.8,8.4368,392,38.69,23.3308
AC-064,94,0.0002,0.0003,100.0,642.58,1592.6,1407.01,553.49,2388.09,9060.11,47.37,521.39,8140.83,8.4081,392,38.81,23.3305
AC-064,95,0.0004,-0.0003,100.0,642.74,1591.49,1414.48,554.4,2388.08,9061.26,47.56,521.62,8143.42,8.4315,393,38.81,23.2271
AC-064,96,0.0012,0.0003,100.0,642.74,1584.15,1405.83,553.29,2388.05,9058.4,47.42,521.19,8141.06,8.4239,392,38.87,23.3149
AC-064,97,-0.0014,-0.0002,100.0,642.53,1583.51,1401.59,553.37,2388.12,9062.65,47.37,521.87,8141.17,8.4345,392,38.8,23.3492
AC-064,98,0.002,0.0001,100.0,642.86,1590.95,1410.03,553.81,2388.11,9053.35,47.44,521.62,8138.94,8.4493,392,38.78,23.3368
AC-064,99,0.0029,0.0001,100.0,642.52,1583.37,1408.15,553.9,2388.05,9054.75,47.58,521.13,8138.47,8.4282,392,38.7,23.3565
AC-064,100,0.0014,0.0002,100.0,642.08,1591.3,1404.35,554.13,2388.05,9065.41,47.43,521.4,8141.48,8.4281,393,39.05,23.2447
AC-064,101,0.0033,-0.0005,100.0,642.68,1587.93,1406.68,553.81,2388.09,9057.31,47.53,521.53,8146.13,8.4276,392,38.77,23.2325
AC-064,102,0.0031,0.0003,100.0,642.48,1584.73,1408.24,553.68,2388.1,9054.7,47.39,521.88,8143.19,8.4487,392,38.88,23.3567
AC-064,103,0.0012,0.0001,100.0,643.18,1589.12,1406.41,553.9,2388.09,9060.71,47.3,522.14,8134.12,8.4027,393,38.79,23.2995
AC-064,104,-0.0004,0.0002,100.0,642.62,1589.4,1407.22,553.67,2388.04,9046.98,47.55,521.84,8137.63,8.4707,392,38.81,23.3482
AC-064,105,0.001,0.0002,100.0,642.8,1588.82,1406.9,553.61,2388.1,9057.93,47.55,521.47,8140.31,8.4188,394,38.99,23.3713
AC-064,106,0.0016,-0.0004,100.0,643.22,1594.01,1401.55,552.46,2388.12,9058.86,47.48,522.03,8142.65,8.4286,392,38.76,23.2702
AC-064,107,0.0029,-0.0003,100.0,642.93,1588.86,1401.78,553.57,2388.13,9063.38,47.52,521.79,8135.96,8.4603,393,38.71,23.4282
AC-064,108,-0.0005,0.0002,100.0,643.4,1588.86,1407.14,552.86,2388.12,9062.39,47.49,521.34,8137.44,8.4125,393,38.93,23.302
AC-064,109,-0.0003,0.0,100.0,642.06,1588.0,1411.03,552.92,2388.08,9060.63,47.53,521.65,8138.97,8.4588,394,38.75,23.1486
AC-064,110,-0.0012,-0.0002,100.0,642.47,1594.36,1405.65,553.65,2388.08,9064.53,47.27,521.2,8138.36,8.4474,392,38.9,23.2846
AC-064,111,0.0014,-0.0001,100.0,643.37,1584.02,1410.87,553.26,2388.06,9057.03,47.59,520.86,8139.48,8.4613,391,38.79,23.3418
AC-064,112,0.0008,-0.0001,100.0,642.3,1587.3,1410.54,554.41,2388.1,9056.98,47.46,521.6,8135.18,8.4497,393,39.03,23.2556
AC-064,113,-0.0034,-0.0003,100.0,642.11,1584.9,1405.03,553.65,2388.1,9060.82,47.63,521.25,8136.9,8.441,393,38.82,23.3601
AC-064,114,-0.0053,-0.0002,100.0,642.4,1584.63,1406.45,554.08,2388.08,9061.59,47.49,521.69,8142.07,8.4246,391,38.79,23.2903
AC-064,115,0.0014,-0.0005,100.0,641.94,1592.17,1403.77,553.89,2388.14,9061.48,47.2,521.63,8140.28,8.4404,392,38.85,23.3964
AC-064,116,-0.0041,0.0003,100.0,642.5,1593.55,1411.56,553.34,2388.12,9052.76,47.52,521.35,8138.9,8.453,392,38.73,23.272
AC-064,117,0.0017,0.0002,100.0,642.82,1584.63,1414.17,553.64,2388.08,9068.65,47.47,521.81,8141.53,8.427,392,38.92,23.3664
AC-064,118,0.0001,0.0,100.0,642.48,1592.19,1410.83,553.58,2388.06,9059.28,47.6,521.28,8139.37,8.4488,392,38.91,23.3141
AC-064,119,-0.004,-0.0002,100.0,642.31,1587.36,1407.68,553.12,2388.07,9055.83,47.43,520.99,8137.72,8.449,392,38.73,23.3629
AC-064,120,0.0041,0.0003,100.0,642.32,1587.98,1400.62,553.68,2388.15,9063.38,47.58,521.7,8140.04,8.417,393,39.05,23.3361
AC-064,121,0.0026,0.0002,100.0,642.38,1590.94,1411.39,554.33,2388.02,9051.35,47.42,521.09,8137.09,8.4229,391,38.94,23.3265
AC-064,122,0.0008,0.0005,100.0,643.16,1589.31,1401.02,553.49,2388.05,9066.24,47.42,521.67,8145.19,8.4812,394,38.73,23.2869
AC-064,123,-0.0,-0.0001,100.0,642.76,1587.54,1411.35,552.85,2388.07,9065.78,47.41,521.64,8140.21,8.4601,392,38.88,23.3088
AC-064,124,-0.0019,-0.0004,100.0,642.27,1585.42,1409.01,554.11,2388.08,9066.42,47.6,521.53,8139.55,8.416,392,38.83,23.2547
AC-064,125,0.0012,0.0001,100.0,642.58,1591.23,1412.81,553.68,2388.1,9063.91,47.39,521.4,8140.6,8.4097,393,38.97,23.2565
AC-064,126,0.0028,-0.0,100.0,642.51,1588.63,1409.45,552.73,2388.05,9067.43,47.36,521.13,8141.62,8.4589,394,38.84,23.2446
AC-064,127,0.0022,-0.0003,100.0,642.67,1582.44,1399.86,554.03,2388.1,9063.35,47.62,521.71,8140.6,8.4634,393,38.75,23.1998
AC-064,128,-0.0015,-0.0001,100.0,642.35,1590.64,1410.2,553.91,2388.08,9052.57,47.42,521.7,8135.04,8.4655,394,38.93,23.1854
AC-064,129,0.002,0.0003,100.0,642.53,1588.75,1413.03,553.34,2388.06,9060.89,47.38,521.31,8140.63,8.4236,393,38.86,23.2911
AC-064,130,0.0006,-0.0002,100.0,642.7,1590.46,1407.79,553.55,2388.12,9064.37,47.48,521.21,8137.73,8.4359,393,38.79,23.4116
AC-064,131,0.001,0.0003,100.0,642.73,1592.57,1404.98,553.45,2388.08,9065.07,47.44,521.05,8140.48,8.4593,394,39.03,23.2678
AC-064,132,-0.005,-0.0002,100.0,642.99,1587.24,1404.91,553.38,2388.1,9064.86,47.43,521.07,8137.64,8.4452,394,38.84,23.3253
AC-064,133,-0.002,-0.0002,100.0,642.59,1594.92,1400.22,553.62,2388.06,9062.48,47.42,521.72,8139.17,8.3955,393,38.81,23.3169
AC-064,134,0.0017,0.0002,100.0,642.65,1585.75,1404.99,552.97,2388.0,9054.75,47.5,521.2,8139.28,8.45,394,38.81,23.3634
AC-064,135,0.0052,0.0002,100.0,642.42,1593.85,1402.09,553.71,2388.04,9066.11,47.55,521.54,8135.7,8.4539,393,38.91,23.2116
AC-064,136,-0.0025,0.0001,100.0,643.18,1597.99,1409.13,553.68,2388.1,9057.75,47.46,521.56,8141.59,8.4504,393,38.94,23.3639
AC-064,137,-0.0005,-0.0004,100.0,642.55,1586.86,1411.03,553.41,2388.09,9061.38,47.45,521.56,8144.94,8.4111,394,38.88,23.479
AC-064,138,-0.0016,-0.0003,100.0,642.82,1577.94,1405.83,553.49,2388.07,9061.67,47.43,521.99,8147.91,8.4407,393,38.91,23.3263
AC-064,139,-0.0015,-0.0005,100.0,642.75,1593.11,1411.94,553.2,2388.06,9069.05,47.45,521.39,8147.1,8.4316,394,38.94,23.2791
AC-064,140,-0.001,-0.0004,100.0,643.12,1593.11,1404.92,553.18,2388.09,9055.01,47.48,521.68,8141.58,8.4686,392,38.8,23.3253
AC-064,141,0.0018,-0.0004,100.0,642.3,1590.88,1412.24,553.65,2388.09,9057.26,47.38,521.48,8143.44,8.4403,393,38.77,23.3722
AC-064,142,0.0006,0.0004,100.0,642.57,1588.53,1408.65,553.8,2388.1,9063.42,47.66,521.84,8139.58,8.4105,394,38.96,23.2363
AC-064,143,0.0013,-0.0003,100.0,642.63,1587.25,1405.97,553.47,2388.05,9062.22,47.48,521.24,8138.97,8.4532,393,38.68,23.4059
AC-064,144,-0.0024,-0.0002,100.0,642.27,1593.37,1411.45,553.3,2388.11,9055.97,47.57,521.4,8143.12,8.4337,394,38.79,23.2952
AC-064,145,-0.0006,0.0001,100.0,642.76,1585.17,1411.71,553.8,2388.08,9057.66,47.52,521.23,8142.68,8.4146,393,38.91,23.3345
AC-064,146,0.0014,-0.0004,100.0,642.96,1588.33,1405.59,553.84,2388.06,9059.87,47.39,521.35,8142.2,8.4395,392,38.94,23.2849
AC-064,147,0.0043,0.0005,100.0,642.49,1590.99,1410.13,553.64,2388.1,9058.39,47.38,521.03,8144.85,8.4406,393,38.97,23.2773
AC-064,148,0.0005,0.0004,100.0,642.61,1589.48,1405.71,553.04,2388.16,9062.91,47.7,521.42,8142.2,8.4784,391,38.83,23.3391
AC-064,149,-0.0007,-0.0002,100.0,642.77,1585.37,1412.05,553.11,2388.05,9060.36,47.51,521.24,8144.59,8.4041,393,38.87,23.419
AC-064,150,0.0019,0.0003,100.0,642.45,1594.46,1404.03,553.37,2388.07,9056.97,47.36,521.02,8141.36,8.4857,394,38.97,23.2528
AC-064,151,-0.0004,0.0004,100.0,642.69,1587.54,1406.67,552.9,2388.11,9068.72,47.46,521.99,8143.67,8.4365,392,38.72,23.3063
AC-064,152,0.0003,-0.0002,100.0,642.42,1594.49,1403.72,553.0,2388.06,9060.91,47.68,521.65,8137.24,8.4561,395,38.94,23.3341
AC-064,153,-0.002,0.0003,100.0,642.69,1594.07,1406.35,553.07,2388.12,9069.33,47.6,521.59,8147.08,8.3908,395,38.97,23.2188
AC-064,154,0.0026,-0.0003,100.0,643.2,1586.82,1410.87,553.16,2388.11,9058.92,47.61,521.22,8138.74,8.4522,394,38.82,23.2755
AC-064,155,-0.0006,0.0002,100.0,642.56,1587.11,1407.62,553.27,2388.07,9070.02,47.52,520.98,8140.57,8.4446,393,38.99,23.2832
AC-064,156,-0.0001,0.0001,100.0,642.51,1595.76,1411.93,553.11,2388.06,9064.14,47.59,520.94,8141.83,8.4577,395,38.64,23.3592
AC-064,157,0.0002,0.0001,100.0,642.93,1588.94,1413.55,553.88,2388.12,9060.82,47.49,521.51,8141.14,8.454,393,38.71,23.2891
AC-064,158,0.0005,0.0001,100.0,642.18,1598.97,1406.97,553.12,2388.07,9063.68,47.49,521.14,8139.57,8.4279,393,38.86,23.2707
AC-064,159,0.0012,0.0003,100.0,642.21,1590.02,1407.01,553.71,2388.1,9067.84,47.59,521.44,8147.09,8.4604,392,38.85,23.1696
AC-064,160,-0.0024,0.0001,100.0,642.12,1593.96,1412.93,553.43,2388.13,9057.8,47.62,521.45,8141.12,8.4153,393,38.94,23.1656
AC-064,161,-0.0018,0.0001,100.0,642.62,1597.08,1406.6,553.11,2388.11,9061.63,47.46,521.13,8139.6,8.4461,394,38.91,23.2832
AC-064,162,-0.0007,-0.0001,100.0,642.94,1589.04,1413.76,552.93,2388.1,9062.19,47.57,521.32,8147.24,8.4404,394,38.79,23.2732
AC-064,163,-0.0004,-0.0001,100.0,642.71,1590.71,1409.2,552.76,2388.1,9067.87,47.61,521.41,8146.21,8.4434,392,38.84,23.2965
AC-064,164,0.0002,-0.0,100.0,642.67,1591.98,1405.06,553.62,2388.12,9065.13,47.64,521.08,8143.66,8.4258,392,38.97,23.2779
AC-064,165,0.001,-0.0003,100.0,642.15,1586.8,1403.62,553.35,2388.07,9066.51,47.56,521.5,8142.7,8.4474,393,38.72,23.3356
AC-064,166,0.0001,-0.0003,100.0,642.4,1592.82,1415.63,553.87,2388.07,9066.35,47.56,520.81,8145.37,8.4388,392,38.97,23.2978
AC-064,167,-0.0027,0.0,100.0,642.54,1594.69,1406.75,553.17,2388.09,9067.74,47.47,521.2,8141.92,8.4382,393,38.87,23.228
AC-064,168,-0.0011,-0.0003,100.0,642.62,1593.63,1410.15,552.93,2388.06,9056.26,47.56,521.44,8141.49,8.4305,394,38.86,23.2706
AC-064,169,0.0005,0.0003,100.0,642.32,1591.89,1407.51,553.02,2388.07,9071.62,47.4,520.63,8144.13,8.4557,395,38.86,23.3236
AC-064,170,-0.0016,0.0001,100.0,642.01,1586.6,1407.28,553.91,2388.1,9069.48,47.7,521.41,8147.44,8.4708,395,38.72,23.3189
AC-064,171,0.004,-0.0002,100.0,643.16,1591.09,1412.92,552.27,2388.15,9064.57,47.48,521.48,8142.33,8.4743,394,38.88,23.145
AC-064,172,-0.0019,-0.0004,100.0,643.28,1590.74,1408.73,553.65,2388.14,9066.14,47.5,521.48,8146.11,8.4619,394,38.72,23.3353
AC-064,173,0.0004,-0.0002,100.0,642.66,1592.76,1406.97,552.96,2388.14,9070.58,47.76,521.31,8148.99,8.4298,392,38.8,23.3522
AC-064,174,0.0013,-0.0003,100.0,642.98,1599.11,1404.86,553.02,2388.1,9067.55,47.59,521.14,8141.52,8.4224,394,38.82,23.2585
AC-064,175,0.002,-0.0005,100.0,642.73,1600.13,1408.59,553.07,2388.1,9065.48,47.49,521.16,8145.85,8.4355,394,38.76,23.2703
AC-064,176,0.0046,0.0003,100.0,642.54,1592.13,1407.87,553.39,2388.11,9062.81,47.69,521.06,8147.31,8.4487,394,38.89,23.1975
AC-064,177,0.0003,0.0,100.0,642.85,1589.31,1410.67,553.15,2388.12,9070.05,47.62,520.73,8141.62,8.4917,393,38.73,23.2899
AC-064,178,-0.0028,0.0002,100.0,642.48,1590.91,1411.71,554.05,2388.1,9064.43,47.72,521.18,8148.7,8.4628,393,38.83,23.2535
AC-064,179,-0.0012,-0.0001,100.0,642.7,1591.62,1411.43,552.89,2388.09,9062.76,47.7,521.3,8143.84,8.4586,394,38.77,23.2591
AC-064,180,0.0029,-0.0002,100.0,642.49,1594.16,1411.37,552.8,2388.13,9070.84,47.59,521.5,8145.93,8.4537,394,38.9,23.1742
AC-064,181,-0.0008,-0.0003,100.0,642.92,1597.55,1412.52,553.32,2388.06,9071.19,47.64,521.01,8143.18,8.4283,393,38.61,23.2595
AC-064,182,-0.0017,0.0005,100.0,642.89,1592.63,1409.84,553.27,2388.11,9067.57,47.42,521.11,8147.99,8.4472,393,38.76,23.1772
AC-064,183,-0.0017,0.0001,100.0,642.92,1587.38,1410.89,553.21,2388.09,9067.68,47.6,521.03,8145.01,8.4178,393,38.77,23.2051
AC-064,184,0.0023,-0.0002,100.0,642.36,1592.73,1410.54,552.93,2388.07,9066.73,47.61,521.21,8143.61,8.4538,393,38.75,23.2928
AC-064,185,-0.0001,-0.0002,100.0,643.17,1597.7,1414.48,553.27,2388.08,9065.69,47.49,521.03,8150.15,8.4646,394,38.68,23.1879
AC-064,186,0.0002,-0.0002,100.0,642.77,1591.07,1410.67,552.77,2388.1,9058.16,47.69,520.69,8148.24,8.4309,393,38.82,23.1512
AC-064,187,-0.0004,0.0,100.0,642.75,1589.41,1412.49,553.36,2388.17,9066.58,47.57,521.09,8143.65,8.4385,394,38.82,23.1923
AC-064,188,0.001,-0.0002,100.0,642.55,1587.09,1409.01,552.97,2388.09,9072.07,47.58,520.74,8142.27,8.4568,393,38.95,23.2845
AC-064,189,0.0001,0.0001,100.0,643.15,1592.75,1410.45,552.52,2388.1,9073.63,47.55,521.21,8144.35,8.4189,394,38.88,23.1601
AC-064,190,-0.001,-0.0002,100.0,643.29,1587.7,1407.8,552.68,2388.06,9069.97,47.6,521.72,8144.75,8.467,394,38.78,23.2866
AC-064,191,0.0031,-0.0003,100.0,642.62,1589.39,1410.92,553.79,2388.13,9066.63,47.53,521.2,8142.87,8.4525,393,38.57,23.33
AC-064,192,-0.0013,0.0004,100.0,642.98,1591.2,1415.61,553.5,2388.15,9074.17,47.79,520.92,8144.03,8.4209,395,38.64,23.1511
AC-064,193,-0.0004,0.0004,100.0,642.31,1601.12,1410.02,552.62,2388.05,9073.04,47.67,521.32,8147.34,8.4108,394,38.8,23.3543
AC-064,194,0.0014,-0.0004,100.0,643.31,1590.8,1414.56,553.76,2388.11,9065.31,47.5,521.16,8144.41,8.4391,393,38.64,23.3309
AC-064,195,-0.0023,0.0,100.0,643.24,1593.42,1418.33,553.44,2388.14,9062.75,47.69,521.26,8149.62,8.4858,394,38.56,23.0672
AC-064,196,0.0027,0.0001,100.0,642.31,1598.42,1414.4,553.24,2388.09,9073.03,47.57,521.11,8147.39,8.4414,394,38.93,23.2571
AC-064,197,0.0002,0.0002,100.0,643.05,1586.83,1408.93,554.13,2388.07,9066.67,47.7,521.71,8148.55,8.4729,394,38.83,23.3215
AC-064,198,-0.0028,0.0002,100.0,642.86,1594.85,1412.61,552.8,2388.08,9070.5,47.61,521.12,8141.49,8.4556,394,38.65,23.1804
AC-064,199,0.0012,0.0,100.0,642.86,1597.36,1410.54,553.35,2388.13,9068.89,47.73,521.24,8150.01,8.4608,394,38.75,23.1841
AC-064,200,0.0019,-0.0001,100.0,642.36,1590.45,1414.91,553.02,2388.11,9063.56,47.66,520.82,8146.34,8.4793,393,38.71,23.3114
AC-064,201,0.0012,0.0001,100.0,642.77,1591.32,1403.01,551.95,2388.15,9077.01,47.64,521.46,8149.88,8.443,393,38.78,23.2698
AC-064,202,-0.0004,0.0004,100.0,642.43,1597.54,1414.12,552.6,2388.11,9069.42,47.66,521.11,8147.32,8.5048,394,38.75,23.2135
AC-064,203,-0.0016,-0.0004,100.0,642.61,1586.36,1412.45,553.05,2388.09,9067.7,47.73,521.05,8145.78,8.4691,394,38.79,23.2846
AC-064,204,-0.0044,-0.0,100.0,642.6,1591.25,1412.97,552.69,2388.14,9064.32,47.81,521.37,8150.38,8.4505,393,38.75,23.2207
AC-064,205,-0.0036,-0.0003,100.0,642.36,1588.88,1415.48,552.65,2388.12,9069.8,47.7,521.08,8146.19,8.4573,393,38.79,23.2175
AC-064,206,-0.0022,-0.0001,100.0,643.57,1599.52,1412.0,552.75,2388.08,9069.89,47.71,521.41,8149.64,8.4781,393,38.64,23.1591
AC-064,207,-0.0007,-0.0005,100.0,642.71,1590.62,1413.28,552.95,2388.08,9070.81,47.76,521.25,8145.92,8.4755,394,38.65,23.2167
AC-064,208,-0.0003,-0.0004,100.0,642.79,1594.13,1410.25,552.05,2388.07,9080.56,47.61,521.35,8155.62,8.4571,393,38.6,23.1968
AC-064,209,-0.0025,0.0003,100.0,642.91,1597.09,1414.45,552.82,2388.12,9077.45,47.84,520.96,8151.53,8.445,395,38.65,23.3365
AC-064,210,0.0043,-0.0003,100.0,643.16,1587.84,1410.95,553.22,2388.17,9077.3,47.66,520.64,8146.85,8.4501,394,38.77,23.1841
AC-064,211,-0.0037,-0.0003,100.0,643.09,1594.12,1404.75,552.48,2388.09,9077.54,47.87,520.78,8153.28,8.4419,393,38.64,23.1754
AC-064,212,0.0031,0.0003,100.0,642.26,1594.58,1415.79,552.6,2388.05,9071.58,47.67,521.1,8151.07,8.4586,392,38.71,23.2532
AC-064,213,0.0008,-0.0002,100.0,643.27,1590.72,1411.95,552.66,2388.14,9081.87,47.73,520.99,8152.4,8.4769,392,38.62,23.3641
AC-064,214,-0.0005,-0.0,100.0,642.81,1590.17,1411.5,552.71,2388.16,9079.73,47.59,520.95,8150.53,8.4502,392,38.78,23.2975
AC-064,215,-0.0009,0.0004,100.0,642.73,1603.33,1414.45,552.99,2388.1,9077.18,47.81,520.85,8151.37,8.4721,395,38.86,23.1428
AC-064,216,-0.0012,0.0001,100.0,643.42,1598.64,1409.2,552.38,2388.12,9080.08,47.83,521.45,8145.64,8.488,395,38.79,23.1771
AC-064,217,0.0003,-0.0001,100.0,642.99,1595.39,1418.1,552.37,2388.15,9081.39,47.69,521.07,8156.92,8.4889,394,38.71,23.1063
AC-064,218,-0.0046,0.0005,100.0,642.85,1593.55,1415.86,552.69,2388.15,9075.79,47.69,521.12,8147.59,8.4524,394,38.76,23.1681
AC-064,219,-0.0034,-0.0004,100.0,642.88,1596.7,1414.22,551.88,2388.11,9081.8,47.94,521.04,8155.55,8.5081,394,38.66,23.2868
AC-064,220,-0.0019,-0.0002,100.0,643.16,1593.21,1419.41,552.47,2388.15,9079.33,47.81,520.56,8149.54,8.497,395,38.84,23.2531
AC-064,221,0.0004,-0.0002,100.0,643.64,1588.48,1414.44,552.86,2388.17,9080.34,47.75,521.0,8155.09,8.4397,396,38.75,23.2516
AC-064,222,-0.0012,0.0001,100.0,643.05,1592.77,1409.81,552.65,2388.16,9083.78,47.86,521.23,8152.95,8.4892,396,38.64,23.282
AC-064,223,-0.0035,0.0003,100.0,642.74,1602.2,1417.22,553.21,2388.14,9075.8,47.6,520.98,8150.07,8.4694,394,38.77,23.2635
AC-064,224,0.0002,-0.0003,100.0,642.97,1594.06,1414.41,553.14,2388.18,9083.65,47.81,520.95,8154.76,8.474,395,38.59,23.2334
AC-064,225,-0.0013,-0.0003,100.0,643.11,1594.61,1425.11,552.85,2388.18,9078.56,47.9,520.67,8152.83,8.4893,393,38.4,23.2723
AC-064,226,-0.0022,-0.0,100.0,642.58,1601.54,1422.68,552.47,2388.16,9084.45,47.76,520.52,8158.46,8.4661,395,38.56,23.2446
AC-064,227,-0.0022,0.0003,100.0,643.07,1603.16,1418.52,552.1,2388.12,9076.51,47.89,521.48,8155.69,8.4726,394,38.67,23.2327
AC-064,228,0.0021,-0.0005,100.0,642.5,1596.57,1407.97,552.65,2388.15,9076.65,47.7,520.67,8155.58,8.4772,395,38.52,23.1061
AC-064,229,-0.0037,-0.0002,100.0,643.51,1595.25,1420.9,552.96,2388.11,9081.64,47.76,520.59,8152.17,8.4676,396,38.54,23.1761
AC-064,230,0.0011,0.0001,100.0,643.22,1598.55,1423.55,552.89,2388.13,9079.47,47.74,520.78,8154.25,8.5175,395,38.7,23.2026
AC-064,231,0.0011,0.0003,100.0,643.13,1605.37,1417.26,552.94,2388.13,9075.78,47.75,520.75,8157.75,8.4899,395,38.47,23.2422
AC-064,232,-0.0027,0.0003,100.0,642.73,1597.8,1423.27,552.84,2388.12,9076.9,47.6,520.97,8157.08,8.4782,395,38.79,23.1776
AC-064,233,0.0023,-0.0004,100.0,643.08,1598.47,1418.85,552.17,2388.18,9084.6,47.84,520.54,8158.84,8.5107,396,38.61,23.2133
AC-064,234,-0.0002,0.0001,100.0,643.56,1598.08,1418.91,552.53,2388.08,9078.69,47.85,520.09,8154.78,8.4765,394,38.62,23.2753
AC-064,235,-0.0017,0.0,100.0,643.37,1597.25,1420.82,552.69,2388.14,9082.17,47.6,520.82,8151.65,8.4941,396,38.66,23.1933
AC-064,236,-0.0004,-0.0004,100.0,642.99,1589.14,1418.17,552.43,2388.13,9084.31,47.85,520.94,8155.44,8.4851,394,38.7,23.0754
AC-064,237,-0.0005,-0.0003,100.0,642.79,1597.0,1414.07,552.4,2388.19,9082.07,47.98,520.54,8157.13,8.5054,396,38.52,23.2154
AC-064,238,0.0002,-0.0003,100.0,642.97,1599.06,1422.28,552.39,2388.13,9078.21,47.97,520.87,8154.44,8.4802,397,38.59,23.2631
AC-064,239,0.0005,-0.0004,100.0,642.52,1596.07,1420.69,551.85,2388.18,9075.75,47.57,520.51,8157.92,8.4921,394,38.69,23.2313
AC-064,240,0.0017,0.0004,100.0,643.92,1594.16,1424.76,551.87,2388.17,9084.01,48.04,520.02,8155.21,8.4387,395,38.48,23.154
AC-064,241,0.0034,0.0004,100.0,642.84,1600.59,1416.86,552.22,2388.13,9082.42,47.74,520.48,8157.37,8.4935,395,38.57,23.3486
AC-064,242,0.0016,0.0003,100.0,643.06,1596.28,1423.95,552.59,2388.12,9080.08,47.94,520.26,8159.32,8.4912,395,38.51,23.2376
AC-064,243,0.0023,-0.0003,100.0,642.78,1598.73,1418.14,552.69,2388.14,9081.74,47.73,521.13,8162.05,8.4575,394,38.64,23.246
AC-064,244,0.0019,0.0003,100.0,643.04,1596.91,1417.07,552.54,2388.12,9073.16,47.96,521.33,8156.55,8.468,395,38.52,23.2034
AC-064,245,-0.0039,-0.0003,100.0,643.33,1592.73,1420.81,552.43,2388.18,9082.45,47.88,520.41,8156.05,8.483,396,38.65,23.1179
AC-064,246,-0.0021,-0.0004,100.0,643.03,1599.22,1424.23,551.53,2388.19,9086.62,48.06,520.39,8161.96,8.4553,395,38.67,23.1453
AC-064,247,-0.002,-0.0004,100.0,643.03,1599.56,1418.16,551.67,2388.1,9085.72,47.77,520.68,8160.63,8.4516,394,38.6,23.0774
AC-064,248,0.0009,0.0002,100.0,643.03,1599.03,1417.35,552.62,2388.19,9080.49,47.98,520.42,8158.02,8.5077,394,38.52,23.1564
AC-064,249,0.0004,0.0,100.0,643.38,1599.45,1413.85,552.55,2388.15,9090.14,47.91,520.71,8158.33,8.4944,395,38.42,23.1662
AC-064,250,0.0023,-0.0004,100.0,643.65,1596.79,1420.75,552.83,2388.12,9085.65,47.69,520.6,8160.89,8.4691,395,38.78,23.1732
AC-064,251,0.0048,-0.0002,100.0,643.44,1593.83,1420.14,552.07,2388.17,9083.96,47.88,520.51,8164.37,8.4637,395,38.54,23.1174
AC-064,252,0.0006,0.0001,100.0,643.68,1603.85,1423.8,552.06,2388.16,9088.35,47.86,520.59,8156.92,8.4914,395,38.45,23.0541
AC-064,253,0.0025,-0.0004,100.0,643.26,1596.33,1422.78,552.21,2388.14,9096.8,47.84,520.15,8161.39,8.4922,397,38.53,23.2026
AC-064,254,0.0087,0.0005,100.0,643.68,1597.07,1426.57,552.57,2388.14,9099.2,47.93,520.93,8165.96,8.4988,395,38.41,23.0971
AC-064,255,-0.0011,0.0005,100.0,643.69,1597.51,1425.38,552.29,2388.16,9085.05,48.08,519.57,8164.94,8.4748,394,38.53,23.119
AC-064,256,0.0006,0.0001,100.0,643.47,1592.48,1418.48,552.05,2388.18,9088.62,47.96,520.84,8164.1,8.498,397,38.64,23.1167
AC-064,257,-0.0022,0.0001,100.0,643.31,1602.45,1428.76,552.11,2388.26,9085.34,48.04,520.73,8167.38,8.5345,394,38.46,23.0852
AC-064,258,0.0037,-0.0,100.0,643.49,1601.91,1424.99,552.49,2388.15,9086.96,47.96,520.53,8161.11,8.5105,395,38.66,23.115
AC-064,259,-0.0004,-0.0,100.0,644.11,1593.8,1421.9,552.41,2388.18,9081.07,47.82,520.29,8160.1,8.4978,396,38.31,23.1363
AC-064,260,-0.0021,-0.0001,100.0,643.7,1602.01,1423.54,551.41,2388.12,9097.98,47.96,520.16,8162.15,8.5123,395,38.57,23.0799
AC-064,261,0.0033,0.0005,100.0,643.53,1607.28,1430.92,552.53,2388.18,9097.63,48.07,520.66,8163.94,8.4758,395,38.6,23.0338
AC-064,262,-0.0003,0.0003,100.0,643.88,1597.72,1428.55,552.76,2388.16,9088.32,47.81,520.56,8168.5,8.5308,395,38.54,23.049
AC-064,263,-0.0032,0.0003,100.0,643.64,1600.08,1427.74,552.17,2388.19,9092.93,47.92,520.28,8164.24,8.4995,395,38.71,23.1406
AC-064,264,-0.0013,-0.0005,100.0,643.49,1605.49,1424.44,551.52,2388.18,9090.03,47.94,519.87,8162.2,8.4976,394,38.61,23.1051
AC-064,265,0.0017,0.0005,100.0,643.24,1601.36,1419.68,551.62,2388.17,9100.64,47.87,520.5,8169.3,8.51,396,38.68,23.0655
AC-064,266,-0.0026,0.0004,100.0,643.07,1605.32,1427.27,551.65,2388.16,9096.42,48.24,519.98,8168.67,8.4994,396,38.5,23.0841
AC-064,267,-0.0011,-0.0,100.0,643.58,1601.3,1424.61,551.61,2388.2,9104.91,48.03,520.2,8170.84,8.5031,396,38.55,23.1172
AC-064,268,0.0009,-0.0,100.0,643.93,1602.02,1421.47,551.3,2388.16,9095.75,48.0,520.09,8166.68,8.4792,397,38.4,23.1246
AC-064,269,-0.0022,0.0004,100.0,643.01,1603.1,1425.44,552.15,2388.22,9096.19,48.21,519.44,8169.76,8.4915,396,38.51,23.1293
AC-064,270,0.0029,-0.0003,100.0,643.08,1606.69,1420.45,552.7,2388.16,9111.34,48.34,519.47,8168.89,8.4815,395,38.42,23.1693
AC-064,271,-0.0015,0.0003,100.0,643.07,1602.53,1430.37,551.02,2388.15,9099.46,48.19,519.79,8168.61,8.5376,396,38.39,23.0373
AC-064,272,0.0007,-0.0001,100.0,643.79,1604.26,1426.99,551.77,2388.2,9103.31,47.94,520.1,8170.38,8.5387,396,38.55,23.0943
AC-064,273,0.0009,0.0002,100.0,643.61,1604.23,1427.56,552.4,2388.17,9095.13,48.17,519.66,8168.17,8.521,397,38.31,23.1182
AC-064,274,0.0013,-0.0001,100.0,643.41,1605.24,1421.98,551.66,2388.18,9110.96,48.06,519.87,8172.78,8.499,394,38.37,23.0697
AC-064,275,-0.0005,0.0005,100.0,643.49,1597.55,1420.04,551.44,2388.14,9104.29,48.1,519.85,8171.84,8.5237,397,38.56,23.1107
AC-064,276,0.0005,0.0002,100.0,643.32,1602.04,1425.46,551.32,2388.2,9109.57,48.07,520.06,8171.25,8.4928,396,38.43,23.0251
AC-064,277,0.0031,0.0001,100.0,643.93,1608.81,1427.23,551.56,2388.22,9097.71,48.26,519.99,8172.33,8.5279,395,38.45,23.0162
AC-064,278,-0.002,0.0004,100.0,643.73,1604.42,1436.14,551.71,2388.22,9102.34,48.09,519.63,8170.0,8.5054,397,38.4,23.1366
AC-064,279,0.0007,0.0002,100.0,643.63,1606.92,1437.98,551.94,2388.19,9109.27,48.09,519.15,8177.66,8.5338,396,38.54,23.1942
AC-064,280,-0.0013,-0.0004,100.0,643.66,1607.07,1428.08,552.31,2388.29,9099.97,48.06,520.11,8175.6,8.5413,396,38.3,23.0323
AC-064,281,-0.0,0.0004,100.0,643.75,1607.98,1430.33,551.42,2388.25,9102.81,48.05,519.95,8177.78,8.5252,395,38.44,23.072
AC-064,282,-0.0028,-0.0004,100.0,643.76,1606.06,1426.12,551.41,2388.21,9106.18,48.26,519.81,8172.79,8.5396,397,38.51,23.052
AC-064,283,0.002,-0.0001,100.0,643.88,1605.47,1425.77,550.6,2388.17,9111.28,48.15,519.54,8181.59,8.5458,397,38.45,23.1041
AC-067,1,0.0014,-0.0003,100.0,642.52,1583.12,1398.16,553.89,2388.09,9062.52,47.28,521.92,8134.47,8.4813,391,39.03,23.3564
AC-067,2,-0.0025,-0.0003,100.0,642.12,1591.12,1404.59,553.72,2388.12,9060.29,47.23,521.72,8143.35,8.3883,393,38.8,23.4387
AC-067,3,0.0019,-0.0001,100.0,642.52,1591.87,1408.07,553.63,2388.08,9069.27,47.16,522.17,8149.79,8.4786,391,38.92,23.3917
AC-067,4,-0.0009,0.0002,100.0,642.55,1589.54,1398.73,553.5,2388.0,9063.39,47.28,522.04,8144.8,8.4327,392,38.92,23.486
AC-067,5,0.0022,-0.0002,100.0,642.08,1591.25,1395.19,554.75,2388.07,9067.98,47.36,521.9,8142.97,8.4489,392,39.04,23.3165
AC-067,6,0.0038,0.0003,100.0,642.32,1594.72,1401.03,553.46,2388.08,9063.97,47.48,521.96,8142.24,8.4434,393,38.78,23.3504
AC-067,7,0.0015,-0.0004,100.0,642.28,1579.75,1403.27,554.28,2388.07,9063.91,47.34,522.06,8152.22,8.414,392,38.9,23.2431
AC-067,8,-0.0007,0.0,100.0,641.73,1584.85,1402.44,554.18,2388.03,9059.68,47.49,521.84,8142.69,8.4307,394,38.94,23.3818
AC-067,9,-0.0031,0.0001,100.0,642.12,1580.02,1401.75,553.15,2388.04,9060.99,47.37,521.87,8144.5,8.4691,391,39.01,23.3086
AC-067,10,0.0047,0.0003,100.0,641.96,1581.35,1406.78,553.05,2388.04,9058.78,47.42,521.88,8143.59,8.3857,392,38.9,23.3331
AC-067,11,0.0036,-0.0001,100.0,641.95,1590.54,1400.88,553.92,2388.09,9056.72,47.24,522.33,8146.26,8.4332,394,39.16,23.3903
AC-067,12,-0.0015,0.0,100.0,642.52,1589.2,1398.12,553.63,2388.02,9063.19,47.41,521.69,8144.65,8.3826,393,39.05,23.3721
AC-067,13,0.0017,-0.0002,100.0,642.14,1587.24,1404.68,554.04,2388.1,9068.16,47.28,521.97,8146.02,8.4271,393,38.89,23.3479
AC-067,14,-0.0005,-0.0002,100.0,642.85,1591.59,1403.96,553.65,2388.08,9066.08,47.51,521.67,8149.68,8.3974,391,38.96,23.3415
AC-067,15,0.0006,-0.0,100.0,642.7,1588.66,1404.09,554.36,2388.09,9061.94,47.47,521.4,8135.77,8.4485,392,38.98,23.3592
AC-067,16,-0.0018,0.0005,100.0,642.17,1587.7,1402.98,553.72,2388.05,9068.27,47.24,521.43,8143.97,8.3969,393,38.95,23.4165
AC-067,17,-0.0027,0.0004,100.0,642.44,1589.76,1398.96,554.55,2388.03,9061.57,47.32,521.76,8144.01,8.4572,393,39.02,23.3873
AC-067,18,0.0004,0.0,100.0,643.23,1582.39,1401.05,553.7,2387.98,9065.24,47.41,521.96,8142.09,8.4449,392,38.7,23.4166
AC-067,19,-0.0037,-0.0004,100.0,642.4,1583.06,1402.67,554.38,2388.03,9064.2,47.33,522.49,8141.73,8.4132,392,38.88,23.3814
AC-067,20,0.0009,0.0004,100.0,642.28,1586.77,1408.78,554.04,2388.04,9062.55,47.33,521.34,8149.36,8.4208,393,38.89,23.3844
AC-067,21,-0.0003,0.0004,100.0,642.6,1585.35,1405.31,553.73,2388.01,9071.19,47.4,521.12,8146.23,8.3852,392,39.01,23.4221
AC-067,22,0.0009,0.0001,100.0,641.89,1592.69,1401.01,554.14,2388.05,9064.81,47.51,522.15,8144.27,8.4196,393,38.86,23.4419
AC-067,23,-0.0003,0.0004,100.0,642.37,1590.12,1404.88,553.08,2388.05,9062.69,47.32,521.34,8146.11,8.428,394,38.86,23.3601
AC-067,24,-0.0011,-0.0002,100.0,642.64,1573.58,1402.23,554.35,2388.05,9067.25,47.41,522.21,8146.12,8.4191,391,39.13,23.3537
AC-067,25,-0.0032,-0.0,100.0,642.27,1586.41,1403.55,553.83,2388.07,9072.62,47.43,521.92,8145.53,8.4035,391,39.07,23.3928
AC-067,26,0.0001,0.0003,100.0,642.25,1594.71,1406.44,554.38,2388.08,9068.83,47.41,521.92,8138.74,8.4408,392,38.85,23.3136
AC-067,27,-0.0013,0.0002,100.0,642.51,1592.83,1399.7,554.06,2388.01,9063.93,47.68,521.64,8147.45,8.434,392,38.81,23.3395
AC-067,28,-0.0025,0.0003,100.0,642.71,1595.54,1408.01,553.88,2388.04,9066.58,47.43,521.61,8143.02,8.4167,391,38.83,23.4591
AC-067,29,0.0044,0.0001,100.0,642.57,1580.96,1408.16,554.6,2388.07,9060.51,47.51,522.37,8144.78,8.3978,394,38.97,23.3693
AC-067,30,-0.0002,-0.0001,100.0,642.67,1578.2,1413.82,553.17,2388.02,9064.37,47.38,521.62,8145.84,8.4273,394,39.04,23.3409
AC-067,31,-0.0022,0.0005,100.0,642.62,1589.85,1398.18,553.53,2388.05,9061.49,47.4,521.67,8143.27,8.4283,392,39.0,23.3836
AC-067,32,0.0016,0.0005,100.0,642.8,1588.21,1404.26,553.55,2388.06,9061.85,47.3,521.6,8142.91,8.4452,392,38.74,23.2932
AC-067,33,0.0014,-0.0003,100.0,642.04,1586.72,1398.94,553.75,2388.01,9063.22,47.35,521.99,8148.59,8.4203,393,38.92,23.3595
AC-067,34,0.0004,0.0002,100.0,642.25,1585.43,1399.27,553.78,2388.06,9062.39,47.47,521.61,8140.35,8.3896,394,39.0,23.3112
AC-067,35,-0.0004,0.0001,100.0,642.5,1590.25,1398.77,553.53,2388.11,9070.99,47.59,521.68,8143.77,8.42,391,38.89,23.3141
AC-067,36,-0.0007,0.0002,100.0,642.72,1592.5,1403.38,553.58,2388.01,9063.05,47.33,521.92,8144.09,8.4532,393,38.8,23.3022
AC-067,37,0.0035,-0.0,100.0,642.34,1582.27,1398.8,553.36,2388.06,9058.48,47.36,522.05,8145.0,8.4271,392,38.81,23.2336
AC-067,38,0.0018,-0.0004,100.0,642.43,1587.25,1406.64,554.0,2388.07,9064.0,47.48,522.37,8149.68,8.4275,392,38.9,23.4425
AC-067,39,0.002,-0.0004,100.0,642.18,1584.33,1398.47,553.58,2388.05,9066.8,47.44,521.69,8148.99,8.417,391,38.98,23.3586
AC-067,40,-0.0002,0.0,100.0,642.4,1577.7,1405.7,553.16,2388.07,9060.04,47.28,521.57,8145.9,8.3888,392,38.93,23.2687
AC-067,41,0.0008,-0.0003,100.0,642.79,1588.31,1403.61,553.97,2388.04,9061.91,47.18,522.33,8146.4,8.409,393,38.89,23.3984
AC-067,42,-0.0013,0.0003,100.0,642.32,1586.77,1399.03,554.1,2388.04,9064.66,47.47,522.01,8147.01,8.4472,392,39.06,23.372
AC-067,43,-0.0027,0.0005,100.0,642.45,1589.83,1400.39,554.28,2388.05,9057.62,47.37,521.63,8142.1,8.4135,392,39.08,23.3985
AC-067,44,0.0002,0.0005,100.0,641.91,1590.29,1402.09,553.71,2388.1,9063.6,47.32,521.83,8142.36,8.3834,392,38.94,23.3666
AC-067,45,0.004,0.0,100.0,642.2,1586.25,1404.07,554.11,2388.03,9061.75,47.31,521.28,8143.37,8.4168,391,38.72,23.3902
AC-067,46,0.0002,-0.0002,100.0,642.23,1596.15,1407.95,553.7,2388.05,9065.58,47.35,522.05,8145.77,8.3849,394,38.82,23.3054
AC-067,47,-0.0,0.0003,100.0,642.69,1585.13,1412.07,553.57,2388.05,9057.16,47.51,522.6,8141.4,8.4189,392,38.77,23.3956
AC-067,48,0.0016,0.0001,100.0,642.59,1589.61,1399.78,553.16,2388.09,9062.81,47.5,521.55,8144.68,8.4532,393,38.95,23.3201
AC-067,49,0.0018,0.0001,100.0,641.88,1590.62,1404.1,553.19,2388.0,9065.42,47.3,521.71,8148.2,8.4252,391,39.1,23.3253
AC-067,50,-0.0011,0.0001,100.0,643.35,1590.34,1408.79,553.51,2388.12,9064.85,47.47,521.8,8140.77,8.4051,390,38.89,23.2832
AC-067,51,-0.0004,0.0005,100.0,642.78,1588.87,1403.38,554.19,2387.97,9066.56,47.24,521.64,8147.81,8.4093,392,39.08,23.4427
AC-067,52,-0.0029,-0.0,100.0,642.64,1590.69,1405.64,554.16,2388.03,9069.43,47.3,521.84,8144.26,8.4428,394,38.99,23.3491
AC-067,53,-0.0023,-0.0003,100.0,642.71,1581.02,1408.18,552.92,2388.01,9068.95,47.31,521.38,8156.33,8.4186,393,38.96,23.3091
AC-067,54,0.0029,-0.0002,100.0,642.7,1590.35,1405.6,553.72,2388.1,9072.25,47.47,521.77,8145.97,8.3976,392,38.86,23.3766
AC-067,55,0.0008,-0.0,100.0,642.19,1589.47,1400.32,553.95,2388.05,9065.06,47.42,521.73,8149.77,8.4211,393,38.9,23.3838
AC-067,56,-0.0009,-0.0,100.0,642.18,1589.49,1408.1,553.92,2388.1,9063.21,47.49,521.7,8148.4,8.4536,392,38.83,23.4379
AC-067,57,0.0005,-0.0002,100.0,642.22,1586.82,1402.28,553.2,2388.07,9069.0,47.22,521.75,8147.13,8.4153,392,38.91,23.2453
AC-067,58,0.0005,-0.0,100.0,642.25,1585.95,1405.64,553.4,2388.09,9066.99,47.45,521.83,8144.83,8.4208,394,38.86,23.3355
AC-067,59,0.0005,0.0004,100.0,642.38,1593.05,1406.06,553.46,2388.04,9062.83,47.49,521.97,8139.61,8.4289,392,38.98,23.1961
AC-067,60,-0.0002,-0.0002,100.0,642.37,1595.2,1404.73,553.49,2388.05,9066.63,47.43,521.57,8143.92,8.4365,393,39.03,23.3669
AC-067,61,0.0011,0.0005,100.0,642.56,1578.74,1402.94,554.61,2388.06,9072.09,47.37,521.95,8152.02,8.414,391,38.81,23.3885
AC-067,62,0.003,0.0005,100.0,642.87,1587.4,1403.68,554.17,2388.08,9069.63,47.54,521.3,8140.63,8.4311,394,38.85,23.4949
AC-067,63,-0.0045,-0.0001,100.0,642.96,1582.58,1401.13,554.34,2388.13,9064.44,47.28,521.44,8149.34,8.3832,395,39.08,23.3354
AC-067,64,0.0016,0.0002,100.0,642.51,1590.84,1408.74,553.32,2388.09,9061.42,47.45,522.39,8143.87,8.4233,393,39.03,23.4402
AC-067,65,-0.0032,-0.0004,100.0,642.24,1593.31,1403.29,553.55,2388.09,9065.06,47.36,521.79,8140.86,8.4517,392,38.85,23.2815
AC-067,66,0.0019,-0.0001,100.0,642.27,1586.0,1409.07,554.48,2388.02,9069.33,47.53,521.98,8147.3,8.4107,393,38.97,23.3633
AC-067,67,0.0014,-0.0004,100.0,642.59,1594.94,1409.5,553.72,2388.04,9065.78,47.47,521.78,8145.01,8.4094,393,38.95,23.31
AC-067,68,0.0005,0.0005,100.0,642.01,1590.53,1400.86,553.61,2388.02,9060.67,47.5,521.81,8145.25,8.4107,393,39.15,23.3811
AC-067,69,0.002,-0.0,100.0,641.94,1587.23,1404.71,553.76,2388.12,9065.8,47.23,521.76,8143.3,8.3822,393,38.94,23.2498
AC-067,70,0.0011,-0.0003,100.0,642.5,1589.26,1409.24,553.24,2388.02,9067.54,47.16,521.14,8141.92,8.448,393,39.04,23.344
AC-067,71,0.0005,0.0005,100.0,642.71,1590.43,1404.46,554.25,2388.04,9065.41,47.25,521.98,8151.44,8.4377,392,38.84,23.2443
AC-067,72,-0.0014,-0.0003,100.0,642.26,1591.56,1406.18,554.62,2388.06,9060.85,47.39,522.34,8146.82,8.453,393,39.02,23.303
AC-067,73,0.0008,0.0001,100.0,642.64,1589.12,1398.19,553.07,2388.06,9062.34,47.32,521.94,8145.88,8.4403,392,38.77,23.3354
AC-067,74,-0.0017,0.0,100.0,642.51,1587.06,1412.06,553.85,2388.02,9058.23,47.67,521.34,8144.52,8.4257,392,38.84,23.3911
AC-067,75,0.0029,0.0003,100.0,642.44,1580.16,1409.33,553.54,2388.08,9062.29,47.18,521.95,8145.26,8.3983,393,38.84,23.2568
AC-067,76,-0.0024,0.0004,100.0,642.44,1590.81,1399.94,553.04,2388.03,9069.69,47.35,522.09,8143.58,8.4504,392,38.94,23.3246
AC-067,77,0.001,-0.0002,100.0,642.59,1585.42,1406.37,553.46,2388.08,9062.04,47.25,521.51,8147.92,8.4111,393,38.97,23.3908
AC-067,78,0.0022,-0.0002,100.0,642.71,1591.74,1405.9,553.98,2388.02,9067.07,47.39,521.96,8140.89,8.4469,391,39.0,23.275
AC-067,79,-0.0003,-0.0004,100.0,642.36,1591.8,1411.48,553.6,2388.11,9066.55,47.55,522.04,8145.6,8.4136,393,38.99,23.4068
AC-067,80,-0.0011,-0.0003,100.0,642.73,1587.92,1400.6,553.57,2388.04,9061.31,47.56,521.68,8144.86,8.4336,392,38.94,23.2658
AC-067,81,0.0007,-0.0,100.0,642.17,1587.67,1398.93,554.56,2388.11,9069.15,47.32,521.6,8142.8,8.3879,393,38.79,23.3059
AC-067,82,0.0009,0.0005,100.0,642.9,1589.33,1406.44,553.78,2388.03,9066.51,47.38,521.97,8146.37,8.427,394,38.79,23.2496
AC-067,83,0.0012,0.0002,100.0,642.32,1587.02,1404.77,553.95,2388.08,9065.89,47.29,521.83,8150.95,8.4158,394,38.88,23.4015
AC-067,84,-0.0002,0.0005,100.0,641.88,1587.5,1402.89,553.78,2388.11,9067.69,47.22,521.92,8149.11,8.439,395,38.97,23.3589
AC-067,85,0.0009,-0.0002,100.0,642.21,1584.79,1402.14,552.35,2388.05,9067.78,47.57,521.49,8148.08,8.444,394,38.96,23.2785
AC-067,86,0.0007,0.0,100.0,641.82,1590.72,1405.72,553.9,2388.09,9059.66,47.47,522.17,8143.15,8.421,392,38.96,23.3375
AC-067,87,-0.0012,-0.0004,100.0,642.44,1590.49,1399.92,553.29,2388.06,9065.45,47.34,521.55,8141.07,8.3873,392,38.84,23.295
AC-067,88,-0.0038,0.0005,100.0,642.51,1583.23,1405.0,554.91,2388.05,9070.99,47.38,521.87,8151.24,8.403,392,38.78,23.3352
AC-067,89,-0.0001,-0.0004,100.0,642.5,1585.45,1407.88,553.5,2388.06,9062.6,47.46,522.16,8144.96,8.4073,392,38.84,23.2502
AC-067,90,-0.0008,0.0001,100.0,642.08,1586.08,1399.6,553.51,2388.01,9067.87,47.45,522.16,8148.18,8.4342,392,38.77,23.2637
AC-067,91,0.0004,-0.0002,100.0,642.48,1590.35,1399.6,553.94,2388.02,9061.65,47.44,522.28,8141.97,8.4451,391,38.89,23.3365
AC-067,92,-0.0001,-0.0002,100.0,642.68,1589.75,1402.65,553.06,2388.02,9066.26,47.32,521.58,8143.83,8.4074,393,38.83,23.3145
AC-067,93,0.0023,-0.0003,100.0,642.61,1592.7,1403.13,553.63,2388.04,9061.9,47.36,521.46,8143.69,8.3906,392,38.67,23.2988
AC-067,94,0.0009,0.0004,100.0,642.32,1585.58,1404.8,553.26,2388.02,9064.44,47.3,522.28,8145.72,8.4027,393,38.9,23.4014
AC-067,95,-0.0,0.0002,100.0,642.22,1593.53,1405.28,553.97,2388.04,9065.82,47.51,521.62,8147.59,8.4759,390,38.94,23.3461
AC-067,96,0.0007,-0.0004,100.0,642.45,1582.95,1399.93,553.42,2388.06,9071.11,47.53,521.88,8148.72,8.4311,392,38.89,23.4547
AC-067,97,-0.0027,-0.0004,100.0,642.49,1591.88,1402.22,553.92,2388.06,9064.21,47.5,522.29,8149.94,8.4094,392,38.98,23.3718
AC-067,98,-0.001,-0.0001,100.0,642.37,1590.02,1407.13,553.49,2388.08,9068.04,47.25,522.35,8147.45,8.4181,393,39.14,23.3484
AC-067,99,-0.0005,-0.0,100.0,641.88,1590.83,1407.25,553.55,2388.06,9062.44,47.25,521.21,8149.18,8.4613,393,38.88,23.3056
AC-067,100,-0.0023,0.0,100.0,642.6,1586.95,1404.07,554.35,2388.05,9068.84,47.36,521.89,8146.23,8.4665,392,38.91,23.3637
AC-067,101,0.0013,-0.0004,100.0,642.46,1588.21,1407.55,553.72,2388.09,9066.47,47.39,521.39,8149.62,8.4055,392,38.92,23.5021
AC-067,102,0.0022,0.0005,100.0,642.33,1597.12,1407.97,553.31,2388.05,9067.58,47.35,521.54,8147.14,8.4081,394,38.91,23.3142
AC-067,103,-0.001,-0.0004,100.0,642.28,1585.44,1406.7,553.45,2388.02,9069.78,47.34,521.76,8144.46,8.448,393,38.93,23.3125
AC-067,104,-0.001,-0.0002,100.0,642.22,1588.19,1401.5,553.44,2388.06,9060.43,47.42,521.65,8144.28,8.4487,392,38.95,23.2945
AC-067,105,0.0002,-0.0003,100.0,642.79,1590.31,1404.09,553.6,2388.07,9065.92,47.36,521.44,8147.73,8.4241,392,39.03,23.355
AC-067,106,-0.0018,0.0004,100.0,642.53,1586.53,1408.71,553.8,2388.04,9061.48,47.4,521.76,8142.52,8.4005,392,39.02,23.2773
AC-067,107,0.0003,-0.0004,100.0,642.35,1584.43,1404.3,553.23,2388.05,9063.56,47.5,521.07,8142.46,8.429,394,38.94,23.3011
AC-067,108,0.0014,-0.0003,100.0,642.43,1591.59,1406.95,553.79,2387.99,9063.55,47.48,522.13,8144.9,8.4541,394,38.76,23.338
AC-067,109,-0.0008,-0.0003,100.0,642.5,1594.07,1413.16,553.61,2388.07,9072.21,47.43,521.63,8148.3,8.4375,391,38.94,23.2227
AC-067,110,0.0013,0.0003,100.0,642.52,1591.88,1409.87,553.5,2388.06,9067.24,47.45,522.37,8148.16,8.4253,392,38.78,23.3177
AC-067,111,-0.0045,-0.0003,100.0,642.42,1587.84,1402.17,553.59,2388.05,9067.48,47.35,521.87,8146.09,8.4232,393,38.87,23.3387
AC-067,112,0.0019,0.0,100.0,642.46,1589.02,1404.93,553.45,2388.14,9067.11,47.5,521.56,8140.8,8.4248,393,38.79,23.3671
AC-067,113,-0.0031,0.0004,100.0,642.29,1593.2,1405.49,553.87,2388.07,9066.89,47.42,521.37,8144.99,8.405,392,38.8,23.2939
AC-067,114,-0.0008,0.0,100.0,642.15,1588.52,1400.84,554.28,2388.06,9064.27,47.41,521.57,8148.7,8.4237,392,38.9,23.3138
AC-067,115,-0.0003,0.0001,100.0,642.6,1587.88,1404.23,553.13,2388.1,9071.74,47.33,522.13,8146.33,8.4296,394,38.84,23.402
AC-067,116,-0.0015,0.0002,100.0,642.27,1588.76,1405.84,553.68,2388.08,9061.28,47.49,521.78,8145.5,8.4236,393,38.93,23.2735
AC-067,117,0.002,-0.0002,100.0,641.98,1584.4,1404.06,553.54,2388.13,9062.1,47.48,521.9,8148.08,8.3914,392,38.77,23.3726
AC-067,118,0.001,0.0,100.0,642.38,1584.5,1407.9,553.52,2388.05,9062.85,47.37,521.58,8147.48,8.4219,394,38.97,23.2808
AC-067,119,0.0003,0.0002,100.0,642.84,1586.58,1407.62,553.37,2388.02,9062.92,47.44,521.81,8151.35,8.4466,393,38.75,23.3604
AC-067,120,-0.0018,-0.0002,100.0,642.41,1596.29,1409.19,553.36,2388.05,9066.21,47.43,521.92,8147.16,8.4634,393,38.95,23.3585
AC-067,121,-0.0009,-0.0004,100.0,642.35,1587.34,1404.58,553.53,2388.03,9065.83,47.45,521.63,8144.85,8.4831,393,38.73,23.3501
AC-067,122,-0.0018,-0.0002,100.0,642.66,1590.35,1408.18,553.32,2388.07,9069.4,47.35,521.54,8147.17,8.4328,394,38.91,23.2908
AC-067,123,-0.0036,0.0004,100.0,642.52,1595.76,1405.97,554.05,2388.02,9061.58,47.38,521.72,8146.48,8.4194,393,38.83,23.2977
AC-067,124,-0.0023,0.0002,100.0,642.39,1592.79,1404.48,553.29,2388.04,9061.99,47.63,521.71,8148.23,8.4357,396,38.93,23.3571
AC-067,125,-0.001,0.0,100.0,642.69,1581.66,1399.19,553.45,2388.08,9062.49,47.54,521.63,8143.9,8.4197,392,39.0,23.2431
AC-067,126,-0.0009,-0.0004,100.0,642.42,1591.71,1408.23,553.44,2388.04,9064.56,47.3,520.94,8147.84,8.4262,393,38.75,23.4273
AC-067,127,-0.0015,-0.0001,100.0,642.64,1594.39,1407.04,554.02,2388.05,9064.54,47.47,521.64,8148.89,8.4538,393,38.87,23.2842
AC-067,128,-0.003,0.0002,100.0,642.92,1591.38,1410.31,554.0,2388.07,9071.28,47.36,521.41,8142.99,8.4458,391,38.77,23.2479
AC-067,129,-0.0016,0.0002,100.0,642.91,1587.72,1407.58,553.49,2388.07,9065.1,47.6,521.81,8144.81,8.4312,394,38.69,23.3183
AC-067,130,-0.0024,-0.0004,100.0,642.48,1588.23,1403.34,553.42,2388.06,9065.02,47.54,521.2,8145.87,8.4311,392,38.82,23.3978
AC-067,131,0.0017,0.0003,100.0,642.33,1588.98,1407.09,553.78,2388.03,9075.82,47.36,521.77,8144.73,8.455,394,38.98,23.3698
AC-067,132,-0.0004,0.0005,100.0,642.43,1587.43,1404.42,553.56,2388.09,9063.72,47.59,521.18,8141.61,8.458,393,38.79,23.2672
AC-067,133,-0.0016,-0.0002,100.0,642.81,1594.65,1413.31,553.5,2388.04,9064.71,47.57,521.63,8146.84,8.4429,394,38.77,23.2818
AC-067,134,-0.0017,0.0005,100.0,642.47,1581.1,1408.24,553.27,2388.05,9068.47,47.32,521.45,8149.51,8.4187,392,38.93,23.363
AC-067,135,0.0009,0.0001,100.0,642.7,1584.68,1408.39,553.47,2388.06,9072.95,47.59,521.3,8144.99,8.4337,393,38.83,23.3926
AC-067,136,0.0012,-0.0004,100.0,642.25,1593.26,1402.91,553.77,2388.02,9067.17,47.49,521.46,8142.18,8.4264,392,38.93,23.3764
AC-067,137,-0.004,0.0001,100.0,642.46,1589.05,1399.89,553.61,2388.07,9061.1,47.36,521.78,8140.45,8.4321,394,38.9,23.3459
AC-067,138,0.0018,0.0005,100.0,643.14,1592.0,1405.07,553.75,2388.05,9063.69,47.46,521.81,8144.55,8.4543,393,38.7,23.3461
AC-067,139,-0.0039,0.0003,100.0,642.04,1581.35,1408.48,553.56,2388.01,9067.71,47.5,521.19,8145.84,8.417,393,38.93,23.4178
AC-067,140,0.0011,0.0002,100.0,641.95,1593.87,1408.24,553.36,2388.05,9070.74,47.33,521.73,8145.71,8.4229,393,38.87,23.204
AC-067,141,0.0019,0.0,100.0,642.49,1582.17,1410.72,553.7,2388.13,9067.6,47.35,521.66,8142.77,8.4567,393,38.66,23.2886
AC-067,142,0.0043,0.0,100.0,642.82,1584.54,1408.08,553.38,2388.08,9063.09,47.44,521.32,8152.3,8.4129,393,38.69,23.3835
AC-067,143,-0.0004,0.0005,100.0,642.14,1585.24,1405.62,554.08,2388.04,9069.18,47.47,521.75,8142.63,8.4694,392,38.81,23.2625
AC-067,144,-0.0015,-0.0004,100.0,642.29,1589.32,1401.53,553.71,2388.09,9070.09,47.38,521.22,8147.7,8.4364,392,38.86,23.2834
AC-067,145,-0.0011,0.0004,100.0,642.06,1592.04,1405.31,553.92,2388.03,9064.62,47.57,521.3,8143.27,8.4107,394,38.86,23.3844
AC-067,146,-0.001,-0.0002,100.0,642.85,1588.36,1412.36,553.46,2388.09,9069.25,47.43,521.38,8142.54,8.4613,394,38.7,23.2195
AC-067,147,-0.0057,0.0002,100.0,642.43,1590.37,1413.62,553.61,2388.11,9071.65,47.79,521.29,8139.92,8.412,392,38.83,23.3641
AC-067,148,0.002,0.0005,100.0,643.18,1591.79,1401.35,554.04,2388.1,9075.71,47.35,521.61,8144.51,8.4213,394,38.8,23.3211
AC-067,149,0.0008,0.0002,100.0,642.08,1592.67,1406.57,553.4,2388.06,9066.12,47.5,520.91,8152.01,8.4329,393,38.79,23.1149
AC-067,150,0.001,-0.0002,100.0,642.56,1590.28,1405.45,553.57,2388.04,9066.99,47.31,521.14,8144.72,8.4374,393,38.89,23.3828
AC-067,151,-0.0012,-0.0,100.0,642.44,1592.17,1406.76,554.0,2388.05,9070.44,47.57,521.88,8145.27,8.3997,393,38.99,23.2688
AC-067,152,0.0018,-0.0004,100.0,642.55,1589.31,1410.3,552.81,2388.09,9067.1,47.43,521.72,8139.61,8.4721,394,38.75,23.3296
AC-067,153,0.0006,0.0003,100.0,642.71,1592.22,1400.66,553.8,2388.11,9065.11,47.4,520.93,8144.52,8.4432,393,38.81,23.3365
AC-067,154,0.0024,-0.0001,100.0,642.42,1593.58,1407.52,554.1,2388.05,9068.89,47.57,522.21,8153.59,8.4287,393,38.99,23.216
AC-067,155,0.0031,-0.0002,100.0,642.52,1586.69,1405.64,554.0,2388.07,9067.23,47.56,521.61,8144.84,8.4639,393,38.8,23.4189
AC-067,156,-0.0024,0.0005,100.0,642.32,1593.99,1411.75,552.84,2388.1,9066.03,47.37,521.11,8141.21,8.425,395,38.94,23.4137
AC-067,157,0.0012,0.0005,100.0,641.67,1591.35,1413.04,553.5,2388.08,9067.97,47.47,521.28,8141.69,8.4531,394,38.86,23.3455
AC-067,158,0.0016,0.0003,100.0,642.4,1587.51,1406.76,553.02,2388.11,9072.51,47.61,521.44,8148.26,8.4286,392,38.92,23.298
AC-067,159,-0.0027,0.0002,100.0,642.04,1594.64,1402.42,553.54,2388.06,9068.46,47.67,521.76,8144.87,8.4454,390,38.91,23.2458
AC-067,160,-0.002,0.0001,100.0,643.35,1591.65,1405.79,554.01,2388.09,9060.94,47.61,521.48,8149.38,8.431,393,39.01,23.2761
AC-067,161,0.0003,0.0002,100.0,642.89,1591.64,1403.71,553.22,2388.07,9061.21,47.42,521.56,8143.06,8.408,393,38.76,23.2704
AC-067,162,-0.0038,0.0001,100.0,642.51,1586.02,1409.72,553.86,2388.1,9061.6,47.72,522.06,8144.47,8.401,392,39.02,23.2851
AC-067,163,-0.0017,0.0003,100.0,642.93,1587.79,1403.62,554.3,2388.09,9069.65,47.55,522.15,8149.17,8.4486,392,38.85,23.3336
AC-067,164,0.0003,0.0003,100.0,642.61,1582.16,1405.26,553.8,2388.06,9066.91,47.6,521.62,8146.62,8.4338,393,38.98,23.2849
AC-067,165,0.0005,0.0003,100.0,642.7,1589.34,1404.62,553.82,2388.07,9066.23,47.24,521.66,8146.02,8.4487,393,38.73,23.3287
AC-067,166,-0.0023,0.0002,100.0,642.7,1587.93,1407.44,552.75,2388.15,9069.52,47.56,521.35,8143.8,8.4053,393,38.76,23.2423
AC-067,167,0.0052,0.0001,100.0,642.45,1587.46,1404.35,553.67,2388.07,9071.77,47.65,521.79,8143.17,8.4505,394,38.87,23.224
AC-067,168,-0.0004,0.0005,100.0,642.95,1593.59,1406.02,553.89,2388.09,9062.45,47.41,521.78,8150.03,8.4323,392,38.8,23.2637
AC-067,169,-0.0005,-0.0003,100.0,643.14,1590.64,1408.23,553.54,2388.07,9072.96,47.55,521.62,8146.55,8.4426,393,38.85,23.3656
AC-067,170,0.004,0.0001,100.0,643.56,1591.02,1409.24,553.72,2388.12,9070.92,47.59,521.47,8142.86,8.4325,393,38.67,23.2956
AC-067,171,0.0019,0.0,100.0,642.35,1583.32,1410.58,553.38,2388.08,9070.39,47.3,521.58,8141.82,8.4206,393,39.0,23.3274
AC-067,172,-0.0029,0.0002,100.0,642.62,1591.53,1412.38,553.88,2388.05,9064.92,47.45,521.41,8152.47,8.4094,392,38.75,23.2347
AC-067,173,-0.0015,-0.0003,100.0,642.44,1596.9,1409.66,553.31,2388.1,9068.54,47.44,521.3,8142.21,8.4362,393,38.7,23.3783
AC-067,174,-0.0019,0.0005,100.0,642.6,1592.09,1406.54,553.45,2388.09,9067.65,47.66,521.42,8141.86,8.455,395,38.91,23.2458
AC-067,175,-0.0008,0.0003,100.0,642.2,1578.18,1413.43,553.49,2388.15,9060.89,47.6,521.73,8143.6,8.3991,392,38.81,23.3088
AC-067,176,-0.001,0.0005,100.0,642.8,1585.62,1409.53,553.58,2388.11,9072.62,47.48,521.19,8142.89,8.4629,395,38.88,23.3587
AC-067,177,0.0006,0.0002,100.0,643.0,1581.72,1399.44,553.5,2388.09,9062.25,47.58,521.54,8139.1,8.4018,391,38.85,23.3276
AC-067,178,0.0055,-0.0003,100.0,642.63,1591.4,1407.15,553.32,2388.08,9069.11,47.5,520.97,8145.42,8.4186,394,38.79,23.2364
AC-067,179,0.0018,0.0001,100.0,642.7,1586.69,1413.55,553.55,2388.09,9068.7,47.47,521.42,8143.62,8.437,393,39.0,23.3136
AC-067,180,-0.0025,-0.0,100.0,642.53,1586.6,1406.88,553.27,2388.06,9071.41,47.57,521.71,8143.61,8.4516,393,38.95,23.2001
AC-067,181,0.0012,-0.0004,100.0,642.72,1591.88,1413.54,553.23,2388.1,9060.75,47.55,520.96,8144.13,8.4642,393,38.8,23.3124
AC-067,182,0.0013,-0.0003,100.0,643.01,1588.62,1408.47,553.47,2388.1,9065.74,47.42,521.13,8145.91,8.4433,393,38.9,23.2474
AC-067,183,0.0027,-0.0001,100.0,642.57,1594.01,1407.54,553.44,2388.08,9069.84,47.43,521.42,8141.29,8.4236,393,38.79,23.2802
AC-067,184,0.0014,0.0003,100.0,642.02,1595.51,1411.01,552.94,2388.17,9064.05,47.5,521.5,8146.32,8.4234,394,38.88,23.2944
AC-067,185,-0.0006,0.0003,100.0,643.57,1586.31,1407.38,553.34,2388.13,9069.65,47.72,521.0,8144.58,8.4317,395,38.76,23.1788
AC-067,186,0.0024,-0.0003,100.0,643.01,1589.4,1407.34,553.92,2388.09,9066.92,47.48,521.24,8145.15,8.4422,393,38.71,23.2452
AC-067,187,-0.0027,-0.0001,100.0,642.76,1598.03,1403.4,553.48,2388.11,9070.22,47.38,521.29,8148.19,8.4547,395,38.97,23.406
AC-067,188,-0.0001,-0.0001,100.0,642.04,1588.36,1407.56,553.12,2388.12,9069.39,47.54,521.13,8149.51,8.4089,393,38.91,23.3588
AC-067,189,-0.0005,-0.0003,100.0,643.16,1587.31,1414.54,552.67,2388.14,9069.01,47.5,521.15,8149.81,8.4198,393,38.67,23.2659
AC-067,190,-0.0017,0.0001,100.0,643.33,1591.95,1411.94,552.69,2388.06,9060.74,47.64,522.17,8146.63,8.4861,393,38.99,23.3619
AC-067,191,0.0007,0.0005,100.0,642.4,1586.17,1405.65,553.06,2388.08,9064.37,47.62,521.35,8142.75,8.4661,392,38.74,23.2598
AC-067,192,0.0025,-0.0002,100.0,643.29,1593.13,1414.77,552.65,2388.09,9067.35,47.61,520.6,8143.45,8.432,395,38.97,23.2102
AC-067,193,-0.0019,0.0001,100.0,642.58,1591.98,1407.88,553.77,2388.07,9064.81,47.67,521.46,8150.62,8.4401,394,38.88,23.2911
AC-067,194,-0.0018,0.0001,100.0,642.21,1596.73,1405.27,553.22,2388.11,9072.22,47.59,521.07,8144.29,8.4607,394,38.86,23.2368
AC-067,195,-0.0025,-0.0,100.0,643.04,1596.59,1414.53,553.59,2388.06,9070.36,47.48,521.22,8146.78,8.4434,393,38.74,23.3897
AC-067,196,0.0006,-0.0001,100.0,642.85,1588.94,1408.38,553.55,2388.08,9071.54,47.56,521.18,8146.68,8.4249,392,38.92,23.2941
AC-067,197,-0.0004,-0.0004,100.0,642.34,1594.12,1405.38,552.46,2388.09,9067.41,47.58,520.3,8145.34,8.4569,392,38.57,23.3414
AC-067,198,0.0013,-0.0,100.0,642.21,1588.65,1407.58,553.14,2388.01,9063.89,47.5,521.62,8139.79,8.4434,393,38.85,23.3256
AC-067,199,-0.001,-0.0001,100.0,642.53,1595.04,1404.84,552.84,2388.08,9067.46,47.58,520.96,8143.58,8.4715,394,38.74,23.2298
AC-067,200,-0.0042,0.0004,100.0,642.62,1585.67,1410.52,552.79,2388.13,9067.11,47.55,520.96,8146.84,8.4485,393,38.76,23.3264
AC-067,201,-0.003,-0.0,100.0,643.12,1587.94,1411.31,553.28,2388.13,9068.3,47.69,521.37,8142.66,8.4713,392,38.72,23.3057
AC-067,202,-0.0027,0.0004,100.0,642.33,1588.16,1406.02,552.55,2388.1,9065.48,47.73,521.66,8147.86,8.4286,393,38.81,23.3362
AC-067,203,-0.0045,-0.0004,100.0,642.17,1589.11,1415.55,552.79,2388.09,9065.47,47.49,521.47,8149.31,8.4553,393,38.94,23.2976
AC-067,204,-0.0003,0.0002,100.0,642.43,1591.16,1418.18,553.31,2388.09,9063.94,47.64,521.29,8149.24,8.4536,395,38.79,23.3098
AC-067,205,0.0024,0.0,100.0,643.27,1590.74,1413.87,552.74,2388.08,9067.96,47.54,521.21,8148.12,8.3974,393,38.82,23.3102
AC-067,206,-0.0015,-0.0003,100.0,643.22,1594.23,1410.31,552.14,2388.09,9066.51,47.64,521.07,8145.7,8.4507,392,38.76,23.2787
AC-067,207,-0.0004,-0.0004,100.0,643.0,1595.18,1404.56,552.96,2388.13,9066.59,47.62,521.45,8145.82,8.4428,393,38.87,23.1902
AC-067,208,0.0031,-0.0004,100.0,643.18,1594.83,1399.59,553.18,2388.11,9070.72,47.46,521.17,8147.27,8.4265,394,38.77,23.3106
AC-067,209,-0.0009,0.0001,100.0,642.62,1589.85,1411.47,553.48,2388.11,9068.88,47.68,521.28,8144.11,8.4716,395,38.55,23.273
AC-067,210,0.0008,0.0004,100.0,642.83,1589.64,1413.05,554.13,2388.08,9068.51,47.63,520.86,8145.92,8.4126,395,38.99,23.266
AC-067,211,-0.0013,0.0003,100.0,642.86,1595.27,1410.17,553.43,2388.18,9064.75,47.64,521.68,8142.72,8.4619,395,38.69,23.2727
AC-067,212,-0.0037,-0.0001,100.0,642.96,1590.64,1410.93,553.38,2388.14,9070.07,47.67,521.19,8142.76,8.4795,394,38.87,23.2741
AC-067,213,0.001,0.0005,100.0,643.11,1592.69,1410.1,553.29,2388.08,9073.89,47.51,521.4,8145.8,8.4701,394,38.71,23.2023
AC-067,214,-0.0004,0.0002,100.0,642.57,1591.26,1414.19,553.38,2388.05,9069.35,47.65,521.4,8146.17,8.433,392,38.77,23.2326
AC-067,215,-0.0016,0.0001,100.0,642.66,1590.22,1414.82,553.4,2388.13,9069.08,47.65,521.26,8148.42,8.4568,394,38.63,23.2355
AC-067,216,-0.0021,0.0,100.0,642.82,1591.98,1414.17,552.9,2388.1,9069.43,47.57,520.89,8149.12,8.4514,394,38.92,23.2122
AC-067,217,-0.0011,0.0001,100.0,642.23,1587.66,1412.24,553.03,2388.12,9066.0,47.53,521.38,8149.29,8.4578,396,38.69,23.3033
AC-067,218,0.0004,-0.0001,100.0,642.99,1591.35,1414.43,553.04,2388.1,9066.67,47.64,520.75,8147.83,8.4521,393,38.82,23.2613
AC-067,219,0.0012,0.0005,100.0,643.22,1595.32,1412.55,553.32,2388.1,9066.47,47.81,521.34,8143.35,8.4938,394,38.76,23.3011
AC-067,220,0.0019,0.0003,100.0,643.29,1595.18,1409.98,552.38,2388.09,9068.05,47.46,522.12,8145.78,8.4533,394,38.85,23.2304
AC-067,221,-0.001,0.0,100.0,642.74,1592.67,1413.06,552.69,2388.12,9074.94,47.67,520.9,8145.01,8.4318,393,38.86,23.2118
AC-067,222,0.0004,-0.0002,100.0,642.51,1593.59,1400.03,552.61,2388.09,9069.36,47.6,521.81,8145.69,8.4515,393,38.85,23.3132
AC-067,223,-0.0002,-0.0003,100.0,642.67,1591.9,1409.15,552.53,2388.15,9067.09,47.59,521.55,8145.25,8.4484,394,38.62,23.1451
AC-067,224,-0.0016,-0.0003,100.0,642.98,1589.29,1415.4,553.26,2388.14,9078.72,47.54,521.49,8147.15,8.5096,394,38.68,23.1838
AC-067,225,-0.0007,0.0005,100.0,643.26,1590.35,1413.55,553.42,2388.07,9071.82,47.65,521.24,8146.5,8.4554,394,38.73,23.2365
AC-067,226,0.0005,-0.0002,100.0,642.88,1592.24,1414.05,553.27,2388.12,9062.88,47.51,521.26,8150.14,8.487,392,38.79,23.2206
AC-067,227,-0.0007,0.0003,100.0,642.79,1597.73,1408.0,553.15,2388.16,9071.3,47.66,520.85,8145.19,8.4769,394,38.69,23.3049
AC-067,228,0.0002,-0.0001,100.0,642.97,1589.54,1412.14,552.68,2388.13,9056.61,47.72,521.04,8150.01,8.4785,393,38.7,23.193
AC-067,229,0.0018,0.0004,100.0,642.76,1599.5,1417.09,553.04,2388.12,9060.96,47.69,520.7,8147.43,8.4453,394,38.77,23.2146
AC-067,230,-0.0002,-0.0,100.0,642.83,1595.06,1412.68,551.97,2388.09,9073.13,47.72,520.93,8151.29,8.4371,393,38.65,23.2056
AC-067,231,0.0022,-0.0001,100.0,642.63,1584.94,1412.29,553.32,2388.13,9078.28,47.76,521.38,8148.92,8.4417,395,38.82,23.3352
AC-067,232,0.0013,-0.0001,100.0,643.27,1585.42,1408.78,552.81,2388.1,9070.8,47.75,520.66,8142.96,8.4467,394,38.68,23.2328
AC-067,233,0.0001,0.0005,100.0,643.17,1589.98,1418.59,553.2,2388.07,9071.0,47.63,520.86,8144.2,8.4724,396,38.79,23.3291
AC-067,234,0.0024,-0.0003,100.0,643.11,1598.88,1412.65,552.3,2388.15,9064.96,47.66,520.98,8144.16,8.4473,393,38.64,23.2993
AC-067,235,-0.001,0.0005,100.0,642.65,1593.43,1407.56,552.99,2388.15,9066.91,47.88,521.03,8145.58,8.5006,393,38.8,23.2822
AC-067,236,-0.0027,-0.0002,100.0,643.08,1588.06,1403.93,552.33,2388.12,9067.4,47.87,520.61,8140.31,8.457,393,38.86,23.2682
AC-067,237,0.0007,-0.0003,100.0,642.98,1595.76,1411.47,552.41,2388.12,9072.52,47.6,521.02,8146.88,8.4748,393,38.81,23.2704
AC-067,238,-0.0027,0.0001,100.0,642.75,1599.76,1415.64,552.54,2388.11,9070.42,47.71,520.72,8147.67,8.4641,393,38.81,23.2341
AC-067,239,-0.0019,0.0003,100.0,642.69,1587.28,1417.14,552.54,2388.14,9075.45,47.66,520.48,8151.56,8.5041,393,38.95,23.2493
AC-067,240,-0.0008,-0.0003,100.0,642.88,1595.57,1419.65,552.63,2388.15,9070.93,47.57,521.31,8146.3,8.4484,395,38.63,23.2025
AC-067,241,0.0024,-0.0,100.0,642.68,1593.74,1416.66,552.63,2388.2,9070.12,47.58,520.3,8148.53,8.4898,396,38.63,23.2605
AC-067,242,0.0028,-0.0003,100.0,643.28,1597.21,1412.77,552.25,2388.17,9075.34,47.84,520.98,8149.07,8.5127,393,38.66,23.08
AC-067,243,0.0017,0.0004,100.0,642.94,1598.45,1420.19,553.54,2388.11,9072.34,47.7,520.74,8145.51,8.4754,393,38.65,23.2006
AC-067,244,-0.0031,0.0001,100.0,642.8,1592.05,1419.01,553.58,2388.08,9067.49,47.75,521.14,8145.96,8.4682,393,38.68,23.2201
AC-067,245,-0.0014,0.0003,100.0,642.8,1598.22,1415.24,553.3,2388.11,9076.53,47.84,520.95,8148.28,8.4766,395,38.82,23.12
AC-067,246,-0.0022,-0.0001,100.0,642.43,1589.53,1412.82,553.59,2388.17,9071.85,47.71,520.52,8143.37,8.4535,392,38.69,23.1875
AC-067,247,-0.0027,-0.0004,100.0,643.04,1595.3,1415.73,552.3,2388.17,9073.25,47.78,520.95,8147.4,8.4773,394,38.76,23.2244
AC-067,248,0.0023,-0.0004,100.0,642.84,1582.84,1413.89,553.31,2388.21,9078.24,47.63,520.82,8147.28,8.487,394,38.84,23.199
AC-067,249,-0.0004,0.0004,100.0,642.69,1595.37,1417.38,551.99,2388.11,9066.63,47.78,520.27,8147.77,8.45,394,38.69,23.1637
AC-067,250,0.0025,-0.0001,100.0,643.18,1595.97,1414.12,552.55,2388.15,9069.94,47.77,521.09,8143.98,8.4969,395,38.9,23.2547
AC-067,251,0.0024,0.0001,100.0,643.23,1590.03,1416.3,552.73,2388.17,9070.79,47.71,520.32,8144.31,8.4545,395,38.76,23.2027
AC-067,252,0.002,-0.0003,100.0,642.69,1599.56,1410.6,553.48,2388.18,9069.88,47.66,520.8,8150.95,8.4664,394,38.63,23.2736
AC-067,253,-0.0,-0.0003,100.0,643.03,1598.26,1415.87,552.79,2388.12,9067.91,47.67,521.07,8148.0,8.4699,394,38.75,23.2075
AC-067,254,0.0012,0.0001,100.0,642.75,1587.43,1416.38,552.48,2388.12,9064.29,47.9,520.31,8138.78,8.4766,394,38.59,23.1635
AC-067,255,0.0014,0.0001,100.0,643.47,1596.55,1419.41,552.91,2388.1,9073.5,47.77,520.93,8147.3,8.4671,394,38.69,23.2194
AC-067,256,0.0023,0.0005,100.0,642.75,1602.05,1420.66,552.66,2388.16,9064.63,47.73,520.85,8153.93,8.4787,394,38.72,23.2252
AC-067,257,-0.0032,0.0001,100.0,643.22,1592.25,1419.45,553.13,2388.15,9065.79,47.8,520.82,8151.59,8.4841,394,38.62,23.2587
AC-067,258,-0.0007,0.0005,100.0,643.12,1592.89,1418.95,552.1,2388.16,9069.71,47.73,520.46,8146.95,8.4895,394,38.77,23.1184
AC-067,259,-0.0013,-0.0001,100.0,643.29,1600.46,1420.21,552.64,2388.16,9077.54,47.7,520.94,8142.48,8.4572,395,38.56,23.1598
AC-067,260,-0.0011,-0.0003,100.0,642.94,1599.55,1415.08,552.03,2388.12,9070.48,47.96,521.19,8146.43,8.46,396,38.68,23.2286
AC-067,261,-0.0014,0.0002,100.0,643.64,1597.1,1420.31,552.88,2388.15,9077.16,47.89,520.97,8149.22,8.4875,394,38.7,23.1442
AC-067,262,0.0003,-0.0002,100.0,643.62,1599.98,1418.85,552.49,2388.15,9075.3,47.97,520.71,8144.61,8.4961,395,38.58,23.2283
AC-067,263,0.001,-0.0003,100.0,643.52,1599.01,1419.32,552.59,2388.21,9071.53,47.88,520.57,8156.04,8.4569,394,38.66,23.1458
AC-067,264,0.002,-0.0004,100.0,643.2,1595.02,1423.63,551.92,2388.14,9070.35,47.9,520.69,8151.49,8.4797,395,38.68,23.2163
AC-067,265,0.001,-0.0001,100.0,643.13,1596.61,1412.31,552.49,2388.12,9067.23,47.95,520.49,8146.89,8.4504,394,38.74,23.3509
AC-067,266,-0.0021,0.0003,100.0,642.88,1591.87,1417.61,552.65,2388.13,9075.09,47.81,520.66,8146.29,8.4568,395,38.73,23.1815
AC-067,267,0.0018,-0.0001,100.0,643.39,1596.98,1421.7,551.7,2388.13,9070.1,47.89,519.95,8146.71,8.4941,396,38.75,23.2707
AC-067,268,0.0008,0.0002,100.0,643.91,1599.06,1415.13,552.79,2388.17,9070.05,47.89,520.44,8148.82,8.5148,394,38.71,23.1268
AC-067,269,0.0011,-0.0003,100.0,643.36,1592.94,1414.6,552.6,2388.18,9066.51,47.75,521.19,8149.68,8.484,395,38.75,23.2022
AC-067,270,0.0038,-0.0002,100.0,642.92,1596.2,1421.71,552.54,2388.18,9069.09,47.89,520.76,8145.74,8.4582,394,38.54,23.1834
AC-067,271,-0.0003,-0.0004,100.0,643.37,1595.6,1412.0,552.56,2388.15,9072.88,47.94,520.47,8150.64,8.5021,397,38.87,23.174
AC-067,272,-0.0018,0.0,100.0,643.0,1601.78,1412.07,552.62,2388.2,9075.68,47.85,520.83,8149.08,8.4677,395,38.66,23.1387
AC-067,273,-0.0033,0.0,100.0,643.79,1592.16,1416.15,551.67,2388.21,9068.76,47.87,520.41,8147.29,8.4822,395,38.59,23.1514
AC-067,274,-0.0011,0.0004,100.0,643.27,1600.42,1424.83,552.79,2388.19,9071.16,47.81,520.55,8146.25,8.5031,396,38.79,23.0925
AC-067,275,0.0018,-0.0002,100.0,642.85,1603.39,1417.96,552.56,2388.18,9071.9,47.81,520.94,8146.17,8.4925,395,38.44,23.0624
AC-067,276,-0.0026,-0.0001,100.0,643.82,1600.4,1418.26,552.37,2388.2,9064.76,47.9,520.25,8143.95,8.5015,395,38.6,23.1886
AC-067,277,-0.0024,-0.0002,100.0,643.25,1595.78,1422.12,552.14,2388.15,9071.46,47.91,520.31,8143.82,8.4855,395,38.51,23.1381
AC-067,278,-0.0001,-0.0003,100.0,643.22,1601.43,1421.85,552.62,2388.17,9071.09,47.82,520.42,8145.77,8.5042,397,38.71,23.2301
AC-067,279,-0.0006,0.0005,100.0,643.29,1600.74,1429.94,551.81,2388.14,9069.45,48.02,520.57,8149.48,8.4641,394,38.56,23.1972
AC-067,280,-0.0036,0.0001,100.0,643.76,1598.26,1425.35,551.95,2388.18,9071.82,48.0,520.13,8146.14,8.5108,396,38.55,23.0819
AC-067,281,-0.0017,0.0002,100.0,643.45,1594.16,1414.08,552.08,2388.18,9070.13,47.92,520.03,8149.42,8.5119,394,38.58,23.1945
AC-067,282,-0.0,0.0002,100.0,643.38,1599.31,1422.98,552.23,2388.13,9068.2,48.02,520.58,8146.9,8.5051,395,38.58,23.1495
AC-067,283,-0.005,0.0002,100.0,643.98,1595.7,1422.52,551.47,2388.21,9076.18,48.07,520.13,8146.19,8.4757,395,38.52,23.0871
AC-067,284,-0.0007,0.0004,100.0,643.84,1594.78,1415.82,552.74,2388.19,9070.07,48.01,519.8,8146.86,8.5058,396,38.51,23.141
AC-067,285,0.0028,-0.0003,100.0,643.11,1596.19,1420.49,551.71,2388.15,9072.02,47.77,520.41,8148.59,8.5061,395,38.65,23.0908
AC-067,286,0.0022,0.0003,100.0,643.5,1597.98,1421.47,551.81,2388.15,9067.28,47.97,520.16,8147.16,8.5185,395,38.45,23.1018
AC-067,287,0.0023,0.0005,100.0,643.85,1598.86,1427.22,552.03,2388.13,9073.44,47.98,519.99,8150.18,8.4729,396,38.62,23.1262
AC-067,288,-0.0009,0.0003,100.0,643.24,1596.43,1420.24,551.65,2388.19,9075.28,47.84,520.27,8147.93,8.4989,397,38.63,23.0942
AC-067,289,0.0002,0.0003,100.0,643.68,1596.19,1419.19,551.87,2388.19,9072.74,48.18,520.87,8147.49,8.4768,395,38.62,23.1663
AC-067,290,0.0028,0.0004,100.0,643.37,1598.6,1411.52,551.88,2388.18,9072.3,47.87,520.34,8142.28,8.501,395,38.74,23.2099
AC-067,291,-0.0044,0.0003,100.0,642.84,1594.42,1430.38,551.61,2388.23,9074.59,48.07,520.01,8144.02,8.5021,396,38.57,23.1356
AC-067,292,-0.0033,-0.0004,100.0,643.24,1607.08,1426.02,551.52,2388.2,9075.14,48.12,520.44,8145.36,8.4906,397,38.75,23.1778
AC-067,293,0.0008,0.0004,100.0,642.87,1600.54,1424.81,551.94,2388.21,9074.38,48.07,520.09,8147.04,8.4794,395,38.44,23.0708
AC-067,294,0.0008,-0.0,100.0,643.62,1600.45,1422.07,551.56,2388.19,9080.76,48.15,519.61,8151.06,8.4701,396,38.55,23.0545
AC-067,295,0.0022,0.0004,100.0,643.56,1601.74,1418.79,551.62,2388.2,9076.58,47.97,520.08,8150.25,8.503,394,38.53,23.1931
AC-067,296,-0.002,0.0001,100.0,643.04,1610.32,1425.52,552.67,2388.22,9075.53,48.07,519.89,8140.11,8.5363,397,38.59,23.1769
AC-067,297,0.0001,-0.0001,100.0,644.19,1600.7,1424.99,551.75,2388.2,9084.55,48.07,519.24,8148.23,8.5129,395,38.4,23.0046
AC-067,298,-0.0028,-0.0004,100.0,643.34,1604.82,1431.85,552.09,2388.21,9076.23,47.88,520.06,8146.52,8.5054,397,38.7,23.0541
AC-067,299,0.0027,-0.0001,100.0,643.65,1600.05,1419.12,551.1,2388.23,9082.87,48.03,520.11,8149.68,8.5026,395,38.52,23.098
AC-067,300,-0.0044,-0.0004,100.0,643.58,1602.18,1424.93,551.47,2388.22,9078.07,48.2,520.16,8144.09,8.5007,395,38.51,22.9934
AC-067,301,-0.0018,0.0004,100.0,643.3,1609.85,1431.12,551.51,2388.21,9077.22,48.09,519.84,8143.38,8.5087,396,38.44,23.2062
AC-067,302,-0.0018,0.0002,100.0,643.78,1593.7,1422.47,551.08,2388.13,9075.35,48.07,520.03,8146.13,8.5311,395,38.6,23.1844
AC-067,303,-0.0016,-0.0003,100.0,643.28,1602.62,1430.3,551.86,2388.22,9079.31,47.91,519.99,8154.39,8.5157,397,38.49,23.0572
AC-067,304,0.003,-0.0001,100.0,644.14,1598.36,1426.61,552.31,2388.23,9077.61,48.26,519.68,8147.76,8.5339,396,38.37,23.071
AC-067,305,0.0015,0.0001,100.0,643.17,1602.43,1427.97,552.15,2388.21,9073.04,47.89,520.34,8144.46,8.5665,397,38.46,23.1
AC-067,306,-0.0015,-0.0,100.0,643.35,1595.82,1424.8,551.29,2388.22,9075.28,48.2,520.11,8149.89,8.5205,397,38.57,23.0662
AC-067,307,-0.0012,-0.0004,100.0,643.76,1600.55,1426.73,551.92,2388.27,9073.28,47.92,519.77,8145.5,8.5162,395,38.64,23.1415
AC-067,308,-0.0015,0.0004,100.0,643.72,1603.45,1429.87,550.48,2388.27,9081.02,48.02,520.24,8148.52,8.4953,396,38.65,23.0674
AC-067,309,-0.0002,0.0001,100.0,643.64,1596.88,1426.89,551.1,2388.26,9072.93,48.18,519.52,8146.97,8.5246,397,38.52,23.0712
AC-067,310,0.002,0.0003,100.0,643.17,1606.73,1436.56,550.92,2388.25,9069.83,48.18,520.18,8150.97,8.4953,394,38.52,23.0628
AC-067,311,-0.0003,0.0002,100.0,643.83,1603.88,1423.76,551.71,2388.26,9079.55,48.02,519.68,8147.78,8.5315,395,38.49,23.0542
AC-067,312,-0.001,-0.0002,100.0,643.4,1599.47,1434.77,551.29,2388.22,9077.67,48.17,520.07,8147.69,8.5342,396,38.44,23.1478
AC-067,313,0.0009,-0.0003,100.0,643.57,1599.78,1424.96,551.3,2388.29,9074.14,48.28,520.29,8146.04,8.5668,397,38.45,23.1288
AC-068,1,-0.0007,0.0003,100.0,642.25,1589.89,1408.15,553.31,2388.07,9065.09,47.29,521.73,8141.65,8.4583,394,38.71,23.3029
AC-068,2,0.0019,0.0005,100.0,642.82,1586.51,1405.07,554.06,2388.1,9060.7,47.55,522.11,8141.33,8.4402,393,38.82,23.3188
AC-068,3,-0.0019,0.0004,100.0,642.33,1584.78,1406.81,553.3,2388.12,9065.74,47.5,520.98,8137.02,8.4029,394,38.92,23.218
AC-068,4,-0.0017,0.0002,100.0,642.23,1589.99,1402.66,553.77,2388.09,9058.19,47.43,521.56,8145.1,8.4299,393,38.89,23.2672
AC-068,5,-0.0009,0.0005,100.0,642.84,1589.79,1401.77,554.16,2388.08,9056.63,47.42,521.91,8143.1,8.4644,394,38.86,23.3894
AC-068,6,0.0023,-0.0004,100.0,642.53,1591.51,1410.22,553.41,2388.06,9061.79,47.29,521.79,8148.48,8.4168,393,38.83,23.3648
AC-068,7,-0.0014,-0.0004,100.0,642.38,1583.83,1409.46,553.6,2388.07,9057.0,47.48,521.78,8143.1,8.4428,393,38.81,23.2661
AC-068,8,-0.0011,-0.0001,100.0,642.53,1586.51,1394.3,554.03,2388.1,9063.88,47.29,521.27,8142.12,8.4014,392,38.84,23.2953
AC-068,9,0.0002,0.0005,100.0,642.65,1588.43,1406.22,553.33,2388.07,9058.96,47.48,521.56,8142.41,8.4291,394,38.86,23.3536
AC-068,10,0.0006,0.0005,100.0,642.3,1587.63,1408.46,554.08,2388.11,9065.14,47.58,521.47,8140.83,8.4185,392,38.9,23.3887
AC-068,11,0.003,0.0001,100.0,642.89,1588.11,1412.51,554.08,2388.06,9059.76,47.33,521.98,8145.18,8.4532,392,38.88,23.3126
AC-068,12,0.001,-0.0003,100.0,642.23,1590.82,1405.1,553.49,2388.09,9057.65,47.46,521.78,8140.58,8.4493,393,38.92,23.3478
AC-068,13,0.002,0.0002,100.0,642.69,1589.59,1405.64,553.86,2388.07,9060.0,47.5,521.87,8142.57,8.4653,393,38.99,23.4064
AC-068,14,-0.0004,-0.0004,100.0,642.85,1579.07,1406.61,554.0,2388.08,9063.11,47.36,522.04,8142.12,8.4322,393,38.97,23.2721
AC-068,15,-0.0001,0.0005,100.0,642.41,1592.39,1400.94,553.45,2388.13,9060.61,47.37,522.01,8137.87,8.449,393,38.67,23.3774
AC-068,16,-0.0003,-0.0,100.0,642.5,1587.92,1406.85,553.96,2388.07,9062.36,47.45,521.77,8142.09,8.3828,392,38.73,23.3839
AC-068,17,0.0008,-0.0004,100.0,642.37,1589.08,1407.9,553.72,2388.11,9068.36,47.42,521.66,8144.04,8.423,394,38.87,23.4141
AC-068,18,0.0006,-0.0003,100.0,642.78,1584.94,1402.62,554.23,2388.03,9060.23,47.39,521.66,8140.3,8.4429,392,39.04,23.355
AC-068,19,-0.0008,0.0002,100.0,642.17,1585.56,1407.79,553.14,2388.05,9065.14,47.52,521.25,8135.14,8.4374,394,38.94,23.4006
AC-068,20,0.0001,0.0001,100.0,642.84,1588.89,1412.39,554.15,2388.07,9065.85,47.35,522.02,8143.35,8.43,393,38.92,23.2132
AC-068,21,0.0011,-0.0005,100.0,642.6,1595.95,1405.17,553.26,2388.06,9058.42,47.67,521.37,8138.69,8.4371,393,38.96,23.4632
AC-068,22,-0.0014,-0.0004,100.0,642.89,1580.48,1401.22,554.17,2388.05,9055.42,47.58,521.73,8146.56,8.4449,394,38.57,23.3679
AC-068,23,0.0014,0.0005,100.0,642.25,1593.69,1405.38,553.57,2388.13,9063.75,47.39,521.17,8138.65,8.4038,392,39.02,23.2638
AC-068,24,0.0012,0.0005,100.0,642.55,1592.87,1406.39,554.01,2388.04,9066.38,47.51,521.61,8143.39,8.3962,392,38.66,23.3238
AC-068,25,-0.0003,0.0,100.0,642.54,1590.99,1410.77,553.66,2388.06,9069.39,47.25,521.08,8145.02,8.4204,393,39.1,23.3636
AC-068,26,0.0023,0.0005,100.0,642.29,1590.88,1408.65,553.28,2388.1,9064.42,47.52,521.71,8142.21,8.4238,392,38.79,23.2818
AC-068,27,0.0003,0.0004,100.0,642.32,1582.9,1406.73,554.34,2388.08,9067.22,47.5,521.78,8140.05,8.4203,392,38.86,23.3234
AC-068,28,0.0013,0.0,100.0,642.37,1588.42,1412.37,553.67,2388.06,9062.68,47.46,521.38,8137.25,8.4095,392,39.03,23.478
AC-068,29,-0.0027,-0.0002,100.0,643.04,1590.67,1409.13,554.19,2388.04,9061.3,47.52,521.41,8137.27,8.4082,392,38.78,23.3078
AC-068,30,0.0007,0.0002,100.0,642.57,1590.42,1406.73,553.92,2388.05,9063.37,47.51,521.68,8135.58,8.4279,392,38.94,23.2541
AC-068,31,0.0003,-0.0,100.0,642.05,1591.26,1409.66,553.26,2388.08,9061.25,47.46,522.11,8141.01,8.444,392,38.79,23.3055
AC-068,32,-0.0005,0.0001,100.0,642.32,1585.66,1401.7,553.08,2388.07,9062.87,47.43,522.04,8142.53,8.4166,392,38.83,23.3571
AC-068,33,0.0026,-0.0001,100.0,642.94,1584.94,1402.85,554.4,2388.06,9060.83,47.44,522.08,8147.72,8.4361,393,38.98,23.4372
AC-068,34,0.0007,0.0003,100.0,643.03,1593.34,1404.31,553.47,2388.1,9059.55,47.54,521.26,8144.57,8.4445,392,38.8,23.4838
AC-068,35,0.0,0.0001,100.0,642.45,1586.72,1403.0,553.53,2388.07,9061.15,47.51,521.44,8142.68,8.4582,394,39.06,23.2859
AC-068,36,-0.0016,-0.0004,100.0,642.54,1594.74,1407.48,552.88,2388.09,9060.97,47.25,521.5,8139.25,8.4391,393,38.9,23.2895
AC-068,37,0.0048,-0.0003,100.0,642.4,1584.05,1405.49,553.89,2388.06,9060.82,47.52,521.63,8145.63,8.4304,392,38.92,23.3258
AC-068,38,0.0019,-0.0,100.0,642.74,1589.65,1400.73,553.58,2388.05,9064.42,47.38,522.01,8141.06,8.46,393,38.85,23.3435
AC-068,39,0.0001,-0.0001,100.0,642.85,1588.98,1400.3,553.51,2388.07,9061.28,47.54,521.75,8142.22,8.4105,395,38.95,23.4258
AC-068,40,0.0001,0.0002,100.0,642.1,1586.49,1406.52,553.91,2388.08,9063.01,47.53,521.05,8148.18,8.4325,393,38.75,23.3531
AC-068,41,0.0014,0.0002,100.0,642.31,1591.24,1407.75,553.17,2388.11,9062.14,47.52,521.66,8141.87,8.436,391,39.01,23.2595
AC-068,42,-0.0014,0.0002,100.0,642.44,1584.92,1406.55,553.93,2388.07,9059.85,47.63,521.54,8147.21,8.3959,390,38.97,23.2835
AC-068,43,0.0003,0.0003,100.0,642.84,1585.15,1404.49,553.12,2388.1,9064.26,47.25,521.9,8142.88,8.4486,392,38.81,23.4724
AC-068,44,0.0026,0.0002,100.0,642.52,1591.09,1408.4,553.9,2388.08,9061.35,47.59,521.54,8142.71,8.4176,393,38.81,23.2369
AC-068,45,0.0015,0.0003,100.0,642.63,1585.58,1400.04,553.73,2388.07,9068.1,47.43,521.56,8146.22,8.4254,393,38.77,23.2788
AC-068,46,-0.0019,-0.0002,100.0,643.07,1584.74,1412.31,554.32,2388.09,9058.79,47.66,521.22,8144.84,8.436,393,38.85,23.2467
AC-068,47,-0.0009,-0.0,100.0,643.15,1589.16,1406.08,554.09,2388.07,9067.14,47.44,521.62,8143.59,8.4522,393,38.92,23.3753
AC-068,48,0.0013,0.0001,100.0,642.33,1597.59,1402.58,554.22,2388.06,9064.38,47.3,521.83,8145.13,8.4038,393,38.86,23.3714
AC-068,49,0.001,-0.0002,100.0,642.42,1593.51,1405.3,553.84,2388.1,9062.2,47.34,521.37,8141.43,8.437,392,38.86,23.2895
AC-068,50,0.0022,0.0001,100.0,642.53,1588.84,1406.86,554.54,2388.09,9063.87,47.49,522.4,8146.1,8.456,391,38.95,23.3229
AC-068,51,0.0002,0.0001,100.0,642.58,1584.53,1407.15,552.4,2388.06,9065.56,47.56,522.07,8139.51,8.4416,394,38.99,23.383
AC-068,52,-0.0012,-0.0004,100.0,642.91,1587.72,1408.49,553.96,2388.08,9065.06,47.28,521.5,8139.4,8.4392,393,38.75,23.3082
AC-068,53,0.0016,0.0001,100.0,642.76,1588.45,1406.62,554.23,2388.08,9071.38,47.4,521.8,8146.39,8.4475,392,38.99,23.3435
AC-068,54,0.0004,0.0,100.0,642.79,1586.56,1404.77,553.94,2388.08,9065.37,47.5,520.79,8146.27,8.4542,392,38.68,23.3399
AC-068,55,0.0017,-0.0003,100.0,642.26,1590.46,1403.99,553.78,2388.07,9059.21,47.41,521.57,8144.72,8.4485,393,38.78,23.3563
AC-068,56,0.0027,-0.0005,100.0,642.09,1590.98,1406.05,553.55,2388.05,9060.33,47.46,521.72,8143.41,8.429,392,38.72,23.254
AC-068,57,-0.001,-0.0002,100.0,642.22,1593.71,1408.17,553.45,2388.09,9065.37,47.43,521.61,8146.35,8.402,394,38.78,23.2725
AC-068,58,-0.0011,-0.0002,100.0,642.27,1589.32,1402.82,553.92,2388.09,9059.01,47.43,521.41,8146.35,8.4551,394,38.91,23.3516
AC-068,59,-0.0012,-0.0001,100.0,642.83,1586.97,1409.66,553.43,2388.09,9066.96,47.56,521.51,8146.81,8.4518,392,38.87,23.371
AC-068,60,0.0019,-0.0001,100.0,642.61,1585.23,1409.24,553.31,2388.08,9064.23,47.46,521.13,8145.94,8.4492,391,39.03,23.2653
AC-068,61,-0.0019,-0.0002,100.0,642.56,1593.06,1402.86,553.74,2388.09,9062.58,47.37,521.91,8141.09,8.4315,394,38.86,23.3048
AC-068,62,0.0048,0.0005,100.0,642.61,1592.93,1412.04,553.49,2388.14,9068.85,47.45,521.7,8139.95,8.4441,394,38.86,23.3056
AC-068,63,0.0003,0.0002,100.0,642.83,1584.61,1420.38,552.99,2388.05,9064.85,47.52,521.22,8142.99,8.4762,393,38.77,23.3881
AC-068,64,-0.0008,0.0005,100.0,642.36,1593.08,1407.7,554.61,2388.09,9061.58,47.47,521.84,8145.58,8.4556,391,38.67,23.3019
AC-068,65,0.0015,-0.0004,100.0,643.03,1592.83,1406.89,553.59,2388.07,9062.05,47.47,521.35,8137.63,8.4158,392,38.77,23.3618
AC-068,66,0.0003,-0.0004,100.0,642.41,1589.48,1407.0,553.95,2388.11,9060.63,47.58,521.43,8140.78,8.4315,392,38.72,23.2242
AC-068,67,-0.0013,0.0003,100.0,642.97,1590.29,1400.02,553.46,2388.1,9066.49,47.66,521.56,8145.52,8.424,392,38.69,23.336
AC-068,68,-0.0043,0.0003,100.0,642.27,1590.24,1415.01,552.91,2388.1,9067.68,47.57,521.52,8149.23,8.4352,392,38.94,23.25
AC-068,69,-0.0007,-0.0,100.0,643.08,1586.99,1403.83,552.96,2388.1,9064.73,47.49,522.02,8143.17,8.4571,393,38.79,23.3981
AC-068,70,-0.0026,-0.0003,100.0,642.46,1586.8,1407.66,554.21,2388.06,9069.47,47.27,521.8,8146.34,8.4176,392,38.96,23.333
AC-068,71,0.0015,0.0005,100.0,643.29,1592.88,1403.79,554.06,2388.08,9070.31,47.61,521.46,8142.27,8.4057,393,38.96,23.2672
AC-068,72,-0.0021,0.0,100.0,642.51,1593.37,1408.71,553.61,2388.08,9062.37,47.4,521.4,8142.31,8.4127,393,38.82,23.2958
AC-068,73,0.0003,-0.0004,100.0,642.22,1588.26,1409.44,552.99,2388.09,9064.69,47.59,521.44,8144.82,8.4414,394,38.77,23.2504
AC-068,74,-0.0007,0.0004,100.0,642.96,1589.26,1416.0,552.83,2388.08,9069.37,47.52,522.15,8142.57,8.4416,392,38.82,23.2726
AC-068,75,-0.0036,0.0004,100.0,642.46,1591.72,1413.19,553.02,2388.09,9061.56,47.58,521.58,8143.0,8.4842,393,38.91,23.2257
AC-068,76,-0.0011,0.0001,100.0,642.38,1587.56,1405.58,552.69,2388.09,9065.86,47.52,521.2,8139.75,8.453,392,38.97,23.2125
AC-068,77,-0.0006,0.0001,100.0,642.94,1592.07,1406.05,553.99,2388.05,9068.32,47.69,521.62,8148.16,8.3916,393,38.79,23.2731
AC-068,78,-0.0011,0.0004,100.0,642.67,1596.91,1404.32,553.52,2388.1,9064.71,47.45,521.79,8144.61,8.4038,394,38.82,23.2785
AC-068,79,0.0015,-0.0001,100.0,642.13,1586.41,1406.53,553.44,2388.1,9068.81,47.24,521.63,8141.24,8.4481,394,38.74,23.324
AC-068,80,0.0036,-0.0004,100.0,642.47,1583.95,1400.18,553.47,2388.1,9065.32,47.55,521.3,8151.19,8.4431,393,38.72,23.3171
AC-068,81,-0.0016,0.0001,100.0,642.84,1587.13,1405.45,552.98,2388.03,9067.69,47.57,521.89,8153.07,8.4455,392,38.97,23.2581
AC-068,82,-0.0011,0.0003,100.0,642.38,1587.56,1406.47,553.31,2388.08,9069.14,47.37,521.29,8149.0,8.4406,394,38.87,23.3165
AC-068,83,0.0004,-0.0003,100.0,642.79,1594.49,1402.52,553.7,2388.06,9073.4,47.55,521.36,8140.79,8.4291,392,38.75,23.3627
AC-068,84,0.0013,-0.0003,100.0,643.02,1589.81,1412.12,554.33,2388.14,9067.66,47.51,520.64,8146.64,8.4735,394,38.75,23.3139
AC-068,85,-0.0029,-0.0004,100.0,642.68,1590.88,1407.14,553.84,2388.07,9074.28,47.54,521.47,8147.4,8.4428,393,39.09,23.2305
AC-068,86,0.0025,-0.0,100.0,642.8,1584.19,1409.63,552.6,2388.09,9063.96,47.49,521.61,8144.96,8.4497,396,38.77,23.3753
AC-068,87,-0.0023,0.0002,100.0,642.42,1589.45,1405.4,553.34,2388.11,9066.95,47.61,521.38,8141.79,8.4454,393,38.86,23.2357
AC-068,88,-0.0006,-0.0002,100.0,642.55,1587.09,1406.99,553.72,2388.1,9065.76,47.57,520.8,8152.01,8.4173,394,38.76,23.2136
AC-068,89,-0.0011,0.0001,100.0,643.13,1592.9,1414.58,553.39,2388.04,9067.65,47.45,521.39,8147.63,8.4366,393,38.85,23.3193
AC-068,90,0.0018,-0.0,100.0,642.95,1590.46,1407.99,553.49,2388.11,9062.41,47.58,520.66,8150.63,8.43,392,38.89,23.3449
AC-068,91,0.002,-0.0005,100.0,642.64,1589.39,1407.49,553.76,2388.07,9075.34,47.45,521.21,8147.19,8.4572,393,38.63,23.3315
AC-068,92,-0.0012,0.0005,100.0,643.02,1589.08,1411.61,552.92,2388.07,9066.37,47.57,521.37,8149.25,8.4747,393,38.67,23.1994
AC-068,93,0.0005,-0.0002,100.0,642.37,1585.57,1401.32,553.64,2388.06,9072.02,47.27,522.26,8145.76,8.452,393,38.94,23.198
AC-068,94,-0.0053,-0.0001,100.0,642.06,1588.41,1406.08,553.67,2388.05,9076.4,47.57,521.61,8148.29,8.4314,393,38.82,23.3015
AC-068,95,-0.0027,0.0001,100.0,641.76,1594.86,1413.12,553.38,2388.1,9065.93,47.4,521.48,8143.78,8.4282,393,38.78,23.211
AC-068,96,0.0017,-0.0,100.0,642.84,1588.55,1410.32,553.37,2388.09,9069.47,47.45,521.84,8150.88,8.4419,392,38.85,23.285
AC-068,97,-0.0009,0.0003,100.0,642.71,1590.86,1409.85,553.61,2388.08,9067.72,47.6,521.73,8146.18,8.435,394,38.84,23.3145
AC-068,98,0.0022,-0.0002,100.0,642.76,1587.42,1411.17,553.32,2388.03,9067.46,47.63,521.85,8145.42,8.4336,393,38.85,23.2354
AC-068,99,-0.0001,0.0004,100.0,642.13,1586.34,1399.85,552.83,2388.07,9066.1,47.45,521.82,8146.58,8.4487,393,38.86,23.2877
AC-068,100,0.0034,-0.0001,100.0,642.42,1586.08,1411.82,554.26,2388.08,9068.76,47.5,521.18,8154.54,8.4616,394,38.84,23.375
AC-068,101,-0.0039,0.0003,100.0,642.52,1586.5,1409.43,553.5,2388.08,9065.34,47.46,521.31,8146.66,8.4552,395,38.76,23.2836
AC-068,102,0.0005,-0.0004,100.0,642.23,1586.12,1406.98,553.43,2388.1,9072.77,47.6,521.47,8148.98,8.4288,395,38.89,23.1281
AC-068,103,-0.0035,0.0002,100.0,642.72,1593.54,1402.8,553.69,2388.1,9066.65,47.47,520.99,8150.66,8.4248,394,38.82,23.3068
AC-068,104,-0.0041,-0.0004,100.0,642.74,1593.31,1411.92,553.47,2388.09,9078.01,47.53,521.2,8145.18,8.457,395,38.85,23.3644
AC-068,105,-0.002,0.0001,100.0,642.82,1589.38,1413.14,553.09,2388.07,9073.59,47.53,521.24,8152.25,8.4324,393,38.84,23.3904
AC-068,106,-0.0004,0.0003,100.0,642.81,1588.65,1409.05,553.74,2388.09,9066.16,47.56,521.66,8151.15,8.465,393,38.92,23.2625
AC-068,107,-0.0028,-0.0001,100.0,642.62,1593.35,1407.06,553.25,2388.1,9078.71,47.53,521.2,8149.4,8.4209,393,38.76,23.3199
AC-068,108,-0.0057,-0.0001,100.0,642.67,1588.96,1411.48,553.03,2388.09,9062.78,47.52,521.32,8150.24,8.4553,395,38.86,23.2257
AC-068,109,-0.0002,0.0005,100.0,642.72,1585.16,1410.9,553.39,2388.13,9072.04,47.54,521.79,8148.41,8.438,392,38.68,23.2189
AC-068,110,0.0001,0.0005,100.0,642.45,1592.66,1415.97,553.11,2388.06,9072.8,47.52,521.24,8155.39,8.4586,392,38.62,23.2826
AC-068,111,0.0017,-0.0,100.0,642.69,1594.49,1415.61,553.11,2388.04,9081.79,47.5,520.96,8152.72,8.4563,393,38.86,23.3189
AC-068,112,0.003,-0.0004,100.0,642.92,1589.1,1407.88,553.49,2388.08,9066.29,47.54,521.55,8150.92,8.4388,395,38.68,23.2873
AC-068,113,-0.002,-0.0003,100.0,642.51,1583.97,1409.87,554.08,2388.09,9071.42,47.62,521.23,8152.81,8.4295,392,38.79,23.1445
AC-068,114,-0.0014,0.0003,100.0,642.7,1588.71,1410.77,552.67,2388.02,9077.65,47.58,521.24,8156.0,8.4364,394,38.83,23.1313
AC-068,115,-0.0006,-0.0004,100.0,642.42,1583.89,1411.2,552.9,2388.12,9076.32,47.71,521.6,8154.72,8.4695,393,38.62,23.2846
AC-068,116,-0.0006,0.0002,100.0,642.46,1589.72,1408.78,552.57,2388.05,9069.59,47.46,521.59,8154.46,8.4458,394,38.76,23.2083
AC-068,117,-0.0025,-0.0004,100.0,642.81,1585.78,1410.18,553.49,2388.11,9068.55,47.6,521.76,8145.03,8.4445,392,38.85,23.3389
AC-068,118,0.0004,-0.0002,100.0,642.92,1586.93,1407.26,552.87,2388.05,9069.41,47.51,520.96,8147.52,8.4925,394,38.7,23.337
AC-068,119,0.001,0.0001,100.0,643.42,1586.39,1402.63,552.94,2388.15,9078.93,47.48,521.64,8156.55,8.4436,392,38.9,23.2516
AC-068,120,-0.0016,0.0003,100.0,642.1,1584.66,1414.08,553.11,2388.08,9078.45,47.69,521.36,8156.81,8.4275,394,38.77,23.2499
AC-068,121,-0.0006,0.0005,100.0,642.38,1596.44,1407.18,553.2,2388.11,9074.75,47.57,521.57,8149.72,8.4827,394,38.77,23.2945
AC-068,122,-0.0013,-0.0,100.0,642.79,1587.47,1411.54,553.42,2388.1,9077.54,47.34,521.44,8149.87,8.4399,394,38.73,23.2042
AC-068,123,0.0,-0.0002,100.0,642.64,1584.43,1413.96,552.93,2388.08,9078.88,47.41,521.1,8149.81,8.4464,392,38.87,23.3225
AC-068,124,0.004,-0.0004,100.0,643.13,1590.06,1414.61,552.88,2388.08,9080.73,47.77,520.48,8148.21,8.4731,396,38.54,23.3148
AC-068,125,0.0011,0.0005,100.0,642.74,1590.03,1409.76,553.32,2388.14,9074.41,47.5,521.16,8150.04,8.4722,394,38.77,23.2933
AC-068,126,-0.004,0.0005,100.0,642.82,1594.96,1416.0,553.62,2388.09,9078.5,47.72,521.31,8156.09,8.4372,392,38.86,23.3061
AC-068,127,0.0028,-0.0004,100.0,642.97,1586.22,1418.29,552.44,2388.05,9079.58,47.64,521.52,8154.38,8.436,393,38.72,23.2747
AC-068,128,0.001,0.0003,100.0,642.53,1586.84,1414.89,553.42,2388.1,9079.15,47.51,521.07,8153.14,8.4708,394,38.85,23.2122
AC-068,129,-0.0013,-0.0005,100.0,642.48,1588.75,1416.49,552.3,2388.1,9079.86,47.68,520.95,8155.87,8.4533,392,38.81,23.16
AC-068,130,-0.0024,-0.0002,100.0,642.83,1592.31,1405.26,553.09,2388.07,9076.39,47.61,521.48,8153.35,8.4446,394,38.72,23.359
AC-068,131,0.0027,-0.0001,100.0,643.25,1588.15,1408.54,552.98,2388.04,9084.79,47.61,521.32,8155.26,8.4601,393,38.92,23.2423
AC-068,132,-0.0012,-0.0001,100.0,643.03,1590.87,1412.38,552.73,2388.07,9081.46,47.47,521.82,8156.91,8.4572,395,38.86,23.2744
AC-068,133,0.0026,-0.0002,100.0,643.06,1596.81,1408.67,553.27,2388.11,9077.38,47.65,520.98,8159.61,8.4511,393,38.78,23.4225
AC-068,134,0.0038,0.0003,100.0,642.64,1586.29,1412.43,553.03,2388.09,9079.92,47.74,521.16,8159.61,8.4353,395,38.82,23.2738
AC-068,135,0.0005,-0.0004,100.0,643.14,1593.72,1410.76,552.92,2388.11,9075.99,47.68,521.31,8157.98,8.4203,393,38.7,23.1999
AC-068,136,-0.0002,-0.0004,100.0,643.2,1594.74,1413.89,553.18,2388.11,9077.93,47.59,521.28,8161.91,8.474,394,38.63,23.1852
AC-068,137,-0.0037,-0.0005,100.0,642.92,1598.82,1413.64,552.37,2388.11,9083.17,47.63,521.66,8160.18,8.4422,395,38.7,23.2812
AC-068,138,-0.0011,0.0001,100.0,642.68,1592.53,1418.13,553.13,2388.09,9087.46,47.77,520.93,8166.45,8.4598,395,38.85,23.2376
AC-068,139,0.0015,-0.0004,100.0,643.26,1587.58,1415.41,553.6,2388.03,9086.43,47.44,520.99,8163.16,8.471,395,38.77,23.2206
AC-068,140,0.0045,-0.0001,100.0,643.05,1587.74,1412.44,553.35,2388.06,9081.49,47.6,521.75,8157.15,8.4587,395,38.98,23.1217
AC-068,141,0.0006,-0.0004,100.0,642.79,1588.35,1410.54,553.24,2388.1,9084.9,47.75,521.2,8160.96,8.4271,393,38.86,23.3622
AC-068,142,0.0018,-0.0002,100.0,642.99,1587.2,1410.23,553.17,2388.09,9079.88,47.68,521.22,8156.23,8.436,392,38.72,23.3187
AC-068,143,-0.0033,0.0,100.0,642.97,1597.63,1415.83,552.81,2388.1,9085.6,47.76,520.57,8166.44,8.4619,392,38.7,23.1373
AC-068,144,0.0043,0.0002,100.0,642.48,1594.57,1414.06,553.01,2388.08,9087.87,47.71,520.87,8160.8,8.4841,393,38.7,23.2667
AC-068,145,-0.0003,-0.0002,100.0,642.77,1593.85,1416.73,553.11,2388.09,9088.72,47.58,521.22,8158.94,8.4569,396,38.83,23.2507
AC-068,146,0.0011,-0.0002,100.0,642.95,1591.57,1408.19,552.15,2388.1,9092.71,47.85,520.99,8162.1,8.4628,395,38.78,23.1018
AC-068,147,0.0025,-0.0,100.0,642.51,1587.22,1406.41,553.22,2388.08,9086.73,47.9,521.61,8166.92,8.4233,394,38.74,23.2362
AC-068,148,0.0,-0.0001,100.0,642.54,1599.19,1412.54,553.06,2388.13,9081.37,47.58,520.77,8160.58,8.4509,394,38.68,23.1724
AC-068,149,-0.0026,0.0002,100.0,642.6,1590.77,1413.57,553.62,2388.11,9090.3,47.61,521.27,8165.41,8.4919,394,38.66,23.2175
AC-068,150,0.0008,-0.0003,100.0,642.54,1598.49,1405.79,552.96,2388.15,9094.66,47.85,521.37,8162.88,8.4689,393,38.72,23.0625
AC-068,151,-0.0018,0.0001,100.0,643.01,1596.73,1416.46,552.67,2388.07,9098.53,47.58,520.91,8162.65,8.4852,394,38.74,23.2455
AC-068,152,-0.0006,0.0,100.0,643.56,1596.76,1414.95,553.32,2388.06,9090.86,47.69,520.98,8166.62,8.4638,394,38.65,23.2182
AC-068,153,-0.0068,-0.0001,100.0,643.2,1592.85,1414.54,552.84,2388.14,9095.0,47.61,521.46,8163.61,8.4116,395,38.9,23.2545
AC-068,154,-0.0008,0.0005,100.0,642.99,1603.21,1412.99,552.8,2388.08,9099.02,47.66,520.7,8164.72,8.5085,394,38.81,23.2838
AC-068,155,-0.0012,0.0002,100.0,643.15,1597.08,1419.45,553.29,2388.04,9094.47,47.68,521.15,8168.5,8.447,394,38.69,23.2754
AC-068,156,-0.0028,0.0001,100.0,643.51,1597.49,1418.19,552.46,2388.09,9087.62,47.87,520.47,8162.83,8.4469,393,38.6,23.2617
AC-068,157,-0.0002,0.0003,100.0,642.84,1596.18,1417.33,554.08,2388.04,9092.28,47.74,520.97,8180.38,8.4704,395,38.66,23.1663
AC-068,158,0.0005,-0.0001,100.0,643.31,1598.51,1423.15,552.92,2388.06,9095.57,47.69,520.78,8168.04,8.4584,395,38.75,23.2099
AC-068,159,-0.0012,-0.0003,100.0,643.21,1596.99,1408.98,553.17,2388.11,9095.43,47.66,521.08,8172.02,8.4716,394,38.73,23.3332
AC-068,160,-0.0001,-0.0003,100.0,643.46,1597.81,1417.61,552.72,2388.11,9098.29,47.7,520.8,8173.52,8.4723,395,38.74,23.0927
AC-068,161,-0.002,0.0005,100.0,642.77,1598.47,1425.22,552.51,2388.11,9096.48,47.96,521.02,8173.36,8.4385,395,38.76,23.2859
AC-068,162,0.0006,-0.0002,100.0,642.95,1597.99,1415.49,553.21,2388.09,9105.89,47.98,520.66,8173.89,8.5096,394,38.54,23.2143
AC-068,163,0.0009,-0.0003,100.0,642.71,1591.85,1412.91,552.51,2388.07,9111.55,47.86,519.98,8178.18,8.4543,393,38.71,23.1931
AC-068,164,0.0006,0.0,100.0,643.21,1593.4,1421.24,553.21,2388.09,9104.19,47.71,520.68,8174.3,8.4309,397,38.64,23.1595
AC-068,165,-0.0002,0.0002,100.0,643.03,1593.99,1414.63,553.33,2388.12,9102.33,47.7,520.95,8177.82,8.4872,394,38.61,23.2104
AC-068,166,0.0018,0.0004,100.0,643.5,1587.86,1414.2,552.68,2388.11,9104.0,47.77,520.8,8177.58,8.4658,396,38.49,23.2182
AC-068,167,-0.0047,-0.0004,100.0,643.57,1598.94,1418.0,552.41,2388.11,9108.65,47.59,520.76,8173.95,8.4886,396,38.63,23.256
AC-068,168,-0.0002,-0.0004,100.0,642.86,1598.35,1426.45,552.03,2388.09,9102.7,47.69,521.2,8187.51,8.466,395,38.64,23.2538
AC-068,169,-0.0014,0.0002,100.0,643.79,1601.08,1417.88,552.93,2388.13,9109.89,47.55,520.29,8174.15,8.4487,394,38.64,23.0898
AC-068,170,-0.0011,-0.0005,100.0,643.01,1595.7,1417.87,552.6,2388.14,9116.59,47.72,521.02,8183.25,8.5002,395,38.61,23.155
AC-068,171,-0.0016,-0.0003,100.0,642.88,1594.03,1417.09,552.11,2388.12,9113.79,47.62,520.98,8182.38,8.4836,396,38.58,23.0947
AC-068,172,0.0017,0.0003,100.0,642.86,1596.64,1416.84,552.62,2388.11,9116.61,47.97,520.79,8183.32,8.4869,393,38.78,23.2697
AC-068,173,-0.004,0.0002,100.0,643.3,1593.78,1418.89,552.98,2388.1,9118.28,47.74,520.56,8183.25,8.5146,394,38.65,23.1869
AC-068,174,-0.0015,0.0005,100.0,643.1,1600.09,1420.91,552.55,2388.09,9116.66,47.76,520.75,8183.17,8.4999,396,38.53,23.1441
AC-068,175,0.0038,0.0004,100.0,643.23,1599.6,1419.41,551.46,2388.14,9126.73,47.72,521.26,8186.51,8.4752,395,38.45,23.2203
AC-068,176,0.0026,0.0,100.0,643.12,1596.07,1423.26,552.1,2388.14,9117.67,47.85,520.86,8192.35,8.4703,396,38.57,23.1056
AC-068,177,-0.0005,-0.0,100.0,643.03,1597.77,1424.59,552.59,2388.13,9118.73,47.72,520.63,8186.71,8.4948,395,38.55,23.2355
AC-068,178,0.001,-0.0002,100.0,643.11,1596.99,1419.61,551.86,2388.09,9119.64,47.9,520.68,8193.78,8.5144,395,38.62,23.0959
AC-068,179,0.0051,0.0003,100.0,643.1,1596.49,1427.75,552.78,2388.13,9119.46,47.96,520.16,8192.16,8.5057,395,38.72,23.0613
AC-068,180,0.0041,-0.0004,100.0,643.07,1602.36,1416.16,552.14,2388.15,9116.74,47.88,520.6,8189.66,8.4941,394,38.69,23.1611
AC-068,181,0.002,0.0001,100.0,643.29,1592.47,1421.84,551.84,2388.15,9119.86,48.08,520.16,8190.86,8.4817,396,38.44,23.1366
AC-068,182,0.0032,0.0003,100.0,643.23,1599.62,1412.31,552.14,2388.12,9134.2,47.81,520.53,8196.8,8.4785,395,38.43,23.184
AC-068,183,0.0022,0.0003,100.0,643.86,1596.02,1423.96,552.46,2388.16,9128.37,47.93,520.58,8199.66,8.5036,396,38.51,23.064
AC-068,184,-0.003,0.0005,100.0,643.62,1596.68,1427.77,552.58,2388.13,9135.26,47.77,519.79,8201.15,8.5409,395,38.68,23.1706
AC-068,185,0.0011,0.0001,100.0,643.34,1597.92,1423.39,551.75,2388.13,9128.6,47.79,520.21,8199.62,8.5232,395,38.63,23.1314
AC-068,186,0.0012,0.0005,100.0,643.72,1602.32,1421.26,552.61,2388.11,9130.18,47.89,520.17,8203.82,8.5008,395,38.69,23.11
AC-068,187,-0.001,0.0004,100.0,643.94,1608.22,1420.22,551.99,2388.16,9143.25,47.9,520.9,8207.12,8.4587,394,38.46,23.0604
AC-068,188,-0.0033,0.0001,100.0,643.73,1603.63,1433.65,551.99,2388.13,9138.64,48.07,520.5,8209.39,8.5214,396,38.43,23.2017
AC-068,189,0.0031,-0.0002,100.0,643.85,1607.81,1421.73,552.24,2388.14,9139.01,48.14,520.69,8206.12,8.4776,395,38.36,23.1627
AC-068,190,-0.0031,0.0004,100.0,643.79,1596.92,1429.45,552.93,2388.16,9141.22,47.94,520.4,8202.29,8.5098,395,38.66,23.1143
AC-068,191,0.0015,-0.0002,100.0,643.57,1606.71,1421.81,552.1,2388.12,9147.27,47.99,520.06,8214.13,8.5127,398,38.61,23.0998
AC-068,192,-0.0003,-0.0004,100.0,643.36,1597.02,1432.07,551.68,2388.1,9138.57,47.81,520.66,8208.49,8.4559,395,38.54,22.9872
AC-068,193,-0.0011,0.0003,100.0,643.35,1599.87,1421.07,552.12,2388.12,9144.8,48.05,520.35,8213.25,8.5158,395,38.57,23.1071
AC-068,194,-0.0024,-0.0004,100.0,643.4,1604.79,1430.98,552.23,2388.16,9149.24,48.13,520.42,8213.49,8.5249,397,38.33,23.0805
AC-068,195,-0.0014,-0.0,100.0,643.49,1602.36,1423.14,552.14,2388.15,9163.16,48.07,520.48,8217.95,8.5257,396,38.29,23.0226
AC-068,196,-0.0017,-0.0005,100.0,643.74,1604.93,1428.54,551.85,2388.15,9154.59,48.12,520.43,8221.66,8.5285,398,38.33,23.1495
AC-068,197,0.0018,-0.0002,100.0,643.83,1593.46,1427.03,551.44,2388.17,9156.8,48.41,520.2,8221.9,8.4921,397,38.36,23.095
AC-068,198,-0.0017,0.0001,100.0,643.88,1614.72,1428.79,552.04,2388.27,9161.2,48.16,519.98,8226.67,8.5263,396,38.44,23.08
AC-068,199,-0.0037,-0.0004,100.0,643.88,1609.59,1430.17,551.47,2388.2,9158.41,48.16,519.72,8226.34,8.5196,395,38.4,23.0888
AC-069,1,-0.0014,-0.0001,100.0,641.96,1587.1,1400.65,553.68,2388.0,9054.19,47.34,522.03,8136.88,8.4094,392,38.87,23.4081
AC-069,2,-0.0003,-0.0004,100.0,641.5,1594.24,1401.54,554.22,2388.04,9057.57,47.26,522.08,8139.88,8.4172,392,39.02,23.4189
AC-069,3,0.0006,-0.0003,100.0,642.73,1585.41,1405.22,554.11,2388.04,9052.77,47.35,522.05,8136.42,8.3869,392,38.82,23.3756
AC-069,4,-0.0001,-0.0003,100.0,642.0,1586.57,1408.44,553.84,2388.03,9061.89,47.35,521.63,8142.92,8.389,391,38.99,23.2744
AC-069,5,0.0026,0.0002,100.0,642.37,1582.6,1403.07,554.0,2388.06,9064.65,47.34,522.31,8138.93,8.4042,392,38.87,23.3195
AC-069,6,-0.0038,0.0004,100.0,642.66,1586.89,1399.12,554.06,2388.0,9053.99,47.39,521.97,8142.62,8.3786,392,39.09,23.469
AC-069,7,0.0002,0.0001,100.0,641.86,1581.58,1399.02,553.9,2388.02,9062.66,47.3,522.14,8138.17,8.414,391,38.96,23.3916
AC-069,8,-0.0011,-0.0003,100.0,642.24,1581.77,1402.42,554.48,2388.03,9061.03,47.39,522.21,8136.31,8.4132,393,38.77,23.4313
AC-069,9,0.0008,0.0002,100.0,642.53,1582.27,1399.12,553.57,2388.0,9056.76,47.5,522.66,8139.81,8.4297,391,39.05,23.3284
AC-069,10,-0.0007,-0.0001,100.0,642.2,1586.82,1405.68,553.92,2388.04,9063.43,47.42,522.31,8144.09,8.4457,393,38.88,23.3153
AC-069,11,0.0,-0.0003,100.0,642.5,1594.77,1406.42,554.17,2388.05,9056.9,47.43,522.29,8133.74,8.4304,393,38.92,23.4431
AC-069,12,-0.0025,0.0,100.0,642.22,1588.72,1399.64,553.62,2388.11,9060.31,47.31,522.23,8137.3,8.4514,392,38.84,23.2182
AC-069,13,0.0003,-0.0004,100.0,642.34,1589.66,1398.65,553.81,2388.1,9056.77,47.35,521.6,8135.03,8.4058,391,38.92,23.4015
AC-069,14,0.0022,0.0003,100.0,642.17,1591.26,1402.76,553.88,2388.06,9055.95,47.18,521.53,8138.6,8.4368,392,38.9,23.3457
AC-069,15,-0.0059,0.0001,100.0,642.06,1585.51,1404.58,553.62,2388.05,9054.82,47.47,521.72,8138.64,8.4268,390,38.98,23.3993
AC-069,16,0.0004,0.0002,100.0,642.51,1583.93,1406.63,553.9,2388.08,9067.7,47.29,522.37,8138.65,8.4132,391,38.85,23.3434
AC-069,17,-0.0023,-0.0002,100.0,642.09,1586.48,1402.52,554.32,2388.06,9053.41,47.27,522.14,8147.33,8.4084,392,38.98,23.521
AC-069,18,0.0016,0.0004,100.0,642.63,1593.01,1398.91,554.41,2388.08,9063.0,47.33,521.94,8140.57,8.4055,392,38.87,23.424
AC-069,19,0.0018,-0.0001,100.0,642.48,1583.71,1402.07,554.34,2388.03,9063.62,47.41,521.54,8140.27,8.4271,392,38.99,23.4281
AC-069,20,-0.0005,-0.0002,100.0,642.95,1580.85,1401.35,553.46,2388.03,9058.34,47.41,522.3,8146.28,8.3883,392,38.89,23.4506
AC-069,21,0.001,-0.0001,100.0,642.61,1582.64,1400.83,554.47,2388.04,9061.93,47.31,521.45,8143.26,8.4128,392,38.98,23.2773
AC-069,22,-0.0011,0.0005,100.0,642.47,1583.51,1408.57,553.72,2387.99,9059.64,47.3,522.15,8140.42,8.4106,390,38.9,23.392
AC-069,23,0.0014,0.0002,100.0,641.96,1587.87,1398.51,553.85,2388.07,9060.78,47.21,522.08,8138.76,8.4135,391,38.98,23.243
AC-069,24,0.0013,-0.0004,100.0,642.03,1594.35,1404.97,553.7,2388.04,9059.9,47.25,521.44,8143.0,8.406,393,39.01,23.4064
AC-069,25,-0.0006,-0.0002,100.0,642.98,1582.81,1402.96,553.52,2388.0,9067.34,47.3,521.81,8141.24,8.3933,392,39.04,23.4213
AC-069,26,0.0006,0.0004,100.0,643.05,1582.02,1401.56,553.55,2388.05,9050.56,47.4,521.81,8139.07,8.4684,392,38.9,23.4005
AC-069,27,0.0005,0.0004,100.0,642.46,1589.72,1397.94,553.9,2388.03,9053.93,47.24,521.82,8142.27,8.4161,391,38.93,23.4205
AC-069,28,-0.0053,-0.0004,100.0,642.39,1583.78,1397.51,555.41,2388.02,9051.95,47.39,521.73,8140.09,8.3993,392,38.89,23.4389
AC-069,29,-0.0006,-0.0001,100.0,642.02,1591.48,1403.56,553.71,2388.04,9062.09,47.3,522.26,8140.17,8.4371,390,39.07,23.4161
AC-069,30,0.0017,0.0003,100.0,642.11,1596.64,1401.98,554.4,2388.03,9060.93,47.44,521.7,8139.49,8.4127,393,39.13,23.4085
AC-069,31,0.0001,-0.0001,100.0,641.76,1585.94,1403.47,553.86,2388.05,9060.57,47.21,521.91,8133.23,8.4403,392,38.94,23.3638
AC-069,32,0.0006,-0.0004,100.0,642.54,1583.83,1396.26,553.75,2388.01,9058.88,47.27,521.63,8137.36,8.4476,392,38.94,23.3449
AC-069,33,0.0012,0.0001,100.0,642.39,1586.62,1396.31,554.17,2388.03,9060.05,47.11,521.76,8138.75,8.424,391,38.84,23.4213
AC-069,34,-0.0003,0.0,100.0,642.26,1587.22,1402.87,553.68,2388.05,9052.74,47.61,521.8,8136.4,8.4184,393,38.7,23.274
AC-069,35,-0.0015,-0.0,100.0,642.5,1588.12,1406.54,553.92,2388.05,9064.29,47.2,522.25,8137.46,8.4128,392,39.01,23.4004
AC-069,36,0.0024,0.0,100.0,642.96,1584.06,1400.27,553.08,2388.0,9056.93,47.24,522.36,8139.19,8.3762,391,38.91,23.4458
AC-069,37,-0.0026,-0.0002,100.0,642.27,1586.96,1403.9,554.55,2388.02,9057.54,47.41,522.19,8139.32,8.3834,393,38.91,23.3384
AC-069,38,0.0017,0.0002,100.0,642.14,1585.48,1393.38,553.79,2388.03,9057.85,47.34,521.73,8141.77,8.3927,393,38.91,23.423
AC-069,39,0.0014,-0.0004,100.0,642.94,1594.9,1403.49,553.69,2388.01,9070.94,47.16,521.75,8135.22,8.4023,391,38.93,23.3212
AC-069,40,-0.0025,-0.0001,100.0,642.37,1579.66,1395.23,554.98,2388.01,9062.84,47.36,522.49,8137.83,8.3953,392,38.95,23.272
AC-069,41,-0.0021,-0.0004,100.0,642.81,1583.15,1403.22,554.22,2388.05,9054.53,47.22,522.5,8138.32,8.4235,392,38.93,23.4194
AC-069,42,-0.0026,-0.0003,100.0,642.56,1588.95,1393.94,553.92,2388.05,9059.64,47.41,522.24,8139.47,8.4167,393,38.85,23.3479
AC-069,43,0.0009,0.0001,100.0,642.48,1590.83,1406.74,553.36,2388.07,9066.87,47.32,522.04,8147.04,8.395,392,39.0,23.2502
AC-069,44,-0.0,0.0005,100.0,642.08,1590.48,1402.63,553.59,2388.0,9062.19,47.36,522.08,8140.65,8.4196,392,38.95,23.3222
AC-069,45,-0.0004,0.0002,100.0,642.33,1589.66,1408.84,554.52,2388.07,9067.54,47.44,521.67,8144.68,8.3736,394,38.86,23.2566
AC-069,46,-0.0012,0.0005,100.0,642.07,1590.88,1400.68,553.96,2388.04,9056.72,47.15,522.43,8142.25,8.4282,392,39.02,23.3222
AC-069,47,-0.0015,-0.0002,100.0,642.42,1583.93,1400.96,553.83,2388.05,9052.8,47.17,522.24,8137.04,8.4111,392,38.95,23.454
AC-069,48,0.0021,-0.0004,100.0,642.22,1583.95,1394.68,553.84,2388.01,9062.15,47.29,522.1,8139.48,8.4212,392,39.1,23.4226
AC-069,49,0.0025,-0.0001,100.0,642.22,1586.24,1401.05,554.35,2388.03,9053.59,47.43,522.43,8141.65,8.4092,391,38.75,23.4848
AC-069,50,0.0005,-0.0004,100.0,642.7,1589.78,1409.53,554.36,2388.07,9052.96,47.41,521.93,8132.38,8.4397,393,38.97,23.4748
AC-069,51,0.0046,0.0003,100.0,642.01,1590.52,1413.52,553.49,2388.06,9057.19,47.37,521.82,8136.28,8.4209,392,38.85,23.369
AC-069,52,0.0031,0.0001,100.0,641.95,1582.78,1400.49,553.32,2388.07,9060.68,47.37,522.11,8141.2,8.4009,394,39.12,23.2139
AC-069,53,-0.0013,0.0,100.0,642.44,1590.73,1402.65,553.61,2388.05,9055.7,47.32,521.61,8136.94,8.3999,392,38.9,23.3389
AC-069,54,0.001,-0.0002,100.0,642.22,1592.65,1399.91,554.06,2388.06,9059.05,47.44,522.23,8139.88,8.4224,394,38.94,23.4411
AC-069,55,-0.0006,-0.0001,100.0,642.31,1589.02,1403.57,553.39,2388.01,9064.28,47.22,522.0,8144.25,8.4422,391,38.91,23.4376
AC-069,56,-0.0002,0.0003,100.0,642.2,1581.45,1404.68,553.56,2388.07,9051.54,47.34,522.03,8145.83,8.3976,391,39.0,23.4773
AC-069,57,0.0017,0.0004,100.0,642.68,1593.8,1405.01,553.22,2388.06,9063.66,47.43,521.24,8135.48,8.4233,393,39.01,23.2959
AC-069,58,0.0009,0.0002,100.0,642.25,1591.74,1400.35,554.18,2388.04,9061.74,47.39,522.04,8142.67,8.4449,391,39.04,23.4445
AC-069,59,-0.0022,0.0002,100.0,642.43,1591.48,1399.67,553.6,2388.07,9056.32,47.41,522.12,8137.49,8.4002,394,38.96,23.4055
AC-069,60,0.0012,0.0003,100.0,642.67,1591.24,1404.78,554.13,2388.02,9062.32,47.34,521.85,8145.83,8.424,392,38.8,23.3268
AC-069,61,0.0011,-0.0004,100.0,642.6,1589.87,1401.64,553.65,2388.07,9060.28,47.33,522.03,8138.79,8.4468,394,39.13,23.2911
AC-069,62,0.0027,-0.0004,100.0,641.99,1587.1,1402.55,553.73,2388.11,9065.67,47.31,521.75,8138.3,8.4194,389,38.92,23.3303
AC-069,63,0.0011,-0.0002,100.0,642.42,1588.23,1407.13,554.05,2388.02,9056.97,47.31,522.24,8140.69,8.3737,392,38.87,23.3459
AC-069,64,-0.0029,-0.0002,100.0,641.78,1583.57,1403.32,554.73,2388.07,9066.03,47.37,521.62,8143.96,8.4115,391,39.0,23.4353
AC-069,65,0.0045,0.0003,100.0,642.41,1585.43,1404.72,553.88,2387.99,9059.38,47.33,522.06,8148.52,8.3668,393,38.91,23.3167
AC-069,66,-0.0042,-0.0004,100.0,643.04,1585.75,1402.42,554.22,2388.07,9061.17,47.33,522.02,8141.98,8.404,392,38.97,23.3391
AC-069,67,0.0015,-0.0003,100.0,642.61,1589.15,1405.42,554.73,2388.05,9060.32,47.32,521.63,8139.04,8.3821,393,39.03,23.3232
AC-069,68,0.0,-0.0002,100.0,642.52,1588.22,1403.38,553.93,2388.09,9059.01,47.27,522.47,8141.02,8.4487,391,39.0,23.3992
AC-069,69,0.0011,0.0003,100.0,642.49,1588.58,1402.21,554.03,2388.05,9052.41,47.21,521.97,8143.38,8.4226,391,38.83,23.3736
AC-069,70,0.0029,-0.0004,100.0,642.1,1587.68,1398.62,553.66,2388.09,9060.77,47.46,521.39,8142.28,8.4369,392,38.93,23.2777
AC-069,71,0.0021,0.0003,100.0,642.32,1590.15,1394.47,553.47,2388.01,9056.1,47.33,521.78,8140.18,8.3838,393,38.87,23.4252
AC-069,72,0.0003,0.0,100.0,642.49,1592.29,1397.55,554.04,2388.05,9056.96,47.15,522.12,8140.72,8.4723,391,38.97,23.3514
AC-069,73,0.0015,-0.0004,100.0,642.78,1588.97,1397.19,553.97,2388.05,9058.06,47.31,522.25,8139.16,8.4148,394,38.91,23.3846
AC-069,74,0.002,-0.0001,100.0,641.82,1585.45,1396.86,553.64,2388.1,9063.84,47.39,521.9,8141.74,8.4142,394,38.92,23.3615
AC-069,75,-0.0008,0.0004,100.0,641.93,1584.1,1393.68,553.75,2388.05,9060.09,47.36,522.24,8144.24,8.4274,391,38.84,23.4059
AC-069,76,-0.0011,0.0004,100.0,642.15,1588.26,1403.48,554.04,2388.03,9056.32,47.21,522.14,8140.08,8.396,392,38.74,23.3337
AC-069,77,-0.0008,0.0003,100.0,642.26,1581.31,1397.67,554.36,2388.02,9065.86,47.37,522.26,8137.13,8.4086,392,38.87,23.3905
AC-069,78,0.0001,-0.0001,100.0,642.65,1581.02,1402.1,554.07,2388.07,9064.15,47.33,522.13,8142.57,8.3867,395,38.94,23.4632
AC-069,79,-0.0001,0.0002,100.0,642.33,1590.07,1400.89,553.88,2388.06,9055.55,47.26,522.24,8136.28,8.4246,391,38.95,23.3784
AC-069,80,-0.0002,0.0005,100.0,641.95,1588.83,1402.95,554.36,2388.07,9061.0,47.37,522.0,8145.17,8.4196,392,39.06,23.3386
AC-069,81,-0.0004,-0.0001,100.0,642.7,1589.94,1410.19,554.13,2388.04,9055.31,47.38,522.5,8142.24,8.4154,391,38.85,23.3222
AC-069,82,0.0011,0.0,100.0,642.46,1582.8,1400.87,554.14,2388.03,9060.03,47.42,522.06,8136.72,8.4148,392,38.85,23.3736
AC-069,83,-0.0015,0.0004,100.0,642.18,1590.51,1402.62,554.16,2388.09,9063.2,47.35,522.14,8136.95,8.4277,392,39.06,23.3795
AC-069,84,0.0004,-0.0001,100.0,642.48,1587.83,1411.14,553.84,2388.1,9067.99,47.28,522.2,8140.99,8.3994,392,38.92,23.4059
AC-069,85,0.0008,-0.0004,100.0,642.81,1588.16,1403.4,553.54,2388.06,9060.47,47.39,521.82,8137.17,8.4113,392,38.82,23.4197
AC-069,86,0.0006,-0.0004,100.0,642.23,1588.23,1397.46,553.79,2388.06,9060.07,47.31,521.64,8136.35,8.4236,392,38.84,23.3077
AC-069,87,-0.0012,-0.0004,100.0,642.3,1595.34,1405.94,554.01,2388.07,9062.3,47.22,521.74,8138.54,8.4021,394,38.93,23.335
AC-069,88,-0.0003,0.0004,100.0,642.75,1586.48,1397.49,554.44,2388.07,9059.07,47.28,521.98,8141.91,8.3784,392,38.9,23.3965
AC-069,89,-0.0031,0.0002,100.0,642.5,1590.07,1400.68,554.1,2388.07,9060.09,47.51,521.8,8143.15,8.4236,393,38.89,23.2684
AC-069,90,0.0006,-0.0003,100.0,642.29,1589.44,1400.74,554.05,2388.06,9059.32,47.29,522.03,8148.89,8.3973,392,39.15,23.3596
AC-069,91,0.001,-0.0004,100.0,642.95,1588.38,1402.11,553.81,2388.09,9057.6,47.44,522.15,8140.09,8.4392,394,38.98,23.4327
AC-069,92,-0.0007,-0.0004,100.0,642.49,1583.11,1402.98,553.51,2388.02,9059.25,47.38,522.25,8139.8,8.4064,393,38.86,23.2896
AC-069,93,-0.0004,-0.0001,100.0,642.42,1590.25,1404.13,553.73,2388.1,9055.71,47.46,522.03,8142.21,8.4407,393,38.96,23.3355
AC-069,94,0.0006,-0.0004,100.0,642.23,1587.91,1407.16,554.38,2388.03,9061.06,47.35,522.02,8138.31,8.4041,392,39.0,23.4327
AC-069,95,0.0039,-0.0005,100.0,642.7,1586.28,1410.86,553.12,2388.04,9064.63,47.34,522.0,8138.9,8.4283,393,38.72,23.314
AC-069,96,-0.0003,-0.0,100.0,642.35,1583.22,1397.91,553.21,2388.09,9065.08,47.35,521.78,8135.88,8.3991,390,38.93,23.2473
AC-069,97,-0.0011,-0.0004,100.0,642.27,1587.87,1406.05,553.68,2388.05,9054.92,47.35,521.8,8140.98,8.3872,393,39.02,23.4463
AC-069,98,0.0001,0.0,100.0,642.71,1582.37,1405.4,553.82,2388.05,9064.27,47.56,521.96,8140.38,8.4307,393,39.08,23.3394
AC-069,99,-0.0006,0.0005,100.0,642.65,1585.79,1402.46,553.89,2388.06,9054.75,47.34,521.93,8139.48,8.4172,391,39.04,23.4417
AC-069,100,-0.0014,0.0003,100.0,642.14,1585.79,1401.43,554.21,2388.12,9061.06,47.39,521.74,8137.73,8.4533,393,38.93,23.3111
AC-069,101,-0.0068,0.0001,100.0,642.26,1589.04,1402.74,554.83,2388.05,9058.42,47.37,522.02,8147.22,8.4682,392,38.83,23.4186
AC-069,102,-0.0031,-0.0002,100.0,642.4,1580.86,1408.9,553.63,2388.1,9053.67,47.4,521.48,8139.01,8.418,392,38.79,23.3209
AC-069,103,-0.0001,-0.0004,100.0,642.82,1590.71,1402.73,554.17,2388.08,9061.15,47.45,522.03,8137.52,8.4634,394,38.96,23.3319
AC-069,104,-0.0051,-0.0001,100.0,641.95,1583.69,1406.33,554.34,2388.09,9063.72,47.55,521.75,8147.21,8.398,394,38.84,23.3785
AC-069,105,-0.001,0.0003,100.0,642.46,1583.49,1401.41,554.13,2388.1,9060.61,47.32,521.4,8137.09,8.4414,393,38.92,23.4095
AC-069,106,0.0004,0.0004,100.0,642.6,1592.78,1405.4,554.08,2388.08,9063.02,47.23,522.03,8142.94,8.437,392,38.87,23.2928
AC-069,107,-0.0009,0.0001,100.0,642.06,1581.32,1403.28,554.18,2388.06,9058.46,47.34,521.55,8138.36,8.4116,393,38.91,23.41
AC-069,108,0.0007,-0.0003,100.0,642.55,1590.72,1403.11,553.81,2388.06,9063.82,47.52,522.02,8136.33,8.3946,393,39.09,23.3653
AC-069,109,0.0003,0.0003,100.0,642.51,1589.1,1402.85,554.03,2388.05,9057.7,47.29,521.86,8139.33,8.4265,392,38.91,23.343
AC-069,110,0.0026,0.0002,100.0,642.21,1589.67,1397.65,554.29,2388.04,9064.99,47.32,521.7,8135.12,8.4482,392,38.86,23.384
AC-069,111,-0.0001,0.0001,100.0,641.98,1594.26,1401.35,554.03,2388.07,9056.52,47.34,521.9,8138.88,8.3717,393,38.78,23.3955
AC-069,112,0.0009,-0.0004,100.0,642.49,1595.04,1407.67,553.85,2388.07,9057.43,47.37,521.55,8135.64,8.4099,392,38.74,23.3357
AC-069,113,-0.0002,-0.0002,100.0,642.88,1588.63,1413.22,553.99,2388.05,9062.7,47.48,522.25,8141.12,8.4156,392,38.88,23.4319
AC-069,114,0.0018,-0.0002,100.0,642.29,1587.98,1406.57,554.17,2388.06,9067.76,47.42,521.68,8140.43,8.4277,392,38.98,23.3578
AC-069,115,-0.004,0.0002,100.0,642.62,1592.14,1403.66,553.28,2388.07,9055.41,47.4,521.99,8138.1,8.3966,394,38.84,23.287
AC-069,116,-0.0043,0.0004,100.0,642.19,1593.04,1401.12,553.7,2388.01,9057.86,47.24,522.27,8139.99,8.4027,392,38.95,23.1733
AC-069,117,-0.0014,0.0001,100.0,642.3,1580.92,1403.44,554.26,2388.07,9067.55,47.39,521.92,8138.35,8.431,392,39.02,23.4317
AC-069,118,-0.0013,0.0002,100.0,642.19,1586.7,1406.53,554.3,2388.08,9062.57,47.44,521.8,8136.39,8.4094,392,38.84,23.3953
AC-069,119,-0.0006,-0.0002,100.0,642.48,1585.14,1405.6,553.64,2388.04,9059.14,47.29,521.67,8139.41,8.435,394,38.74,23.3253
AC-069,120,0.001,0.0004,100.0,642.36,1589.23,1403.27,553.82,2388.08,9064.56,47.45,522.08,8138.57,8.4149,391,38.91,23.2706
AC-069,121,0.0003,-0.0001,100.0,642.49,1586.86,1405.8,553.97,2388.04,9061.73,47.49,521.67,8136.69,8.4424,393,39.08,23.3898
AC-069,122,0.0024,-0.0003,100.0,642.4,1583.9,1395.0,554.47,2388.1,9056.61,47.31,521.71,8136.89,8.4004,394,39.0,23.4376
AC-069,123,-0.0025,-0.0003,100.0,642.28,1591.99,1398.15,554.17,2388.07,9055.32,47.42,521.75,8141.08,8.396,391,38.86,23.3047
AC-069,124,0.0047,0.0005,100.0,642.44,1585.54,1403.35,553.33,2388.06,9062.41,47.43,521.73,8140.77,8.3903,392,38.95,23.2923
AC-069,125,0.0011,0.0003,100.0,642.67,1595.6,1411.5,554.15,2388.04,9045.64,47.55,521.93,8141.66,8.4411,392,38.8,23.446
AC-069,126,-0.0012,-0.0002,100.0,642.12,1592.38,1406.71,553.34,2388.09,9060.42,47.17,521.46,8136.47,8.4184,393,38.81,23.3453
AC-069,127,0.0028,0.0003,100.0,641.65,1587.74,1405.94,554.71,2388.01,9064.82,47.52,522.01,8143.25,8.4416,392,38.9,23.3377
AC-069,128,0.0011,-0.0001,100.0,642.34,1581.24,1399.95,554.57,2388.03,9058.78,47.42,522.02,8135.69,8.436,392,38.83,23.3132
AC-069,129,0.0005,-0.0,100.0,642.33,1586.03,1401.7,552.89,2388.02,9067.43,47.51,521.76,8142.81,8.4059,392,38.96,23.3278
AC-069,130,-0.0041,-0.0002,100.0,642.27,1584.29,1406.42,553.63,2388.07,9061.3,47.5,521.56,8140.92,8.413,394,38.93,23.3508
AC-069,131,-0.0032,0.0004,100.0,642.59,1587.82,1406.68,553.43,2388.1,9054.98,47.38,521.36,8144.04,8.4318,393,38.91,23.3793
AC-069,132,0.0039,0.0005,100.0,642.37,1588.31,1401.39,554.13,2388.04,9058.67,47.24,521.8,8140.99,8.441,392,38.9,23.3596
AC-069,133,0.0011,-0.0002,100.0,642.78,1586.41,1398.01,553.47,2388.11,9061.49,47.4,521.97,8138.4,8.4317,394,38.82,23.3191
AC-069,134,0.0018,0.0002,100.0,642.44,1582.76,1406.13,553.61,2388.07,9061.1,47.29,521.83,8138.51,8.4166,393,38.99,23.3856
AC-069,135,-0.0012,-0.0004,100.0,642.06,1588.63,1402.66,553.91,2388.06,9057.13,47.35,521.93,8138.3,8.4278,391,38.89,23.3185
AC-069,136,-0.0014,-0.0004,100.0,642.47,1588.81,1403.63,554.02,2388.1,9066.77,47.49,521.77,8137.05,8.4118,393,38.87,23.4088
AC-069,137,0.0001,0.0004,100.0,642.4,1586.21,1408.87,553.53,2388.04,9062.31,47.49,521.84,8132.49,8.3908,391,38.89,23.4165
AC-069,138,-0.0042,0.0002,100.0,642.29,1584.91,1402.28,554.16,2388.08,9053.76,47.29,522.26,8140.74,8.4068,394,38.97,23.3071
AC-069,139,-0.0003,0.0002,100.0,642.46,1591.06,1406.82,554.72,2388.0,9054.74,47.2,521.78,8147.73,8.4125,393,38.77,23.3347
AC-069,140,0.0014,0.0005,100.0,642.7,1593.43,1412.94,553.43,2388.1,9060.49,47.56,521.71,8142.8,8.4162,394,38.95,23.2982
AC-069,141,-0.0043,0.0005,100.0,642.88,1583.31,1400.34,553.32,2388.07,9063.73,47.41,521.47,8139.96,8.4476,393,38.81,23.3677
AC-069,142,0.0024,0.0002,100.0,642.42,1586.04,1403.67,553.59,2388.08,9056.86,47.43,521.68,8138.76,8.4405,393,38.78,23.3592
AC-069,143,-0.0007,-0.0002,100.0,642.03,1594.37,1404.07,554.4,2388.07,9056.28,47.4,522.11,8143.27,8.4432,393,39.0,23.3261
AC-069,144,0.001,-0.0002,100.0,642.52,1593.06,1413.04,553.69,2388.09,9062.52,47.27,521.9,8145.42,8.3938,394,38.81,23.3889
AC-069,145,-0.0006,0.0001,100.0,642.65,1588.35,1401.76,554.85,2388.01,9055.84,47.42,522.12,8138.48,8.4415,392,38.95,23.3461
AC-069,146,0.0046,-0.0003,100.0,642.87,1591.29,1400.61,553.8,2388.04,9060.18,47.37,522.41,8138.65,8.4617,392,38.89,23.2719
AC-069,147,0.0,-0.0002,100.0,641.85,1598.39,1404.29,553.28,2388.08,9060.27,47.34,521.11,8138.04,8.413,393,39.02,23.4099
AC-069,148,-0.0008,0.0005,100.0,642.12,1592.47,1408.86,554.29,2388.08,9062.89,47.36,521.37,8139.24,8.4128,394,39.03,23.4103
AC-069,149,0.0,0.0002,100.0,642.44,1585.98,1412.5,553.91,2388.06,9057.85,47.69,521.88,8139.03,8.4555,392,38.65,23.2829
AC-069,150,-0.0041,-0.0001,100.0,641.77,1592.75,1411.43,553.64,2388.06,9064.75,47.53,521.63,8142.82,8.398,392,38.77,23.2324
AC-069,151,0.0026,0.0002,100.0,642.57,1585.42,1406.85,554.12,2388.03,9058.23,47.5,521.81,8141.88,8.431,392,38.79,23.3772
AC-069,152,0.0044,-0.0004,100.0,642.21,1586.79,1407.53,553.96,2388.07,9064.66,47.51,521.45,8137.54,8.4366,392,38.74,23.2671
AC-069,153,0.0006,0.0002,100.0,643.05,1596.96,1402.22,553.95,2388.1,9057.5,47.41,521.67,8139.64,8.4288,393,38.72,23.3215
AC-069,154,0.0004,0.0004,100.0,642.58,1587.36,1396.77,553.9,2388.07,9054.28,47.32,522.09,8136.45,8.4378,392,38.85,23.3733
AC-069,155,0.0013,0.0004,100.0,642.46,1594.33,1403.29,553.89,2388.07,9059.38,47.48,522.21,8138.75,8.4315,393,38.8,23.3146
AC-069,156,0.0043,-0.0005,100.0,642.81,1586.49,1409.77,553.22,2388.05,9048.42,47.47,521.93,8141.24,8.414,391,38.77,23.3228
AC-069,157,0.0018,-0.0005,100.0,642.48,1585.83,1399.0,553.49,2388.13,9054.1,47.32,521.82,8139.99,8.4459,393,38.96,23.2912
AC-069,158,0.0022,-0.0002,100.0,642.56,1595.06,1398.21,554.08,2388.06,9052.65,47.37,521.81,8136.83,8.4165,394,38.89,23.2278
AC-069,159,-0.0011,0.0002,100.0,642.78,1588.47,1403.68,554.27,2388.02,9064.91,47.5,521.45,8140.89,8.4397,394,38.96,23.2551
AC-069,160,-0.0016,0.0001,100.0,642.24,1590.67,1396.04,554.06,2388.09,9055.43,47.5,521.62,8137.14,8.4351,394,38.96,23.2379
AC-069,161,0.0024,0.0005,100.0,642.42,1595.85,1409.82,554.1,2388.06,9063.54,47.36,521.42,8139.61,8.441,393,38.96,23.2825
AC-069,162,0.0003,-0.0,100.0,642.05,1583.95,1402.38,553.54,2388.1,9057.44,47.44,521.07,8138.31,8.4104,392,39.04,23.2663
AC-069,163,-0.0046,-0.0004,100.0,642.96,1587.57,1409.73,553.24,2388.08,9060.43,47.46,521.58,8148.03,8.3988,392,38.81,23.3941
AC-069,164,-0.0004,-0.0005,100.0,642.67,1591.85,1405.05,554.14,2388.09,9053.77,47.38,521.88,8139.52,8.4282,392,38.98,23.1519
AC-069,165,-0.0032,-0.0004,100.0,642.36,1591.17,1401.25,553.25,2388.05,9064.31,47.43,521.49,8137.59,8.4288,393,38.84,23.3278
AC-069,166,-0.0017,-0.0004,100.0,642.58,1590.96,1399.13,553.77,2388.04,9063.92,47.41,521.47,8134.72,8.4164,393,38.68,23.2966
AC-069,167,-0.0027,0.0004,100.0,642.28,1581.27,1413.0,553.82,2388.06,9056.93,47.58,521.17,8139.71,8.4401,393,38.85,23.3718
AC-069,168,-0.0006,-0.0004,100.0,642.32,1584.92,1401.03,553.42,2388.1,9057.47,47.56,521.4,8143.47,8.4079,393,38.86,23.3947
AC-069,169,-0.0008,0.0002,100.0,642.41,1585.61,1400.9,553.25,2388.1,9060.19,47.51,521.85,8142.02,8.4511,392,39.01,23.2624
AC-069,170,-0.0038,-0.0002,100.0,642.29,1582.07,1405.88,554.05,2388.05,9061.58,47.42,521.81,8136.06,8.4019,394,38.82,23.3343
AC-069,171,0.0006,-0.0003,100.0,642.76,1591.34,1407.45,553.83,2388.09,9064.04,47.6,521.4,8139.1,8.4403,393,38.93,23.2422
AC-069,172,0.0041,0.0004,100.0,643.29,1586.69,1408.81,553.56,2388.01,9067.98,47.62,522.16,8133.68,8.4187,392,39.03,23.2194
AC-069,173,-0.0021,0.0001,100.0,641.98,1580.64,1413.89,553.7,2388.05,9059.73,47.55,521.71,8131.62,8.4332,392,38.7,23.335
AC-069,174,-0.0017,0.0002,100.0,642.81,1591.47,1404.95,553.83,2388.06,9057.14,47.34,521.89,8138.36,8.3995,394,38.98,23.2556
AC-069,175,-0.0006,-0.0001,100.0,642.48,1594.34,1400.93,554.57,2388.02,9058.3,47.4,521.84,8136.22,8.4064,393,38.96,23.3449
AC-069,176,-0.0006,0.0003,100.0,642.72,1586.34,1410.49,552.87,2388.09,9057.56,47.49,522.12,8140.52,8.4304,394,39.07,23.2939
AC-069,177,-0.0067,0.0002,100.0,642.93,1590.22,1404.51,554.13,2388.11,9073.87,47.44,521.71,8141.83,8.3935,393,38.83,23.4259
AC-069,178,-0.0035,0.0003,100.0,642.36,1586.24,1410.05,554.46,2388.09,9054.18,47.59,521.87,8141.79,8.4351,393,38.79,23.3799
AC-069,179,0.0019,-0.0001,100.0,642.79,1586.02,1406.63,553.59,2388.09,9054.26,47.51,521.73,8145.59,8.4331,393,38.91,23.3296
AC-069,180,0.0029,0.0,100.0,642.73,1587.25,1405.21,553.72,2388.07,9061.63,47.42,521.63,8143.42,8.4129,393,38.75,23.365
AC-069,181,0.0019,0.0,100.0,642.73,1589.07,1404.86,554.0,2388.09,9060.61,47.59,521.39,8136.19,8.4084,392,38.8,23.3663
AC-069,182,0.0009,-0.0004,100.0,642.4,1589.78,1407.05,553.12,2388.08,9060.83,47.29,522.14,8133.93,8.4335,393,39.03,23.3038
AC-069,183,0.0017,-0.0001,100.0,642.58,1589.58,1411.02,554.45,2388.11,9057.41,47.47,521.82,8135.78,8.4152,393,38.83,23.3566
AC-069,184,-0.0016,0.0002,100.0,642.72,1584.7,1404.79,554.19,2388.1,9064.39,47.36,521.85,8138.3,8.4312,393,39.01,23.3585
AC-069,185,0.0017,-0.0005,100.0,642.33,1580.72,1404.39,553.99,2388.12,9061.07,47.49,521.18,8146.7,8.4405,394,38.83,23.4062
AC-069,186,-0.0002,-0.0001,100.0,642.35,1588.05,1404.29,554.19,2388.08,9056.96,47.44,521.36,8141.93,8.4282,393,38.88,23.3461
AC-069,187,0.0032,0.0004,100.0,642.55,1594.73,1408.24,553.66,2388.03,9060.78,47.45,521.04,8142.1,8.452,394,38.99,23.2977
AC-069,188,0.0003,0.0005,100.0,642.99,1592.52,1408.25,553.4,2388.06,9057.77,47.34,521.79,8143.49,8.4284,395,38.84,23.2455
AC-069,189,-0.0011,0.0002,100.0,643.06,1586.8,1412.01,554.12,2388.07,9055.54,47.5,521.5,8140.36,8.4388,393,38.9,23.283
AC-069,190,-0.0014,-0.0004,100.0,642.41,1589.14,1408.3,553.27,2388.09,9061.44,47.5,521.29,8137.86,8.3895,391,38.78,23.3642
AC-069,191,0.0003,0.0005,100.0,643.01,1590.69,1399.54,553.42,2388.09,9067.96,47.55,521.6,8142.5,8.4746,392,38.95,23.2709
AC-069,192,-0.0,-0.0004,100.0,642.54,1590.74,1417.58,553.43,2388.12,9056.73,47.58,521.5,8138.4,8.4482,393,38.89,23.3725
AC-069,193,0.0056,-0.0002,100.0,642.37,1584.5,1404.16,553.38,2388.09,9068.3,47.6,521.16,8142.57,8.408,393,38.71,23.4194
AC-069,194,-0.0024,0.0001,100.0,642.48,1589.97,1405.74,553.67,2388.09,9057.1,47.51,521.52,8139.46,8.4701,390,38.72,23.2788
AC-069,195,0.0045,0.0004,100.0,642.53,1581.85,1411.09,553.42,2388.1,9059.4,47.36,521.72,8138.02,8.4077,393,38.89,23.3483
AC-069,196,-0.0001,0.0004,100.0,642.52,1583.0,1410.31,553.48,2388.05,9058.36,47.52,521.84,8133.55,8.4325,392,38.91,23.3371
AC-069,197,-0.0033,0.0004,100.0,643.04,1590.52,1405.28,553.73,2388.12,9060.98,47.47,521.23,8137.19,8.4257,393,38.8,23.3436
AC-069,198,0.0003,-0.0004,100.0,643.42,1589.05,1406.08,553.72,2388.12,9054.0,47.59,521.76,8142.97,8.4789,395,38.7,23.2793
AC-069,199,-0.0015,0.0004,100.0,642.32,1590.5,1410.85,553.74,2388.11,9060.37,47.41,521.74,8137.87,8.4371,394,38.65,23.2833
AC-069,200,-0.0022,-0.0003,100.0,642.36,1594.24,1411.26,553.71,2388.09,9059.77,47.44,521.23,8138.35,8.4361,392,38.83,23.3719
AC-069,201,-0.0026,0.0003,100.0,642.11,1585.17,1411.1,554.21,2388.08,9062.36,47.43,522.0,8140.08,8.4379,393,38.97,23.1592
AC-069,202,0.0011,0.0005,100.0,642.4,1589.09,1405.16,553.19,2388.08,9058.32,47.39,521.11,8140.92,8.4433,393,38.99,23.3581
AC-069,203,0.0008,-0.0004,100.0,642.64,1590.68,1405.86,553.84,2388.09,9058.26,47.62,521.68,8142.09,8.4446,393,38.73,23.2357
AC-069,204,0.002,0.0004,100.0,642.45,1590.63,1404.61,553.03,2388.11,9058.21,47.39,521.45,8136.65,8.4173,394,38.76,23.29
AC-069,205,-0.0016,0.0001,100.0,642.66,1591.27,1398.64,552.91,2388.14,9063.49,47.45,521.8,8140.2,8.417,394,38.78,23.3015
AC-069,206,-0.0014,0.0,100.0,642.11,1592.25,1406.51,553.69,2388.09,9062.32,47.37,522.12,8138.66,8.4326,393,38.83,23.4201
AC-069,207,0.0008,-0.0003,100.0,642.93,1586.6,1414.13,552.94,2388.08,9055.54,47.46,521.42,8138.15,8.4317,393,38.96,23.3067
AC-069,208,-0.0045,-0.0004,100.0,642.22,1595.37,1401.92,553.21,2388.15,9058.25,47.71,520.74,8138.57,8.465,394,38.94,23.3366
AC-069,209,-0.0006,-0.0002,100.0,642.79,1585.13,1405.09,553.82,2388.1,9064.99,47.62,521.19,8137.47,8.4505,393,38.75,23.2816
AC-069,210,-0.0012,0.0004,100.0,641.96,1592.77,1412.28,552.73,2388.06,9054.64,47.51,521.5,8141.23,8.4207,395,38.9,23.2935
AC-069,211,-0.0054,-0.0,100.0,642.34,1586.1,1411.83,553.42,2388.1,9059.54,47.56,521.65,8137.9,8.4207,393,38.86,23.2444
AC-069,212,-0.002,-0.0002,100.0,642.56,1591.05,1407.28,553.53,2388.12,9058.19,47.57,521.39,8141.21,8.4573,392,38.83,23.1772
AC-069,213,-0.0018,0.0002,100.0,642.62,1592.97,1413.59,553.37,2388.07,9061.76,47.48,521.89,8138.8,8.4099,392,38.73,23.3145
AC-069,214,0.004,-0.0004,100.0,642.71,1596.93,1410.32,553.62,2388.11,9059.47,47.38,521.56,8142.6,8.4249,392,38.78,23.1653
AC-069,215,0.0006,-0.0,100.0,643.41,1592.08,1406.78,554.35,2388.09,9066.61,47.52,521.15,8144.37,8.4344,394,38.93,23.2589
AC-069,216,-0.0018,-0.0003,100.0,643.03,1586.26,1412.69,553.51,2388.04,9064.46,47.41,521.74,8138.1,8.4403,394,38.79,23.3786
AC-069,217,-0.0023,-0.0001,100.0,642.95,1587.59,1402.82,554.38,2388.12,9064.84,47.69,520.94,8134.92,8.4358,395,38.88,23.3194
AC-069,218,0.0001,-0.0,100.0,642.65,1595.54,1404.21,553.8,2388.08,9057.04,47.57,521.15,8136.59,8.4205,393,38.8,23.4098
AC-069,219,-0.002,0.0005,100.0,642.43,1590.21,1403.66,553.22,2388.09,9057.76,47.54,521.67,8139.79,8.417,393,38.83,23.255
AC-069,220,0.0011,0.0004,100.0,642.68,1593.69,1405.96,553.04,2388.11,9053.83,47.58,521.67,8140.07,8.4244,392,38.76,23.256
AC-069,221,0.004,0.0004,100.0,642.5,1598.19,1413.78,553.99,2388.13,9060.82,47.46,521.2,8136.46,8.4365,393,38.81,23.3671
AC-069,222,0.0054,-0.0001,100.0,642.42,1586.47,1399.52,552.81,2388.16,9065.32,47.48,521.71,8138.35,8.4262,393,38.82,23.3398
AC-069,223,0.0001,-0.0003,100.0,643.53,1588.05,1402.8,552.81,2388.14,9060.12,47.56,520.66,8133.36,8.4328,393,38.89,23.2713
AC-069,224,-0.001,-0.0,100.0,642.71,1590.1,1398.4,553.33,2388.08,9060.88,47.44,521.12,8140.54,8.4278,393,38.95,23.3484
AC-069,225,-0.001,0.0003,100.0,642.75,1589.34,1409.54,553.46,2388.11,9058.58,47.52,521.17,8136.21,8.4323,392,39.13,23.2948
AC-069,226,0.0016,-0.0002,100.0,642.81,1589.05,1403.88,552.91,2388.12,9056.7,47.55,521.93,8145.45,8.4436,392,38.78,23.3362
AC-069,227,-0.0021,0.0005,100.0,642.27,1585.04,1408.38,553.06,2388.07,9062.23,47.57,521.34,8141.09,8.4225,392,39.05,23.2655
AC-069,228,-0.0018,-0.0001,100.0,642.22,1586.72,1411.47,553.77,2388.09,9057.73,47.43,520.71,8137.2,8.427,394,38.92,23.3789
AC-069,229,-0.0003,-0.0003,100.0,642.48,1592.42,1414.32,553.04,2388.11,9061.86,47.61,521.8,8140.37,8.4574,393,38.8,23.3666
AC-069,230,-0.0003,-0.0005,100.0,642.56,1591.18,1404.0,553.31,2388.09,9060.88,47.49,522.18,8134.19,8.449,392,38.78,23.3486
AC-069,231,-0.0035,-0.0004,100.0,642.87,1594.94,1416.59,553.37,2388.09,9057.56,47.65,521.17,8133.77,8.4451,393,38.55,23.2866
AC-069,232,-0.0006,-0.0002,100.0,642.92,1589.88,1403.38,553.66,2388.12,9059.72,47.54,521.55,8135.2,8.4359,392,38.76,23.2917
AC-069,233,0.0013,0.0002,100.0,642.58,1588.64,1414.12,553.65,2388.13,9061.74,47.62,521.17,8138.87,8.41,392,38.77,23.2885
AC-069,234,0.0007,0.0001,100.0,641.98,1589.61,1417.7,553.1,2388.12,9058.65,47.66,521.84,8139.82,8.4399,393,38.75,23.3461
AC-069,235,-0.0009,-0.0003,100.0,642.79,1595.12,1411.79,553.74,2388.14,9060.02,47.41,521.62,8135.58,8.4551,393,38.65,23.0768
AC-069,236,0.0009,0.0002,100.0,643.06,1590.61,1410.52,553.59,2388.12,9055.45,47.39,521.28,8140.52,8.4341,392,38.82,23.3892
AC-069,237,-0.0045,0.0002,100.0,642.35,1585.43,1415.45,553.06,2388.11,9062.26,47.69,521.36,8133.31,8.4308,391,38.81,23.3268
AC-069,238,-0.002,0.0004,100.0,642.23,1589.67,1407.89,553.43,2388.1,9062.04,47.54,521.38,8138.2,8.4211,392,38.9,23.3657
AC-069,239,-0.0016,0.0005,100.0,643.18,1581.22,1406.81,552.88,2388.11,9063.76,47.59,521.26,8138.4,8.4704,391,38.77,23.2965
AC-069,240,-0.0011,0.0003,100.0,642.98,1592.27,1414.69,552.91,2388.14,9061.96,47.72,522.0,8140.53,8.4928,393,38.76,23.247
AC-069,241,-0.0008,-0.0004,100.0,643.02,1594.17,1408.21,553.16,2388.11,9060.72,47.68,521.56,8136.94,8.4609,392,38.91,23.2709
AC-069,242,0.005,0.0004,100.0,642.74,1589.7,1411.08,553.33,2388.11,9054.18,47.57,521.37,8138.45,8.4639,393,38.61,23.3315
AC-069,243,0.0033,0.0005,100.0,642.31,1588.43,1408.73,553.39,2388.08,9060.8,47.49,521.15,8139.52,8.456,392,38.77,23.1342
AC-069,244,-0.0009,0.0005,100.0,643.11,1587.59,1411.38,553.17,2388.15,9058.03,47.5,521.69,8139.78,8.4233,392,38.71,23.3112
AC-069,245,-0.0001,0.0,100.0,642.34,1584.83,1408.43,553.51,2388.11,9057.66,47.55,521.29,8132.6,8.4538,394,38.83,23.2002
AC-069,246,0.0024,0.0002,100.0,643.14,1592.93,1412.71,552.57,2388.17,9063.7,47.51,521.96,8139.81,8.4663,395,38.81,23.2853
AC-069,247,-0.0015,-0.0002,100.0,642.61,1592.12,1409.07,553.32,2388.11,9052.05,47.56,521.09,8132.31,8.4327,394,38.67,23.2619
AC-069,248,-0.0018,0.0005,100.0,642.73,1591.72,1416.02,553.61,2388.11,9058.55,47.63,521.42,8142.71,8.4378,393,38.87,23.3237
AC-069,249,-0.0007,0.0003,100.0,642.47,1596.07,1412.61,553.66,2388.08,9061.25,47.55,520.73,8137.53,8.4117,392,38.84,23.3233
AC-069,250,0.0023,-0.0002,100.0,642.52,1589.89,1410.27,553.91,2388.12,9059.02,47.71,521.26,8140.06,8.4307,393,38.68,23.2461
AC-069,251,0.0016,0.0003,100.0,642.33,1592.05,1410.23,553.41,2388.09,9059.4,47.35,520.61,8135.89,8.495,392,38.96,23.1695
AC-069,252,0.0007,-0.0001,100.0,643.18,1594.4,1406.82,553.54,2388.06,9056.35,47.53,520.49,8137.45,8.4417,394,38.62,23.235
AC-069,253,-0.0008,0.0003,100.0,643.12,1592.17,1410.92,553.01,2388.15,9058.43,47.58,521.15,8138.2,8.4807,395,38.84,23.271
AC-069,254,0.0024,0.0003,100.0,642.95,1591.72,1416.17,552.84,2388.12,9063.93,47.5,520.94,8139.93,8.4403,394,38.77,23.2698
AC-069,255,0.005,0.0002,100.0,642.37,1587.85,1420.35,552.86,2388.07,9063.92,47.55,521.57,8131.61,8.4992,395,38.78,23.3193
AC-069,256,-0.0009,0.0002,100.0,642.7,1589.31,1414.76,553.42,2388.11,9061.47,47.82,521.66,8139.57,8.4537,394,38.76,23.2914
AC-069,257,-0.0022,-0.0001,100.0,643.26,1589.79,1412.35,552.61,2388.16,9053.88,47.65,521.26,8133.35,8.4723,393,38.77,23.2221
AC-069,258,-0.0019,-0.0001,100.0,642.72,1589.38,1419.15,554.01,2388.13,9060.94,47.6,521.2,8141.03,8.4715,394,38.83,23.2437
AC-069,259,0.002,-0.0003,100.0,642.33,1590.4,1418.05,552.6,2388.12,9053.82,47.59,520.31,8136.45,8.4675,394,38.78,23.2203
AC-069,260,0.0039,-0.0003,100.0,642.32,1588.34,1413.35,553.39,2388.09,9057.4,47.69,521.07,8136.38,8.4394,394,38.57,23.3901
AC-069,261,0.0002,-0.0002,100.0,642.55,1587.98,1409.19,553.46,2388.12,9068.19,47.44,521.74,8133.52,8.443,393,38.61,23.198
AC-069,262,-0.0014,-0.0001,100.0,642.48,1589.2,1416.58,552.9,2388.15,9061.6,47.51,521.52,8142.83,8.4351,394,38.7,23.2629
AC-069,263,-0.0017,-0.0002,100.0,642.7,1590.85,1405.98,552.91,2388.14,9057.04,47.69,521.52,8136.82,8.4744,394,38.92,23.2025
AC-069,264,-0.0019,-0.0004,100.0,642.98,1591.98,1414.06,553.76,2388.17,9062.05,47.78,520.71,8140.25,8.4589,392,38.74,23.2364
AC-069,265,-0.0025,0.0005,100.0,642.93,1590.06,1414.15,552.48,2388.12,9064.72,47.73,521.24,8136.75,8.4309,393,38.74,23.3176
AC-069,266,0.0009,0.0004,100.0,643.25,1591.95,1409.95,553.24,2388.09,9060.73,47.82,521.68,8136.94,8.4504,393,38.88,23.3357
AC-069,267,-0.0004,0.0004,100.0,642.95,1594.27,1415.54,552.85,2388.2,9054.96,47.69,521.14,8133.44,8.4612,393,38.77,23.243
AC-069,268,-0.0004,0.0001,100.0,643.11,1591.97,1404.21,553.04,2388.1,9067.07,47.62,520.92,8137.64,8.474,393,38.7,23.3324
AC-069,269,0.0039,0.0001,100.0,642.85,1589.58,1410.36,553.43,2388.14,9066.16,47.6,521.31,8142.85,8.4442,393,38.58,23.2596
AC-069,270,0.0048,0.0001,100.0,642.74,1596.66,1413.2,551.88,2388.14,9055.72,47.51,520.92,8133.16,8.4631,395,38.66,23.1488
AC-069,271,-0.0009,-0.0002,100.0,642.75,1599.68,1409.69,552.63,2388.12,9054.35,47.53,520.86,8130.84,8.4516,392,38.6,23.2817
AC-069,272,-0.0016,0.0004,100.0,643.02,1592.28,1420.53,552.87,2388.18,9064.04,47.84,520.9,8138.38,8.4329,393,38.7,23.3502
AC-069,273,0.0006,-0.0002,100.0,642.67,1595.9,1412.36,553.56,2388.08,9060.88,47.56,521.03,8137.43,8.4907,393,38.68,23.2731
AC-069,274,-0.0013,0.0002,100.0,642.52,1600.44,1411.3,552.28,2388.16,9051.55,47.65,520.49,8136.55,8.4082,394,38.93,23.3377
AC-069,275,-0.0014,-0.0004,100.0,643.52,1587.82,1408.05,552.55,2388.13,9058.76,47.82,521.2,8137.13,8.4688,393,38.64,23.286
AC-069,276,0.0015,0.0003,100.0,642.5,1594.59,1413.63,553.37,2388.16,9054.96,47.77,520.57,8141.67,8.4285,395,38.46,23.277
AC-069,277,-0.0047,0.0001,100.0,643.17,1598.01,1418.37,553.52,2388.14,9059.68,47.92,520.73,8139.72,8.4511,395,38.69,23.314
AC-069,278,-0.0053,-0.0,100.0,642.47,1587.57,1412.32,552.3,2388.16,9055.99,47.65,520.82,8137.09,8.4519,395,38.78,23.3003
AC-069,279,-0.0002,0.0002,100.0,643.18,1594.44,1423.04,553.04,2388.1,9052.98,47.73,520.93,8135.56,8.4807,394,38.81,23.2965
AC-069,280,0.0015,0.0003,100.0,642.86,1596.39,1414.99,552.9,2388.15,9054.87,47.76,521.33,8129.74,8.4591,393,38.95,23.2538
AC-069,281,-0.0008,0.0004,100.0,642.79,1590.53,1410.25,552.84,2388.12,9054.69,47.7,520.85,8137.83,8.45,394,38.77,23.2109
AC-069,282,0.0009,0.0005,100.0,643.01,1589.02,1413.74,553.31,2388.17,9061.8,47.85,520.94,8127.35,8.4242,395,38.81,23.3019
AC-069,283,0.0023,0.0001,100.0,642.79,1588.62,1419.46,553.05,2388.15,9054.5,47.53,521.15,8136.91,8.4786,394,38.66,23.2786
AC-069,284,0.0022,-0.0003,100.0,643.24,1591.6,1422.47,552.82,2388.09,9056.96,47.67,521.21,8136.03,8.4846,393,38.81,23.2393
AC-069,285,-0.0003,0.0004,100.0,642.97,1596.03,1419.53,552.52,2388.18,9056.69,47.71,520.74,8133.16,8.4478,393,38.68,23.3086
AC-069,286,0.0027,-0.0,100.0,642.95,1599.22,1417.14,553.18,2388.15,9062.96,47.66,520.43,8132.98,8.4842,394,38.78,23.2925
AC-069,287,0.0011,0.0003,100.0,642.87,1598.24,1415.16,553.36,2388.15,9053.34,47.93,519.97,8133.99,8.4412,394,38.84,23.2688
AC-069,288,0.0074,0.0002,100.0,643.29,1594.47,1415.36,552.61,2388.14,9065.16,47.77,521.01,8132.56,8.5204,395,38.58,23.2277
AC-069,289,-0.0014,-0.0001,100.0,642.48,1591.49,1416.28,553.29,2388.11,9057.55,47.54,520.71,8130.56,8.4815,393,38.68,23.2397
AC-069,290,-0.0009,0.0005,100.0,643.08,1591.32,1414.42,552.88,2388.13,9055.9,47.57,520.8,8139.26,8.4251,395,38.67,23.1954
AC-069,291,-0.0031,0.0,100.0,643.35,1587.86,1410.72,552.4,2388.12,9066.84,47.97,521.14,8136.83,8.5041,395,38.75,23.1855
AC-069,292,0.0023,0.0004,100.0,642.88,1591.47,1414.13,552.84,2388.18,9060.38,47.94,520.61,8133.37,8.4937,392,38.64,23.2471
AC-069,293,0.0004,-0.0,100.0,643.2,1596.1,1419.82,552.53,2388.19,9062.31,47.8,521.53,8138.41,8.4634,395,38.69,23.2599
AC-069,294,0.0005,-0.0002,100.0,642.83,1590.05,1421.63,551.75,2388.18,9055.71,47.82,520.79,8135.49,8.468,394,38.47,23.1765
AC-069,295,0.0026,0.0004,100.0,642.99,1594.49,1418.43,552.2,2388.11,9063.23,47.77,520.82,8138.47,8.4499,394,38.95,23.1465
AC-069,296,0.0028,0.0004,100.0,642.58,1595.72,1416.09,551.89,2388.16,9064.71,47.6,520.39,8136.22,8.4666,395,38.69,23.2406
AC-069,297,-0.0011,-0.0,100.0,643.2,1599.98,1411.91,552.74,2388.16,9059.59,47.72,520.52,8137.7,8.4373,394,38.69,23.268
AC-069,298,0.0014,-0.0004,100.0,643.0,1594.5,1411.95,552.42,2388.2,9067.58,47.81,520.18,8130.5,8.4716,394,38.77,23.2359
AC-069,299,0.0021,0.0004,100.0,642.7,1597.84,1411.96,552.27,2388.19,9059.08,47.77,520.74,8137.73,8.5009,393,38.51,23.0842
AC-069,300,0.0014,-0.0004,100.0,643.19,1590.34,1423.67,552.74,2388.19,9057.01,47.65,520.55,8137.03,8.4638,395,38.67,23.2047
AC-069,301,-0.0017,0.0001,100.0,642.89,1592.73,1413.19,552.29,2388.19,9056.62,47.79,521.11,8139.74,8.4776,393,38.66,23.256
AC-069,302,0.0009,0.0001,100.0,642.92,1602.26,1415.1,552.27,2388.22,9055.55,47.96,520.93,8129.69,8.4525,394,38.59,23.2222
AC-069,303,0.0013,-0.0002,100.0,643.41,1598.23,1415.44,552.35,2388.16,9057.84,47.74,520.7,8135.87,8.4842,396,38.66,23.2698
AC-069,304,-0.0011,-0.0002,100.0,642.98,1594.42,1420.09,551.97,2388.17,9056.32,47.71,521.03,8137.34,8.4851,395,38.7,23.1334
AC-069,305,-0.0043,0.0,100.0,642.72,1594.9,1413.84,552.85,2388.2,9056.2,47.66,520.27,8138.52,8.471,394,38.9,23.1881
AC-069,306,-0.0028,-0.0004,100.0,642.81,1595.53,1422.08,552.04,2388.18,9063.73,47.78,520.48,8137.07,8.4567,395,38.76,23.1381
AC-069,307,-0.0038,-0.0002,100.0,642.4,1593.46,1412.92,552.9,2388.18,9063.79,47.78,521.11,8138.92,8.4455,394,38.63,23.1885
AC-069,308,0.0047,0.0005,100.0,643.09,1596.09,1424.03,552.74,2388.22,9062.43,47.75,520.81,8137.62,8.4338,394,38.63,23.1685
AC-069,309,0.0011,-0.0003,100.0,643.23,1593.02,1424.59,552.13,2388.17,9058.15,47.8,520.4,8135.64,8.4759,394,38.61,23.1986
AC-069,310,-0.0019,0.0002,100.0,643.2,1588.64,1413.82,552.72,2388.13,9063.86,47.82,520.78,8136.18,8.4977,393,38.71,23.109
AC-069,311,0.0021,-0.0001,100.0,643.08,1602.82,1417.41,552.62,2388.18,9056.16,47.85,520.15,8134.99,8.4551,394,38.69,23.2569
AC-069,312,0.003,-0.0004,100.0,643.8,1597.02,1418.39,551.97,2388.19,9057.76,47.94,520.06,8132.42,8.4981,395,38.44,23.1333
AC-069,313,0.0003,-0.0004,100.0,643.07,1602.16,1415.37,552.28,2388.16,9056.99,47.89,520.82,8134.18,8.5059,397,38.74,23.0978
AC-069,314,-0.005,0.0005,100.0,643.05,1595.21,1413.3,552.05,2388.16,9055.56,47.86,520.74,8132.48,8.4518,396,38.39,23.1191
AC-069,315,-0.001,0.0003,100.0,643.4,1589.26,1424.92,551.8,2388.21,9059.47,48.03,520.32,8134.5,8.4753,396,38.63,23.2057
AC-069,316,0.0004,0.0005,100.0,643.12,1590.91,1427.92,553.08,2388.17,9063.18,47.86,520.29,8133.84,8.4529,394,38.64,23.1094
AC-069,317,0.0009,-0.0004,100.0,642.69,1597.26,1414.16,552.52,2388.22,9058.78,47.77,520.29,8133.06,8.5107,395,38.82,23.1902
AC-069,318,-0.0014,-0.0003,100.0,643.25,1595.83,1423.28,552.13,2388.19,9056.97,47.8,520.36,8132.53,8.4785,395,38.71,23.217
AC-069,319,0.0003,-0.0004,100.0,642.96,1589.9,1421.58,551.65,2388.19,9053.25,47.78,520.19,8132.2,8.4892,394,38.56,23.1607
AC-069,320,-0.0008,0.0004,100.0,642.88,1590.42,1424.72,552.07,2388.25,9058.56,47.8,520.85,8131.28,8.4977,396,38.59,23.1286
AC-069,321,0.0019,-0.0,100.0,643.15,1596.85,1417.1,551.76,2388.2,9058.79,47.95,520.35,8136.37,8.475,395,38.36,23.1633
AC-069,322,0.0015,0.0002,100.0,642.8,1594.64,1418.6,551.95,2388.18,9047.71,48.16,520.31,8132.64,8.5135,395,38.67,23.178
AC-069,323,-0.0007,0.0002,100.0,643.62,1594.96,1424.02,551.92,2388.26,9054.97,47.95,520.7,8134.63,8.5086,395,38.66,23.1136
AC-069,324,0.0024,0.0005,100.0,643.53,1601.73,1418.32,551.91,2388.23,9057.5,48.0,520.19,8131.95,8.481,395,38.52,23.1942
AC-069,325,-0.0006,-0.0002,100.0,643.22,1590.55,1417.65,552.11,2388.16,9061.77,47.84,520.46,8135.71,8.5068,396,38.63,23.2539
AC-069,326,0.0004,-0.0003,100.0,643.35,1593.28,1421.79,551.84,2388.25,9058.01,47.9,520.54,8134.76,8.5149,397,38.57,23.1198
AC-069,327,0.0033,0.0002,100.0,643.01,1600.45,1424.25,552.3,2388.2,9063.22,47.87,520.13,8129.9,8.4909,394,38.5,23.1358
AC-069,328,0.0004,-0.0001,100.0,643.38,1597.37,1425.58,552.46,2388.18,9060.35,47.84,519.99,8135.29,8.4578,395,38.62,23.0971
AC-069,329,0.0022,-0.0001,100.0,643.1,1598.81,1426.96,551.79,2388.18,9056.36,48.04,520.5,8135.63,8.5046,393,38.53,23.1994
AC-069,330,0.001,0.0003,100.0,643.34,1599.07,1428.11,551.86,2388.23,9064.14,47.81,520.08,8137.72,8.5013,396,38.52,23.2652
AC-069,331,-0.0014,0.0005,100.0,643.28,1591.95,1431.51,552.15,2388.2,9064.84,47.89,520.63,8133.73,8.4914,393,38.62,23.128
AC-069,332,0.0017,0.0004,100.0,643.25,1602.31,1425.43,551.19,2388.22,9052.3,47.98,520.17,8133.4,8.4862,395,38.54,23.0229
AC-069,333,0.0029,0.0003,100.0,642.84,1592.72,1423.86,551.7,2388.22,9060.89,48.06,520.14,8136.27,8.4899,396,38.56,23.0886
AC-069,334,0.0029,0.0002,100.0,644.16,1602.95,1423.27,552.1,2388.2,9045.19,48.06,519.8,8132.1,8.4869,395,38.52,23.1171
AC-069,335,-0.0,0.0003,100.0,643.17,1592.32,1421.65,551.66,2388.23,9062.78,47.94,520.47,8135.78,8.4707,396,38.64,23.2003
AC-069,336,0.0013,-0.0003,100.0,644.19,1604.62,1427.29,551.7,2388.26,9051.64,47.97,520.64,8129.35,8.5022,395,38.68,23.1434
AC-069,337,-0.0054,-0.0004,100.0,643.85,1597.91,1422.25,552.13,2388.27,9058.21,47.9,520.2,8133.44,8.4705,394,38.44,23.2252
AC-069,338,0.0022,0.0002,100.0,643.59,1599.31,1423.03,552.64,2388.25,9058.88,48.08,519.55,8130.13,8.4991,395,38.42,23.0883
AC-069,339,-0.0,-0.0004,100.0,643.77,1589.96,1419.72,552.35,2388.27,9052.69,48.02,520.44,8136.71,8.4823,395,38.34,23.128
AC-069,340,-0.0047,-0.0001,100.0,643.45,1589.69,1422.42,551.01,2388.26,9059.05,48.16,519.87,8128.67,8.4924,397,38.49,23.0744
AC-069,341,-0.0006,-0.0003,100.0,643.11,1599.62,1416.4,551.9,2388.22,9054.92,48.27,519.99,8135.79,8.5267,395,38.47,23.0902
AC-069,342,-0.0012,-0.0003,100.0,642.68,1597.54,1423.81,551.05,2388.22,9064.75,48.23,519.71,8130.43,8.5047,395,38.46,23.1672
AC-069,343,-0.0012,0.0005,100.0,644.11,1604.22,1424.69,551.72,2388.24,9060.21,47.89,519.92,8131.95,8.4996,396,38.66,23.0685
AC-069,344,-0.0031,0.0003,100.0,643.52,1596.48,1422.5,551.89,2388.2,9051.62,48.09,520.02,8129.23,8.5404,396,38.54,23.0243
AC-069,345,0.0003,0.0002,100.0,643.97,1607.97,1426.21,551.35,2388.28,9059.46,48.08,519.47,8128.13,8.5109,397,38.59,23.1089
AC-069,346,0.0022,-0.0,100.0,643.91,1598.91,1427.02,551.71,2388.22,9051.77,47.91,519.92,8130.69,8.5419,396,38.43,23.1419
AC-069,347,-0.0031,0.0002,100.0,643.71,1602.48,1431.4,551.77,2388.22,9062.12,48.11,520.15,8129.63,8.5209,394,38.65,23.0814
AC-069,348,0.0006,-0.0003,100.0,643.45,1599.49,1427.13,551.18,2388.29,9045.07,48.23,520.11,8132.81,8.5353,395,38.45,23.1088
AC-069,349,-0.0001,0.0004,100.0,643.34,1594.56,1428.26,551.64,2388.25,9060.96,47.95,520.02,8132.11,8.5139,396,38.43,23.1692
AC-069,350,0.0023,0.0005,100.0,643.64,1601.57,1422.02,551.05,2388.27,9055.54,48.1,519.95,8133.12,8.5011,395,38.34,23.0312
AC-069,351,-0.0013,-0.0,100.0,643.18,1595.07,1433.34,551.12,2388.26,9052.0,48.25,519.75,8134.02,8.5193,396,38.42,23.1454
AC-069,352,-0.0025,-0.0001,100.0,643.59,1593.9,1422.75,551.98,2388.29,9058.81,48.04,519.2,8125.82,8.5017,396,38.6,23.1241
AC-069,353,0.0028,-0.0001,100.0,643.73,1598.88,1425.36,551.97,2388.25,9056.35,47.93,519.74,8135.64,8.538,396,38.44,23.1361
AC-069,354,0.0015,0.0001,100.0,643.66,1606.28,1430.15,550.34,2388.25,9057.35,48.16,519.84,8134.22,8.5193,394,38.3,23.0443
AC-069,355,0.0011,0.0002,100.0,643.34,1593.05,1425.27,551.62,2388.24,9055.71,48.24,519.99,8132.12,8.5279,395,38.5,22.9635
AC-069,356,0.0021,-0.0,100.0,643.19,1605.11,1428.43,551.02,2388.25,9056.07,48.12,519.85,8133.55,8.5208,396,38.43,23.0768
AC-069,357,0.0006,0.0002,100.0,643.86,1601.8,1428.18,550.53,2388.25,9062.01,48.3,519.58,8128.06,8.5572,396,38.56,23.1233
AC-069,358,0.004,-0.0002,100.0,643.74,1609.53,1428.26,551.6,2388.2,9053.75,48.28,520.31,8129.59,8.546,397,38.53,23.0549
AC-069,359,0.0013,0.0003,100.0,643.46,1603.83,1429.82,551.62,2388.28,9056.81,48.13,519.86,8131.2,8.5116,396,38.28,23.061
AC-069,360,0.0004,-0.0001,100.0,643.97,1597.75,1428.85,551.32,2388.31,9058.88,48.14,518.69,8126.63,8.5059,396,38.47,23.0422
AC-069,361,0.0016,-0.0002,100.0,643.65,1603.5,1433.95,551.13,2388.29,9055.52,48.09,520.48,8132.97,8.527,396,38.52,23.1208
AC-069,362,0.0007,-0.0,100.0,643.75,1598.16,1428.28,551.55,2388.31,9054.19,48.02,519.12,8124.27,8.5126,397,38.42,22.9782
AC-075,1,-0.0002,0.0004,100.0,642.1,1590.06,1404.45,553.69,2388.1,9045.13,47.64,521.34,8122.59,8.4538,392,38.98,23.2272
AC-075,2,0.0012,-0.0003,100.0,642.5,1591.85,1401.76,553.59,2388.13,9039.86,47.45,521.96,8122.2,8.4161,391,38.89,23.195
AC-075,3,0.0008,-0.0002,100.0,642.62,1591.86,1404.45,553.74,2388.03,9042.85,47.6,521.15,8123.89,8.4266,391,38.89,23.2593
AC-075,4,0.0016,-0.0005,100.0,642.49,1593.67,1402.91,553.05,2388.15,9049.66,47.58,521.27,8127.27,8.4439,393,38.87,23.3074
AC-075,5,0.0019,0.0003,100.0,642.69,1584.46,1408.21,553.73,2388.16,9041.92,47.32,521.95,8124.15,8.4267,393,38.67,23.3825
AC-075,6,-0.0003,-0.0,100.0,642.56,1588.83,1408.18,553.39,2388.09,9038.09,47.44,521.59,8127.11,8.4402,394,38.82,23.234
AC-075,7,0.0019,-0.0002,100.0,641.88,1588.81,1403.19,553.56,2388.14,9048.09,47.52,521.49,8128.81,8.4461,394,38.93,23.2628
AC-075,8,0.0,0.0004,100.0,642.16,1583.86,1405.41,553.58,2388.1,9040.83,47.45,521.48,8122.06,8.4447,392,38.91,23.2433
AC-075,9,-0.0001,0.0,100.0,642.39,1583.05,1406.26,553.65,2388.09,9049.04,47.37,521.22,8125.4,8.388,394,38.65,23.3791
AC-075,10,-0.002,0.0003,100.0,642.86,1585.13,1401.19,553.48,2388.1,9038.96,47.54,521.63,8125.81,8.4439,394,38.91,23.3318
AC-075,11,-0.0003,-0.0005,100.0,642.92,1588.65,1404.13,553.44,2388.08,9049.76,47.43,521.68,8123.39,8.4186,394,38.98,23.3514
AC-075,12,-0.0001,-0.0001,100.0,642.52,1585.93,1397.69,553.24,2388.09,9042.41,47.28,521.51,8127.79,8.4332,395,38.99,23.1449
AC-075,13,-0.0042,-0.0,100.0,642.2,1589.69,1400.05,553.19,2388.2,9045.45,47.46,521.46,8120.9,8.4665,394,38.93,23.2982
AC-075,14,0.0031,0.0001,100.0,642.59,1587.24,1401.28,553.55,2388.09,9049.32,47.5,521.54,8124.62,8.4456,394,38.64,23.4128
AC-075,15,-0.0006,0.0003,100.0,642.68,1590.54,1408.6,553.92,2388.08,9043.54,47.61,521.52,8123.34,8.4266,392,38.95,23.2796
AC-075,16,-0.0023,-0.0002,100.0,642.47,1590.97,1401.91,553.03,2388.1,9053.64,47.25,521.81,8131.44,8.4216,393,38.77,23.2824
AC-075,17,0.0015,-0.0001,100.0,642.54,1589.68,1408.52,553.91,2388.05,9046.74,47.56,521.52,8122.27,8.4391,392,38.74,23.3395
AC-075,18,-0.0039,0.0001,100.0,642.56,1588.87,1405.9,553.62,2388.13,9042.06,47.43,521.39,8127.06,8.4368,393,38.78,23.2307
AC-075,19,-0.0005,-0.0005,100.0,642.69,1597.83,1406.85,553.57,2388.07,9041.53,47.51,521.48,8125.8,8.4872,392,38.82,23.1703
AC-075,20,-0.0046,0.0002,100.0,642.51,1594.99,1408.83,554.35,2388.1,9039.13,47.4,521.04,8127.74,8.4508,394,38.78,23.2674
AC-075,21,-0.0024,-0.0004,100.0,642.44,1592.53,1420.87,553.31,2388.14,9040.22,47.6,521.56,8119.92,8.426,392,38.95,23.3144
AC-075,22,0.0013,0.0003,100.0,642.39,1587.18,1402.52,553.48,2388.09,9037.04,47.34,521.51,8126.56,8.4603,393,38.87,23.3685
AC-075,23,-0.0002,0.0004,100.0,642.64,1587.76,1404.36,553.81,2388.13,9038.1,47.52,521.67,8126.24,8.4201,393,38.69,23.3583
AC-075,24,0.0026,-0.0002,100.0,642.53,1590.9,1402.35,553.59,2388.15,9043.63,47.49,521.57,8128.88,8.4353,393,38.86,23.2487
AC-075,25,0.0025,0.0003,100.0,642.47,1582.39,1400.39,553.32,2388.06,9044.92,47.43,521.73,8129.76,8.4098,393,38.9,23.2733
AC-075,26,0.0015,0.0001,100.0,642.68,1591.18,1404.03,553.56,2388.13,9046.48,47.5,521.21,8120.71,8.429,392,38.68,23.3265
AC-075,27,0.0014,-0.0003,100.0,642.17,1594.22,1409.44,553.32,2388.09,9042.68,47.37,521.25,8123.0,8.451,393,38.79,23.2463
AC-075,28,0.002,-0.0002,100.0,642.23,1585.87,1408.75,553.5,2388.1,9049.27,47.37,521.75,8121.42,8.4199,393,38.85,23.3315
AC-075,29,0.0034,-0.0001,100.0,642.64,1586.82,1405.48,554.08,2388.08,9046.15,47.47,521.71,8121.83,8.4446,394,38.81,23.3549
AC-075,30,-0.0012,-0.0004,100.0,642.46,1581.54,1412.48,553.39,2388.11,9038.73,47.47,521.24,8120.22,8.4698,392,38.89,23.251
AC-075,31,-0.0029,-0.0004,100.0,642.37,1585.53,1413.3,553.24,2388.15,9049.49,47.57,521.37,8118.49,8.3968,392,38.73,23.3385
AC-075,32,0.0039,0.0003,100.0,642.4,1590.5,1405.33,553.78,2388.12,9036.2,47.64,522.02,8118.9,8.4126,394,38.77,23.2555
AC-075,33,-0.0035,-0.0003,100.0,642.03,1587.15,1413.84,552.84,2388.12,9047.04,47.41,521.09,8124.79,8.4357,393,38.71,23.3136
AC-075,34,-0.0009,-0.0004,100.0,642.45,1580.71,1405.26,553.65,2388.14,9046.13,47.6,521.24,8123.45,8.4409,394,38.81,23.3381
AC-075,35,-0.0018,-0.0002,100.0,642.47,1592.67,1413.98,553.65,2388.16,9045.61,47.51,521.48,8126.37,8.4634,392,38.75,23.1933
AC-075,36,0.0009,0.0003,100.0,642.83,1597.59,1406.13,553.58,2388.12,9044.81,47.56,521.73,8127.3,8.4106,394,38.85,23.4196
AC-075,37,-0.0044,0.0005,100.0,642.72,1590.03,1401.26,553.65,2388.09,9046.82,47.54,521.67,8122.57,8.4594,391,38.8,23.3121
AC-075,38,0.0004,-0.0002,100.0,642.75,1586.28,1408.76,553.24,2388.12,9045.86,47.42,521.32,8120.88,8.4215,393,38.84,23.213
AC-075,39,0.0021,-0.0002,100.0,642.3,1587.0,1403.45,554.1,2388.14,9042.47,47.46,521.48,8128.51,8.3925,392,38.8,23.2519
AC-075,40,0.0029,0.0002,100.0,642.38,1589.64,1408.81,553.72,2388.19,9044.28,47.59,521.61,8126.88,8.4216,393,38.89,23.3169
AC-075,41,-0.0016,0.0002,100.0,642.24,1588.94,1403.8,553.98,2388.09,9035.25,47.47,521.55,8126.19,8.4336,392,38.62,23.3154
AC-075,42,0.0042,-0.0004,100.0,642.42,1587.56,1410.79,553.27,2388.08,9045.68,47.57,521.49,8123.19,8.4377,393,38.77,23.4222
AC-075,43,0.0034,-0.0003,100.0,643.09,1585.47,1407.01,553.42,2388.14,9040.33,47.54,521.54,8120.5,8.3988,395,39.0,23.3374
AC-075,44,-0.0016,0.0003,100.0,642.5,1590.63,1407.94,553.49,2388.12,9042.85,47.49,521.18,8123.1,8.4742,393,38.93,23.3429
AC-075,45,0.0019,-0.0004,100.0,643.01,1588.06,1411.18,553.0,2388.17,9047.97,47.56,520.69,8123.43,8.4097,393,38.81,23.2695
AC-075,46,-0.0026,-0.0004,100.0,642.47,1593.21,1409.76,552.57,2388.16,9038.45,47.46,521.25,8123.25,8.4229,392,38.72,23.3038
AC-075,47,0.0015,-0.0004,100.0,641.97,1589.95,1404.21,552.88,2388.15,9034.95,47.46,521.71,8125.11,8.4222,394,38.97,23.264
AC-075,48,-0.0,0.0001,100.0,642.22,1589.96,1403.56,553.07,2388.14,9041.64,47.69,521.71,8120.38,8.4329,393,38.97,23.361
AC-075,49,-0.0016,-0.0001,100.0,642.23,1584.88,1410.52,553.37,2388.13,9038.45,47.53,521.28,8121.02,8.4285,395,38.88,23.34
AC-075,50,-0.0027,-0.0003,100.0,642.81,1596.21,1404.58,553.19,2388.12,9042.97,47.6,521.17,8127.32,8.4117,393,38.76,23.3472
AC-075,51,-0.0002,0.0005,100.0,642.44,1592.46,1407.2,553.41,2388.13,9045.1,47.57,521.57,8126.67,8.4693,392,38.73,23.2797
AC-075,52,0.002,0.0002,100.0,642.45,1589.51,1410.95,554.41,2388.13,9048.1,47.48,521.54,8130.14,8.4366,393,38.77,23.3394
AC-075,53,0.0023,-0.0005,100.0,642.91,1588.96,1406.56,554.07,2388.13,9037.92,47.49,521.42,8119.75,8.4235,393,39.0,23.3193
AC-075,54,-0.0016,0.0004,100.0,642.35,1582.68,1412.05,553.8,2388.11,9046.21,47.7,521.69,8126.47,8.4249,393,38.91,23.2647
AC-075,55,0.0017,-0.0001,100.0,642.47,1586.26,1409.22,553.36,2388.09,9044.15,47.62,521.42,8125.13,8.4517,392,38.77,23.4278
AC-075,56,-0.0,0.0001,100.0,643.07,1584.65,1404.88,553.73,2388.1,9046.14,47.54,521.78,8121.34,8.4442,394,38.91,23.2717
AC-075,57,0.0008,-0.0004,100.0,643.13,1592.51,1402.31,553.35,2388.06,9043.13,47.48,521.5,8120.58,8.4633,393,39.04,23.3897
AC-075,58,0.0027,0.0002,100.0,642.73,1589.93,1410.69,553.62,2388.1,9035.59,47.5,521.28,8118.62,8.4314,392,38.68,23.2983
AC-075,59,0.0,0.0001,100.0,642.17,1593.36,1405.79,553.96,2388.16,9045.27,47.4,521.15,8123.16,8.4287,392,38.84,23.3721
AC-075,60,-0.0005,0.0001,100.0,642.38,1587.19,1407.16,552.83,2388.13,9040.69,47.41,521.49,8120.62,8.4347,394,38.91,23.2298
AC-075,61,0.0003,0.0001,100.0,642.46,1598.89,1406.58,553.85,2388.06,9046.39,47.58,521.38,8126.97,8.4622,392,38.86,23.2379
AC-075,62,0.0035,-0.0004,100.0,642.19,1584.42,1411.25,554.01,2388.13,9045.79,47.37,521.3,8125.55,8.4419,393,38.72,23.2351
AC-075,63,0.0006,-0.0003,100.0,642.95,1582.39,1406.52,553.35,2388.15,9040.85,47.76,521.35,8119.88,8.4583,393,39.02,23.3573
AC-075,64,0.0001,0.0004,100.0,642.53,1590.31,1404.22,553.66,2388.11,9046.88,47.62,521.46,8126.12,8.4442,393,38.74,23.2201
AC-075,65,-0.0018,0.0001,100.0,642.56,1586.48,1413.01,553.91,2388.13,9041.69,47.46,522.07,8120.37,8.4096,393,38.88,23.3891
AC-075,66,0.0042,0.0002,100.0,642.58,1585.71,1403.16,553.63,2388.12,9044.27,47.57,521.69,8119.0,8.4487,394,39.03,23.3713
AC-075,67,-0.001,0.0001,100.0,642.85,1586.13,1410.75,553.76,2388.16,9048.0,47.32,521.94,8126.45,8.4341,393,38.88,23.3569
AC-075,68,-0.0006,-0.0005,100.0,642.92,1592.34,1414.84,553.87,2388.1,9049.35,47.62,521.26,8117.81,8.4591,392,38.91,23.356
AC-075,69,-0.0018,0.0003,100.0,642.53,1589.59,1404.32,552.77,2388.11,9039.16,47.62,521.44,8123.5,8.4434,392,38.74,23.3309
AC-075,70,-0.0022,-0.0001,100.0,642.64,1594.83,1408.52,554.14,2388.12,9044.02,47.6,521.66,8131.18,8.4346,393,38.75,23.2718
AC-075,71,-0.0007,0.0003,100.0,642.29,1593.64,1405.12,552.81,2388.09,9047.16,47.61,521.58,8126.62,8.4584,394,38.96,23.3008
AC-075,72,0.0032,-0.0004,100.0,642.39,1589.8,1408.87,553.37,2388.14,9042.75,47.48,521.6,8128.12,8.4127,393,38.85,23.2634
AC-075,73,-0.0024,0.0001,100.0,642.84,1595.12,1411.97,553.55,2388.1,9040.62,47.44,521.1,8120.54,8.4772,394,38.75,23.2638
AC-075,74,-0.0001,-0.0003,100.0,642.4,1586.66,1405.04,553.76,2388.1,9034.04,47.48,520.84,8120.09,8.4348,391,38.79,23.2009
AC-075,75,-0.0013,0.0001,100.0,642.26,1594.3,1403.98,553.35,2388.13,9037.84,47.7,521.71,8125.82,8.4434,394,38.81,23.3079
AC-075,76,-0.0036,0.0002,100.0,642.65,1590.89,1409.85,553.61,2388.16,9043.84,47.56,521.17,8125.09,8.4433,393,38.99,23.4086
AC-075,77,-0.0019,-0.0003,100.0,642.51,1594.05,1410.93,553.51,2388.18,9040.34,47.79,521.39,8119.54,8.3986,395,38.86,23.3321
AC-075,78,-0.0012,0.0002,100.0,642.65,1597.2,1405.47,553.8,2388.18,9037.7,47.48,521.3,8120.5,8.4626,394,38.9,23.3868
AC-075,79,0.0033,0.0001,100.0,642.49,1592.1,1408.22,552.33,2388.12,9048.25,47.48,521.7,8120.04,8.4521,394,38.73,23.2556
AC-075,80,0.0014,-0.0002,100.0,643.03,1595.21,1408.91,553.14,2388.11,9036.4,47.47,521.66,8125.03,8.3924,394,38.88,23.3604
AC-075,81,-0.0022,0.0004,100.0,642.7,1591.64,1410.58,553.19,2388.1,9041.16,47.65,520.73,8123.75,8.449,393,38.64,23.2651
AC-075,82,0.0023,-0.0005,100.0,642.86,1592.99,1413.86,553.73,2388.2,9045.9,47.51,521.31,8125.35,8.4613,393,38.8,23.3353
AC-075,83,0.0014,-0.0002,100.0,642.88,1592.98,1414.39,552.67,2388.15,9041.98,47.43,521.42,8121.62,8.4366,392,38.76,23.271
AC-075,84,0.0009,0.0004,100.0,642.78,1595.76,1406.17,553.87,2388.11,9036.02,47.51,521.91,8125.51,8.4289,393,38.74,23.2731
AC-075,85,0.0029,-0.0002,100.0,642.83,1585.48,1412.8,553.04,2388.08,9038.51,47.46,521.61,8124.1,8.4312,392,38.95,23.3029
AC-075,86,0.0006,0.0001,100.0,642.86,1578.91,1406.92,553.32,2388.1,9042.33,47.65,521.22,8121.98,8.4634,394,38.85,23.3135
AC-075,87,-0.0002,-0.0004,100.0,642.65,1592.61,1407.44,553.5,2388.14,9035.75,47.52,521.5,8122.18,8.4675,393,38.63,23.4095
AC-075,88,0.0025,-0.0001,100.0,642.53,1588.28,1407.71,552.83,2388.09,9050.19,47.49,521.5,8120.0,8.4313,394,38.78,23.3678
AC-075,89,-0.0004,0.0001,100.0,642.66,1586.92,1416.08,553.4,2388.15,9044.31,47.56,521.16,8125.29,8.4226,394,38.89,23.322
AC-075,90,0.0004,-0.0001,100.0,642.66,1583.44,1417.08,553.39,2388.14,9041.54,47.44,521.87,8120.97,8.4283,393,38.89,23.2849
AC-075,91,-0.0027,0.0003,100.0,642.39,1586.94,1409.76,553.21,2388.13,9035.39,47.56,521.45,8119.37,8.434,395,38.75,23.2536
AC-075,92,0.0009,0.0001,100.0,642.58,1592.09,1415.66,553.57,2388.14,9044.78,47.59,521.28,8127.96,8.4342,395,38.81,23.3212
AC-075,93,0.0006,-0.0002,100.0,642.82,1588.72,1411.37,553.12,2388.13,9043.68,47.48,521.73,8122.78,8.4705,392,38.89,23.2251
AC-075,94,-0.0007,-0.0,100.0,642.77,1588.74,1408.76,553.15,2388.17,9047.78,47.51,521.61,8126.2,8.4622,394,38.85,23.1845
AC-075,95,-0.0004,0.0004,100.0,642.52,1581.54,1412.35,553.3,2388.19,9043.95,47.67,521.02,8116.73,8.4662,395,38.98,23.3584
AC-075,96,-0.0011,-0.0001,100.0,642.54,1587.07,1404.55,553.94,2388.14,9037.76,47.52,521.18,8131.23,8.4481,392,38.7,23.355
AC-075,97,0.0009,0.0002,100.0,642.84,1592.52,1406.73,553.66,2388.15,9045.91,47.56,521.19,8123.19,8.4144,392,38.79,23.41
AC-075,98,-0.0015,0.0004,100.0,642.78,1593.34,1407.16,553.15,2388.11,9041.99,47.64,521.22,8124.32,8.4334,392,38.6,23.4189
AC-075,99,-0.0031,0.0004,100.0,642.96,1586.07,1410.67,552.61,2388.1,9035.79,47.3,521.67,8127.08,8.4341,393,38.86,23.2544
AC-075,100,-0.0011,-0.0002,100.0,642.9,1584.68,1405.65,553.47,2388.14,9037.64,47.58,521.43,8127.68,8.4586,394,38.95,23.1837
AC-075,101,-0.0003,0.0,100.0,642.74,1592.48,1409.7,553.72,2388.17,9036.58,47.41,521.19,8125.29,8.4336,392,38.86,23.4707
AC-075,102,0.0008,0.0002,100.0,643.01,1586.68,1408.29,553.93,2388.12,9039.56,47.73,521.75,8121.5,8.4318,394,38.83,23.3103
AC-075,103,-0.0043,-0.0003,100.0,642.91,1599.13,1410.29,553.3,2388.09,9042.37,47.58,521.43,8121.94,8.401,393,38.87,23.3257
AC-075,104,0.0041,-0.0004,100.0,642.59,1579.79,1414.04,552.8,2388.15,9052.67,47.55,521.13,8122.97,8.4532,392,38.86,23.2572
AC-075,105,-0.0024,0.0001,100.0,642.64,1591.96,1412.82,553.64,2388.16,9043.75,47.71,521.38,8125.39,8.4813,392,38.81,23.2443
AC-075,106,-0.0008,0.0004,100.0,642.65,1585.18,1408.59,553.04,2388.12,9042.95,47.46,521.36,8118.79,8.4346,393,38.65,23.3009
AC-075,107,0.0018,0.0002,100.0,642.85,1594.64,1413.67,552.92,2388.13,9044.83,47.31,520.83,8126.22,8.443,392,38.81,23.3651
AC-075,108,0.0001,-0.0002,100.0,642.75,1593.82,1410.94,553.6,2388.14,9044.2,47.57,520.91,8118.7,8.4235,392,38.89,23.2634
AC-075,109,0.0003,0.0,100.0,642.6,1594.14,1408.99,553.35,2388.15,9046.85,47.47,521.09,8123.76,8.4117,394,38.74,23.3068
AC-075,110,0.0009,0.0003,100.0,642.21,1589.32,1416.92,552.6,2388.13,9036.21,47.63,521.18,8115.31,8.4143,395,38.67,23.172
AC-075,111,-0.0003,-0.0004,100.0,642.14,1588.76,1406.15,552.8,2388.12,9040.79,47.67,520.97,8118.47,8.4766,394,38.82,23.4102
AC-075,112,-0.0002,-0.0003,100.0,642.4,1587.53,1409.57,553.15,2388.19,9045.31,47.63,521.23,8129.82,8.4313,393,38.84,23.1418
AC-075,113,-0.001,-0.0002,100.0,642.74,1586.68,1412.68,552.77,2388.19,9036.54,47.57,521.52,8121.03,8.4327,393,38.66,23.379
AC-075,114,0.002,0.0003,100.0,642.98,1590.2,1423.02,553.2,2388.15,9040.29,47.49,521.46,8126.21,8.4677,393,38.8,23.2364
AC-075,115,-0.0033,-0.0004,100.0,642.74,1595.32,1415.52,552.79,2388.19,9040.33,47.71,521.33,8121.47,8.4234,391,38.83,23.3571
AC-075,116,-0.0016,0.0,100.0,643.35,1580.43,1414.79,553.51,2388.11,9043.91,47.46,520.76,8115.1,8.4308,393,38.78,23.2583
AC-075,117,0.0002,-0.0001,100.0,643.33,1588.5,1407.41,553.25,2388.15,9044.29,47.61,521.44,8122.6,8.4479,394,38.62,23.2458
AC-075,118,-0.0004,-0.0001,100.0,642.63,1594.01,1412.72,553.52,2388.16,9041.68,47.43,521.46,8116.97,8.4405,395,38.85,23.3376
AC-075,119,-0.0015,-0.0002,100.0,642.98,1590.29,1409.77,553.14,2388.13,9039.09,47.64,521.32,8124.88,8.4467,393,38.8,23.2048
AC-075,120,0.0039,-0.0002,100.0,642.65,1593.23,1407.32,553.09,2388.15,9038.5,47.46,521.14,8122.16,8.4722,394,38.97,23.2277
AC-075,121,-0.0025,0.0004,100.0,642.76,1590.7,1407.75,552.91,2388.13,9042.55,47.59,521.41,8129.51,8.4365,393,38.59,23.1774
AC-075,122,-0.0029,0.0004,100.0,642.62,1591.98,1416.17,552.69,2388.1,9037.86,47.64,520.8,8123.13,8.4223,393,38.87,23.217
AC-075,123,-0.0003,0.0004,100.0,642.84,1595.79,1410.97,552.75,2388.16,9039.05,47.8,521.34,8120.97,8.4148,394,39.03,23.2345
AC-075,124,0.0036,0.0001,100.0,643.13,1595.5,1403.72,553.38,2388.16,9043.27,47.55,520.8,8124.41,8.4603,393,38.87,23.3049
AC-075,125,-0.0032,-0.0001,100.0,642.63,1597.65,1414.48,553.27,2388.16,9036.55,47.6,520.8,8128.07,8.4165,394,38.83,23.2563
AC-075,126,0.0001,0.0004,100.0,643.29,1595.36,1405.91,553.14,2388.1,9041.63,47.54,521.47,8118.34,8.4402,393,38.88,23.344
AC-075,127,-0.0008,0.0002,100.0,642.61,1587.04,1411.51,553.08,2388.2,9043.48,47.73,521.13,8126.03,8.4726,393,38.84,23.3082
AC-075,128,0.0014,0.0005,100.0,642.87,1591.05,1411.87,552.99,2388.12,9036.32,47.72,521.01,8123.41,8.4675,394,38.69,23.2386
AC-075,129,-0.0012,-0.0002,100.0,642.22,1585.6,1413.68,553.26,2388.18,9043.35,47.65,521.04,8126.83,8.4482,392,38.67,23.2438
AC-075,130,0.0019,-0.0004,100.0,642.6,1598.63,1414.38,552.66,2388.2,9033.68,47.72,521.25,8120.92,8.4864,395,38.8,23.3025
AC-075,131,-0.002,0.0003,100.0,642.89,1588.55,1403.7,552.54,2388.17,9040.38,47.7,520.65,8120.06,8.4425,393,38.85,23.2916
AC-075,132,-0.0005,0.0002,100.0,643.14,1590.41,1413.02,553.03,2388.16,9043.63,47.6,521.66,8119.89,8.4438,393,38.88,23.1907
AC-075,133,0.0016,0.0005,100.0,642.82,1583.5,1406.51,553.61,2388.16,9036.28,47.68,521.02,8125.55,8.4148,393,38.93,23.1583
AC-075,134,0.0011,-0.0004,100.0,642.72,1590.8,1411.5,553.69,2388.13,9042.59,47.59,520.37,8121.66,8.4822,393,38.72,23.2788
AC-075,135,-0.0043,0.0001,100.0,642.57,1594.49,1413.86,553.02,2388.11,9038.89,47.73,521.19,8122.35,8.4507,394,38.69,23.3099
AC-075,136,0.0012,-0.0001,100.0,642.45,1591.55,1407.95,553.19,2388.13,9038.98,47.75,521.05,8121.69,8.4802,393,38.75,23.2413
AC-075,137,0.0005,-0.0001,100.0,643.7,1592.24,1413.75,553.05,2388.21,9041.11,47.78,520.94,8117.24,8.4241,393,38.72,23.357
AC-075,138,0.0016,0.0004,100.0,642.95,1587.68,1417.96,552.68,2388.18,9039.54,47.87,521.06,8120.97,8.4634,393,38.64,23.2815
AC-075,139,-0.0022,-0.0001,100.0,642.64,1590.89,1407.71,552.73,2388.19,9040.27,47.82,520.44,8121.29,8.4753,393,38.7,23.3358
AC-075,140,-0.0038,0.0004,100.0,642.94,1591.7,1411.1,553.39,2388.16,9032.68,47.68,520.48,8124.27,8.4806,393,38.7,23.3186
AC-075,141,-0.0012,-0.0001,100.0,643.54,1595.67,1412.7,552.51,2388.21,9040.49,47.72,521.09,8119.47,8.4606,394,38.83,23.2144
AC-075,142,0.0009,-0.0,100.0,643.4,1596.1,1403.93,552.55,2388.16,9042.76,47.68,521.18,8115.52,8.4382,393,38.79,23.2243
AC-075,143,0.0018,-0.0002,100.0,642.83,1593.63,1408.34,552.97,2388.19,9045.25,47.62,521.07,8120.66,8.4598,394,38.77,23.2463
AC-075,144,0.0026,-0.0005,100.0,642.41,1590.98,1408.72,552.05,2388.17,9043.12,47.64,521.07,8125.19,8.4525,393,38.83,23.283
AC-075,145,0.0004,0.0003,100.0,642.42,1586.4,1419.17,552.98,2388.19,9049.45,47.75,520.84,8123.38,8.4527,395,38.78,23.309
AC-075,146,0.0017,-0.0001,100.0,642.78,1599.82,1409.41,552.87,2388.18,9038.52,47.66,521.05,8126.17,8.4412,393,38.79,23.1684
AC-075,147,0.0003,-0.0004,100.0,643.44,1584.06,1415.64,553.1,2388.11,9035.79,47.46,520.92,8119.5,8.5047,393,38.65,23.213
AC-075,148,-0.0015,-0.0001,100.0,643.13,1591.1,1410.53,553.61,2388.11,9046.61,47.59,520.88,8126.82,8.4198,393,38.87,23.3083
AC-075,149,0.0005,-0.0001,100.0,642.92,1591.53,1418.03,552.54,2388.12,9040.11,47.91,520.94,8117.78,8.4655,393,38.71,23.3017
AC-075,150,0.0,0.0004,100.0,642.73,1600.64,1417.08,553.05,2388.18,9045.25,47.68,521.32,8126.17,8.4452,395,38.61,23.325
AC-075,151,0.0009,-0.0,100.0,643.32,1589.99,1412.2,552.52,2388.2,9035.15,47.61,521.6,8116.98,8.4253,393,38.74,23.2227
AC-075,152,-0.0011,0.0003,100.0,643.13,1587.65,1414.76,553.16,2388.2,9043.83,47.7,521.42,8123.91,8.468,394,38.85,23.3352
AC-075,153,0.003,-0.0003,100.0,642.79,1583.99,1412.49,552.61,2388.23,9046.34,47.54,521.33,8116.31,8.4515,394,38.77,23.2036
AC-075,154,0.0032,-0.0005,100.0,642.73,1592.58,1413.46,553.04,2388.16,9048.62,47.73,521.14,8118.96,8.4733,393,38.73,23.2822
AC-075,155,0.0002,-0.0004,100.0,642.88,1584.8,1414.22,552.14,2388.17,9042.18,47.67,520.56,8120.62,8.4698,392,38.88,23.2864
AC-075,156,0.0007,-0.0001,100.0,643.17,1592.71,1416.71,553.17,2388.1,9034.41,47.55,521.01,8113.13,8.4663,392,38.82,23.1942
AC-075,157,0.0032,0.0001,100.0,642.68,1593.73,1415.27,553.1,2388.16,9045.26,47.75,520.49,8119.6,8.4468,391,38.8,23.2172
AC-075,158,-0.0017,-0.0004,100.0,643.01,1588.66,1412.1,552.84,2388.18,9039.58,47.57,520.96,8113.02,8.4456,392,38.71,23.23
AC-075,159,-0.002,0.0004,100.0,642.98,1589.09,1415.11,552.83,2388.1,9046.36,47.63,521.12,8124.0,8.4595,394,38.57,23.2432
AC-075,160,-0.0011,-0.0002,100.0,643.09,1593.9,1418.71,553.17,2388.19,9038.76,47.71,521.03,8120.59,8.4713,395,38.77,23.421
AC-075,161,-0.0033,-0.0005,100.0,642.72,1594.05,1415.06,552.31,2388.17,9041.5,47.59,521.06,8113.84,8.4656,394,38.7,23.2723
AC-075,162,0.0009,-0.0005,100.0,642.54,1587.69,1410.32,552.3,2388.2,9040.57,47.91,520.98,8121.18,8.461,394,38.71,23.316
AC-075,163,-0.0039,-0.0005,100.0,643.31,1592.04,1422.15,552.32,2388.12,9043.76,47.76,521.09,8116.44,8.4603,393,38.92,23.3747
AC-075,164,-0.0,-0.0001,100.0,643.18,1592.8,1426.87,552.03,2388.16,9036.9,47.75,520.31,8121.07,8.4727,394,38.56,23.3398
AC-075,165,0.0017,0.0001,100.0,643.39,1592.41,1416.22,552.67,2388.21,9043.3,47.74,521.08,8118.34,8.4415,395,38.77,23.2238
AC-075,166,-0.0021,-0.0004,100.0,642.84,1587.73,1408.89,552.5,2388.25,9047.19,47.73,521.0,8122.17,8.4353,394,38.84,23.2349
AC-075,167,0.002,-0.0002,100.0,643.03,1592.91,1417.83,552.8,2388.18,9043.91,47.8,520.77,8118.59,8.4813,393,38.64,23.2612
AC-075,168,0.0014,0.0004,100.0,643.16,1589.45,1420.61,552.12,2388.2,9038.62,47.74,520.51,8118.46,8.4817,393,38.85,23.2189
AC-075,169,0.0022,0.0,100.0,643.1,1595.43,1415.69,553.25,2388.16,9029.07,47.79,521.33,8118.36,8.4625,392,38.62,23.242
AC-075,170,-0.0005,-0.0004,100.0,643.15,1592.35,1414.46,552.57,2388.19,9042.07,47.56,521.28,8118.47,8.4747,394,38.67,23.2704
AC-075,171,-0.0003,-0.0,100.0,642.89,1589.06,1421.1,552.86,2388.22,9041.04,47.93,520.54,8123.12,8.481,395,38.48,23.2491
AC-075,172,0.0008,-0.0005,100.0,642.9,1592.32,1417.92,552.25,2388.14,9037.22,47.91,520.61,8111.67,8.4368,396,38.56,23.1613
AC-075,173,-0.0002,0.0004,100.0,643.45,1594.97,1414.64,552.47,2388.16,9041.99,47.77,520.75,8124.22,8.4654,394,38.47,23.3322
AC-075,174,0.001,0.0004,100.0,642.81,1591.42,1411.71,552.34,2388.18,9039.12,47.76,521.2,8120.29,8.4931,394,38.55,23.24
AC-075,175,-0.0023,-0.0002,100.0,643.74,1592.11,1420.25,552.99,2388.24,9040.47,47.83,520.64,8116.08,8.4554,395,38.58,23.3063
AC-075,176,0.0002,0.0005,100.0,642.8,1593.3,1415.56,552.14,2388.21,9033.1,47.77,520.61,8117.57,8.4697,394,38.75,23.1901
AC-075,177,-0.0005,0.0002,100.0,642.98,1597.43,1414.24,551.96,2388.16,9048.83,47.81,520.2,8116.99,8.4666,394,38.52,23.3035
AC-075,178,0.0031,0.0,100.0,642.57,1598.31,1417.41,551.53,2388.18,9038.09,47.89,520.84,8112.82,8.4517,393,38.72,23.2433
AC-075,179,0.0016,0.0,100.0,642.92,1589.18,1415.33,552.7,2388.23,9027.72,47.78,520.43,8119.76,8.4688,395,38.72,23.213
AC-075,180,0.0018,-0.0003,100.0,643.02,1592.36,1422.54,552.59,2388.17,9035.28,47.99,520.29,8110.72,8.4905,394,38.77,23.1624
AC-075,181,-0.0009,-0.0005,100.0,642.97,1598.01,1419.42,552.39,2388.2,9038.56,47.72,519.97,8115.41,8.4615,393,38.81,23.107
AC-075,182,-0.0016,0.0002,100.0,643.04,1596.44,1427.8,552.45,2388.18,9041.65,47.86,519.96,8119.35,8.5263,395,38.52,23.181
AC-075,183,-0.0023,-0.0001,100.0,643.08,1592.79,1420.41,552.11,2388.2,9040.43,47.97,520.85,8114.94,8.4471,395,38.48,23.1118
AC-075,184,-0.0037,0.0001,100.0,643.54,1594.84,1414.23,552.57,2388.2,9025.22,47.87,520.77,8111.89,8.4632,396,38.73,23.1799
AC-075,185,-0.0005,0.0002,100.0,643.55,1603.15,1415.6,552.28,2388.25,9041.05,47.75,520.47,8118.74,8.4761,396,38.61,23.1402
AC-075,186,-0.0,-0.0001,100.0,642.47,1594.11,1412.71,551.77,2388.25,9045.21,47.71,520.61,8112.98,8.5335,394,38.63,23.2189
AC-075,187,0.0013,-0.0003,100.0,643.2,1593.02,1421.63,552.28,2388.23,9036.18,47.73,520.84,8120.01,8.4817,394,38.51,23.0487
AC-075,188,0.0,0.0004,100.0,642.8,1594.94,1419.67,552.17,2388.26,9039.84,47.86,520.4,8118.31,8.4495,395,38.54,23.2814
AC-075,189,-0.0007,-0.0005,100.0,643.12,1587.54,1421.9,552.32,2388.3,9042.92,47.94,520.6,8113.77,8.5052,395,38.62,23.2234
AC-075,190,-0.0036,-0.0001,100.0,643.5,1599.07,1417.74,552.48,2388.18,9039.18,47.95,520.41,8116.91,8.47,394,38.6,23.2514
AC-075,191,0.0004,-0.0003,100.0,643.19,1598.88,1414.65,552.39,2388.25,9037.04,47.97,520.31,8114.26,8.4477,395,38.62,23.0844
AC-075,192,0.0011,0.0002,100.0,642.53,1601.87,1429.08,552.28,2388.23,9041.7,47.81,520.48,8116.61,8.4949,396,38.69,23.1947
AC-075,193,-0.0011,-0.0002,100.0,643.69,1597.99,1420.7,552.16,2388.21,9044.06,47.83,520.57,8117.07,8.4749,396,38.5,23.0929
AC-075,194,0.0027,-0.0003,100.0,643.04,1593.99,1416.44,552.27,2388.24,9046.31,47.93,520.56,8117.43,8.4254,396,38.77,23.1885
AC-075,195,-0.0019,-0.0003,100.0,643.76,1592.44,1416.76,552.23,2388.22,9034.63,47.94,520.39,8110.12,8.4725,395,38.62,23.1601
AC-075,196,0.0011,-0.0005,100.0,643.13,1604.22,1421.77,552.46,2388.28,9036.38,47.84,520.68,8117.88,8.5183,396,38.56,23.1879
AC-075,197,-0.0003,0.0001,100.0,643.48,1605.88,1418.96,552.02,2388.22,9036.94,47.93,519.98,8111.41,8.4579,395,38.48,23.1612
AC-075,198,-0.0003,0.0002,100.0,643.37,1602.25,1421.32,552.03,2388.25,9036.95,48.0,520.54,8109.82,8.4568,396,38.68,23.2021
AC-075,199,-0.0003,0.0002,100.0,642.91,1600.45,1419.43,552.14,2388.27,9043.98,47.83,520.32,8116.71,8.4633,393,38.42,23.0859
AC-075,200,0.0011,0.0004,100.0,643.85,1604.02,1423.04,551.8,2388.22,9045.64,47.95,520.31,8113.72,8.4714,395,38.71,23.2285
AC-075,201,-0.0003,-0.0005,100.0,643.62,1594.8,1424.92,551.74,2388.22,9037.15,47.98,520.45,8108.45,8.4727,396,38.68,23.0928
AC-075,202,-0.0019,0.0003,100.0,643.45,1595.81,1420.5,552.0,2388.27,9036.65,47.92,520.27,8111.93,8.5054,395,38.57,23.144
AC-075,203,-0.0012,-0.0005,100.0,643.23,1600.32,1419.41,552.28,2388.27,9029.81,48.05,520.32,8111.06,8.4989,397,38.51,23.1062
AC-075,204,0.001,-0.0,100.0,643.58,1595.64,1427.97,551.73,2388.24,9034.63,48.08,520.14,8113.17,8.4977,395,38.41,23.0632
AC-075,205,0.0018,0.0002,100.0,643.68,1604.14,1422.42,552.21,2388.31,9037.35,48.04,520.52,8111.45,8.5177,396,38.35,23.1404
AC-075,206,0.0006,0.0001,100.0,642.96,1593.0,1426.96,552.83,2388.29,9037.47,47.92,519.99,8115.79,8.5388,394,38.42,23.1302
AC-075,207,0.0022,-0.0001,100.0,643.51,1596.41,1424.5,552.29,2388.25,9033.9,48.02,520.19,8107.63,8.4619,396,38.43,23.1438
AC-075,208,0.0016,0.0004,100.0,643.68,1599.12,1421.41,551.41,2388.3,9033.82,47.97,519.97,8114.12,8.4878,397,38.39,23.0905
AC-075,209,0.0003,0.0004,100.0,643.37,1600.45,1427.14,552.04,2388.29,9039.25,48.04,519.81,8114.19,8.5039,395,38.44,23.0935
AC-075,210,0.0015,-0.0003,100.0,643.33,1597.06,1421.11,551.58,2388.28,9023.85,48.0,519.78,8113.05,8.4916,396,38.53,23.1442
AC-075,211,0.0003,0.0003,100.0,643.09,1596.78,1429.36,551.31,2388.3,9041.95,48.1,519.78,8108.93,8.5308,395,38.48,23.1597
AC-075,212,-0.0005,-0.0002,100.0,643.36,1593.54,1421.55,551.59,2388.22,9036.66,47.99,519.72,8110.75,8.5259,396,38.64,23.1695
AC-075,213,0.0027,-0.0003,100.0,642.91,1595.59,1422.28,551.81,2388.27,9034.85,47.91,520.08,8110.53,8.527,397,38.5,23.0658
AC-075,214,-0.0014,0.0003,100.0,643.73,1597.8,1429.92,551.48,2388.25,9039.02,48.0,519.17,8113.77,8.4956,395,38.52,23.0597
AC-075,215,0.0006,-0.0,100.0,643.31,1590.79,1430.12,551.15,2388.24,9028.31,48.22,519.78,8105.81,8.4974,394,38.62,23.0685
AC-075,216,0.0001,0.0003,100.0,643.04,1593.37,1426.54,551.46,2388.28,9030.09,47.96,519.87,8110.9,8.4698,396,38.41,23.1539
AC-075,217,-0.0018,-0.0002,100.0,643.6,1596.2,1430.28,551.43,2388.27,9027.88,47.79,520.18,8105.24,8.5033,397,38.7,23.0906
AC-075,218,0.0014,-0.0,100.0,643.18,1601.18,1425.31,551.92,2388.3,9034.96,47.86,519.37,8110.18,8.4929,396,38.57,23.1274
AC-075,219,-0.0006,0.0001,100.0,643.47,1593.08,1423.98,551.26,2388.32,9025.29,48.23,519.85,8112.2,8.4941,395,38.48,23.0289
AC-075,220,-0.0032,0.0004,100.0,643.83,1600.76,1431.75,551.4,2388.31,9037.06,48.11,519.88,8112.19,8.496,396,38.51,23.0755
AC-075,221,0.0018,0.0001,100.0,643.48,1599.18,1424.78,550.92,2388.25,9031.31,48.16,519.78,8108.82,8.5074,397,38.51,23.0398
AC-075,222,0.002,0.0003,100.0,644.3,1599.91,1429.07,551.58,2388.3,9038.87,48.18,520.17,8110.74,8.531,396,38.56,23.2221
AC-075,223,0.0011,0.0,100.0,643.6,1600.67,1430.09,551.4,2388.33,9027.1,48.21,519.49,8110.53,8.4993,395,38.52,23.1294
AC-075,224,-0.0018,0.0001,100.0,643.67,1601.78,1419.34,551.28,2388.25,9028.94,48.32,519.56,8116.15,8.5208,396,38.32,23.0523
AC-075,225,0.0041,0.0,100.0,643.53,1608.32,1429.83,551.68,2388.31,9030.3,48.08,519.61,8107.23,8.5226,396,38.52,23.0416
AC-075,226,0.0034,-0.0004,100.0,643.64,1598.52,1435.58,550.48,2388.33,9027.5,48.18,519.55,8114.4,8.4952,396,38.57,23.1892
AC-075,227,0.0002,-0.0002,100.0,643.84,1601.44,1426.63,551.22,2388.32,9024.42,48.09,519.19,8106.69,8.5127,397,38.4,23.1277
AC-075,228,-0.0016,-0.0001,100.0,644.23,1595.88,1430.03,551.06,2388.33,9031.15,48.08,519.24,8108.51,8.5158,398,38.48,23.0978
AC-075,229,0.0003,0.0001,100.0,643.7,1600.8,1433.1,552.04,2388.31,9026.08,48.22,519.51,8104.78,8.5097,395,38.57,23.0341
AC-076,1,0.0005,0.0,100.0,642.66,1585.01,1411.33,554.11,2388.12,9054.53,47.5,521.51,8128.52,8.4346,393,38.75,23.3154
AC-076,2,0.0034,-0.0002,100.0,642.24,1589.03,1411.7,553.24,2388.13,9056.49,47.71,521.38,8129.09,8.4192,394,38.79,23.3319
AC-076,3,-0.0014,-0.0004,100.0,642.92,1597.35,1404.75,553.55,2388.06,9059.17,47.44,521.89,8137.35,8.473,393,38.88,23.2503
AC-076,4,-0.0042,0.0001,100.0,642.92,1598.29,1407.19,553.94,2388.01,9061.95,47.36,521.86,8134.24,8.4419,393,38.77,23.3645
AC-076,5,-0.0001,0.0004,100.0,642.42,1590.91,1408.04,553.17,2388.15,9050.41,47.34,521.83,8134.47,8.4566,394,38.73,23.3993
AC-076,6,0.0006,0.0001,100.0,642.6,1590.97,1404.87,553.27,2388.08,9054.86,47.32,520.76,8135.55,8.4539,393,38.79,23.279
AC-076,7,-0.0023,-0.0004,100.0,642.27,1595.97,1409.9,553.24,2388.1,9057.46,47.39,521.15,8128.33,8.4195,392,38.8,23.3957
AC-076,8,0.0002,-0.0003,100.0,642.73,1593.1,1409.33,553.91,2388.13,9056.95,47.62,521.7,8131.54,8.4268,393,38.7,23.4049
AC-076,9,-0.0008,-0.0003,100.0,642.93,1594.11,1407.76,553.28,2388.13,9057.0,47.4,521.39,8134.52,8.4215,394,38.83,23.303
AC-076,10,-0.003,0.0004,100.0,642.66,1586.93,1410.44,553.06,2388.13,9053.21,47.36,521.38,8133.26,8.5026,394,38.96,23.3141
AC-076,11,0.0007,0.0003,100.0,642.87,1583.32,1404.44,553.7,2388.08,9059.04,47.53,521.43,8128.92,8.4178,391,38.96,23.3043
AC-076,12,0.0003,-0.0001,100.0,642.96,1590.68,1406.24,553.98,2388.1,9052.12,47.44,521.53,8129.72,8.4189,394,38.75,23.3658
AC-076,13,-0.0007,-0.0001,100.0,642.74,1587.61,1404.4,553.15,2388.12,9052.98,47.53,521.5,8133.89,8.4424,393,38.71,23.418
AC-076,14,-0.0055,0.0001,100.0,642.63,1581.53,1409.47,553.16,2388.1,9050.7,47.64,521.43,8131.74,8.4431,393,38.66,23.3179
AC-076,15,0.0027,-0.0001,100.0,642.55,1596.42,1411.75,552.98,2388.1,9049.21,47.38,521.67,8129.45,8.4212,392,38.83,23.2887
AC-076,16,0.0008,0.0005,100.0,642.84,1588.74,1412.99,553.04,2388.05,9049.55,47.57,521.96,8135.66,8.4322,393,38.77,23.3078
AC-076,17,-0.0007,0.0001,100.0,642.92,1585.8,1412.45,553.25,2388.15,9055.05,47.42,521.47,8130.44,8.437,394,38.81,23.2183
AC-076,18,-0.0007,0.0002,100.0,642.72,1590.76,1408.55,553.02,2388.1,9056.81,47.57,521.62,8129.78,8.4581,393,38.77,23.3008
AC-076,19,0.0013,0.0005,100.0,642.42,1597.76,1413.46,553.1,2388.11,9041.42,47.5,521.43,8126.68,8.4156,392,38.85,23.3492
AC-076,20,0.0029,-0.0004,100.0,643.13,1594.17,1412.77,553.27,2388.1,9042.24,47.35,521.31,8137.36,8.4145,394,39.06,23.1958
AC-076,21,-0.0001,-0.0003,100.0,642.52,1599.13,1409.64,553.15,2388.11,9051.67,47.46,521.48,8130.88,8.4379,392,38.62,23.3327
AC-076,22,-0.0043,0.0001,100.0,642.44,1594.32,1408.64,553.57,2388.12,9056.58,47.65,521.27,8126.53,8.4504,394,38.96,23.2354
AC-076,23,-0.0027,0.0003,100.0,642.97,1585.85,1410.55,553.63,2388.1,9048.04,47.61,521.26,8133.11,8.4696,394,38.74,23.4387
AC-076,24,-0.0,-0.0002,100.0,642.54,1586.57,1410.16,552.92,2388.14,9050.75,47.61,521.06,8130.84,8.4809,393,38.78,23.3079
AC-076,25,0.0019,0.0003,100.0,642.56,1595.93,1415.39,553.56,2388.1,9053.24,47.68,521.39,8133.69,8.4362,393,38.81,23.2934
AC-076,26,0.0026,-0.0002,100.0,642.99,1585.34,1404.41,553.01,2388.13,9047.89,47.69,521.75,8129.43,8.4612,394,38.88,23.371
AC-076,27,0.0006,0.0001,100.0,642.99,1593.2,1408.09,553.69,2388.13,9056.06,47.4,521.05,8131.09,8.4698,394,38.8,23.2755
AC-076,28,0.0047,0.0005,100.0,642.65,1592.03,1404.77,552.35,2388.12,9050.53,47.6,521.03,8127.1,8.4234,394,38.72,23.2718
AC-076,29,-0.0008,-0.0003,100.0,642.84,1592.65,1404.43,554.01,2388.07,9056.25,47.47,521.48,8134.66,8.4613,394,38.89,23.3389
AC-076,30,0.0004,-0.0001,100.0,642.52,1588.03,1412.88,553.67,2388.09,9048.38,47.4,521.54,8133.67,8.4777,392,38.88,23.2997
AC-076,31,0.0036,-0.0003,100.0,643.1,1595.99,1403.25,553.55,2388.11,9051.59,47.55,521.39,8134.13,8.4742,392,38.74,23.2797
AC-076,32,-0.0008,-0.0004,100.0,642.13,1587.33,1407.38,553.73,2388.15,9052.85,47.34,521.87,8132.37,8.4468,391,38.77,23.2616
AC-076,33,-0.0007,0.0002,100.0,642.9,1592.25,1408.43,552.6,2388.07,9054.88,47.49,521.57,8133.21,8.4216,393,38.84,23.3688
AC-076,34,0.0027,0.0001,100.0,642.82,1593.27,1404.06,553.35,2388.1,9054.0,47.49,521.26,8133.88,8.4595,391,38.95,23.3993
AC-076,35,-0.0018,0.0001,100.0,643.48,1594.35,1405.63,553.67,2388.11,9038.25,47.62,521.4,8128.35,8.4319,393,38.83,23.228
AC-076,36,-0.0031,-0.0,100.0,642.27,1596.96,1412.44,553.26,2388.12,9053.66,47.46,521.32,8137.08,8.4542,393,38.86,23.296
AC-076,37,-0.0033,0.0002,100.0,642.37,1594.92,1405.4,553.35,2388.12,9048.37,47.41,521.45,8130.44,8.4547,392,38.81,23.2922
AC-076,38,-0.001,0.0003,100.0,642.57,1587.17,1407.76,553.26,2388.12,9047.43,47.53,521.63,8133.43,8.4569,392,38.9,23.323
AC-076,39,0.0003,0.0002,100.0,642.57,1586.89,1410.08,553.29,2388.13,9049.99,47.33,520.9,8134.57,8.4329,393,38.79,23.3617
AC-076,40,-0.0039,0.0003,100.0,642.37,1585.96,1405.02,554.15,2388.06,9054.8,47.49,521.72,8131.7,8.3906,393,38.84,23.3559
AC-076,41,-0.0049,0.0001,100.0,642.98,1588.15,1409.31,553.54,2388.14,9051.79,47.54,521.61,8129.57,8.4366,393,38.88,23.3428
AC-076,42,-0.0004,0.0004,100.0,643.0,1585.76,1405.81,553.07,2388.1,9049.33,47.69,521.52,8130.75,8.4412,394,38.74,23.3329
AC-076,43,-0.0006,-0.0003,100.0,642.59,1592.42,1415.56,553.35,2388.12,9057.42,47.56,521.22,8133.02,8.4454,393,38.85,23.2917
AC-076,44,0.0006,0.0004,100.0,642.71,1594.12,1400.38,553.49,2388.1,9046.24,47.57,521.22,8127.61,8.43,393,38.82,23.3395
AC-076,45,0.0008,-0.0003,100.0,642.01,1586.67,1408.74,553.07,2388.1,9048.21,47.38,521.29,8134.74,8.4361,394,38.83,23.2113
AC-076,46,-0.0023,0.0003,100.0,642.26,1592.61,1410.41,553.34,2388.12,9042.96,47.5,521.81,8127.57,8.4718,394,38.91,23.1718
AC-076,47,-0.0012,-0.0003,100.0,641.92,1594.19,1404.22,552.58,2388.1,9053.22,47.46,521.26,8136.01,8.4553,394,38.67,23.3395
AC-076,48,-0.0031,0.0004,100.0,643.0,1595.6,1405.91,553.09,2388.11,9054.31,47.43,521.49,8133.6,8.4684,393,38.99,23.3191
AC-076,49,0.0006,-0.0002,100.0,642.31,1586.18,1412.48,552.89,2388.13,9045.15,47.68,522.08,8132.71,8.4241,393,38.78,23.2968
AC-076,50,0.0006,0.0005,100.0,642.57,1588.53,1410.53,552.95,2388.14,9053.61,47.64,520.9,8126.49,8.4563,394,38.87,23.2504
AC-076,51,0.0012,-0.0001,100.0,642.41,1591.03,1400.94,553.44,2388.1,9056.84,47.64,520.91,8132.19,8.4468,393,39.02,23.326
AC-076,52,-0.0008,-0.0001,100.0,642.37,1594.0,1409.15,553.81,2388.11,9047.66,47.49,520.89,8135.83,8.4269,393,38.73,23.2435
AC-076,53,-0.0007,-0.0003,100.0,642.79,1591.52,1412.96,553.29,2388.13,9050.53,47.48,521.05,8123.43,8.4413,393,38.8,23.2195
AC-076,54,0.0044,-0.0003,100.0,642.94,1590.52,1404.03,553.46,2388.11,9057.11,47.41,521.37,8138.2,8.4749,395,38.92,23.2926
AC-076,55,-0.0033,-0.0003,100.0,642.36,1595.88,1415.52,553.72,2388.1,9054.08,47.6,521.4,8138.88,8.4418,393,39.11,23.2651
AC-076,56,-0.0006,-0.0004,100.0,642.25,1589.25,1412.42,553.88,2388.15,9043.21,47.45,521.88,8131.61,8.4807,392,38.6,23.2946
AC-076,57,-0.0018,0.0005,100.0,642.92,1596.27,1412.96,553.16,2388.16,9052.47,47.52,521.53,8132.44,8.4055,393,38.82,23.1924
AC-076,58,0.0022,-0.0002,100.0,642.69,1587.2,1407.79,553.67,2388.15,9056.9,47.63,521.33,8127.69,8.4679,393,38.58,23.2039
AC-076,59,-0.0028,0.0005,100.0,642.24,1583.07,1411.29,553.19,2388.18,9050.13,47.75,521.67,8131.95,8.5063,394,38.76,23.3354
AC-076,60,0.0003,-0.0002,100.0,642.25,1596.54,1409.59,553.63,2388.12,9050.72,47.55,521.69,8136.19,8.4352,392,38.91,23.3398
AC-076,61,-0.0016,-0.0003,100.0,642.83,1591.85,1417.72,553.94,2388.15,9052.27,47.56,521.7,8129.53,8.4457,391,38.91,23.433
AC-076,62,-0.0,0.0,100.0,642.5,1593.24,1408.79,553.16,2388.11,9052.37,47.48,521.01,8129.31,8.4584,393,38.88,23.2914
AC-076,63,0.0013,-0.0,100.0,642.75,1594.93,1408.51,553.51,2388.11,9055.2,47.52,521.58,8127.21,8.4532,393,38.78,23.1078
AC-076,64,0.0011,-0.0002,100.0,642.98,1591.32,1402.14,553.54,2388.16,9051.94,47.63,521.04,8134.06,8.4247,394,39.03,23.2873
AC-076,65,-0.0004,0.0003,100.0,642.3,1591.88,1399.65,554.41,2388.11,9054.34,47.42,521.48,8139.87,8.4286,391,38.66,23.1976
AC-076,66,0.0016,0.0002,100.0,642.52,1590.53,1411.91,553.04,2388.1,9062.81,47.77,521.26,8129.2,8.4151,392,38.8,23.2512
AC-076,67,0.0045,0.0004,100.0,643.14,1593.91,1407.38,553.82,2388.15,9055.31,47.6,520.91,8128.78,8.4577,395,38.71,23.2325
AC-076,68,0.0043,0.0001,100.0,642.65,1579.04,1406.14,553.21,2388.16,9043.91,47.56,520.81,8130.2,8.465,393,38.91,23.3583
AC-076,69,0.0012,0.0,100.0,642.44,1589.48,1412.9,553.84,2388.14,9058.06,47.69,521.46,8135.09,8.3935,392,38.75,23.3611
AC-076,70,0.0003,-0.0002,100.0,642.64,1592.01,1405.8,553.39,2388.12,9052.95,47.6,521.31,8135.18,8.4309,393,38.89,23.3464
AC-076,71,-0.0005,-0.0003,100.0,642.71,1595.72,1405.8,552.55,2388.15,9052.65,47.7,521.31,8137.7,8.4213,394,38.77,23.2961
AC-076,72,-0.0005,-0.0002,100.0,643.28,1588.28,1408.26,552.84,2388.14,9050.53,47.76,521.63,8132.43,8.4663,393,38.91,23.2862
AC-076,73,0.0003,0.0004,100.0,642.49,1594.55,1407.24,553.21,2388.14,9052.55,47.72,520.74,8133.55,8.4536,394,38.81,23.3352
AC-076,74,-0.0011,-0.0002,100.0,642.58,1586.85,1415.08,552.95,2388.08,9055.03,47.72,521.23,8134.38,8.456,393,38.64,23.2748
AC-076,75,0.0022,-0.0004,100.0,643.02,1591.5,1409.7,553.2,2388.09,9053.73,47.57,521.15,8133.23,8.4653,394,38.86,23.3982
AC-076,76,0.0007,-0.0002,100.0,643.16,1597.66,1410.62,553.81,2388.12,9051.66,47.43,521.57,8131.48,8.4344,392,38.94,23.3026
AC-076,77,-0.0,0.0005,100.0,642.71,1592.49,1407.34,553.45,2388.12,9054.01,47.47,521.7,8134.83,8.4545,394,38.94,23.37
AC-076,78,-0.0043,-0.0004,100.0,642.67,1590.02,1418.2,552.73,2388.11,9049.45,47.5,521.18,8130.81,8.447,395,38.77,23.3318
AC-076,79,-0.003,0.0001,100.0,642.59,1594.75,1416.18,552.16,2388.14,9063.12,47.65,521.54,8132.08,8.4303,394,38.78,23.3279
AC-076,80,0.0019,-0.0,100.0,642.06,1590.42,1412.23,553.16,2388.16,9055.12,47.63,521.5,8132.4,8.4116,395,38.8,23.272
AC-076,81,0.0039,0.0004,100.0,643.21,1591.66,1409.26,553.59,2388.09,9053.31,47.68,521.46,8135.35,8.4456,395,38.68,23.3865
AC-076,82,0.0005,0.0002,100.0,642.56,1587.65,1407.49,553.51,2388.13,9053.44,47.34,521.12,8135.61,8.4474,392,38.95,23.3009
AC-076,83,0.0038,0.0002,100.0,642.31,1588.36,1410.64,553.55,2388.1,9057.98,47.47,521.54,8132.03,8.4371,394,38.89,23.1608
AC-076,84,0.0007,-0.0002,100.0,642.86,1581.31,1407.42,553.7,2388.08,9047.55,47.59,521.16,8128.22,8.448,392,38.73,23.3365
AC-076,85,-0.0031,-0.0001,100.0,642.6,1587.36,1418.11,553.59,2388.12,9051.09,47.88,521.15,8133.28,8.4395,393,38.77,23.2519
AC-076,86,-0.0004,-0.0003,100.0,642.81,1590.36,1410.71,553.07,2388.14,9051.95,47.69,521.2,8130.26,8.4384,393,38.76,23.2774
AC-076,87,-0.0014,-0.0003,100.0,642.38,1587.63,1408.85,553.37,2388.12,9054.63,47.45,521.24,8127.08,8.4443,393,38.93,23.2359
AC-076,88,0.0,0.0003,100.0,643.54,1582.14,1407.79,553.33,2388.12,9052.04,47.56,521.29,8134.28,8.4349,394,38.83,23.3718
AC-076,89,-0.0009,0.0001,100.0,642.77,1597.12,1407.87,552.53,2388.12,9051.38,47.47,521.21,8133.86,8.4556,394,38.55,23.3751
AC-076,90,0.0001,-0.0003,100.0,642.59,1589.06,1398.85,553.09,2388.12,9050.61,47.69,520.44,8126.81,8.4204,393,38.75,23.2093
AC-076,91,0.004,-0.0001,100.0,643.12,1593.62,1413.26,553.0,2388.17,9052.53,47.6,520.8,8127.59,8.4238,392,38.65,23.203
AC-076,92,0.0014,-0.0,100.0,643.25,1593.4,1416.45,553.41,2388.15,9048.71,47.57,521.31,8131.24,8.4445,393,38.89,23.3191
AC-076,93,0.001,-0.0003,100.0,642.67,1592.08,1407.74,552.76,2388.14,9057.48,47.7,521.36,8130.7,8.4549,392,38.61,23.2614
AC-076,94,-0.0001,0.0005,100.0,642.81,1592.55,1408.59,553.76,2388.15,9055.95,47.57,521.33,8131.8,8.4577,393,38.76,23.2419
AC-076,95,0.0001,-0.0,100.0,642.48,1592.86,1412.31,553.05,2388.15,9053.43,47.64,521.2,8128.08,8.4868,393,38.7,23.3668
AC-076,96,-0.0021,-0.0002,100.0,642.72,1592.69,1413.44,552.91,2388.12,9049.6,47.53,520.94,8137.11,8.4517,393,38.83,23.2039
AC-076,97,0.0048,-0.0002,100.0,642.78,1590.59,1405.01,553.35,2388.06,9053.31,47.66,520.77,8128.83,8.4473,394,38.8,23.332
AC-076,98,0.0032,-0.0002,100.0,642.95,1586.11,1409.39,553.36,2388.15,9051.41,47.91,521.02,8135.33,8.4335,395,38.86,23.346
AC-076,99,-0.0018,0.0,100.0,642.57,1596.96,1415.76,553.65,2388.12,9045.47,47.56,520.85,8133.48,8.4158,394,38.72,23.3114
AC-076,100,0.002,-0.0004,100.0,642.31,1593.01,1412.16,552.8,2388.11,9053.5,47.74,520.6,8132.24,8.4655,393,38.96,23.1812
AC-076,101,0.0009,0.0002,100.0,642.8,1591.09,1413.31,553.05,2388.18,9053.77,47.89,521.5,8132.84,8.4483,393,38.88,23.2478
AC-076,102,-0.0019,0.0003,100.0,643.3,1591.86,1410.6,552.84,2388.16,9051.61,47.32,521.23,8135.5,8.4668,393,38.9,23.2498
AC-076,103,0.0037,-0.0002,100.0,642.87,1590.79,1407.79,553.04,2388.15,9053.15,47.53,521.27,8135.23,8.4504,393,38.76,23.2178
AC-076,104,-0.0009,-0.0003,100.0,642.7,1591.14,1410.51,553.26,2388.14,9056.53,47.52,520.84,8131.89,8.4786,394,38.98,23.1878
AC-076,105,-0.0011,0.0004,100.0,643.38,1595.96,1415.93,552.83,2388.09,9054.58,47.51,520.98,8131.3,8.4467,393,38.78,23.2631
AC-076,106,0.002,-0.0002,100.0,641.8,1589.79,1411.88,553.64,2388.14,9057.41,47.57,521.65,8134.81,8.4555,392,38.76,23.1816
AC-076,107,-0.0054,0.0003,100.0,641.83,1596.35,1414.59,552.64,2388.12,9053.56,47.56,520.63,8133.5,8.459,394,38.86,23.2324
AC-076,108,-0.0037,0.0,100.0,643.38,1586.86,1406.66,553.73,2388.14,9053.9,47.6,521.17,8136.35,8.4384,393,38.84,23.2493
AC-076,109,0.0024,0.0001,100.0,642.61,1588.91,1409.06,552.75,2388.1,9049.06,47.47,521.06,8130.2,8.4455,394,38.75,23.2443
AC-076,110,-0.0015,-0.0,100.0,642.89,1586.45,1413.74,552.89,2388.17,9053.17,47.66,521.3,8133.94,8.4534,393,38.68,23.2586
AC-076,111,-0.0011,0.0004,100.0,643.23,1593.21,1409.76,552.0,2388.18,9052.94,47.68,521.36,8125.19,8.4363,393,38.76,23.3244
AC-076,112,-0.002,0.0003,100.0,642.79,1589.74,1401.48,553.05,2388.15,9051.89,47.71,521.1,8129.89,8.4461,394,38.8,23.1334
AC-076,113,0.0013,-0.0002,100.0,642.36,1592.78,1412.07,552.88,2388.12,9056.57,47.71,521.5,8135.32,8.4508,394,38.64,23.2386
AC-076,114,-0.0015,-0.0,100.0,643.15,1591.32,1417.0,552.97,2388.15,9056.75,47.65,520.76,8129.33,8.4543,393,38.73,23.2524
AC-076,115,-0.0016,-0.0002,100.0,642.85,1585.78,1407.9,553.44,2388.08,9054.09,47.83,520.88,8135.14,8.4655,393,38.73,23.2693
AC-076,116,-0.0019,0.0004,100.0,642.64,1599.91,1417.13,552.98,2388.14,9053.55,47.66,521.07,8130.66,8.4542,394,38.73,23.3121
AC-076,117,-0.0035,0.0004,100.0,643.08,1593.6,1410.02,553.06,2388.16,9053.7,47.87,520.79,8130.51,8.4398,394,38.76,23.3358
AC-076,118,0.0007,0.0002,100.0,642.88,1594.06,1410.93,553.06,2388.09,9053.63,47.63,520.68,8129.36,8.4522,394,38.67,23.2947
AC-076,119,0.0008,-0.0004,100.0,642.47,1595.02,1417.37,552.61,2388.19,9054.98,47.71,521.17,8127.67,8.4655,393,38.88,23.2062
AC-076,120,-0.0027,-0.0003,100.0,643.23,1590.11,1412.59,553.54,2388.08,9053.1,47.78,520.95,8132.56,8.472,393,38.63,23.3322
AC-076,121,-0.0004,0.0002,100.0,642.67,1595.6,1406.64,553.37,2388.09,9058.82,47.72,520.99,8135.71,8.4439,394,38.79,23.1428
AC-076,122,0.0008,-0.0001,100.0,642.92,1590.01,1419.4,553.33,2388.16,9055.58,47.66,520.93,8134.7,8.4438,392,38.79,23.2056
AC-076,123,0.0004,0.0002,100.0,642.39,1600.49,1411.59,553.17,2388.17,9055.24,47.63,521.43,8129.3,8.4395,393,38.77,23.2957
AC-076,124,0.0001,-0.0001,100.0,643.18,1588.77,1415.77,552.78,2388.13,9053.81,47.76,521.05,8128.12,8.4565,393,38.78,23.229
AC-076,125,-0.0002,-0.0003,100.0,643.4,1594.35,1412.86,552.83,2388.17,9054.26,47.67,521.31,8134.81,8.4618,393,38.79,23.2217
AC-076,126,0.0005,-0.0003,100.0,642.57,1595.55,1404.5,553.38,2388.17,9058.71,47.64,520.63,8134.5,8.448,392,38.66,23.3534
AC-076,127,-0.0005,-0.0002,100.0,642.93,1587.23,1409.22,553.31,2388.14,9049.68,47.63,521.03,8130.77,8.462,392,38.75,23.1908
AC-076,128,-0.0016,-0.0003,100.0,642.83,1591.49,1410.86,553.49,2388.06,9054.46,47.6,521.18,8129.66,8.479,393,38.56,23.3528
AC-076,129,-0.0049,-0.0002,100.0,642.54,1590.63,1414.98,553.05,2388.14,9047.63,47.7,520.89,8134.38,8.4424,392,38.79,23.2753
AC-076,130,-0.0025,0.0002,100.0,643.09,1597.94,1412.81,553.5,2388.16,9050.97,47.61,520.61,8131.2,8.4686,393,38.77,23.32
AC-076,131,-0.0003,0.0005,100.0,642.98,1587.01,1414.17,552.92,2388.16,9056.28,47.73,520.41,8133.41,8.4555,396,38.67,23.2392
AC-076,132,0.0002,-0.0,100.0,643.05,1585.52,1418.37,552.65,2388.2,9054.21,47.74,521.07,8131.85,8.4791,394,38.62,23.1721
AC-076,133,0.0005,0.0,100.0,643.44,1593.34,1417.59,552.62,2388.2,9049.01,47.69,520.83,8132.84,8.4721,395,38.58,23.1817
AC-076,134,0.0012,-0.0002,100.0,642.92,1589.07,1406.79,552.67,2388.12,9056.12,47.7,521.31,8127.36,8.4648,393,38.67,23.1807
AC-076,135,-0.0027,-0.0001,100.0,643.12,1595.07,1404.9,553.3,2388.13,9058.29,47.67,520.75,8130.33,8.4346,395,38.8,23.1851
AC-076,136,-0.0038,0.0004,100.0,643.03,1591.58,1414.83,552.86,2388.16,9060.84,47.74,520.95,8135.97,8.467,393,38.84,23.2181
AC-076,137,0.0018,-0.0001,100.0,643.08,1585.51,1422.7,552.63,2388.15,9049.74,47.87,520.9,8135.29,8.4617,394,38.63,23.1657
AC-076,138,0.0048,-0.0001,100.0,642.96,1589.14,1410.09,552.9,2388.21,9056.46,47.73,520.61,8132.35,8.4992,395,38.69,23.254
AC-076,139,0.0014,0.0002,100.0,643.14,1597.68,1420.06,552.27,2388.23,9057.91,47.85,520.54,8126.77,8.4498,395,38.85,23.2628
AC-076,140,0.0009,0.0002,100.0,643.04,1597.59,1409.48,552.14,2388.14,9050.52,47.6,521.31,8137.63,8.4624,396,38.67,23.2327
AC-076,141,0.0012,-0.0002,100.0,642.47,1594.46,1414.03,552.96,2388.16,9053.47,47.73,521.23,8133.44,8.4483,395,38.58,23.2474
AC-076,142,0.0026,-0.0004,100.0,642.86,1594.47,1414.87,552.26,2388.23,9051.47,47.75,520.9,8131.91,8.4631,395,38.59,23.1432
AC-076,143,0.0029,-0.0003,100.0,642.61,1591.33,1409.84,552.92,2388.16,9050.03,47.82,521.01,8132.12,8.4651,394,38.64,23.1782
AC-076,144,0.0047,0.0001,100.0,643.05,1595.93,1414.19,552.39,2388.22,9055.16,47.64,520.63,8135.28,8.4754,395,38.65,23.2123
AC-076,145,0.0011,0.0003,100.0,643.1,1600.23,1413.91,553.06,2388.14,9060.68,47.75,521.34,8131.37,8.4498,394,38.81,23.2351
AC-076,146,0.0012,0.0,100.0,642.81,1585.03,1412.32,553.39,2388.21,9056.05,47.76,520.76,8134.74,8.4567,395,38.66,23.2175
AC-076,147,-0.0011,0.0003,100.0,643.14,1591.83,1427.18,552.97,2388.13,9054.31,47.75,521.05,8129.44,8.5261,394,38.84,23.1752
AC-076,148,-0.0032,-0.0004,100.0,643.21,1592.54,1409.79,553.03,2388.16,9052.29,47.8,520.52,8132.37,8.4875,393,38.71,23.1783
AC-076,149,0.0003,-0.0001,100.0,642.65,1594.84,1416.43,552.65,2388.15,9058.93,47.73,520.6,8126.81,8.465,394,38.79,23.2704
AC-076,150,0.002,0.0004,100.0,643.17,1592.61,1413.11,551.96,2388.14,9058.35,47.76,520.35,8130.88,8.4794,394,38.78,23.3216
AC-076,151,0.0014,-0.0001,100.0,642.83,1587.82,1418.34,552.64,2388.16,9045.17,47.83,521.0,8130.68,8.4283,394,38.82,23.2632
AC-076,152,-0.001,-0.0001,100.0,642.98,1601.75,1407.12,552.35,2388.21,9058.21,47.63,520.31,8128.98,8.4895,392,38.82,23.1542
AC-076,153,-0.0013,0.0003,100.0,642.67,1594.61,1419.68,553.04,2388.18,9053.4,47.74,520.59,8127.18,8.494,396,38.83,23.2066
AC-076,154,0.0012,0.0005,100.0,643.25,1598.99,1417.56,551.64,2388.17,9048.87,47.7,520.1,8130.64,8.4809,395,38.56,23.172
AC-076,155,-0.0013,0.0005,100.0,643.05,1588.4,1418.81,552.39,2388.16,9046.81,47.61,520.61,8130.89,8.4631,394,38.74,23.1329
AC-076,156,-0.0005,-0.0,100.0,643.21,1594.88,1414.96,552.73,2388.19,9055.22,47.8,520.45,8125.7,8.4621,394,38.54,23.2717
AC-076,157,0.0008,-0.0001,100.0,643.13,1596.61,1421.11,552.63,2388.2,9052.12,47.8,521.01,8134.65,8.4859,393,38.66,23.2268
AC-076,158,0.0005,-0.0001,100.0,643.02,1588.92,1417.37,552.96,2388.19,9052.47,47.58,520.5,8130.22,8.5018,394,38.48,23.1817
AC-076,159,0.0039,-0.0004,100.0,642.98,1591.58,1414.0,552.42,2388.15,9052.34,48.02,520.43,8126.42,8.4528,396,38.54,23.2539
AC-076,160,0.0008,0.0001,100.0,643.16,1596.66,1423.69,552.36,2388.17,9061.04,47.73,520.66,8133.9,8.5102,395,38.68,23.2148
AC-076,161,-0.0008,0.0003,100.0,642.9,1598.75,1412.0,552.83,2388.14,9053.48,47.63,520.9,8135.43,8.488,394,38.7,23.255
AC-076,162,0.0016,0.0001,100.0,643.12,1599.19,1420.94,552.48,2388.22,9057.48,47.83,520.94,8129.7,8.5103,393,38.63,23.2353
AC-076,163,-0.0003,-0.0001,100.0,643.29,1594.52,1410.46,552.29,2388.16,9059.82,47.83,520.64,8131.29,8.5052,396,38.72,23.2382
AC-076,164,-0.0031,-0.0004,100.0,643.39,1602.06,1417.9,552.77,2388.19,9061.85,47.85,520.77,8134.04,8.4696,395,38.66,23.2266
AC-076,165,-0.0026,0.0002,100.0,643.04,1592.53,1421.2,552.51,2388.2,9052.16,47.97,520.65,8133.65,8.4411,393,38.61,23.1047
AC-076,166,0.0041,0.0001,100.0,642.81,1597.35,1421.77,551.89,2388.19,9053.65,47.96,521.21,8135.79,8.5035,394,38.53,23.1895
AC-076,167,0.0001,-0.0003,100.0,642.99,1594.19,1420.25,553.2,2388.22,9051.24,48.02,520.61,8132.19,8.5003,396,38.59,23.2048
AC-076,168,0.0033,-0.0003,100.0,643.42,1601.18,1425.95,552.56,2388.17,9053.48,47.69,520.22,8127.39,8.4799,395,38.46,23.1264
AC-076,169,0.0012,-0.0004,100.0,643.11,1591.17,1423.65,551.68,2388.15,9051.27,47.69,520.19,8129.23,8.4699,394,38.73,23.1842
AC-076,170,0.0005,-0.0004,100.0,643.21,1599.05,1417.72,552.12,2388.2,9053.99,47.79,521.27,8131.63,8.4952,395,38.76,23.1824
AC-076,171,-0.0034,0.0003,100.0,643.16,1591.5,1413.65,552.41,2388.13,9049.38,47.98,520.58,8133.96,8.4681,394,38.58,23.1242
AC-076,172,0.0018,0.0004,100.0,643.12,1595.0,1419.89,552.34,2388.23,9056.21,47.56,520.35,8133.37,8.507,397,38.6,23.1497
AC-076,173,0.0005,0.0002,100.0,643.46,1594.78,1414.88,552.17,2388.2,9056.38,47.87,519.78,8134.55,8.4619,393,38.71,23.0934
AC-076,174,0.0023,0.0003,100.0,643.11,1595.92,1417.62,552.72,2388.18,9057.85,47.94,520.01,8133.97,8.4948,395,38.62,23.1347
AC-076,175,-0.0014,0.0,100.0,643.51,1591.72,1420.21,552.36,2388.23,9052.36,47.88,520.52,8133.71,8.4951,394,38.49,23.1965
AC-076,176,0.0021,0.0,100.0,643.14,1602.66,1423.9,552.22,2388.23,9058.36,47.85,521.11,8136.21,8.4986,395,38.51,23.1241
AC-076,177,-0.0021,0.0003,100.0,643.63,1599.51,1426.06,552.39,2388.22,9052.94,48.01,520.7,8130.73,8.4958,394,38.51,23.1952
AC-076,178,0.0001,-0.0004,100.0,642.83,1599.41,1416.3,552.62,2388.23,9052.25,47.89,520.19,8130.09,8.4653,397,38.67,23.096
AC-076,179,-0.0047,0.0005,100.0,643.43,1594.65,1408.28,552.31,2388.25,9059.81,47.95,520.61,8126.51,8.4859,395,38.47,23.1614
AC-076,180,0.0001,0.0001,100.0,642.9,1596.91,1425.27,552.06,2388.18,9066.32,47.71,520.89,8137.75,8.5213,394,38.59,23.1665
AC-076,181,-0.0026,-0.0001,100.0,643.27,1590.19,1424.68,551.65,2388.21,9062.12,47.96,519.85,8129.47,8.4634,395,38.5,23.1048
AC-076,182,-0.0021,-0.0001,100.0,643.71,1599.19,1425.89,552.18,2388.26,9055.89,47.98,519.98,8128.32,8.5182,395,38.61,23.1289
AC-076,183,-0.0016,-0.0004,100.0,643.4,1595.59,1415.11,552.34,2388.26,9055.0,47.94,520.47,8138.08,8.476,394,38.49,23.1653
AC-076,184,-0.0013,0.0001,100.0,643.57,1595.96,1425.54,552.41,2388.2,9053.59,47.92,520.02,8133.0,8.5046,395,38.66,23.1147
AC-076,185,-0.0008,-0.0003,100.0,643.37,1599.18,1420.64,551.99,2388.24,9053.31,48.04,520.47,8131.6,8.5151,394,38.49,23.1081
AC-076,186,0.0003,0.0001,100.0,643.64,1597.71,1419.68,551.71,2388.18,9054.03,47.9,519.94,8129.92,8.4706,394,38.44,23.0489
AC-076,187,-0.0022,0.0001,100.0,643.04,1600.11,1424.33,552.65,2388.25,9054.83,48.07,519.63,8129.39,8.5259,396,38.7,23.0705
AC-076,188,-0.0018,-0.0004,100.0,643.14,1604.62,1423.94,551.37,2388.24,9055.82,47.86,520.08,8130.53,8.512,396,38.37,23.0974
AC-076,189,0.0006,-0.0002,100.0,643.24,1600.68,1421.56,551.73,2388.24,9047.93,48.14,519.66,8128.6,8.5073,396,38.61,23.1232
AC-076,190,0.0018,0.0001,100.0,643.81,1597.63,1416.46,552.48,2388.24,9064.21,47.88,520.03,8133.59,8.4858,395,38.49,23.0805
AC-076,191,0.0064,0.0005,100.0,642.86,1593.94,1420.41,551.57,2388.22,9044.09,48.08,520.22,8127.37,8.5021,396,38.55,23.1136
AC-076,192,0.0021,0.0,100.0,643.66,1595.93,1430.34,551.3,2388.25,9053.14,47.95,519.86,8129.09,8.4932,395,38.56,23.2554
AC-076,193,-0.0046,0.0004,100.0,643.3,1595.24,1421.35,552.59,2388.28,9060.73,48.01,520.15,8129.62,8.5062,395,38.57,23.1319
AC-076,194,-0.0022,0.0005,100.0,643.7,1599.47,1423.71,551.54,2388.24,9055.77,47.94,520.05,8128.47,8.4769,395,38.55,23.1784
AC-076,195,0.0016,0.0004,100.0,643.72,1602.47,1421.4,551.68,2388.22,9058.07,48.13,520.08,8134.54,8.5198,397,38.51,23.0643
AC-076,196,0.0011,0.0001,100.0,643.98,1596.85,1420.14,552.03,2388.23,9052.37,47.93,520.1,8132.3,8.5175,393,38.47,23.126
AC-076,197,-0.0002,-0.0004,100.0,643.51,1601.93,1420.9,551.26,2388.27,9056.07,48.06,520.43,8132.63,8.4916,395,38.39,23.0897
AC-076,198,0.0011,0.0004,100.0,643.48,1599.38,1422.14,551.43,2388.26,9050.88,48.21,520.15,8128.1,8.5011,398,38.59,23.0831
AC-076,199,-0.0003,0.0004,100.0,643.42,1601.28,1429.56,550.81,2388.23,9049.71,48.04,520.04,8124.53,8.535,397,38.55,23.0614
AC-076,200,0.0028,0.0005,100.0,643.93,1601.24,1424.86,551.74,2388.29,9058.18,48.09,520.0,8128.02,8.465,395,38.55,23.1532
AC-076,201,0.0005,-0.0001,100.0,643.42,1597.56,1428.07,551.9,2388.26,9056.61,48.21,519.6,8132.33,8.5041,395,38.56,23.105
AC-076,202,-0.0016,-0.0001,100.0,643.58,1603.94,1427.6,551.9,2388.24,9051.01,48.21,519.99,8126.6,8.512,397,38.3,23.0205
AC-076,203,-0.0012,0.0004,100.0,643.92,1603.83,1428.37,551.83,2388.3,9055.48,48.02,519.95,8132.57,8.4963,396,38.56,23.0698
AC-076,204,-0.0031,-0.0003,100.0,643.86,1599.62,1430.9,551.24,2388.23,9054.04,48.33,519.82,8129.66,8.5066,397,38.39,23.1399
AC-076,205,-0.0018,0.0003,100.0,643.52,1605.57,1422.82,551.26,2388.29,9059.11,48.12,520.01,8131.22,8.4898,395,38.37,23.1358
AC-076,206,-0.0013,0.0005,100.0,643.98,1600.8,1429.55,551.36,2388.28,9053.1,48.2,519.38,8128.17,8.5321,396,38.53,23.0828
AC-076,207,0.0003,0.0,100.0,643.26,1599.16,1424.96,550.83,2388.25,9056.03,48.1,519.99,8132.37,8.5279,397,38.29,23.1123
AC-076,208,-0.0011,0.0002,100.0,643.64,1606.72,1432.06,550.9,2388.28,9058.91,48.07,519.44,8134.88,8.5155,396,38.52,23.1379
AC-076,209,-0.0005,-0.0001,100.0,643.73,1603.22,1431.35,551.47,2388.23,9055.35,48.19,520.08,8123.59,8.5202,395,38.53,23.0349
AC-076,210,-0.003,0.0003,100.0,643.67,1598.61,1432.07,550.94,2388.27,9056.85,48.24,519.41,8131.33,8.5253,396,38.5,23.0671
AC-077,1,-0.0014,0.0004,100.0,642.62,1591.75,1411.32,553.71,2388.07,9052.57,47.55,521.45,8126.56,8.4655,392,38.92,23.2762
AC-077,2,-0.0004,0.0004,100.0,642.46,1591.88,1406.97,553.44,2388.13,9043.86,47.3,521.67,8127.46,8.4789,392,38.88,23.2764
AC-077,3,0.0042,0.0,100.0,641.78,1585.31,1400.54,553.67,2388.12,9051.11,47.39,521.46,8125.17,8.435,394,38.82,23.2387
AC-077,4,0.0027,-0.0003,100.0,642.71,1592.71,1410.04,553.22,2388.13,9050.29,47.38,521.28,8131.03,8.4365,393,38.79,23.4034
AC-077,5,-0.0001,0.0004,100.0,642.09,1587.59,1405.8,553.73,2388.1,9048.07,47.56,521.67,8130.0,8.4685,391,38.8,23.3085
AC-077,6,0.0037,0.0001,100.0,642.85,1586.86,1405.66,553.39,2388.11,9051.76,47.5,521.45,8127.13,8.4695,392,38.83,23.2958
AC-077,7,-0.0003,-0.0001,100.0,642.26,1583.78,1417.79,553.33,2388.06,9047.15,47.54,522.18,8129.73,8.4786,393,38.85,23.3976
AC-077,8,0.0001,-0.0,100.0,642.4,1587.29,1405.13,553.6,2388.11,9045.31,47.56,522.0,8131.74,8.4239,393,38.93,23.3802
AC-077,9,0.0044,0.0001,100.0,642.72,1589.08,1407.47,554.43,2388.07,9051.04,47.53,521.41,8128.44,8.4484,392,39.04,23.3733
AC-077,10,0.002,-0.0004,100.0,642.83,1584.97,1407.97,553.87,2388.06,9044.83,47.32,520.77,8125.32,8.4271,392,38.77,23.355
AC-077,11,0.0017,0.0004,100.0,643.13,1582.29,1407.13,553.11,2388.07,9040.34,47.36,521.24,8129.87,8.4378,392,38.77,23.2824
AC-077,12,0.0027,0.0,100.0,642.3,1591.82,1406.0,553.9,2388.09,9049.8,47.34,522.05,8127.33,8.429,391,38.89,23.1751
AC-077,13,0.0002,0.0004,100.0,642.12,1588.45,1402.71,554.04,2388.13,9044.83,47.48,521.35,8126.64,8.4269,393,38.93,23.1822
AC-077,14,-0.0027,-0.0003,100.0,642.69,1590.52,1406.71,553.95,2388.17,9047.87,47.58,521.86,8129.32,8.4128,391,38.96,23.3022
AC-077,15,-0.002,-0.0001,100.0,642.65,1587.02,1404.48,553.34,2388.09,9048.41,47.54,521.54,8129.26,8.4149,392,38.66,23.4028
AC-077,16,0.0039,-0.0002,100.0,642.6,1583.71,1400.29,553.12,2388.14,9042.89,47.5,522.24,8124.24,8.413,394,38.98,23.4181
AC-077,17,-0.0028,0.0003,100.0,642.83,1586.01,1406.36,553.7,2388.1,9049.88,47.46,521.05,8129.36,8.4723,391,38.78,23.3913
AC-077,18,0.0027,-0.0003,100.0,642.29,1585.14,1402.4,553.36,2388.13,9055.48,47.65,521.34,8132.27,8.4454,392,39.08,23.3572
AC-077,19,0.0021,-0.0,100.0,642.3,1583.71,1404.29,553.73,2388.05,9049.56,47.6,522.04,8126.84,8.4475,392,38.75,23.2646
AC-077,20,0.0018,-0.0003,100.0,642.78,1586.51,1406.3,553.37,2388.15,9038.78,47.48,521.77,8123.73,8.4324,393,38.81,23.3789
AC-077,21,-0.0016,0.0004,100.0,642.48,1586.09,1409.51,553.29,2388.07,9038.91,47.44,522.01,8129.25,8.441,392,38.88,23.3958
AC-077,22,0.0004,0.0004,100.0,642.65,1589.23,1401.52,553.65,2388.07,9053.88,47.53,521.79,8128.52,8.4108,393,38.74,23.2414
AC-077,23,-0.0003,0.0003,100.0,642.91,1594.68,1405.51,553.13,2388.11,9046.99,47.66,521.29,8125.18,8.4833,394,38.73,23.3472
AC-077,24,-0.0002,0.0001,100.0,642.78,1589.04,1401.67,553.64,2388.14,9043.07,47.48,521.92,8131.86,8.423,394,38.89,23.2798
AC-077,25,-0.0036,0.0001,100.0,642.53,1588.28,1409.97,553.94,2388.1,9046.35,47.46,521.83,8127.14,8.4108,393,38.81,23.309
AC-077,26,-0.0041,0.0002,100.0,642.75,1590.76,1408.38,553.24,2388.09,9045.25,47.25,521.39,8126.68,8.4172,392,38.62,23.2673
AC-077,27,0.0024,0.0001,100.0,642.43,1581.6,1403.69,553.03,2388.09,9051.98,47.58,521.32,8125.36,8.4347,393,38.93,23.3573
AC-077,28,-0.0002,-0.0002,100.0,642.81,1591.61,1411.83,553.3,2388.08,9048.07,47.58,521.14,8125.18,8.4303,393,38.73,23.3459
AC-077,29,-0.0031,0.0003,100.0,642.53,1591.34,1406.42,553.21,2388.13,9046.96,47.84,521.6,8132.19,8.4392,393,38.84,23.3505
AC-077,30,0.0045,0.0003,100.0,642.64,1590.8,1408.42,553.13,2388.11,9041.08,47.47,521.88,8129.32,8.4126,393,38.83,23.329
AC-077,31,0.0022,-0.0,100.0,642.86,1584.4,1410.95,554.48,2388.13,9048.44,47.48,521.42,8125.14,8.4283,392,38.8,23.3948
AC-077,32,0.0002,-0.0004,100.0,642.58,1590.54,1409.97,553.79,2388.12,9047.25,47.47,521.48,8127.97,8.4217,393,38.82,23.3847
AC-077,33,-0.0035,-0.0001,100.0,643.09,1592.54,1413.26,553.28,2388.1,9053.43,47.48,521.15,8125.16,8.441,393,38.51,23.2458
AC-077,34,0.0011,0.0002,100.0,642.57,1586.78,1412.17,553.07,2388.11,9049.14,47.57,522.17,8127.88,8.4323,393,38.62,23.2752
AC-077,35,0.0002,-0.0002,100.0,643.15,1583.88,1411.6,553.37,2388.1,9045.88,47.45,521.05,8128.89,8.3685,395,39.04,23.1706
AC-077,36,-0.0035,-0.0001,100.0,642.86,1594.03,1407.96,553.37,2388.11,9053.23,47.52,521.73,8129.77,8.4388,393,38.79,23.3143
AC-077,37,0.0008,-0.0004,100.0,642.86,1587.77,1407.27,553.79,2388.1,9051.84,47.39,521.22,8128.76,8.4148,393,38.83,23.3281
AC-077,38,0.0008,0.0003,100.0,642.72,1597.55,1405.38,553.7,2388.17,9048.64,47.51,521.46,8130.26,8.4451,394,38.79,23.295
AC-077,39,-0.0007,0.0004,100.0,642.61,1593.84,1404.44,553.46,2388.16,9043.12,47.61,520.93,8127.77,8.435,392,38.96,23.3754
AC-077,40,-0.0027,-0.0001,100.0,642.44,1591.76,1414.29,554.06,2388.13,9048.97,47.3,521.17,8129.89,8.4554,393,38.79,23.3284
AC-077,41,-0.0018,0.0003,100.0,642.88,1587.79,1411.2,553.64,2388.12,9042.76,47.61,521.45,8128.33,8.4518,392,38.79,23.2787
AC-077,42,0.002,0.0002,100.0,642.37,1591.22,1413.4,553.38,2388.1,9046.55,47.3,521.49,8129.82,8.4026,393,38.85,23.3589
AC-077,43,-0.0019,-0.0002,100.0,642.08,1589.69,1407.35,553.46,2388.1,9051.92,47.4,521.4,8131.22,8.424,393,38.95,23.2972
AC-077,44,-0.0031,-0.0003,100.0,642.44,1587.27,1410.17,553.34,2388.1,9047.4,47.49,521.79,8128.11,8.4046,393,38.91,23.2408
AC-077,45,-0.0033,0.0004,100.0,642.74,1587.64,1402.95,553.49,2388.11,9044.43,47.66,521.0,8132.36,8.4377,393,38.84,23.261
AC-077,46,-0.0012,-0.0005,100.0,642.68,1582.92,1409.79,553.86,2388.12,9052.99,47.49,521.38,8130.63,8.4281,392,38.7,23.3302
AC-077,47,-0.0024,0.0003,100.0,642.47,1583.7,1409.03,553.14,2388.12,9038.29,47.47,521.17,8132.26,8.4475,392,38.86,23.3859
AC-077,48,0.0022,-0.0005,100.0,642.42,1597.41,1410.16,553.18,2388.06,9054.29,47.57,521.4,8122.84,8.43,394,38.84,23.1625
AC-077,49,-0.0036,-0.0002,100.0,642.48,1580.52,1403.2,553.46,2388.1,9056.41,47.49,521.0,8133.78,8.4468,393,38.76,23.2819
AC-077,50,0.0027,-0.0001,100.0,642.82,1589.72,1409.9,553.86,2388.13,9045.49,47.47,521.17,8130.52,8.471,391,39.05,23.4174
AC-077,51,-0.0018,-0.0003,100.0,642.27,1588.62,1409.17,553.42,2388.16,9046.56,47.67,521.7,8124.53,8.4048,391,38.87,23.3369
AC-077,52,-0.0007,0.0,100.0,642.49,1582.17,1408.6,552.97,2388.16,9048.86,47.46,521.63,8127.07,8.4623,394,38.81,23.3384
AC-077,53,0.0026,0.0003,100.0,642.44,1596.23,1400.69,553.8,2388.15,9052.42,47.61,521.75,8129.98,8.4371,394,38.93,23.2566
AC-077,54,-0.0024,-0.0005,100.0,642.93,1591.77,1415.77,552.87,2388.1,9047.56,47.29,521.22,8130.84,8.4356,392,39.0,23.3543
AC-077,55,0.0015,0.0003,100.0,642.2,1594.71,1405.16,553.43,2388.11,9043.52,47.68,521.55,8122.49,8.475,392,38.92,23.2863
AC-077,56,-0.0009,0.0001,100.0,642.37,1588.1,1405.53,553.31,2388.09,9038.23,47.47,521.71,8130.7,8.4175,393,38.94,23.2648
AC-077,57,-0.0013,-0.0001,100.0,642.13,1583.93,1408.03,553.4,2388.1,9053.14,47.5,521.83,8126.8,8.4475,392,38.95,23.3684
AC-077,58,-0.0003,0.0002,100.0,642.84,1598.44,1410.33,553.64,2388.13,9043.84,47.53,521.34,8130.45,8.3891,394,38.9,23.2831
AC-077,59,0.0,0.0001,100.0,642.95,1590.79,1414.84,553.34,2388.11,9048.92,47.55,521.14,8133.0,8.4291,392,38.83,23.4754
AC-077,60,-0.0012,0.0003,100.0,642.97,1589.3,1411.12,553.26,2388.12,9051.33,47.57,522.08,8126.5,8.4331,395,38.8,23.1977
AC-077,61,-0.002,0.0,100.0,642.75,1585.58,1407.62,554.26,2388.15,9059.93,47.58,521.56,8126.26,8.4144,394,38.61,23.0833
AC-077,62,-0.0027,-0.0004,100.0,642.47,1588.19,1404.54,553.36,2388.05,9046.8,47.41,521.53,8134.25,8.4303,394,38.71,23.2392
AC-077,63,-0.005,-0.0005,100.0,642.97,1585.94,1411.6,552.87,2388.09,9047.21,47.45,521.11,8128.25,8.4202,393,38.98,23.268
AC-077,64,0.0005,-0.0005,100.0,642.98,1586.2,1408.5,553.36,2388.13,9048.87,47.59,521.48,8124.09,8.4573,392,38.62,23.2905
AC-077,65,0.0015,0.0005,100.0,642.57,1588.21,1407.15,553.51,2388.08,9050.16,47.42,521.53,8127.03,8.4491,393,38.94,23.3022
AC-077,66,-0.0019,-0.0003,100.0,642.62,1587.43,1403.97,552.97,2388.14,9047.37,47.4,521.79,8126.05,8.4276,393,38.74,23.2277
AC-077,67,0.0004,0.0001,100.0,642.73,1583.73,1400.57,552.59,2388.13,9048.95,47.48,521.25,8127.39,8.4337,394,38.71,23.2643
AC-077,68,-0.0049,0.0002,100.0,643.13,1592.02,1409.43,553.16,2388.12,9049.47,47.54,520.89,8125.26,8.4225,394,38.86,23.3131
AC-077,69,-0.0017,-0.0005,100.0,642.85,1592.74,1415.08,553.67,2388.12,9059.37,47.66,520.94,8128.6,8.4488,393,38.71,23.3626
AC-077,70,-0.0001,0.0001,100.0,642.72,1589.98,1404.1,552.87,2388.13,9043.37,47.51,520.97,8126.36,8.4139,393,38.61,23.3068
AC-077,71,-0.0021,-0.0005,100.0,642.39,1587.44,1410.37,553.86,2388.13,9037.91,47.47,521.82,8133.61,8.4402,394,38.88,23.3426
AC-077,72,0.001,0.0004,100.0,642.67,1593.31,1407.45,553.73,2388.13,9057.47,47.51,520.63,8135.84,8.4475,395,38.85,23.1779
AC-077,73,-0.0019,0.0001,100.0,642.68,1591.07,1406.97,553.35,2388.07,9050.25,47.39,522.19,8128.17,8.4263,393,38.59,23.2978
AC-077,74,0.0023,-0.0005,100.0,642.39,1588.72,1406.81,552.85,2388.15,9047.66,47.56,521.19,8127.61,8.4572,391,38.66,23.3184
AC-077,75,0.0026,-0.0005,100.0,642.6,1585.52,1408.78,552.81,2388.16,9049.9,47.66,521.09,8129.8,8.4308,394,38.88,23.2415
AC-077,76,-0.0009,-0.0003,100.0,642.63,1590.84,1408.48,553.0,2388.12,9043.37,47.56,521.92,8125.5,8.4614,394,38.64,23.2522
AC-077,77,-0.0018,0.0003,100.0,642.29,1595.03,1410.47,553.14,2388.14,9054.59,47.5,521.4,8134.47,8.4462,394,39.01,23.2614
AC-077,78,0.0008,0.0003,100.0,643.19,1597.73,1410.18,553.35,2388.1,9051.39,47.62,521.33,8131.49,8.4136,395,38.82,23.2295
AC-077,79,0.0061,0.0002,100.0,642.43,1594.06,1413.98,553.05,2388.15,9050.49,47.57,521.16,8134.9,8.4623,394,38.8,23.33
AC-077,80,-0.0003,0.0003,100.0,643.81,1583.38,1408.73,552.61,2388.14,9048.86,47.66,521.35,8128.71,8.4462,392,38.91,23.1968
AC-077,81,0.0015,-0.0004,100.0,642.81,1585.68,1410.62,553.67,2388.08,9052.18,47.6,521.36,8131.46,8.4422,392,38.91,23.2506
AC-077,82,0.0001,0.0,100.0,642.3,1590.81,1408.56,552.84,2388.15,9047.23,47.55,521.53,8133.45,8.4049,392,38.72,23.2538
AC-077,83,-0.0013,-0.0003,100.0,643.13,1577.92,1413.41,553.68,2388.14,9046.2,47.55,521.64,8130.09,8.451,393,38.92,23.2085
AC-077,84,-0.0035,0.0003,100.0,642.88,1589.73,1411.57,552.82,2388.17,9049.31,47.42,521.48,8136.19,8.4467,393,38.71,23.2559
AC-077,85,-0.0003,0.0004,100.0,642.85,1582.0,1414.03,552.85,2388.13,9052.55,47.48,521.3,8134.64,8.434,393,38.83,23.3199
AC-077,86,-0.0026,0.0002,100.0,643.33,1592.79,1414.83,552.99,2388.15,9048.4,47.26,521.28,8126.46,8.4295,394,38.89,23.2344
AC-077,87,-0.0039,-0.0005,100.0,642.52,1591.29,1410.93,553.65,2388.16,9050.5,47.49,521.34,8127.18,8.4526,395,38.82,23.2805
AC-077,88,0.0019,-0.0004,100.0,643.05,1586.76,1411.6,552.88,2388.14,9044.05,47.56,521.89,8128.51,8.455,393,38.87,23.1114
AC-077,89,-0.0054,0.0003,100.0,642.23,1595.81,1416.13,553.01,2388.17,9050.62,47.55,521.37,8126.2,8.4701,395,38.72,23.2725
AC-077,90,0.0023,0.0001,100.0,642.68,1596.51,1411.4,553.13,2388.11,9058.56,47.52,521.87,8135.04,8.4489,393,38.85,23.2674
AC-077,91,-0.0037,-0.0001,100.0,642.79,1591.8,1410.94,552.69,2388.19,9059.03,47.43,521.39,8133.14,8.4421,393,38.69,23.2535
AC-077,92,0.0022,0.0004,100.0,642.93,1590.2,1410.71,553.31,2388.15,9046.56,47.59,521.24,8133.08,8.4194,392,38.78,23.3732
AC-077,93,0.0014,0.0003,100.0,642.94,1591.57,1416.97,552.65,2388.13,9052.23,47.66,521.84,8132.58,8.4608,394,38.64,23.2091
AC-077,94,0.0021,-0.0001,100.0,642.91,1596.19,1412.86,553.63,2388.16,9052.06,47.7,520.57,8132.66,8.466,395,38.87,23.2291
AC-077,95,-0.0023,0.0001,100.0,643.66,1596.08,1413.47,553.26,2388.1,9061.09,47.76,520.88,8135.11,8.4564,394,38.63,23.2428
AC-077,96,0.0011,0.0001,100.0,642.85,1588.31,1410.49,553.14,2388.14,9054.12,47.64,521.43,8129.89,8.4781,395,38.46,23.3453
AC-077,97,0.0015,-0.0004,100.0,643.2,1591.43,1415.41,553.11,2388.16,9055.91,47.65,520.78,8134.69,8.4438,393,38.86,23.3717
AC-077,98,-0.0005,0.0,100.0,643.21,1591.89,1410.02,552.55,2388.12,9054.4,47.86,520.78,8133.82,8.4574,394,38.74,23.3392
AC-077,99,-0.0037,-0.0003,100.0,642.69,1593.86,1419.78,552.27,2388.1,9049.52,47.92,521.42,8127.02,8.4468,392,38.75,23.1453
AC-077,100,-0.0028,0.0001,100.0,642.58,1591.63,1408.58,553.27,2388.15,9059.1,48.0,521.16,8135.8,8.4518,392,38.59,23.2791
AC-077,101,-0.0003,0.0,100.0,643.13,1588.67,1418.41,553.54,2388.14,9051.04,47.55,520.99,8129.94,8.4546,394,38.67,23.1787
AC-077,102,-0.0002,0.0,100.0,642.87,1589.1,1407.1,552.9,2388.13,9058.88,47.56,520.89,8133.96,8.4667,394,38.81,23.3418
AC-077,103,-0.0,-0.0003,100.0,642.8,1593.24,1418.63,552.53,2388.16,9058.55,47.63,521.58,8131.86,8.4544,393,38.75,23.3725
AC-077,104,-0.0018,-0.0003,100.0,642.61,1593.13,1412.38,553.06,2388.18,9060.97,47.43,521.38,8127.62,8.4264,392,38.59,23.2386
AC-077,105,-0.0012,0.0003,100.0,642.89,1598.96,1410.11,552.9,2388.15,9062.35,47.57,520.79,8135.49,8.4865,394,38.48,23.2111
AC-077,106,0.0009,-0.0004,100.0,642.87,1594.48,1413.62,552.58,2388.16,9054.53,47.52,520.94,8137.62,8.4716,393,38.67,23.3073
AC-077,107,0.0043,0.0002,100.0,642.78,1596.86,1416.49,552.73,2388.13,9051.31,47.65,521.74,8129.71,8.4984,395,38.69,23.2329
AC-077,108,0.0021,0.0001,100.0,642.97,1584.63,1413.1,553.14,2388.15,9051.31,47.72,521.09,8130.85,8.4792,392,38.78,23.2998
AC-077,109,0.0016,0.0002,100.0,642.78,1590.58,1414.81,551.93,2388.21,9054.3,47.68,521.34,8129.73,8.4544,394,38.61,23.1994
AC-077,110,0.0034,-0.0004,100.0,643.02,1592.21,1410.16,552.59,2388.16,9053.16,47.58,520.94,8135.14,8.4558,394,38.76,23.2266
AC-077,111,0.002,-0.0001,100.0,642.9,1598.66,1413.97,552.21,2388.14,9057.46,47.63,520.96,8129.16,8.4689,395,38.72,23.2498
AC-077,112,-0.0025,0.0003,100.0,643.05,1592.8,1409.7,552.73,2388.18,9053.4,47.69,521.27,8133.61,8.4473,394,38.92,23.2031
AC-077,113,-0.0026,-0.0003,100.0,643.13,1595.98,1420.67,552.87,2388.24,9057.16,47.93,520.65,8137.01,8.4711,395,38.74,23.2162
AC-077,114,-0.0015,-0.0001,100.0,643.29,1587.44,1411.73,553.81,2388.15,9056.06,47.73,520.74,8134.99,8.4742,393,38.55,23.3422
AC-077,115,0.0059,0.0004,100.0,642.53,1593.62,1418.29,553.38,2388.12,9060.76,47.64,520.43,8140.01,8.4364,394,38.64,23.2204
AC-077,116,0.0022,-0.0002,100.0,642.97,1587.52,1411.88,552.13,2388.19,9060.42,47.67,521.05,8133.11,8.487,394,38.54,23.2477
AC-077,117,-0.0004,-0.0004,100.0,643.32,1590.98,1420.44,553.16,2388.18,9060.3,47.64,519.82,8134.6,8.4641,393,38.59,23.1911
AC-077,118,-0.0027,0.0004,100.0,643.37,1601.89,1410.66,552.01,2388.15,9059.95,47.88,520.94,8134.64,8.4651,395,38.82,23.1519
AC-077,119,0.0014,0.0003,100.0,643.05,1592.65,1420.46,553.13,2388.14,9061.23,47.71,521.21,8132.12,8.4747,394,38.81,23.2016
AC-077,120,0.0015,0.0004,100.0,643.01,1595.5,1409.15,552.21,2388.22,9052.98,47.75,521.34,8131.6,8.4541,394,38.66,23.1672
AC-077,121,0.0013,0.0002,100.0,643.01,1588.1,1419.72,552.49,2388.17,9057.49,47.93,520.6,8137.39,8.4468,393,38.73,23.1984
AC-077,122,-0.0038,-0.0003,100.0,642.9,1594.92,1412.66,552.75,2388.19,9062.93,47.67,520.28,8135.36,8.4789,393,38.7,23.172
AC-077,123,-0.0003,-0.0,100.0,643.04,1589.03,1416.1,553.6,2388.18,9063.49,47.74,520.75,8140.02,8.4533,393,38.56,23.2158
AC-077,124,0.0024,-0.0003,100.0,643.03,1590.52,1416.74,552.41,2388.19,9059.84,47.89,520.69,8135.14,8.4787,393,38.77,23.1952
AC-077,125,0.0008,0.0,100.0,643.06,1599.57,1418.51,552.11,2388.23,9061.21,47.81,520.37,8139.7,8.4794,393,38.54,23.2455
AC-077,126,-0.0021,-0.0003,100.0,642.93,1593.37,1417.47,552.5,2388.18,9059.33,47.87,520.86,8140.62,8.4454,394,38.8,23.166
AC-077,127,-0.0034,-0.0003,100.0,643.48,1592.36,1424.27,552.78,2388.18,9052.08,47.79,520.35,8135.83,8.4995,395,38.9,23.2057
AC-077,128,-0.0045,-0.0002,100.0,643.2,1599.17,1421.89,552.47,2388.14,9063.91,47.77,520.38,8135.47,8.4873,394,38.53,23.1953
AC-077,129,-0.0021,0.0001,100.0,643.55,1590.15,1417.15,552.49,2388.16,9063.9,47.87,520.03,8142.11,8.5181,396,38.85,23.1989
AC-077,130,-0.0023,0.0001,100.0,643.02,1595.82,1422.54,552.46,2388.18,9068.36,47.84,520.43,8141.41,8.4626,396,38.83,23.1767
AC-077,131,-0.0,0.0001,100.0,643.06,1596.61,1412.71,552.04,2388.16,9061.24,47.86,520.99,8140.25,8.4882,395,38.74,23.3388
AC-077,132,0.0012,-0.0004,100.0,643.38,1602.24,1420.27,552.66,2388.19,9062.0,48.0,520.19,8142.13,8.487,395,38.52,23.1739
AC-077,133,0.0032,-0.0005,100.0,643.06,1590.19,1418.03,551.9,2388.17,9062.99,47.65,520.73,8134.1,8.5025,396,38.42,23.147
AC-077,134,0.0006,0.0002,100.0,643.66,1595.34,1417.9,552.93,2388.19,9067.22,47.92,520.61,8138.58,8.4781,394,38.77,23.1558
AC-077,135,0.0007,0.0004,100.0,643.37,1592.53,1419.16,552.18,2388.18,9055.96,47.93,520.48,8134.54,8.5044,396,38.64,23.1469
AC-077,136,-0.0018,0.0002,100.0,643.98,1591.07,1409.57,552.29,2388.21,9064.23,48.0,520.1,8136.58,8.4964,396,38.7,23.1985
AC-077,137,-0.005,-0.0004,100.0,642.93,1606.2,1417.29,551.79,2388.21,9061.16,47.97,520.51,8136.32,8.4975,395,38.56,23.1274
AC-077,138,0.0025,0.0004,100.0,643.14,1608.28,1419.0,552.45,2388.17,9071.95,47.83,520.49,8140.63,8.5129,396,38.52,23.1556
AC-077,139,-0.0047,-0.0005,100.0,643.41,1601.91,1419.03,551.99,2388.21,9065.21,47.95,520.67,8139.01,8.4958,394,38.5,23.0929
AC-077,140,0.0024,-0.0002,100.0,643.24,1596.97,1423.24,551.9,2388.22,9074.99,47.97,520.29,8143.94,8.5246,395,38.54,23.0823
AC-077,141,0.0007,-0.0004,100.0,643.09,1602.25,1416.6,551.73,2388.21,9062.39,47.86,520.26,8145.57,8.4908,396,38.66,23.0397
AC-077,142,0.0013,0.0001,100.0,643.02,1593.8,1426.77,551.85,2388.22,9074.13,47.91,520.27,8144.85,8.4793,395,38.64,23.1973
AC-077,143,0.0017,0.0,100.0,643.27,1606.55,1421.85,552.02,2388.21,9064.42,47.91,520.08,8143.23,8.4697,394,38.61,23.099
AC-077,144,-0.0018,0.0002,100.0,643.87,1599.52,1423.96,551.49,2388.23,9071.32,47.97,519.93,8146.54,8.465,396,38.71,23.0314
AC-077,145,-0.0035,-0.0002,100.0,643.03,1599.24,1426.0,551.31,2388.22,9070.29,48.07,520.21,8145.02,8.5291,395,38.66,23.0945
AC-077,146,0.0002,0.0004,100.0,643.12,1606.96,1423.84,552.0,2388.2,9067.18,48.02,519.85,8144.68,8.5117,396,38.5,23.1474
AC-077,147,0.0018,0.0004,100.0,642.92,1598.62,1419.2,551.88,2388.19,9072.67,48.17,519.76,8136.32,8.527,396,38.41,23.1524
AC-077,148,-0.0002,-0.0003,100.0,643.52,1590.78,1426.85,552.29,2388.14,9074.69,48.1,519.73,8151.88,8.5134,395,38.4,23.0164
AC-077,149,-0.0025,0.0004,100.0,643.52,1602.14,1428.06,551.19,2388.21,9074.56,48.03,519.29,8143.76,8.5141,396,38.26,22.9364
AC-077,150,0.001,-0.0002,100.0,643.87,1599.88,1430.02,551.01,2388.24,9078.59,48.29,519.64,8141.64,8.5131,397,38.45,23.0717
AC-077,151,-0.0003,-0.0005,100.0,643.35,1603.88,1425.5,552.22,2388.24,9072.62,48.12,520.54,8146.6,8.517,395,38.44,23.0762
AC-077,152,-0.0002,0.0003,100.0,643.79,1606.27,1427.02,552.07,2388.21,9073.81,48.14,519.71,8145.5,8.5169,395,38.64,23.107
AC-077,153,-0.0012,0.0002,100.0,643.81,1607.37,1426.15,550.82,2388.3,9080.28,48.26,519.19,8151.17,8.53,395,38.46,23.1067
AC-077,154,0.0009,-0.0004,100.0,643.49,1601.95,1423.58,551.86,2388.27,9074.92,48.08,519.38,8148.51,8.5105,399,38.29,23.0154
AC-080,1,-0.0037,0.0002,100.0,642.66,1588.3,1392.25,553.3,2388.17,9052.54,47.44,521.76,8130.23,8.4377,393,38.66,23.2146
AC-080,2,0.0008,-0.0001,100.0,642.55,1590.37,1413.83,554.33,2388.08,9047.61,47.62,521.62,8136.26,8.4602,393,38.83,23.3626
AC-080,3,0.0004,-0.0005,100.0,643.62,1586.74,1408.62,553.94,2388.12,9055.27,47.46,521.51,8131.42,8.399,393,38.78,23.2833
AC-080,4,0.0007,-0.0003,100.0,643.04,1589.6,1412.19,553.18,2388.13,9047.89,47.51,520.98,8133.99,8.4308,395,39.01,23.3077
AC-080,5,-0.0032,-0.0001,100.0,642.1,1587.23,1408.13,552.94,2388.13,9057.0,47.59,521.22,8127.56,8.4253,393,38.92,23.1403
AC-080,6,0.0011,0.0003,100.0,642.17,1592.74,1410.83,553.13,2388.09,9051.94,47.51,521.66,8133.47,8.467,395,38.8,23.387
AC-080,7,0.0028,0.0005,100.0,642.44,1590.79,1409.0,552.91,2388.11,9051.56,47.41,521.28,8133.93,8.4333,394,38.9,23.2716
AC-080,8,-0.0022,-0.0004,100.0,642.24,1580.72,1408.6,553.27,2388.13,9053.9,47.48,521.96,8129.63,8.4129,393,38.83,23.2389
AC-080,9,0.0023,-0.0003,100.0,642.27,1580.36,1414.7,553.21,2388.13,9049.19,47.75,521.39,8130.14,8.4519,393,38.76,23.3685
AC-080,10,0.0015,-0.0004,100.0,643.42,1587.59,1416.48,553.88,2388.09,9056.24,47.52,521.85,8134.07,8.4274,393,38.68,23.2907
AC-080,11,-0.0028,0.0001,100.0,642.99,1593.0,1409.51,553.91,2388.11,9052.87,47.58,521.33,8134.17,8.4555,394,38.78,23.2839
AC-080,12,-0.003,-0.0003,100.0,643.02,1601.02,1412.01,553.02,2388.12,9058.32,47.59,520.71,8135.77,8.4655,394,38.65,23.2453
AC-080,13,-0.0002,0.0003,100.0,642.91,1586.05,1408.53,552.13,2388.13,9058.03,47.68,521.6,8131.88,8.4259,392,38.85,23.3184
AC-080,14,-0.0006,0.0001,100.0,642.58,1588.22,1416.61,553.06,2388.12,9060.04,47.53,522.05,8131.76,8.409,392,38.8,23.3618
AC-080,15,0.0023,0.0002,100.0,642.93,1595.52,1405.62,553.59,2388.1,9050.54,47.6,521.51,8136.69,8.4467,392,38.98,23.2601
AC-080,16,-0.0,0.0003,100.0,641.93,1590.07,1411.21,553.45,2388.12,9056.97,47.52,521.12,8139.51,8.441,394,38.8,23.2677
AC-080,17,-0.0003,0.0001,100.0,642.38,1588.24,1403.27,553.65,2388.07,9051.17,47.58,521.9,8137.7,8.4585,393,38.79,23.2894
AC-080,18,0.0025,-0.0002,100.0,642.37,1584.99,1410.61,553.29,2388.18,9056.27,47.72,520.82,8133.8,8.4245,394,38.84,23.3161
AC-080,19,0.0,0.0003,100.0,642.65,1588.34,1406.36,553.56,2388.09,9053.0,47.71,521.49,8133.71,8.4314,391,39.01,23.2337
AC-080,20,-0.002,-0.0001,100.0,642.58,1588.29,1404.34,553.69,2388.14,9053.59,47.5,521.15,8133.8,8.4597,393,38.75,23.2536
AC-080,21,0.0008,-0.0003,100.0,642.81,1592.16,1416.05,553.74,2388.21,9056.19,47.43,520.79,8138.11,8.4216,394,38.76,23.3359
AC-080,22,-0.0007,0.0001,100.0,642.98,1595.58,1411.86,553.16,2388.09,9039.34,47.63,522.13,8132.01,8.4601,393,39.05,23.2644
AC-080,23,0.0006,0.0002,100.0,642.71,1579.8,1410.17,553.28,2388.1,9051.12,47.6,521.16,8132.89,8.4144,394,38.93,23.2766
AC-080,24,0.0016,0.0002,100.0,642.96,1593.27,1409.32,553.07,2388.11,9054.02,47.68,521.12,8132.99,8.4307,394,38.94,23.3565
AC-080,25,-0.0021,0.0001,100.0,643.14,1597.04,1408.55,553.63,2388.1,9052.77,47.5,521.76,8131.35,8.4601,393,38.85,23.3419
AC-080,26,-0.0003,-0.0005,100.0,642.93,1593.45,1407.11,553.45,2388.1,9052.54,47.47,521.48,8136.2,8.4572,394,38.82,23.2487
AC-080,27,0.0047,-0.0005,100.0,642.81,1593.3,1401.96,553.28,2388.11,9046.96,47.68,521.28,8132.35,8.4631,395,38.81,23.2838
AC-080,28,-0.0002,-0.0001,100.0,642.6,1584.15,1407.58,553.64,2388.08,9054.48,47.53,521.37,8133.1,8.3979,394,38.79,23.2776
AC-080,29,0.0018,-0.0003,100.0,642.96,1584.54,1416.0,552.87,2388.08,9051.65,47.35,521.55,8133.77,8.4288,392,38.98,23.2935
AC-080,30,-0.005,0.0003,100.0,642.82,1592.69,1408.16,553.57,2388.11,9056.92,47.71,521.36,8132.56,8.4217,392,38.69,23.394
AC-080,31,-0.002,0.0003,100.0,643.11,1592.38,1403.18,553.17,2388.11,9050.94,47.56,522.1,8133.71,8.4462,393,38.85,23.321
AC-080,32,0.0006,0.0,100.0,642.66,1589.59,1405.0,553.82,2388.08,9055.39,47.3,521.91,8134.13,8.4081,392,38.76,23.2931
AC-080,33,0.0016,-0.0003,100.0,642.72,1591.63,1412.88,554.13,2388.1,9055.75,47.62,521.62,8137.43,8.4606,392,38.62,23.1953
AC-080,34,-0.0004,0.0001,100.0,642.76,1593.83,1414.18,553.41,2388.1,9060.29,47.62,521.49,8134.68,8.4514,393,38.92,23.3678
AC-080,35,0.0012,0.0001,100.0,642.56,1588.19,1415.91,553.06,2388.14,9051.46,47.63,520.97,8134.78,8.4187,394,38.84,23.191
AC-080,36,0.0025,-0.0001,100.0,642.8,1587.58,1412.64,553.23,2388.15,9053.12,47.66,521.45,8139.26,8.4518,392,38.91,23.2912
AC-080,37,-0.0055,-0.0003,100.0,642.85,1585.26,1415.51,553.17,2388.1,9053.21,47.6,521.34,8137.38,8.4229,392,38.73,23.2421
AC-080,38,-0.0011,0.0003,100.0,642.46,1583.13,1406.84,553.45,2388.13,9047.88,47.51,521.81,8133.52,8.4504,393,38.88,23.319
AC-080,39,-0.002,-0.0001,100.0,642.79,1581.22,1406.37,554.09,2388.09,9056.5,47.52,521.43,8131.77,8.4465,393,38.82,23.3046
AC-080,40,0.0002,-0.0005,100.0,642.06,1583.56,1409.31,553.61,2388.09,9055.66,47.48,521.55,8130.92,8.4333,395,38.7,23.1905
AC-080,41,0.0049,0.0003,100.0,642.43,1592.54,1401.49,554.12,2388.12,9048.25,47.64,521.11,8136.41,8.4701,393,38.85,23.2436
AC-080,42,0.0029,-0.0001,100.0,643.44,1587.71,1408.84,553.18,2388.1,9047.75,47.59,521.61,8132.3,8.4211,393,38.84,23.2439
AC-080,43,-0.004,-0.0005,100.0,642.46,1582.82,1413.67,552.94,2388.12,9049.83,47.73,521.46,8137.5,8.4385,393,38.88,23.298
AC-080,44,-0.0016,-0.0001,100.0,642.95,1587.97,1408.29,553.37,2388.09,9053.2,47.47,521.73,8127.81,8.425,395,38.62,23.2653
AC-080,45,0.0029,-0.0005,100.0,642.68,1591.31,1411.79,552.86,2388.08,9047.17,47.37,521.34,8131.3,8.4331,394,38.7,23.2211
AC-080,46,0.003,0.0003,100.0,642.87,1590.05,1408.45,553.39,2388.09,9058.81,47.59,521.39,8136.89,8.4216,393,38.63,23.3665
AC-080,47,-0.0004,0.0,100.0,642.53,1586.42,1408.0,554.29,2388.14,9050.7,47.49,521.72,8123.64,8.4219,393,38.82,23.3231
AC-080,48,-0.0031,-0.0002,100.0,642.71,1583.68,1406.56,553.9,2388.13,9064.8,47.52,521.39,8131.74,8.4648,392,38.88,23.2074
AC-080,49,0.0001,0.0003,100.0,643.36,1588.18,1412.39,553.37,2388.06,9042.68,47.34,521.58,8141.18,8.4587,392,38.64,23.2376
AC-080,50,-0.0038,-0.0002,100.0,642.58,1593.51,1406.64,553.47,2388.09,9053.68,47.5,521.37,8133.14,8.456,395,38.89,23.3301
AC-080,51,0.0022,0.0002,100.0,643.43,1593.97,1403.61,553.24,2388.12,9060.41,47.51,521.72,8137.34,8.4217,394,38.86,23.336
AC-080,52,-0.0023,0.0,100.0,642.39,1589.67,1406.97,553.2,2388.15,9057.12,47.76,521.48,8134.08,8.444,395,38.78,23.2335
AC-080,53,0.0,-0.0002,100.0,642.54,1589.1,1407.65,552.67,2388.16,9061.32,47.62,521.37,8136.25,8.4387,393,38.73,23.3949
AC-080,54,0.0035,0.0003,100.0,643.21,1595.43,1413.28,552.93,2388.1,9055.28,47.39,521.57,8132.08,8.4364,393,38.81,23.3826
AC-080,55,-0.0005,0.0005,100.0,642.19,1590.14,1408.26,553.58,2388.1,9048.49,47.44,521.35,8128.04,8.4788,394,38.76,23.3977
AC-080,56,-0.0022,0.0,100.0,642.8,1588.49,1411.06,553.29,2388.08,9058.53,47.59,521.25,8128.06,8.4451,394,38.87,23.3121
AC-080,57,-0.001,-0.0001,100.0,642.67,1589.66,1410.16,553.67,2388.08,9059.56,47.65,521.43,8132.59,8.4396,393,38.85,23.3452
AC-080,58,-0.0015,-0.0,100.0,642.66,1593.6,1410.83,553.2,2388.16,9061.82,47.72,521.11,8137.02,8.4211,392,38.86,23.3301
AC-080,59,-0.0009,0.0003,100.0,642.18,1590.13,1406.32,553.33,2388.06,9055.54,47.41,521.28,8137.56,8.4571,393,38.86,23.2861
AC-080,60,-0.0008,0.0003,100.0,642.44,1579.75,1411.16,553.68,2388.12,9058.13,47.49,521.8,8139.57,8.4532,394,38.89,23.237
AC-080,61,-0.0022,-0.0004,100.0,642.58,1589.27,1411.92,553.85,2388.14,9055.21,47.58,521.0,8129.83,8.4531,393,38.69,23.288
AC-080,62,-0.0064,0.0001,100.0,642.82,1587.98,1413.99,553.2,2388.16,9053.77,47.61,521.85,8134.98,8.4692,393,38.77,23.2208
AC-080,63,0.0005,-0.0003,100.0,642.55,1589.93,1400.48,553.27,2388.1,9063.05,47.61,520.92,8140.91,8.436,394,38.88,23.4023
AC-080,64,0.0014,-0.0,100.0,642.59,1593.67,1414.14,553.62,2388.17,9058.61,47.4,521.37,8138.48,8.4602,392,38.85,23.2629
AC-080,65,0.0029,0.0,100.0,643.03,1587.75,1411.0,553.54,2388.09,9052.62,47.56,521.69,8136.31,8.4243,392,38.62,23.3769
AC-080,66,-0.0007,0.0001,100.0,642.85,1594.71,1404.12,553.77,2388.1,9063.22,47.5,521.2,8139.13,8.4944,391,38.81,23.3268
AC-080,67,-0.0002,0.0003,100.0,642.84,1594.05,1407.89,553.75,2388.13,9058.81,47.5,521.14,8136.21,8.4648,393,38.77,23.2953
AC-080,68,0.0027,0.0004,100.0,642.83,1588.48,1415.33,553.41,2388.09,9059.7,47.63,521.01,8138.85,8.4509,393,38.75,23.2943
AC-080,69,0.0016,-0.0002,100.0,642.36,1591.77,1411.79,552.92,2388.07,9056.95,47.72,520.91,8132.5,8.4338,394,38.85,23.3112
AC-080,70,0.0023,0.0005,100.0,642.45,1594.06,1410.72,553.05,2388.09,9061.66,47.56,521.46,8138.11,8.4743,394,38.95,23.2617
AC-080,71,-0.0004,0.0003,100.0,642.32,1593.2,1406.88,553.29,2388.15,9050.43,47.55,521.87,8139.98,8.4209,393,38.9,23.2054
AC-080,72,0.0012,0.0001,100.0,642.57,1593.52,1407.98,553.87,2388.13,9062.05,47.53,520.54,8133.75,8.4147,395,38.93,23.2035
AC-080,73,-0.0012,-0.0003,100.0,642.86,1590.87,1415.69,553.1,2388.06,9056.77,47.53,521.59,8134.35,8.4553,394,38.94,23.3709
AC-080,74,0.0013,-0.0004,100.0,643.48,1601.68,1406.05,553.41,2388.15,9061.21,47.63,521.31,8135.98,8.48,393,38.86,23.3327
AC-080,75,0.0055,-0.0004,100.0,643.6,1589.46,1408.42,553.21,2388.07,9050.65,47.7,521.24,8138.69,8.4374,393,38.74,23.3284
AC-080,76,-0.0022,-0.0003,100.0,642.85,1592.64,1409.51,552.92,2388.12,9058.74,47.42,521.28,8141.14,8.4292,393,38.66,23.2669
AC-080,77,-0.0006,-0.0003,100.0,642.87,1592.87,1410.28,553.68,2388.14,9056.53,47.61,522.0,8141.17,8.4445,393,38.88,23.2837
AC-080,78,-0.004,-0.0001,100.0,642.76,1591.6,1401.32,553.71,2388.11,9062.25,47.56,521.62,8138.45,8.4567,393,38.91,23.2845
AC-080,79,-0.0015,-0.0003,100.0,642.63,1585.78,1404.45,553.57,2388.09,9064.85,47.49,521.16,8138.74,8.4193,392,38.68,23.3059
AC-080,80,0.001,-0.0,100.0,642.96,1586.68,1410.15,553.31,2388.19,9061.89,47.76,521.28,8139.44,8.4344,392,38.61,23.2109
AC-080,81,0.0025,-0.0002,100.0,642.55,1588.12,1405.85,553.8,2388.11,9051.52,47.54,521.04,8136.99,8.4551,394,38.73,23.2479
AC-080,82,0.002,0.0005,100.0,642.86,1596.78,1409.48,552.91,2388.09,9060.49,47.62,521.42,8141.24,8.4387,395,38.67,23.1955
AC-080,83,0.0024,-0.0004,100.0,642.96,1592.99,1411.21,553.66,2388.1,9057.14,47.51,521.02,8136.05,8.4323,395,38.86,23.2805
AC-080,84,0.0005,-0.0,100.0,642.92,1590.97,1415.45,553.79,2388.08,9063.72,47.56,521.56,8137.1,8.4401,393,38.66,23.2036
AC-080,85,0.0007,-0.0,100.0,642.33,1585.72,1410.25,553.0,2388.14,9056.17,47.52,521.26,8140.41,8.4518,393,38.92,23.26
AC-080,86,0.0014,-0.0003,100.0,642.95,1590.41,1411.49,552.93,2388.12,9063.71,47.57,521.51,8138.47,8.4126,393,38.82,23.3938
AC-080,87,-0.0019,-0.0003,100.0,642.64,1586.41,1409.7,553.01,2388.07,9065.05,47.64,521.33,8137.46,8.4648,395,38.75,23.2764
AC-080,88,-0.0038,-0.0001,100.0,642.76,1590.81,1405.7,553.14,2388.06,9063.43,47.57,521.67,8136.04,8.4105,393,38.92,23.2483
AC-080,89,0.0008,0.0003,100.0,642.79,1583.87,1405.43,553.59,2388.13,9062.05,47.51,521.62,8139.05,8.4359,392,38.79,23.3032
AC-080,90,0.0016,0.0002,100.0,642.8,1588.53,1411.48,553.03,2388.15,9061.33,47.6,521.36,8144.21,8.4692,392,38.85,23.3283
AC-080,91,-0.0034,-0.0004,100.0,642.78,1592.97,1411.32,553.26,2388.11,9055.87,47.58,521.31,8140.47,8.4818,392,38.86,23.3404
AC-080,92,0.0026,0.0004,100.0,643.17,1590.56,1417.39,553.57,2388.11,9063.49,47.59,521.04,8146.38,8.4031,394,38.72,23.253
AC-080,93,0.0015,0.0002,100.0,642.9,1593.57,1414.06,553.25,2388.11,9064.04,47.36,521.08,8137.71,8.4574,394,38.85,23.2456
AC-080,94,-0.0023,-0.0005,100.0,642.54,1589.39,1409.8,553.79,2388.14,9062.26,47.72,521.77,8140.83,8.4487,392,39.0,23.3886
AC-080,95,0.0005,-0.0003,100.0,642.9,1590.33,1400.61,553.09,2388.13,9060.24,47.42,521.15,8148.43,8.4951,393,38.73,23.2996
AC-080,96,0.0006,0.0004,100.0,642.63,1593.16,1413.39,554.08,2388.08,9064.16,47.46,521.88,8138.23,8.4816,393,38.86,23.2899
AC-080,97,-0.0016,-0.0005,100.0,642.71,1586.68,1407.59,553.77,2388.13,9067.37,47.47,521.49,8139.02,8.4498,393,38.81,23.1854
AC-080,98,-0.0026,-0.0001,100.0,642.53,1590.54,1413.09,553.34,2388.14,9066.85,47.55,521.33,8139.36,8.461,392,38.53,23.3426
AC-080,99,-0.0004,0.0003,100.0,642.72,1590.11,1417.06,553.15,2388.05,9063.69,47.39,521.65,8145.79,8.4711,394,38.68,23.1814
AC-080,100,0.0013,0.0001,100.0,642.69,1589.76,1407.02,552.67,2388.08,9066.39,47.65,521.57,8137.66,8.4481,394,38.74,23.3055
AC-080,101,-0.0034,0.0,100.0,642.65,1594.22,1410.08,553.9,2388.14,9060.07,47.65,521.19,8137.97,8.4395,393,38.72,23.2238
AC-080,102,-0.0002,-0.0003,100.0,643.44,1600.94,1409.67,553.32,2388.09,9066.33,47.65,521.23,8146.62,8.4344,393,38.8,23.368
AC-080,103,0.0,0.0003,100.0,642.6,1592.07,1419.17,553.15,2388.12,9063.95,47.64,521.4,8142.95,8.4509,393,38.75,23.3338
AC-080,104,0.0018,0.0001,100.0,642.97,1590.89,1412.85,553.21,2388.05,9064.48,47.68,520.8,8147.11,8.4652,395,38.87,23.268
AC-080,105,0.0038,0.0003,100.0,642.99,1591.94,1410.47,553.26,2388.1,9064.69,47.61,522.18,8139.11,8.4038,395,38.98,23.282
AC-080,106,0.0025,0.0005,100.0,642.36,1590.1,1411.56,553.1,2388.1,9064.15,47.53,521.04,8143.13,8.4934,395,38.7,23.2932
AC-080,107,0.004,0.0002,100.0,643.09,1589.69,1411.25,553.11,2388.05,9068.55,47.65,521.52,8147.79,8.431,393,38.63,23.1859
AC-080,108,-0.0014,0.0002,100.0,643.01,1595.06,1406.09,553.81,2388.07,9069.25,47.46,521.55,8145.94,8.4918,392,38.67,23.2709
AC-080,109,0.0015,-0.0002,100.0,642.59,1589.24,1411.04,553.77,2388.14,9062.48,47.46,521.19,8147.26,8.4476,394,38.61,23.167
AC-080,110,-0.0026,-0.0002,100.0,642.95,1597.32,1410.61,552.93,2388.09,9066.8,47.59,521.58,8139.28,8.4692,393,38.93,23.2461
AC-080,111,-0.0034,0.0002,100.0,642.76,1596.63,1411.8,553.43,2388.13,9066.29,47.62,521.11,8148.05,8.4684,394,38.73,23.329
AC-080,112,0.0,-0.0003,100.0,642.99,1595.11,1410.59,552.35,2388.13,9067.72,47.55,521.49,8148.1,8.4741,394,38.91,23.2714
AC-080,113,0.0026,-0.0003,100.0,642.57,1596.07,1401.67,553.14,2388.14,9062.73,47.58,521.13,8147.95,8.4508,393,38.99,23.3367
AC-080,114,0.0026,-0.0002,100.0,642.61,1589.67,1414.33,553.44,2388.13,9067.35,47.75,521.62,8148.32,8.4351,395,38.77,23.3102
AC-080,115,-0.0008,0.0003,100.0,642.86,1586.42,1412.16,552.07,2388.12,9070.76,47.7,521.14,8143.23,8.4365,394,38.75,23.258
AC-080,116,0.0009,0.0001,100.0,642.91,1594.63,1408.26,552.96,2388.07,9063.54,47.61,520.89,8149.71,8.4306,393,38.58,23.2276
AC-080,117,-0.0013,-0.0001,100.0,642.79,1586.89,1418.74,553.2,2388.11,9072.23,47.66,520.99,8154.08,8.4591,395,38.58,23.292
AC-080,118,0.0001,0.0004,100.0,642.77,1595.99,1409.54,553.44,2388.11,9069.89,47.58,521.06,8147.21,8.4613,393,38.64,23.1857
AC-080,119,-0.0015,0.0002,100.0,643.09,1591.25,1418.67,553.08,2388.13,9073.85,47.69,521.03,8149.86,8.4649,394,38.73,23.1646
AC-080,120,-0.0017,0.0003,100.0,643.04,1591.85,1409.51,553.0,2388.12,9076.34,47.48,521.24,8149.43,8.4291,393,38.99,23.2238
AC-080,121,-0.0005,-0.0002,100.0,642.81,1588.5,1422.45,552.92,2388.13,9071.14,47.68,521.18,8146.29,8.4361,394,38.68,23.1697
AC-080,122,-0.0004,-0.0003,100.0,643.3,1591.84,1412.1,553.05,2388.12,9076.2,47.7,521.32,8153.7,8.4469,392,38.64,23.217
AC-080,123,0.0029,0.0003,100.0,642.71,1589.12,1405.59,552.85,2388.15,9073.29,47.84,521.44,8149.73,8.4926,395,38.61,23.3117
AC-080,124,0.0018,0.0004,100.0,642.47,1597.49,1408.74,551.7,2388.08,9068.42,47.87,521.56,8150.91,8.4581,394,38.69,23.2919
AC-080,125,-0.0006,-0.0004,100.0,642.73,1596.1,1410.6,552.74,2388.14,9071.29,47.65,521.06,8147.34,8.4828,393,38.74,23.2948
AC-080,126,-0.005,-0.0001,100.0,643.23,1592.89,1409.73,552.37,2388.11,9076.71,47.67,520.85,8153.08,8.445,395,38.77,23.3328
AC-080,127,0.0029,-0.0003,100.0,643.01,1592.83,1412.58,552.97,2388.11,9077.12,47.75,521.5,8155.49,8.4196,394,38.82,23.2364
AC-080,128,-0.001,0.0005,100.0,642.98,1587.53,1412.15,553.71,2388.14,9076.9,47.81,520.85,8148.65,8.4142,393,38.61,23.2404
AC-080,129,-0.0008,0.0002,100.0,642.77,1586.54,1415.09,552.79,2388.1,9085.66,47.73,521.08,8154.64,8.4434,394,38.9,23.2315
AC-080,130,0.0007,-0.0002,100.0,642.69,1591.97,1419.78,553.01,2388.14,9072.27,47.7,521.47,8152.99,8.4415,393,38.85,23.3024
AC-080,131,0.0006,-0.0001,100.0,642.74,1590.15,1411.07,553.95,2388.13,9074.25,47.43,521.25,8154.28,8.4799,393,38.71,23.1398
AC-080,132,-0.0,-0.0001,100.0,642.67,1591.88,1420.67,552.88,2388.16,9079.68,47.72,521.15,8154.86,8.4676,394,38.77,23.2358
AC-080,133,0.0015,-0.0001,100.0,642.45,1598.79,1416.33,552.84,2388.14,9084.06,47.73,521.21,8154.59,8.4636,394,38.82,23.175
AC-080,134,0.0009,0.0003,100.0,642.96,1589.73,1412.17,553.16,2388.17,9076.3,47.74,520.79,8156.27,8.4694,394,38.73,23.2709
AC-080,135,-0.0025,-0.0002,100.0,643.28,1595.76,1412.55,552.43,2388.12,9075.95,47.84,521.41,8155.13,8.4566,394,38.68,23.2151
AC-080,136,0.0016,0.0002,100.0,643.58,1599.97,1415.55,553.37,2388.09,9090.81,47.68,520.64,8154.86,8.4787,395,38.76,23.2007
AC-080,137,-0.0037,0.0002,100.0,642.9,1587.82,1416.03,552.82,2388.13,9079.55,47.42,520.96,8153.18,8.4247,393,38.89,23.1343
AC-080,138,-0.0029,0.0002,100.0,642.85,1581.19,1413.65,552.87,2388.13,9085.95,47.68,521.07,8157.71,8.4517,393,38.68,23.3092
AC-080,139,0.0022,0.0003,100.0,643.45,1594.07,1420.06,552.93,2388.12,9086.96,47.58,520.44,8159.43,8.446,394,38.65,23.1667
AC-080,140,-0.0047,-0.0005,100.0,642.55,1595.82,1410.34,552.84,2388.13,9084.18,47.69,521.28,8158.14,8.4954,393,38.65,23.2204
AC-080,141,-0.0044,0.0001,100.0,643.05,1590.28,1418.85,552.64,2388.1,9088.42,47.7,520.9,8162.06,8.4727,395,38.69,23.2805
AC-080,142,0.0022,-0.0,100.0,642.68,1591.87,1414.75,553.29,2388.09,9093.08,47.58,521.27,8165.19,8.4473,394,38.6,23.1564
AC-080,143,-0.0005,-0.0005,100.0,643.22,1597.64,1416.13,553.01,2388.13,9085.43,47.7,521.45,8167.32,8.4611,395,38.74,23.1203
AC-080,144,-0.0028,0.0004,100.0,642.82,1596.02,1415.58,553.12,2388.13,9099.24,47.76,521.05,8165.05,8.4839,395,38.89,23.2016
AC-080,145,0.0004,-0.0002,100.0,643.34,1596.58,1420.56,553.26,2388.09,9087.56,47.67,520.93,8162.2,8.4675,394,38.55,23.1126
AC-080,146,-0.0004,-0.0001,100.0,642.92,1595.09,1423.38,552.33,2388.14,9093.03,47.9,520.55,8168.47,8.4484,392,38.52,23.2738
AC-080,147,-0.0005,-0.0001,100.0,642.5,1596.01,1413.98,553.18,2388.11,9089.73,47.71,520.64,8169.58,8.4693,394,38.69,23.1364
AC-080,148,0.0003,-0.0002,100.0,643.1,1595.0,1415.34,552.87,2388.08,9098.15,47.72,520.87,8164.15,8.4795,394,38.58,23.3456
AC-080,149,0.0029,-0.0004,100.0,643.43,1598.68,1410.34,552.08,2388.09,9093.74,47.78,520.73,8166.38,8.4685,396,38.63,23.155
AC-080,150,0.0021,0.0004,100.0,642.76,1597.23,1413.96,552.9,2388.15,9100.84,47.86,520.87,8171.84,8.452,394,38.65,23.1862
AC-080,151,0.0014,0.0003,100.0,643.22,1599.9,1412.92,552.37,2388.11,9095.58,47.8,520.99,8173.18,8.4547,395,38.75,23.3488
AC-080,152,0.0015,-0.0004,100.0,642.67,1598.65,1416.95,552.0,2388.13,9096.29,47.95,520.76,8169.0,8.4751,395,38.72,23.2295
AC-080,153,-0.0022,-0.0001,100.0,642.68,1595.62,1415.44,552.58,2388.1,9104.78,47.71,520.53,8174.12,8.4727,395,38.52,23.1728
AC-080,154,-0.0008,-0.0005,100.0,643.14,1605.31,1414.48,551.99,2388.14,9104.79,47.69,520.43,8173.83,8.486,396,38.71,23.1632
AC-080,155,0.0006,-0.0002,100.0,643.1,1600.93,1413.85,553.03,2388.14,9098.21,47.93,520.79,8179.78,8.4565,394,38.63,23.2292
AC-080,156,0.0034,-0.0,100.0,643.14,1590.76,1415.45,552.42,2388.1,9106.56,47.91,520.49,8174.72,8.4867,396,38.71,23.1706
AC-080,157,0.0063,-0.0004,100.0,643.47,1597.34,1417.93,552.32,2388.13,9099.01,47.8,521.41,8173.89,8.5008,396,38.63,23.1173
AC-080,158,-0.001,0.0004,100.0,643.47,1595.66,1415.79,552.51,2388.14,9104.81,47.97,520.39,8181.93,8.4755,395,38.68,23.2602
AC-080,159,-0.0005,-0.0001,100.0,643.17,1596.14,1416.95,552.76,2388.12,9118.8,47.82,520.82,8180.63,8.4913,394,38.67,23.1529
AC-080,160,-0.0001,-0.0002,100.0,643.39,1595.93,1408.05,552.78,2388.1,9112.44,47.69,521.25,8174.92,8.4699,396,38.5,23.0672
AC-080,161,0.0003,-0.0004,100.0,643.77,1598.97,1426.33,552.32,2388.13,9108.71,47.52,520.56,8182.0,8.4872,396,38.68,23.0331
AC-080,162,0.003,0.0002,100.0,643.4,1592.82,1414.62,552.63,2388.11,9114.56,47.76,520.81,8188.58,8.4331,393,38.46,23.1272
AC-080,163,-0.0004,-0.0,100.0,643.26,1597.37,1420.3,552.93,2388.14,9115.47,47.8,520.86,8185.85,8.4734,395,38.62,23.1684
AC-080,164,-0.003,0.0004,100.0,643.25,1605.13,1416.79,552.59,2388.13,9119.15,47.71,520.73,8185.19,8.4794,395,38.59,23.2999
AC-080,165,-0.0059,0.0002,100.0,643.65,1602.53,1420.04,552.42,2388.1,9113.6,47.85,520.48,8188.14,8.4805,396,38.56,23.2028
AC-080,166,0.0023,0.0,100.0,643.4,1596.57,1420.43,551.67,2388.09,9125.22,47.85,520.88,8193.0,8.5215,397,38.64,23.1729
AC-080,167,-0.0038,0.0005,100.0,643.69,1601.2,1413.04,552.09,2388.13,9127.52,47.96,520.5,8195.46,8.4855,396,38.63,23.1171
AC-080,168,-0.0011,0.0001,100.0,643.11,1595.81,1420.2,552.66,2388.11,9126.66,47.96,520.54,8192.39,8.4716,394,38.63,23.2132
AC-080,169,0.0007,0.0003,100.0,643.29,1595.56,1421.62,552.8,2388.15,9126.88,47.94,520.52,8192.9,8.4824,397,38.52,23.2061
AC-080,170,-0.0016,-0.0004,100.0,643.76,1600.43,1422.02,552.59,2388.18,9122.8,47.8,520.84,8195.69,8.5363,398,38.58,23.096
AC-080,171,-0.0016,-0.0002,100.0,642.97,1600.49,1416.53,552.51,2388.19,9123.26,48.01,520.11,8194.21,8.5305,395,38.39,23.2056
AC-080,172,0.0009,0.0003,100.0,643.06,1597.59,1426.41,552.73,2388.08,9124.7,48.0,520.37,8195.05,8.5057,395,38.59,23.0518
AC-080,173,-0.0018,-0.0001,100.0,643.37,1605.22,1427.59,552.92,2388.14,9126.35,48.01,520.51,8204.65,8.4791,395,38.41,23.111
AC-080,174,-0.0024,-0.0004,100.0,643.2,1601.97,1423.08,552.4,2388.13,9138.51,47.88,520.52,8198.3,8.5296,395,38.58,23.1156
AC-080,175,0.0041,0.0004,100.0,643.0,1600.09,1429.4,552.74,2388.11,9140.77,48.25,520.86,8200.62,8.5063,397,38.51,23.0929
AC-080,176,0.0014,0.0001,100.0,643.66,1600.14,1428.42,552.11,2388.12,9139.28,47.92,521.08,8204.48,8.5111,395,38.59,23.172
AC-080,177,-0.0004,0.0004,100.0,643.3,1603.93,1423.61,551.94,2388.17,9143.78,48.07,520.15,8206.52,8.4967,397,38.44,23.0713
AC-080,178,0.0,0.0,100.0,643.43,1603.07,1420.15,551.81,2388.09,9149.03,48.12,520.8,8216.3,8.5173,395,38.62,23.1038
AC-080,179,-0.0006,-0.0003,100.0,643.61,1613.29,1432.42,551.59,2388.15,9144.0,48.06,520.5,8211.19,8.486,395,38.42,23.1907
AC-080,180,0.0005,-0.0002,100.0,643.9,1602.87,1422.7,551.54,2388.17,9155.94,48.03,520.01,8215.84,8.5194,395,38.5,23.0692
AC-080,181,0.0042,0.0002,100.0,644.0,1604.26,1428.92,552.24,2388.2,9145.62,48.17,520.44,8218.63,8.5194,397,38.39,23.1678
AC-080,182,-0.0014,0.0004,100.0,643.81,1598.32,1426.31,551.6,2388.16,9160.23,48.41,520.06,8221.91,8.5493,396,38.34,23.0142
AC-080,183,0.0018,-0.0,100.0,643.49,1603.37,1434.3,551.78,2388.12,9152.84,48.04,519.67,8217.46,8.5106,397,38.34,22.9337
AC-080,184,-0.0024,0.0002,100.0,643.83,1603.01,1430.23,551.78,2388.17,9164.1,48.04,519.72,8228.65,8.4983,397,38.53,22.9971
AC-080,185,0.0015,-0.0,100.0,643.88,1606.38,1421.41,551.55,2388.22,9170.57,48.05,520.0,8229.73,8.525,397,38.35,23.0323
AC-082,1,0.0,-0.0002,100.0,641.73,1582.64,1401.58,555.37,2387.98,9064.54,47.09,522.39,8148.75,8.383,391,38.84,23.4584
AC-082,2,-0.0025,0.0001,100.0,642.07,1585.1,1395.89,554.94,2387.99,9060.04,47.32,522.48,8145.71,8.4002,392,39.1,23.5238
AC-082,3,-0.0038,0.0003,100.0,641.86,1588.69,1394.02,554.86,2388.0,9057.61,47.23,522.57,8143.7,8.3877,391,39.0,23.478
AC-082,4,0.0023,-0.0,100.0,641.99,1584.03,1400.45,554.45,2388.01,9068.18,47.27,522.3,8142.17,8.379,392,38.79,23.4673
AC-082,5,0.0047,0.0004,100.0,642.32,1579.79,1399.32,554.39,2387.99,9062.71,47.16,522.72,8145.3,8.3988,390,38.94,23.3646
AC-082,6,-0.0005,-0.0002,100.0,642.26,1578.0,1398.33,554.55,2387.96,9056.97,47.17,522.64,8140.26,8.3997,392,38.91,23.2786
AC-082,7,0.0016,-0.0001,100.0,641.85,1582.53,1398.36,555.13,2388.0,9061.69,47.04,522.16,8135.09,8.3652,392,38.94,23.4544
AC-082,8,-0.0045,0.0004,100.0,642.17,1575.42,1397.17,554.52,2388.04,9062.38,47.0,522.05,8139.57,8.403,391,39.1,23.2782
AC-082,9,-0.0026,0.0002,100.0,642.02,1585.46,1396.68,554.13,2388.02,9066.0,47.23,522.41,8141.06,8.3675,391,38.91,23.3556
AC-082,10,0.0002,-0.0005,100.0,641.57,1580.98,1395.96,554.8,2388.0,9057.55,47.1,522.84,8146.73,8.4018,391,39.05,23.6184
AC-082,11,-0.0031,-0.0005,100.0,641.96,1585.18,1397.2,554.36,2388.0,9057.97,47.31,521.94,8143.87,8.3901,391,39.03,23.3743
AC-082,12,-0.0037,-0.0005,100.0,642.48,1590.69,1401.2,554.19,2388.02,9063.7,47.19,522.25,8141.06,8.3848,390,39.11,23.465
AC-082,13,-0.0013,0.0004,100.0,641.91,1587.03,1395.05,554.84,2388.01,9069.0,47.08,522.48,8144.88,8.4022,392,39.13,23.4688
AC-082,14,-0.0016,-0.0001,100.0,641.88,1586.63,1392.92,554.91,2388.05,9063.69,47.28,522.74,8145.15,8.4291,391,38.95,23.4104
AC-082,15,0.0,-0.0003,100.0,641.95,1592.11,1397.32,554.35,2388.01,9057.31,47.1,522.36,8143.4,8.4285,391,39.18,23.4827
AC-082,16,0.0022,-0.0004,100.0,642.63,1582.57,1392.57,554.8,2388.0,9061.83,47.05,521.74,8145.17,8.3906,393,38.96,23.4677
AC-082,17,0.002,-0.0003,100.0,641.77,1571.06,1397.03,554.75,2387.92,9053.68,47.21,522.73,8144.86,8.3977,390,38.98,23.4522
AC-082,18,-0.0017,-0.0001,100.0,642.22,1583.64,1392.33,554.66,2388.0,9064.23,47.05,522.89,8148.94,8.4178,391,38.95,23.3059
AC-082,19,-0.0011,-0.0002,100.0,641.87,1587.92,1394.24,554.38,2388.03,9064.01,47.17,522.5,8141.87,8.3713,390,39.0,23.3893
AC-082,20,0.0016,-0.0005,100.0,641.97,1587.51,1403.92,554.47,2388.02,9064.24,47.02,522.35,8138.39,8.3547,392,39.12,23.3263
AC-082,21,-0.0005,0.0004,100.0,642.17,1579.35,1396.69,554.89,2388.05,9056.46,47.08,522.29,8149.35,8.3839,391,38.96,23.4393
AC-082,22,-0.0009,-0.0002,100.0,642.14,1583.34,1409.18,555.43,2387.99,9061.35,47.24,522.65,8147.63,8.3894,391,39.02,23.3779
AC-082,23,0.0013,0.0004,100.0,642.48,1586.52,1396.22,553.94,2388.07,9053.32,47.24,522.38,8141.54,8.3883,392,39.09,23.387
AC-082,24,-0.0016,0.0004,100.0,642.16,1585.12,1388.77,554.81,2388.01,9058.33,47.09,522.96,8147.67,8.3778,393,38.93,23.4291
AC-082,25,-0.0016,0.0003,100.0,642.48,1583.22,1392.81,554.59,2388.05,9062.85,47.19,522.25,8142.57,8.3922,393,39.06,23.3843
AC-082,26,0.0007,0.0002,100.0,642.17,1589.67,1398.34,554.37,2387.98,9059.52,47.06,523.24,8142.81,8.4059,390,39.21,23.5001
AC-082,27,-0.0026,0.0001,100.0,642.15,1582.41,1397.58,554.6,2388.02,9067.98,47.19,522.7,8145.04,8.4044,390,39.0,23.3612
AC-082,28,-0.0007,0.0002,100.0,642.17,1579.05,1395.33,554.5,2388.01,9059.04,47.2,522.77,8143.16,8.377,392,39.03,23.4513
AC-082,29,0.0004,-0.0,100.0,641.73,1579.71,1398.81,555.52,2387.99,9063.28,47.28,522.16,8147.25,8.3936,390,39.11,23.3655
AC-082,30,-0.0006,-0.0005,100.0,642.51,1587.88,1398.81,554.41,2387.97,9056.53,47.34,522.37,8144.33,8.3788,393,38.99,23.4129
AC-082,31,0.0005,0.0003,100.0,641.7,1576.42,1388.63,553.78,2387.99,9064.33,47.26,522.45,8144.92,8.385,391,39.04,23.393
AC-082,32,-0.0036,-0.0005,100.0,642.21,1587.83,1393.2,555.09,2388.07,9064.33,47.01,522.51,8147.31,8.3882,391,38.96,23.454
AC-082,33,0.0005,0.0003,100.0,642.31,1584.74,1394.85,555.06,2388.0,9069.51,47.34,522.4,8142.4,8.3721,391,39.0,23.279
AC-082,34,-0.0016,0.0004,100.0,642.31,1591.06,1393.82,554.35,2388.01,9064.27,47.14,522.35,8144.74,8.3862,391,39.09,23.4441
AC-082,35,-0.0006,-0.0002,100.0,642.34,1584.24,1391.89,554.65,2387.96,9065.11,47.33,522.51,8143.67,8.4042,391,39.13,23.3572
AC-082,36,0.0004,-0.0001,100.0,642.06,1577.45,1391.48,554.17,2388.0,9056.72,47.26,522.47,8145.11,8.3953,391,39.02,23.4259
AC-082,37,-0.0041,0.0002,100.0,641.53,1584.31,1392.26,554.7,2388.05,9058.67,47.19,522.27,8145.16,8.3984,391,38.92,23.4581
AC-082,38,0.0005,-0.0003,100.0,642.4,1584.39,1391.37,554.05,2388.0,9067.81,47.01,522.93,8149.35,8.3723,391,39.01,23.3497
AC-082,39,0.0031,-0.0001,100.0,642.02,1580.74,1399.68,554.84,2387.99,9065.8,47.17,521.97,8143.73,8.3979,391,39.15,23.458
AC-082,40,0.0006,0.0002,100.0,642.21,1580.83,1401.8,554.97,2387.91,9070.2,47.21,521.88,8147.8,8.4043,392,39.13,23.4203
AC-082,41,0.0037,-0.0003,100.0,641.27,1582.03,1392.21,554.46,2388.02,9060.47,47.28,522.18,8145.62,8.402,392,39.14,23.4237
AC-082,42,0.0002,0.0004,100.0,642.03,1586.52,1392.09,554.86,2388.01,9062.5,47.21,522.26,8140.27,8.4193,390,39.01,23.3928
AC-082,43,-0.0011,0.0001,100.0,641.87,1588.81,1396.54,554.46,2388.0,9067.25,47.24,522.28,8150.56,8.3919,391,39.08,23.4025
AC-082,44,0.0013,0.0004,100.0,641.36,1584.8,1396.66,555.39,2388.06,9061.84,47.08,522.52,8150.68,8.382,392,39.08,23.4129
AC-082,45,0.0044,0.0003,100.0,642.73,1580.37,1400.08,554.93,2388.02,9063.28,47.18,522.58,8149.74,8.4284,391,39.11,23.4595
AC-082,46,-0.0018,0.0,100.0,642.24,1580.51,1398.2,555.34,2387.99,9062.83,46.97,522.08,8149.38,8.3971,393,39.0,23.3165
AC-082,47,-0.0005,0.0003,100.0,641.92,1585.18,1400.11,554.71,2387.94,9070.1,47.26,522.33,8144.83,8.392,391,39.03,23.339
AC-082,48,0.0002,-0.0002,100.0,642.4,1590.8,1392.28,554.74,2387.96,9074.92,47.09,521.87,8146.48,8.4185,393,38.96,23.436
AC-082,49,0.0024,0.0003,100.0,642.27,1579.21,1396.93,555.13,2387.97,9058.21,47.04,522.49,8148.33,8.4088,391,38.95,23.3496
AC-082,50,0.0011,-0.0004,100.0,642.11,1586.56,1402.89,554.5,2387.99,9062.6,47.32,522.24,8146.11,8.4038,390,39.05,23.4369
AC-082,51,0.0023,-0.0001,100.0,642.25,1585.36,1398.14,554.71,2387.95,9059.44,47.18,522.4,8143.86,8.4189,392,38.97,23.4323
AC-082,52,0.0032,0.0004,100.0,642.83,1584.34,1400.28,554.9,2388.01,9067.52,47.3,522.47,8145.39,8.4069,392,39.16,23.3501
AC-082,53,-0.0014,-0.0,100.0,641.84,1586.78,1391.44,553.79,2388.01,9067.43,47.17,522.71,8146.55,8.4039,392,38.99,23.4908
AC-082,54,-0.0015,-0.0001,100.0,641.54,1590.45,1392.04,554.5,2388.04,9066.32,47.02,522.21,8143.51,8.3917,391,38.97,23.511
AC-082,55,-0.0003,0.0002,100.0,641.97,1587.51,1391.42,555.05,2387.99,9064.96,47.15,523.38,8145.8,8.4092,391,39.08,23.4211
AC-082,56,-0.0016,-0.0002,100.0,642.03,1582.61,1398.62,554.89,2387.95,9067.32,47.28,522.48,8146.73,8.4074,391,39.05,23.3588
AC-082,57,0.0024,0.0001,100.0,642.16,1586.27,1399.24,554.66,2387.99,9060.59,47.26,522.35,8145.74,8.3866,392,38.99,23.4192
AC-082,58,-0.0,0.0003,100.0,642.34,1579.35,1401.99,555.29,2388.05,9065.37,47.17,522.43,8146.51,8.384,390,38.87,23.3645
AC-082,59,-0.0008,0.0002,100.0,642.32,1585.97,1395.84,554.36,2388.02,9064.82,47.19,522.73,8149.49,8.3953,392,39.25,23.4827
AC-082,60,0.001,-0.0003,100.0,642.87,1587.16,1398.83,554.47,2387.98,9060.76,47.27,522.29,8148.44,8.3664,391,38.87,23.5228
AC-082,61,-0.0,0.0004,100.0,641.94,1593.0,1391.47,554.48,2387.99,9060.37,47.16,522.19,8147.83,8.3842,392,39.01,23.3841
AC-082,62,-0.001,-0.0005,100.0,641.8,1589.37,1391.88,554.78,2388.01,9060.57,47.07,522.56,8144.43,8.4295,392,39.01,23.443
AC-082,63,-0.0021,-0.0001,100.0,642.18,1587.71,1401.85,553.87,2387.96,9068.2,47.32,521.69,8148.48,8.4029,392,39.12,23.4119
AC-082,64,-0.0016,-0.0004,100.0,641.99,1580.08,1395.54,554.39,2387.95,9057.84,47.08,522.63,8145.53,8.397,392,39.01,23.4466
AC-082,65,0.0038,-0.0002,100.0,641.96,1583.25,1393.99,554.82,2387.99,9055.69,47.18,522.16,8139.39,8.3861,392,38.99,23.3627
AC-082,66,0.0011,-0.0002,100.0,642.52,1580.1,1398.14,554.3,2388.03,9062.74,47.21,522.19,8150.74,8.4153,392,38.89,23.452
AC-082,67,-0.0025,0.0004,100.0,642.05,1589.69,1404.68,554.36,2388.01,9069.14,47.32,522.25,8146.94,8.3854,391,39.1,23.3498
AC-082,68,-0.0037,-0.0004,100.0,642.18,1579.32,1400.58,553.75,2388.04,9061.62,47.13,522.72,8147.5,8.4425,392,38.98,23.4423
AC-082,69,0.0014,0.0003,100.0,642.83,1580.83,1400.87,555.05,2387.99,9070.61,47.28,521.82,8145.92,8.3974,392,38.95,23.2937
AC-082,70,-0.002,-0.0001,100.0,641.97,1575.8,1404.09,554.07,2387.98,9068.85,47.02,522.36,8145.97,8.3829,393,39.04,23.4799
AC-082,71,-0.0014,0.0002,100.0,642.27,1581.7,1397.05,554.31,2387.97,9056.43,47.34,522.34,8148.54,8.4029,392,38.93,23.5102
AC-082,72,-0.0046,-0.0003,100.0,642.21,1590.88,1393.9,554.75,2388.01,9066.91,47.35,522.48,8145.54,8.3838,393,39.1,23.4313
AC-082,73,0.0018,-0.0002,100.0,641.69,1589.07,1399.88,555.31,2388.0,9061.29,47.2,522.58,8145.64,8.3863,390,38.84,23.4118
AC-082,74,-0.0038,-0.0,100.0,642.19,1578.58,1400.45,554.42,2387.98,9059.2,47.24,522.33,8148.53,8.3729,391,38.96,23.4314
AC-082,75,0.0026,0.0003,100.0,642.03,1580.04,1397.66,553.93,2387.98,9067.72,47.27,522.07,8148.23,8.4238,394,39.02,23.4079
AC-082,76,0.0006,-0.0002,100.0,641.94,1584.72,1393.12,554.64,2388.07,9063.27,47.21,522.05,8148.73,8.3667,390,38.93,23.35
AC-082,77,0.0014,-0.0001,100.0,642.79,1593.64,1394.11,554.91,2388.03,9067.92,47.28,522.14,8147.43,8.3984,392,39.02,23.4076
AC-082,78,0.0002,-0.0003,100.0,641.9,1587.15,1393.47,554.3,2387.97,9067.07,47.13,521.94,8154.25,8.3963,391,39.04,23.3879
AC-082,79,-0.0002,0.0004,100.0,642.42,1580.51,1399.41,554.22,2387.96,9068.43,47.05,522.64,8148.88,8.3825,391,39.01,23.3761
AC-082,80,0.0022,-0.0,100.0,642.15,1588.3,1400.52,554.17,2388.06,9060.14,47.32,522.71,8149.5,8.3899,391,39.18,23.3306
AC-082,81,-0.0005,-0.0002,100.0,642.04,1580.53,1395.32,554.87,2387.95,9058.03,47.11,522.44,8150.62,8.4267,393,38.93,23.3714
AC-082,82,-0.002,0.0,100.0,642.18,1588.84,1389.85,554.4,2388.0,9068.36,47.25,522.7,8146.65,8.4043,391,39.11,23.5069
AC-082,83,0.0018,-0.0003,100.0,642.15,1587.68,1396.25,554.2,2388.01,9070.2,47.38,522.11,8154.38,8.3832,391,38.94,23.3782
AC-082,84,-0.0,0.0001,100.0,642.12,1582.55,1399.1,554.41,2387.97,9064.88,47.16,522.24,8152.05,8.417,393,38.96,23.4961
AC-082,85,-0.0037,0.0,100.0,642.66,1587.9,1407.23,554.8,2388.02,9062.11,47.17,522.39,8145.07,8.4068,393,38.91,23.4636
AC-082,86,0.0006,0.0004,100.0,642.39,1587.53,1400.7,554.87,2388.02,9074.45,47.24,522.42,8150.31,8.4499,392,39.01,23.4559
AC-082,87,-0.0015,0.0001,100.0,642.02,1580.54,1398.09,553.96,2388.05,9070.51,47.19,522.01,8145.62,8.3783,392,38.97,23.3978
AC-082,88,0.0035,-0.0002,100.0,642.51,1582.25,1396.12,554.3,2388.02,9069.69,47.4,522.65,8146.75,8.3745,393,39.0,23.3663
AC-082,89,-0.0007,-0.0003,100.0,642.09,1584.93,1393.61,554.28,2388.04,9062.05,47.11,523.06,8143.86,8.3881,391,39.07,23.4389
AC-082,90,0.0017,-0.0004,100.0,641.94,1584.69,1393.4,554.4,2387.99,9070.76,47.14,522.35,8152.82,8.3881,393,39.03,23.3473
AC-082,91,0.0006,0.0003,100.0,642.06,1587.44,1401.07,554.22,2388.0,9073.63,47.29,521.93,8155.41,8.3978,392,38.97,23.4186
AC-082,92,-0.0021,-0.0004,100.0,642.59,1589.87,1394.25,554.89,2388.01,9064.36,47.13,522.29,8147.74,8.3993,393,39.06,23.3258
AC-082,93,0.0005,-0.0003,100.0,641.99,1594.55,1397.75,554.31,2387.98,9070.59,47.16,522.98,8152.3,8.3766,392,38.93,23.4293
AC-082,94,0.0023,0.0001,100.0,642.3,1581.25,1397.05,554.17,2388.04,9069.86,47.16,522.69,8152.28,8.4122,393,38.98,23.4563
AC-082,95,-0.0035,-0.0003,100.0,641.37,1585.19,1398.01,554.63,2388.0,9066.61,47.07,522.55,8150.0,8.3932,392,38.92,23.4094
AC-082,96,0.0033,0.0004,100.0,641.79,1583.22,1395.78,553.84,2388.06,9070.59,47.21,522.06,8139.51,8.4241,391,38.92,23.4426
AC-082,97,0.0001,-0.0001,100.0,642.92,1583.57,1401.1,553.49,2388.07,9070.92,47.29,522.67,8147.88,8.3686,392,39.27,23.4193
AC-082,98,0.0038,-0.0002,100.0,642.61,1587.49,1394.63,554.39,2387.95,9070.63,47.33,522.22,8145.74,8.4094,393,38.96,23.439
AC-082,99,0.0046,-0.0001,100.0,642.36,1586.44,1400.16,554.29,2387.98,9064.33,47.25,522.47,8150.36,8.4079,391,39.0,23.4074
AC-082,100,-0.002,-0.0003,100.0,641.95,1583.97,1399.4,554.24,2388.04,9075.93,47.31,522.25,8148.85,8.3703,392,39.02,23.4166
AC-082,101,0.002,0.0,100.0,642.09,1585.74,1394.57,554.32,2388.0,9069.63,47.4,522.24,8145.21,8.4036,394,39.03,23.513
AC-082,102,0.0038,-0.0006,100.0,642.18,1583.91,1399.12,554.87,2388.02,9073.69,47.37,522.07,8147.53,8.4228,391,38.92,23.4565
AC-082,103,-0.0043,0.0001,100.0,642.57,1581.34,1391.14,553.88,2388.0,9071.25,47.3,522.24,8154.91,8.3906,391,39.0,23.4544
AC-082,104,0.0004,0.0001,100.0,641.69,1585.5,1403.44,554.03,2388.0,9064.04,47.23,522.25,8151.44,8.4298,391,38.89,23.4647
AC-082,105,-0.0024,-0.0004,100.0,642.14,1585.77,1398.55,554.22,2388.0,9070.67,47.22,522.06,8153.42,8.3849,392,39.1,23.3815
AC-082,106,-0.0017,0.0,100.0,642.32,1585.19,1398.56,553.95,2388.01,9067.27,47.05,522.5,8149.85,8.417,393,38.89,23.3749
AC-082,107,-0.0014,0.0001,100.0,642.19,1582.74,1398.29,555.01,2388.04,9059.05,47.36,522.39,8154.08,8.4011,393,39.08,23.333
AC-082,108,0.0032,-0.0004,100.0,641.96,1591.71,1391.45,554.19,2388.02,9074.21,47.31,522.16,8141.25,8.4206,393,38.86,23.4308
AC-082,109,-0.0002,-0.0,100.0,642.26,1586.89,1402.79,554.87,2388.04,9068.99,47.31,522.47,8148.44,8.3981,391,38.97,23.3634
AC-082,110,0.0005,0.0003,100.0,642.0,1587.31,1398.09,553.43,2388.03,9073.16,47.4,521.56,8149.89,8.3897,392,39.11,23.3678
AC-082,111,0.0004,0.0001,100.0,642.41,1586.12,1397.15,553.67,2387.98,9070.13,47.29,522.12,8157.06,8.398,392,39.14,23.4699
AC-082,112,0.001,-0.0005,100.0,641.63,1586.99,1402.58,553.88,2388.0,9076.72,47.35,521.97,8153.67,8.3852,391,39.11,23.4294
AC-082,113,0.0015,0.0001,100.0,642.22,1584.18,1404.66,554.56,2388.07,9073.42,47.37,522.43,8152.62,8.4139,393,38.98,23.4146
AC-082,114,-0.0015,-0.0,100.0,642.25,1589.46,1392.57,553.9,2387.99,9079.53,47.24,522.26,8152.16,8.4309,392,39.03,23.3536
AC-082,115,0.0008,-0.0002,100.0,642.22,1582.73,1395.23,554.02,2387.98,9078.63,47.11,522.56,8153.14,8.4035,393,39.03,23.3115
AC-082,116,0.001,-0.0004,100.0,642.65,1575.87,1400.03,554.73,2388.04,9074.77,47.16,522.11,8156.75,8.4178,393,38.86,23.4082
AC-082,117,-0.002,0.0004,100.0,642.69,1588.93,1395.53,554.29,2388.06,9080.86,47.25,522.13,8150.38,8.3878,394,38.86,23.4224
AC-082,118,0.0008,0.0002,100.0,642.39,1585.84,1404.56,554.08,2388.05,9079.24,47.29,522.43,8157.69,8.4055,393,39.01,23.5257
AC-082,119,0.0023,-0.0001,100.0,642.75,1589.01,1401.0,554.01,2388.01,9077.16,47.33,522.15,8151.52,8.4311,392,38.96,23.3131
AC-082,120,0.0033,-0.0004,100.0,642.31,1590.84,1407.96,554.48,2387.99,9075.64,47.34,521.86,8155.84,8.4219,394,38.96,23.4033
AC-082,121,0.0001,-0.0001,100.0,642.17,1587.92,1407.28,554.1,2387.96,9080.79,47.24,521.93,8152.78,8.4061,391,39.04,23.4437
AC-082,122,-0.0001,0.0002,100.0,642.36,1585.89,1403.37,554.17,2388.03,9072.93,47.48,521.37,8163.51,8.4098,392,38.88,23.3777
AC-082,123,0.0016,0.0002,100.0,642.64,1582.04,1399.08,554.79,2388.0,9079.68,47.15,522.09,8153.63,8.3746,392,38.89,23.3542
AC-082,124,0.0006,-0.0005,100.0,642.21,1586.98,1404.83,554.11,2388.08,9073.04,47.48,522.52,8162.75,8.414,391,38.9,23.3692
AC-082,125,0.0001,-0.0002,100.0,641.9,1594.28,1398.69,555.12,2388.0,9070.48,47.12,522.38,8150.24,8.4058,391,38.99,23.4025
AC-082,126,0.0033,-0.0001,100.0,642.26,1581.22,1400.15,554.32,2388.04,9075.91,47.29,521.82,8152.98,8.4527,394,39.04,23.33
AC-082,127,-0.0014,-0.0003,100.0,642.57,1578.58,1399.93,553.51,2387.99,9084.37,47.28,521.83,8158.04,8.4314,393,39.07,23.28
AC-082,128,-0.0003,0.0003,100.0,641.76,1589.84,1399.23,554.2,2388.04,9074.11,47.35,521.84,8154.69,8.3897,391,38.8,23.3672
AC-082,129,-0.002,0.0,100.0,642.22,1585.7,1397.14,553.58,2388.02,9082.74,47.2,522.02,8152.23,8.4298,392,38.87,23.3531
AC-082,130,0.0056,-0.0002,100.0,642.46,1587.12,1401.02,554.57,2388.0,9080.0,47.4,521.67,8158.26,8.4078,391,39.02,23.2821
AC-082,131,-0.0011,0.0003,100.0,642.52,1578.64,1402.33,554.75,2387.98,9077.82,47.31,521.8,8154.09,8.449,391,38.89,23.2888
AC-082,132,0.0032,-0.0002,100.0,642.89,1588.92,1399.35,553.37,2388.02,9081.36,47.41,521.91,8153.26,8.4108,393,38.94,23.405
AC-082,133,0.0,-0.0,100.0,642.04,1593.09,1403.33,554.15,2388.01,9079.11,47.36,522.18,8161.32,8.4324,394,38.95,23.4238
AC-082,134,0.0023,0.0004,100.0,643.29,1591.32,1399.0,554.0,2388.01,9080.67,47.41,521.71,8161.38,8.402,394,38.86,23.3006
AC-082,135,-0.002,-0.0005,100.0,642.35,1593.21,1399.55,554.21,2388.0,9078.07,47.19,522.25,8156.19,8.4312,392,38.91,23.3816
AC-082,136,-0.001,-0.0002,100.0,642.65,1591.18,1400.18,554.27,2388.0,9077.38,47.24,521.85,8156.28,8.483,394,39.0,23.3306
AC-082,137,-0.0012,0.0001,100.0,642.62,1592.53,1402.84,554.44,2388.04,9088.92,47.47,521.49,8165.8,8.3968,393,39.12,23.3798
AC-082,138,-0.0042,0.0003,100.0,642.28,1595.28,1407.96,553.85,2388.01,9080.28,47.41,522.07,8159.05,8.3968,392,39.07,23.372
AC-082,139,-0.0028,0.0002,100.0,642.43,1581.07,1403.39,554.33,2388.04,9082.09,47.25,522.1,8154.44,8.4095,393,38.8,23.3743
AC-082,140,-0.0012,-0.0003,100.0,642.63,1589.51,1416.47,554.08,2387.95,9085.52,47.33,521.83,8160.81,8.4187,393,38.99,23.4302
AC-082,141,0.0004,-0.0004,100.0,642.39,1592.28,1402.14,554.17,2388.06,9084.02,47.33,521.54,8164.15,8.3952,394,38.9,23.2709
AC-082,142,0.0018,0.0003,100.0,642.45,1581.23,1399.59,553.69,2387.98,9083.66,47.2,521.4,8159.89,8.4189,392,38.75,23.3331
AC-082,143,0.0072,-0.0004,100.0,642.42,1585.36,1406.59,554.18,2387.98,9078.92,47.31,521.76,8165.53,8.4277,393,38.98,23.3523
AC-082,144,-0.0014,-0.0003,100.0,642.76,1584.02,1404.16,553.91,2388.01,9082.93,47.31,521.89,8167.05,8.4071,393,38.98,23.2815
AC-082,145,-0.0016,0.0003,100.0,642.42,1593.65,1398.69,553.6,2388.04,9086.13,47.33,521.76,8163.9,8.4321,394,38.89,23.4849
AC-082,146,0.0048,0.0001,100.0,642.37,1575.95,1404.42,554.34,2388.02,9088.3,47.48,522.4,8163.55,8.4248,393,38.95,23.313
AC-082,147,-0.0002,0.0002,100.0,642.99,1585.51,1405.08,554.27,2387.99,9085.55,47.23,521.59,8160.96,8.423,393,39.07,23.4418
AC-082,148,-0.0009,-0.0003,100.0,642.66,1584.44,1409.35,553.2,2388.03,9086.45,47.34,522.37,8163.64,8.4191,392,38.97,23.4428
AC-082,149,0.0007,0.0002,100.0,642.86,1587.56,1405.24,553.78,2388.03,9084.09,47.28,521.66,8164.33,8.4636,392,39.05,23.3233
AC-082,150,-0.0003,-0.0002,100.0,642.49,1587.17,1406.17,553.12,2388.01,9083.98,47.52,521.43,8170.37,8.4014,392,38.82,23.4176
AC-082,151,0.0002,-0.0,100.0,642.08,1585.16,1409.3,553.97,2388.05,9089.52,47.35,521.98,8168.53,8.411,391,38.94,23.4587
AC-082,152,0.0004,0.0003,100.0,642.5,1589.35,1401.06,553.56,2387.98,9086.56,47.26,521.97,8167.86,8.418,393,39.04,23.4108
AC-082,153,-0.0046,-0.0,100.0,642.68,1592.85,1404.96,553.17,2388.05,9084.13,47.16,522.24,8168.34,8.4462,394,38.92,23.3621
AC-082,154,-0.0003,-0.0,100.0,642.45,1585.34,1409.34,554.09,2388.01,9095.61,47.58,521.94,8168.07,8.4095,391,38.94,23.3949
AC-082,155,-0.0044,-0.0002,100.0,642.68,1592.47,1400.53,553.14,2388.04,9089.56,47.56,521.34,8167.74,8.4191,393,38.89,23.2989
AC-082,156,-0.0018,0.0001,100.0,642.32,1593.92,1408.5,553.54,2388.04,9094.46,47.66,521.9,8172.37,8.4501,394,38.83,23.3885
AC-082,157,-0.0026,-0.0,100.0,642.91,1589.26,1408.95,553.62,2388.03,9096.54,47.62,521.92,8166.97,8.4786,394,38.84,23.3049
AC-082,158,-0.0007,0.0002,100.0,642.03,1591.37,1406.81,553.69,2388.04,9092.98,47.48,522.17,8173.34,8.4485,393,38.85,23.3004
AC-082,159,-0.002,0.0001,100.0,642.52,1587.28,1399.82,553.39,2388.04,9091.33,47.44,521.62,8173.69,8.4002,393,38.8,23.3837
AC-082,160,0.0018,0.0003,100.0,642.46,1589.84,1409.99,553.75,2388.05,9094.97,47.52,522.06,8170.11,8.4536,393,38.89,23.3509
AC-082,161,-0.0006,0.0002,100.0,642.68,1584.55,1406.73,553.7,2387.99,9097.78,47.45,521.51,8167.16,8.4205,394,38.92,23.3002
AC-082,162,0.0005,-0.0005,100.0,642.74,1590.54,1403.76,554.45,2388.09,9092.99,47.42,522.15,8178.5,8.4336,395,38.9,23.2789
AC-082,163,0.0025,-0.0002,100.0,642.44,1588.17,1396.25,554.06,2388.05,9095.39,47.66,521.53,8173.61,8.4381,394,38.89,23.4518
AC-082,164,-0.0003,-0.0001,100.0,641.75,1592.56,1398.84,553.36,2388.01,9101.97,47.44,521.65,8179.16,8.4567,393,39.06,23.2508
AC-082,165,-0.0008,0.0004,100.0,642.93,1589.76,1407.48,553.83,2388.08,9099.85,47.46,521.56,8174.3,8.4342,394,38.85,23.2648
AC-082,166,0.0029,-0.0002,100.0,642.32,1597.86,1407.14,553.88,2388.0,9103.18,47.48,521.47,8176.7,8.4579,394,38.76,23.3425
AC-082,167,-0.004,-0.0005,100.0,642.82,1579.3,1415.57,553.64,2388.01,9106.23,47.46,521.53,8178.21,8.4547,394,38.96,23.1606
AC-082,168,0.0005,0.0001,100.0,642.46,1588.51,1404.86,553.33,2388.03,9104.63,47.45,521.58,8178.43,8.4626,393,38.71,23.2917
AC-082,169,0.0011,0.0,100.0,641.96,1596.72,1403.51,553.57,2388.07,9106.43,47.61,521.52,8176.5,8.4905,392,39.01,23.2769
AC-082,170,-0.0013,0.0,100.0,642.96,1601.29,1405.87,553.66,2388.02,9103.06,47.47,521.08,8184.0,8.4372,394,38.85,23.2722
AC-082,171,-0.0011,-0.0004,100.0,643.16,1593.89,1403.24,553.06,2388.07,9109.78,47.51,521.37,8179.52,8.4666,393,38.84,23.3597
AC-082,172,-0.0026,-0.0004,100.0,642.21,1589.58,1407.52,553.58,2388.01,9107.7,47.41,522.05,8182.78,8.4403,395,38.77,23.2359
AC-082,173,-0.0011,-0.0002,100.0,642.71,1593.21,1406.15,554.28,2388.05,9107.04,47.55,521.31,8183.83,8.4203,394,38.74,23.2732
AC-082,174,0.0015,-0.0004,100.0,643.56,1595.78,1407.61,553.92,2388.05,9115.93,47.6,521.18,8188.23,8.4469,394,39.03,23.2962
AC-082,175,0.0015,0.0,100.0,642.33,1598.41,1409.12,552.91,2388.05,9114.58,47.47,521.61,8180.99,8.4387,395,38.64,23.2877
AC-082,176,-0.002,-0.0005,100.0,642.83,1586.89,1414.64,553.34,2387.99,9117.72,47.66,521.67,8183.97,8.4495,394,38.67,23.3769
AC-082,177,-0.0017,0.0001,100.0,643.12,1591.34,1410.71,552.86,2388.03,9117.46,47.64,521.68,8190.41,8.4233,393,38.89,23.1283
AC-082,178,0.0014,-0.0003,100.0,642.31,1594.91,1408.81,554.33,2388.06,9111.76,47.6,521.63,8187.24,8.4776,393,38.86,23.2156
AC-082,179,0.0,-0.0004,100.0,642.52,1591.79,1418.17,553.21,2388.05,9121.62,47.76,521.31,8191.27,8.4526,393,38.89,23.2202
AC-082,180,0.0011,0.0003,100.0,642.77,1588.85,1409.98,552.94,2388.06,9113.29,47.56,521.3,8191.05,8.4415,393,38.75,23.357
AC-082,181,0.0016,0.0004,100.0,642.96,1589.58,1415.05,552.97,2388.04,9120.25,47.74,521.9,8196.4,8.4675,394,38.64,23.2335
AC-082,182,-0.0043,-0.0004,100.0,643.31,1597.04,1409.69,553.48,2388.0,9117.34,47.73,521.96,8194.56,8.4508,394,38.97,23.1857
AC-082,183,-0.0004,0.0002,100.0,643.08,1597.09,1410.26,553.08,2388.05,9121.68,47.51,521.8,8195.04,8.4578,394,38.69,23.3193
AC-082,184,0.0034,-0.0005,100.0,642.83,1592.11,1417.63,553.45,2388.04,9130.13,47.7,521.1,8197.25,8.446,393,38.81,23.2667
AC-082,185,0.0032,-0.0004,100.0,642.93,1598.06,1400.51,552.85,2388.1,9121.4,47.66,521.77,8197.65,8.4286,392,38.64,23.3238
AC-082,186,-0.0027,0.0002,100.0,642.78,1595.94,1409.73,552.87,2388.03,9126.85,47.77,521.21,8199.15,8.4838,395,38.8,23.2288
AC-082,187,-0.0007,0.0003,100.0,642.34,1597.02,1411.39,553.12,2388.12,9133.34,47.85,521.9,8205.06,8.4553,394,38.66,23.2073
AC-082,188,0.002,-0.0,100.0,643.03,1595.78,1415.91,553.18,2388.1,9137.66,47.57,521.32,8205.82,8.4388,395,38.63,23.1911
AC-082,189,-0.0001,0.0,100.0,642.7,1591.53,1409.21,553.29,2388.13,9132.81,47.54,521.34,8202.95,8.4708,394,38.74,23.2806
AC-082,190,0.0009,-0.0002,100.0,642.92,1599.34,1415.84,552.82,2388.07,9138.13,47.81,521.07,8209.2,8.4581,393,38.88,23.258
AC-082,191,0.0013,-0.0002,100.0,643.26,1593.75,1409.07,552.89,2388.08,9131.12,47.74,521.5,8204.71,8.4655,395,38.75,23.1495
AC-082,192,-0.0004,0.0004,100.0,643.07,1602.68,1410.5,553.0,2388.08,9146.54,47.59,521.5,8217.06,8.4807,395,38.49,23.2327
AC-082,193,0.0028,0.0004,100.0,642.51,1594.43,1418.36,552.54,2388.03,9133.11,47.8,521.04,8206.82,8.4896,393,38.65,23.2054
AC-082,194,-0.0027,0.0003,100.0,643.23,1599.69,1414.71,553.03,2388.06,9147.11,47.74,520.81,8208.87,8.5072,396,38.6,23.096
AC-082,195,0.0016,-0.0003,100.0,643.11,1603.6,1422.45,552.26,2388.08,9149.61,47.76,520.66,8218.51,8.4968,395,38.52,23.152
AC-082,196,0.0043,0.0001,100.0,643.39,1592.95,1419.44,552.38,2388.11,9153.31,47.73,520.91,8216.76,8.4954,396,38.63,23.1945
AC-082,197,0.0031,0.0004,100.0,643.22,1601.42,1416.52,552.4,2388.16,9153.75,47.83,520.88,8217.85,8.456,393,38.51,23.1537
AC-082,198,0.0005,-0.0002,100.0,643.59,1602.87,1422.64,553.12,2388.07,9149.6,47.69,520.89,8220.49,8.499,395,38.42,23.1438
AC-082,199,-0.0024,0.0004,100.0,643.24,1598.93,1424.94,552.56,2388.16,9159.03,47.69,520.79,8224.85,8.4997,396,38.81,23.0799
AC-082,200,0.0007,-0.0004,100.0,643.47,1602.4,1425.75,552.38,2388.09,9163.03,47.69,520.92,8230.84,8.493,395,38.71,23.1791
AC-082,201,-0.0032,-0.0002,100.0,643.19,1599.54,1427.61,551.93,2388.18,9172.44,47.97,520.97,8226.85,8.494,395,38.66,23.1539
AC-082,202,0.0003,0.0002,100.0,642.76,1591.99,1427.79,552.71,2388.1,9168.79,47.97,520.51,8231.67,8.4862,398,38.53,23.1049
AC-082,203,-0.0002,0.0001,100.0,643.59,1596.45,1420.6,552.5,2388.15,9175.36,47.9,520.56,8231.75,8.4952,394,38.8,23.0097
AC-082,204,0.0004,-0.0004,100.0,643.18,1593.87,1420.64,552.43,2388.15,9169.22,47.88,520.84,8230.69,8.5178,396,38.7,23.1532
AC-082,205,-0.0006,-0.0003,100.0,643.64,1596.75,1428.16,551.91,2388.12,9177.7,47.88,520.63,8239.17,8.4865,396,38.46,23.1719
AC-082,206,0.0012,-0.0002,100.0,643.4,1602.48,1426.24,552.48,2388.12,9183.06,47.92,520.03,8236.0,8.4865,396,38.74,23.1024
AC-082,207,0.0022,0.0,100.0,643.59,1607.09,1416.6,552.48,2388.13,9185.97,47.94,520.83,8247.28,8.5087,396,38.36,23.1516
AC-082,208,-0.0021,0.0,100.0,644.08,1607.74,1426.26,552.35,2388.12,9182.21,48.08,520.81,8246.23,8.534,398,38.44,23.1126
AC-082,209,0.0006,0.0002,100.0,643.61,1604.53,1426.18,551.9,2388.19,9184.89,48.17,521.06,8246.71,8.5333,397,38.44,23.0434
AC-082,210,0.0002,-0.0005,100.0,643.11,1608.87,1434.28,551.51,2388.13,9192.8,48.17,520.66,8246.16,8.5255,396,38.46,23.0639
AC-082,211,-0.0004,-0.0004,100.0,643.61,1605.0,1426.94,552.46,2388.16,9192.88,48.04,520.73,8258.32,8.523,396,38.35,23.0294
AC-082,212,0.0004,0.0004,100.0,643.66,1601.47,1426.74,551.85,2388.13,9199.74,48.22,520.16,8255.68,8.5338,396,38.5,23.2379
AC-082,213,-0.0036,0.0001,100.0,643.48,1596.98,1425.66,552.05,2388.12,9200.05,48.18,520.43,8262.35,8.5441,398,38.49,23.0412
AC-082,214,-0.0013,0.0003,100.0,643.73,1601.66,1427.73,551.57,2388.16,9215.59,48.3,520.01,8267.9,8.5222,399,38.56,23.0292
AC-089,1,0.0018,-0.0002,100.0,642.47,1582.56,1402.93,554.62,2388.07,9042.07,46.97,522.18,8128.4,8.4249,391,38.93,23.384
AC-089,2,-0.0018,0.0001,100.0,642.05,1586.56,1398.5,554.26,2388.08,9047.47,47.19,522.36,8133.06,8.424,390,38.94,23.4232
AC-089,3,-0.0002,-0.0004,100.0,642.2,1584.76,1392.73,554.54,2388.09,9041.99,47.34,522.36,8130.65,8.3794,393,39.15,23.3842
AC-089,4,0.0014,0.0002,100.0,641.72,1588.51,1400.78,554.04,2388.1,9046.95,47.28,522.25,8134.42,8.4152,391,39.3,23.3648
AC-089,5,-0.0005,-0.0002,100.0,642.31,1587.64,1411.85,554.04,2388.04,9050.53,47.08,521.68,8129.94,8.4132,394,38.95,23.3065
AC-089,6,0.0029,-0.0003,100.0,642.48,1588.88,1393.88,554.23,2388.03,9044.55,47.39,522.01,8128.11,8.3743,392,38.95,23.4351
AC-089,7,-0.0,0.0003,100.0,642.52,1581.87,1391.43,554.26,2388.07,9048.51,47.29,522.57,8130.42,8.4112,392,38.82,23.4921
AC-089,8,-0.0001,0.0002,100.0,642.31,1584.98,1400.96,554.94,2388.01,9050.7,47.08,522.29,8134.28,8.411,393,38.96,23.2812
AC-089,9,-0.0011,-0.0,100.0,641.92,1588.23,1394.86,553.82,2388.01,9055.81,47.3,522.23,8136.67,8.4018,391,39.15,23.4699
AC-089,10,0.0035,-0.0001,100.0,642.58,1591.4,1404.55,554.35,2388.03,9043.5,47.25,521.93,8129.29,8.4156,391,39.05,23.3366
AC-089,11,-0.0004,-0.0003,100.0,642.02,1584.73,1402.71,554.64,2388.05,9045.91,47.35,521.99,8135.49,8.3872,391,39.04,23.2997
AC-089,12,-0.0013,-0.0001,100.0,642.01,1584.41,1401.01,554.34,2388.09,9049.35,47.34,522.14,8131.19,8.4191,392,39.15,23.4216
AC-089,13,-0.0,0.0003,100.0,642.58,1578.37,1399.93,554.0,2388.07,9049.23,47.28,522.36,8136.06,8.4231,391,39.04,23.3964
AC-089,14,0.0015,-0.0002,100.0,641.9,1584.31,1400.4,553.94,2388.03,9051.37,47.33,522.14,8136.87,8.4347,390,38.98,23.4471
AC-089,15,-0.0006,-0.0005,100.0,642.26,1594.02,1399.47,554.25,2388.11,9045.08,47.11,521.88,8130.93,8.4081,392,39.15,23.4051
AC-089,16,0.0018,0.0003,100.0,642.19,1589.27,1404.25,553.95,2388.03,9050.58,47.15,522.27,8128.62,8.398,390,38.97,23.43
AC-089,17,-0.0034,0.0002,100.0,642.43,1584.33,1390.89,554.39,2388.09,9045.87,47.28,522.6,8129.13,8.3523,390,39.04,23.291
AC-089,18,-0.0011,0.0001,100.0,642.32,1583.23,1398.72,554.35,2388.03,9054.04,47.06,521.49,8126.98,8.4113,391,38.98,23.3062
AC-089,19,-0.0018,0.0003,100.0,642.04,1586.96,1399.48,553.88,2388.06,9045.4,47.22,522.56,8131.47,8.3885,392,38.97,23.2948
AC-089,20,0.0015,-0.0005,100.0,642.95,1584.72,1404.5,554.09,2388.06,9046.69,47.08,522.3,8130.26,8.3966,391,38.77,23.3943
AC-089,21,0.0018,0.0004,100.0,642.08,1584.99,1394.49,554.37,2388.06,9053.36,47.17,522.21,8131.2,8.416,391,38.91,23.4253
AC-089,22,-0.0033,-0.0005,100.0,642.59,1591.59,1403.04,553.71,2388.01,9037.21,47.21,522.33,8134.09,8.3996,392,39.03,23.4278
AC-089,23,0.002,-0.0004,100.0,641.67,1585.57,1404.21,554.23,2388.01,9051.14,47.3,522.23,8127.36,8.3875,392,38.98,23.4289
AC-089,24,-0.0002,-0.0002,100.0,641.86,1584.29,1398.94,554.37,2388.07,9049.29,47.29,521.61,8125.74,8.4237,391,38.96,23.3961
AC-089,25,-0.0015,-0.0002,100.0,642.19,1579.3,1398.88,554.29,2388.05,9053.66,47.25,521.99,8127.77,8.4062,392,39.09,23.2607
AC-089,26,0.0004,-0.0002,100.0,642.24,1581.53,1399.36,554.77,2388.06,9051.12,47.41,522.09,8131.84,8.3683,393,39.02,23.4481
AC-089,27,-0.0003,-0.0005,100.0,642.03,1580.0,1403.67,553.73,2388.12,9050.08,47.17,521.88,8127.84,8.4365,391,38.99,23.3912
AC-089,28,-0.002,-0.0001,100.0,642.39,1586.81,1401.72,554.7,2388.04,9043.3,47.35,522.01,8133.83,8.4137,391,39.01,23.4866
AC-089,29,-0.0,-0.0005,100.0,642.22,1585.76,1400.26,554.54,2388.09,9049.82,47.21,522.04,8125.36,8.3793,392,38.72,23.4411
AC-089,30,0.001,-0.0002,100.0,642.85,1586.04,1397.71,554.14,2388.06,9044.36,47.12,522.19,8133.45,8.4154,391,39.14,23.4423
AC-089,31,-0.0,-0.0004,100.0,642.03,1589.2,1401.08,553.83,2388.07,9043.05,47.26,522.01,8138.32,8.4033,391,39.07,23.3573
AC-089,32,-0.0018,0.0002,100.0,642.02,1582.03,1393.95,553.48,2387.96,9048.79,47.29,521.74,8126.96,8.4017,392,39.03,23.4392
AC-089,33,-0.0012,-0.0001,100.0,642.45,1581.35,1402.34,553.92,2388.05,9053.7,47.36,522.38,8128.85,8.3941,391,39.03,23.3913
AC-089,34,0.0031,-0.0001,100.0,641.69,1588.27,1400.59,554.23,2388.07,9049.21,47.16,522.77,8131.09,8.3807,392,38.93,23.3734
AC-089,35,-0.0027,0.0003,100.0,642.39,1596.03,1392.99,553.52,2388.05,9055.28,47.3,521.96,8137.05,8.4043,393,39.22,23.4139
AC-089,36,0.0018,0.0003,100.0,642.29,1584.9,1401.27,553.96,2388.05,9051.07,47.45,522.15,8126.62,8.3975,392,39.04,23.3479
AC-089,37,0.0006,0.0003,100.0,642.75,1590.28,1399.81,553.4,2388.02,9050.19,47.22,521.35,8132.04,8.4252,391,38.95,23.289
AC-089,38,-0.0028,0.0002,100.0,642.04,1590.25,1398.86,554.47,2388.07,9045.98,47.41,522.44,8133.87,8.4068,393,39.0,23.4375
AC-089,39,-0.0011,-0.0005,100.0,641.98,1585.94,1404.84,554.13,2388.06,9046.46,47.24,521.95,8132.6,8.4239,393,38.9,23.3592
AC-089,40,0.0029,0.0004,100.0,642.36,1589.44,1402.93,554.96,2388.05,9047.15,47.3,522.4,8133.63,8.422,393,39.03,23.3918
AC-089,41,0.0013,0.0002,100.0,641.79,1589.69,1393.18,554.51,2388.05,9043.33,47.41,521.79,8129.14,8.4035,392,39.03,23.3868
AC-089,42,-0.0024,-0.0002,100.0,642.11,1586.29,1398.1,553.35,2388.04,9050.61,47.23,521.58,8130.64,8.409,395,38.84,23.3995
AC-089,43,0.0023,-0.0001,100.0,642.35,1590.77,1403.31,554.79,2388.04,9049.42,47.17,522.1,8130.98,8.4158,392,38.92,23.3281
AC-089,44,-0.0023,0.0004,100.0,642.47,1581.8,1399.76,554.25,2388.03,9045.61,47.42,522.49,8126.71,8.408,391,38.99,23.3304
AC-089,45,-0.001,0.0004,100.0,641.81,1579.99,1396.67,554.07,2388.05,9049.61,47.22,522.39,8133.29,8.4157,393,39.08,23.4287
AC-089,46,0.0,0.0001,100.0,642.16,1585.78,1398.24,554.2,2388.02,9047.76,47.33,522.42,8130.07,8.4124,392,38.97,23.4112
AC-089,47,0.0002,0.0001,100.0,642.29,1597.71,1395.67,554.59,2388.07,9043.99,47.06,522.54,8132.66,8.4067,391,38.94,23.4081
AC-089,48,-0.0014,0.0002,100.0,642.24,1584.89,1405.7,554.58,2388.02,9054.06,47.26,522.59,8135.94,8.3923,391,38.93,23.3214
AC-089,49,-0.0005,0.0,100.0,642.44,1583.39,1403.9,554.34,2388.03,9049.85,47.32,522.26,8132.3,8.3964,393,39.01,23.409
AC-089,50,0.0002,-0.0004,100.0,642.32,1589.09,1403.89,553.62,2388.04,9045.57,47.19,522.27,8129.64,8.4225,392,39.08,23.4033
AC-089,51,0.0005,-0.0001,100.0,642.3,1586.23,1398.84,554.24,2388.0,9048.59,47.32,521.65,8128.78,8.3858,392,39.01,23.4709
AC-089,52,-0.0005,0.0003,100.0,642.24,1581.21,1394.4,553.77,2388.03,9056.11,47.02,522.02,8128.62,8.4017,392,38.96,23.4281
AC-089,53,0.0035,0.0001,100.0,641.92,1585.25,1407.35,554.09,2388.04,9040.51,47.01,522.04,8135.88,8.4171,391,38.96,23.2939
AC-089,54,-0.0004,0.0001,100.0,643.16,1586.37,1403.94,553.55,2388.04,9051.37,47.47,522.24,8128.62,8.4142,392,38.85,23.3623
AC-089,55,0.0025,-0.0001,100.0,642.19,1586.53,1401.24,553.96,2388.02,9047.34,47.39,521.81,8126.41,8.4163,391,38.93,23.448
AC-089,56,-0.0042,-0.0001,100.0,641.77,1585.72,1401.47,554.44,2388.01,9046.66,47.2,522.51,8133.25,8.4199,392,38.82,23.4378
AC-089,57,-0.0013,0.0003,100.0,642.43,1591.5,1393.35,553.43,2388.05,9044.69,47.51,521.48,8131.13,8.4126,391,38.81,23.4348
AC-089,58,-0.0044,0.0001,100.0,642.38,1582.59,1398.58,554.26,2388.03,9046.29,47.3,522.4,8134.64,8.4289,392,39.11,23.4697
AC-089,59,0.0027,-0.0,100.0,642.94,1589.83,1407.15,554.04,2388.06,9051.41,47.23,521.79,8134.27,8.3836,390,39.12,23.3982
AC-089,60,0.0002,-0.0001,100.0,642.06,1588.33,1397.54,554.15,2388.01,9048.43,47.39,521.79,8134.64,8.3928,392,39.03,23.3516
AC-089,61,-0.0025,-0.0004,100.0,641.97,1587.42,1396.75,553.44,2388.02,9054.72,47.46,521.88,8137.04,8.4144,392,38.93,23.3227
AC-089,62,0.0,-0.0005,100.0,642.86,1584.09,1401.04,554.49,2388.04,9049.37,47.06,522.18,8135.67,8.3839,392,39.05,23.3718
AC-089,63,0.0006,0.0004,100.0,642.44,1587.58,1407.82,554.2,2388.08,9052.42,47.28,522.17,8132.71,8.4058,393,38.84,23.4544
AC-089,64,-0.0012,0.0003,100.0,641.98,1592.33,1404.65,554.26,2388.03,9048.12,47.17,522.4,8129.15,8.3968,391,38.92,23.3508
AC-089,65,0.0012,0.0004,100.0,642.45,1583.77,1395.68,553.56,2388.05,9051.41,47.35,522.13,8131.7,8.4023,392,38.98,23.371
AC-089,66,-0.0026,-0.0,100.0,642.53,1581.34,1401.28,554.39,2388.08,9047.41,47.47,521.45,8128.97,8.4216,391,38.88,23.4394
AC-089,67,-0.0018,0.0001,100.0,642.44,1574.96,1408.12,553.76,2388.06,9047.55,47.28,522.01,8132.79,8.4284,392,38.89,23.3703
AC-089,68,-0.0024,0.0003,100.0,642.51,1583.34,1400.79,554.36,2388.09,9046.47,47.4,522.34,8134.81,8.4221,391,38.81,23.3412
AC-089,69,0.0006,0.0002,100.0,641.87,1589.89,1404.66,553.34,2388.03,9044.83,47.45,522.17,8127.29,8.4071,392,38.91,23.3925
AC-089,70,0.0027,0.0001,100.0,642.42,1587.75,1398.97,554.47,2388.07,9049.0,47.44,522.23,8131.36,8.4409,393,38.91,23.3887
AC-089,71,-0.0009,0.0001,100.0,642.23,1589.98,1402.57,554.36,2388.1,9052.68,47.26,522.41,8131.65,8.395,391,38.84,23.4214
AC-089,72,-0.0003,-0.0001,100.0,642.21,1583.02,1400.94,554.92,2388.06,9049.8,47.34,521.96,8134.57,8.4521,392,38.84,23.3088
AC-089,73,0.0016,-0.0001,100.0,641.97,1584.99,1402.35,554.79,2388.06,9053.62,47.35,522.39,8133.04,8.4188,392,39.07,23.3817
AC-089,74,-0.0015,0.0003,100.0,642.44,1587.73,1400.98,553.81,2388.03,9050.74,47.51,522.16,8131.55,8.4284,390,38.96,23.3593
AC-089,75,-0.0021,-0.0001,100.0,642.37,1591.54,1400.25,554.27,2388.07,9048.31,47.33,521.98,8134.07,8.397,392,38.95,23.4074
AC-089,76,0.0035,-0.0004,100.0,641.72,1591.84,1403.63,553.72,2388.08,9049.49,47.43,522.02,8133.36,8.3848,390,39.03,23.361
AC-089,77,0.0019,0.0,100.0,642.9,1589.5,1400.98,554.7,2388.03,9046.54,47.31,521.88,8138.89,8.3961,392,38.95,23.4287
AC-089,78,0.0023,0.0003,100.0,641.86,1582.7,1403.13,553.54,2388.1,9049.62,47.34,522.16,8131.22,8.3901,391,39.06,23.3262
AC-089,79,-0.0033,-0.0,100.0,641.89,1585.48,1402.01,553.83,2388.05,9049.98,47.15,522.01,8134.42,8.4009,392,38.88,23.3494
AC-089,80,-0.0025,-0.0002,100.0,642.45,1589.6,1398.8,553.41,2388.07,9051.7,47.27,521.83,8135.75,8.4007,392,38.94,23.3696
AC-089,81,-0.0031,-0.0001,100.0,642.44,1580.42,1400.64,554.67,2388.07,9052.87,47.36,522.63,8139.73,8.4341,392,39.0,23.3968
AC-089,82,0.0025,-0.0004,100.0,642.69,1586.06,1399.54,554.27,2388.06,9053.32,47.25,522.81,8134.28,8.4409,391,38.77,23.3995
AC-089,83,0.0022,0.0004,100.0,642.54,1583.62,1405.16,553.5,2388.07,9055.81,47.49,521.67,8136.18,8.426,391,39.12,23.2869
AC-089,84,0.0008,-0.0003,100.0,642.4,1580.86,1406.15,554.26,2388.07,9045.95,47.39,521.72,8133.62,8.4179,392,39.11,23.3763
AC-089,85,-0.0019,-0.0,100.0,642.08,1588.36,1401.67,554.39,2388.07,9044.99,47.28,521.72,8132.87,8.4005,391,39.07,23.2908
AC-089,86,0.0021,-0.0003,100.0,641.97,1581.08,1407.93,554.31,2387.99,9051.4,47.34,521.29,8137.6,8.3977,393,38.86,23.3034
AC-089,87,0.0012,0.0002,100.0,642.41,1587.55,1400.1,553.67,2388.05,9046.42,47.38,522.3,8134.14,8.4077,394,39.13,23.325
AC-089,88,0.0038,-0.0002,100.0,642.39,1583.06,1402.09,553.78,2388.09,9043.31,47.51,521.67,8127.48,8.4182,391,38.98,23.3645
AC-089,89,-0.0016,-0.0003,100.0,641.9,1583.66,1402.83,553.66,2388.08,9046.85,47.19,521.89,8129.06,8.4067,391,39.11,23.3826
AC-089,90,0.0031,0.0004,100.0,642.5,1586.44,1410.97,553.84,2388.06,9056.02,47.38,521.54,8128.06,8.4202,392,38.74,23.4298
AC-089,91,0.0003,0.0,100.0,642.21,1586.37,1398.48,553.94,2388.05,9047.63,47.21,521.98,8131.61,8.4091,392,39.05,23.3065
AC-089,92,0.0015,-0.0005,100.0,642.27,1579.97,1400.86,553.83,2388.09,9044.65,47.46,521.69,8131.23,8.4204,391,38.78,23.3806
AC-089,93,-0.0004,0.0,100.0,642.23,1579.12,1397.37,554.48,2388.07,9040.02,47.54,521.83,8130.48,8.3971,393,38.84,23.3069
AC-089,94,-0.0037,-0.0001,100.0,642.48,1579.36,1404.4,553.93,2388.09,9049.62,47.38,522.13,8136.87,8.4246,393,38.9,23.3925
AC-089,95,0.0008,-0.0005,100.0,642.47,1581.97,1399.86,553.78,2388.09,9050.59,47.39,522.48,8126.45,8.4061,392,38.88,23.4276
AC-089,96,-0.004,0.0002,100.0,642.28,1582.75,1397.01,554.18,2388.06,9049.77,47.43,521.42,8132.14,8.4236,390,38.92,23.3697
AC-089,97,0.002,-0.0004,100.0,642.56,1588.62,1405.94,554.46,2388.05,9048.72,47.44,521.96,8131.66,8.4139,392,38.77,23.3313
AC-089,98,-0.0002,-0.0006,100.0,642.43,1580.15,1398.86,553.15,2388.06,9051.93,47.32,521.68,8131.94,8.3937,391,38.87,23.3936
AC-089,99,-0.0049,-0.0002,100.0,642.55,1586.23,1407.23,554.6,2388.03,9049.55,47.27,522.07,8132.88,8.421,394,38.82,23.2953
AC-089,100,-0.0004,0.0003,100.0,642.4,1590.67,1406.01,553.12,2388.06,9046.42,47.28,522.0,8126.54,8.4465,392,38.85,23.3891
AC-089,101,-0.0015,-0.0005,100.0,641.99,1591.6,1404.97,554.16,2388.05,9048.73,47.31,521.36,8135.1,8.3821,392,38.94,23.2843
AC-089,102,-0.0031,0.0003,100.0,642.5,1587.82,1401.33,554.65,2388.1,9053.86,47.2,522.21,8133.47,8.4432,392,38.79,23.4595
AC-089,103,-0.001,-0.0005,100.0,642.48,1586.36,1400.0,553.64,2388.09,9048.61,47.38,521.65,8128.67,8.3972,392,38.92,23.2854
AC-089,104,-0.0,-0.0,100.0,642.45,1586.13,1396.74,554.1,2388.08,9051.44,47.24,521.6,8129.88,8.3752,392,38.9,23.2433
AC-089,105,0.0024,0.0,100.0,642.53,1585.83,1402.04,553.77,2388.06,9055.34,47.35,521.76,8132.05,8.4324,392,39.04,23.2507
AC-089,106,-0.0007,0.0003,100.0,642.47,1589.72,1403.95,554.0,2388.05,9055.89,47.34,522.07,8137.56,8.4272,393,38.9,23.2169
AC-089,107,-0.0018,0.0004,100.0,642.21,1590.34,1392.21,553.72,2388.05,9048.5,47.43,522.05,8134.41,8.3985,394,39.07,23.4121
AC-089,108,-0.0025,-0.0003,100.0,642.18,1584.0,1395.28,554.36,2388.05,9056.91,47.33,522.44,8136.64,8.4126,392,38.85,23.2699
AC-089,109,0.0031,-0.0005,100.0,642.46,1588.38,1407.86,553.87,2388.07,9046.53,47.26,522.28,8130.6,8.4099,392,38.82,23.3486
AC-089,110,0.0001,-0.0004,100.0,642.62,1589.47,1403.03,553.87,2388.11,9047.58,47.59,521.17,8130.35,8.4132,392,39.05,23.3855
AC-089,111,-0.0018,0.0004,100.0,642.19,1586.77,1397.86,553.29,2388.01,9049.91,47.28,521.67,8132.29,8.4296,394,39.05,23.243
AC-089,112,-0.0002,-0.0006,100.0,642.8,1584.58,1398.94,553.74,2388.05,9058.2,47.48,521.5,8133.47,8.4361,393,39.0,23.2143
AC-089,113,-0.0001,-0.0005,100.0,641.48,1587.88,1408.01,553.61,2388.07,9046.79,47.39,522.09,8138.6,8.4808,391,38.85,23.3617
AC-089,114,0.0013,-0.0003,100.0,642.79,1593.25,1407.14,554.35,2388.06,9044.01,47.27,522.14,8129.78,8.431,392,38.68,23.3719
AC-089,115,-0.002,-0.0002,100.0,642.18,1584.51,1408.31,554.26,2388.09,9051.78,47.3,522.02,8135.12,8.4279,392,38.96,23.3226
AC-089,116,-0.0022,-0.0001,100.0,642.15,1592.32,1407.02,553.21,2388.14,9042.84,47.56,521.66,8130.9,8.4257,392,38.9,23.3866
AC-089,117,-0.0013,0.0001,100.0,642.69,1582.62,1410.13,554.25,2388.03,9044.37,47.5,521.81,8132.5,8.4311,391,38.83,23.3735
AC-089,118,-0.0001,-0.0004,100.0,642.75,1582.44,1407.46,553.73,2388.05,9052.45,47.54,522.0,8132.41,8.3756,393,38.87,23.2439
AC-089,119,-0.0033,0.0002,100.0,643.09,1592.41,1407.33,553.82,2388.05,9046.55,47.59,521.67,8130.3,8.4236,392,39.09,23.3573
AC-089,120,-0.0014,0.0004,100.0,642.83,1592.85,1403.8,553.64,2388.04,9042.53,47.33,522.13,8132.2,8.4485,393,38.91,23.2912
AC-089,121,-0.0002,0.0,100.0,642.04,1597.54,1396.92,553.77,2388.08,9053.46,47.28,521.71,8136.22,8.3942,393,38.94,23.3897
AC-089,122,0.0023,-0.0004,100.0,642.63,1589.39,1400.47,554.17,2388.12,9048.19,47.47,521.56,8135.55,8.4294,392,39.05,23.3514
AC-089,123,-0.0034,-0.0001,100.0,642.64,1595.56,1409.84,553.95,2388.11,9053.39,47.35,522.47,8133.4,8.4124,393,38.79,23.2066
AC-089,124,-0.0025,0.0002,100.0,642.93,1588.93,1399.63,553.86,2388.09,9052.59,47.3,522.03,8138.46,8.4409,392,38.73,23.2728
AC-089,125,0.0016,-0.0,100.0,642.59,1592.14,1406.65,554.23,2388.06,9049.8,47.38,521.53,8131.77,8.4265,392,38.97,23.372
AC-089,126,-0.0042,0.0001,100.0,642.1,1587.55,1406.45,553.56,2388.12,9053.63,47.41,521.29,8135.86,8.4398,393,38.83,23.3403
AC-089,127,-0.0012,-0.0003,100.0,642.17,1589.51,1393.55,553.63,2388.09,9056.7,47.27,522.01,8134.89,8.4392,392,38.85,23.2887
AC-089,128,0.0013,-0.0004,100.0,642.46,1592.86,1400.17,553.52,2388.13,9057.12,47.45,522.47,8134.27,8.4142,392,38.9,23.3158
AC-089,129,-0.0059,0.0004,100.0,642.26,1587.92,1408.47,553.4,2388.05,9060.98,47.65,521.69,8133.0,8.4163,392,38.88,23.2645
AC-089,130,-0.003,0.0001,100.0,642.15,1586.88,1406.42,553.56,2388.14,9052.89,47.52,521.88,8135.43,8.4201,392,38.95,23.3842
AC-089,131,-0.0013,-0.0002,100.0,642.61,1595.31,1408.21,553.75,2388.1,9057.93,47.45,521.61,8138.62,8.4309,391,38.93,23.2494
AC-089,132,-0.0002,-0.0002,100.0,642.57,1589.95,1398.95,554.19,2388.1,9055.94,47.31,521.86,8132.5,8.4419,393,38.78,23.2758
AC-089,133,-0.0003,0.0002,100.0,642.31,1589.52,1408.33,553.28,2388.11,9050.1,47.45,521.82,8134.96,8.4411,393,38.97,23.5247
AC-089,134,-0.0011,-0.0004,100.0,642.31,1589.34,1401.12,553.43,2388.04,9060.98,47.57,521.64,8135.74,8.4512,392,38.84,23.2889
AC-089,135,0.0024,0.0002,100.0,642.51,1597.43,1407.12,553.55,2388.09,9043.99,47.45,522.19,8132.37,8.4245,392,38.87,23.2956
AC-089,136,-0.0021,0.0001,100.0,642.94,1593.53,1401.05,553.4,2388.07,9062.1,47.54,521.26,8137.08,8.4138,392,38.92,23.2576
AC-089,137,-0.0038,-0.0005,100.0,642.49,1587.62,1409.92,554.04,2388.16,9055.15,47.35,522.41,8135.31,8.4342,391,38.96,23.4065
AC-089,138,-0.0021,0.0001,100.0,642.62,1592.13,1404.76,553.51,2388.12,9062.8,47.35,521.58,8134.9,8.449,395,39.04,23.3601
AC-089,139,0.0011,-0.0003,100.0,642.81,1592.74,1410.58,553.18,2388.06,9054.39,47.3,521.33,8132.31,8.4642,394,38.74,23.2597
AC-089,140,-0.0002,-0.0003,100.0,642.23,1588.5,1408.7,553.49,2388.05,9054.33,47.44,521.41,8131.39,8.4321,391,38.91,23.2815
AC-089,141,0.0006,0.0002,100.0,643.17,1583.37,1407.7,553.86,2388.09,9055.45,47.48,521.6,8129.81,8.4072,391,38.85,23.2807
AC-089,142,-0.002,0.0001,100.0,642.52,1591.24,1407.0,553.41,2388.13,9055.74,47.32,521.55,8135.89,8.4276,393,38.97,23.2855
AC-089,143,0.0031,0.0003,100.0,642.5,1590.65,1411.09,552.75,2388.06,9055.09,47.51,521.81,8134.89,8.4626,393,38.73,23.3548
AC-089,144,-0.0033,-0.0004,100.0,642.59,1594.79,1401.75,552.88,2388.13,9047.08,47.35,521.64,8140.65,8.4115,392,38.89,23.2591
AC-089,145,0.0044,0.0,100.0,643.03,1587.32,1404.87,553.45,2388.09,9057.95,47.58,521.51,8132.17,8.4203,393,38.97,23.2774
AC-089,146,-0.0023,0.0001,100.0,642.94,1589.76,1407.33,553.52,2388.06,9050.47,47.44,521.61,8136.39,8.44,391,38.96,23.328
AC-089,147,0.0012,0.0004,100.0,642.1,1590.36,1412.8,553.0,2388.17,9066.45,47.37,521.74,8133.76,8.4431,392,38.82,23.3801
AC-089,148,-0.0023,-0.0004,100.0,642.93,1590.55,1406.1,553.96,2388.1,9054.87,47.59,521.63,8134.36,8.4309,394,38.92,23.3526
AC-089,149,-0.0003,0.0004,100.0,642.21,1595.17,1409.19,552.89,2388.09,9053.75,47.63,520.94,8133.74,8.4729,394,39.01,23.3267
AC-089,150,0.0026,-0.0002,100.0,642.42,1588.46,1407.3,554.04,2388.14,9058.56,47.37,521.57,8134.61,8.4445,392,38.69,23.3171
AC-089,151,0.0038,-0.0003,100.0,642.26,1589.39,1416.09,553.51,2388.1,9058.81,47.69,521.47,8133.2,8.4758,394,38.87,23.2824
AC-089,152,0.0009,-0.0002,100.0,642.78,1586.34,1412.42,553.4,2388.11,9054.33,47.57,521.38,8136.96,8.4132,392,38.76,23.2457
AC-089,153,-0.0006,-0.0001,100.0,642.77,1596.33,1405.23,552.89,2388.15,9056.6,47.41,521.63,8137.14,8.4832,393,38.91,23.2217
AC-089,154,0.0017,-0.0004,100.0,642.54,1589.48,1409.63,553.04,2388.13,9056.37,47.54,520.99,8138.69,8.4776,394,38.45,23.2179
AC-089,155,-0.0004,0.0001,100.0,643.12,1591.02,1410.64,552.79,2388.11,9056.65,47.6,521.35,8129.96,8.4671,393,38.65,23.2986
AC-089,156,-0.0002,0.0002,100.0,642.47,1596.3,1412.99,553.83,2388.06,9061.96,47.54,521.44,8138.79,8.4524,393,38.59,23.2906
AC-089,157,-0.0012,0.0004,100.0,642.77,1585.99,1407.43,553.07,2388.09,9060.92,47.48,521.38,8129.77,8.4869,392,38.73,23.3543
AC-089,158,-0.0036,-0.0001,100.0,642.85,1591.97,1404.28,553.24,2388.1,9065.73,47.52,521.81,8137.54,8.4285,393,38.75,23.3448
AC-089,159,-0.0026,0.0002,100.0,643.08,1588.0,1405.65,553.09,2388.14,9061.48,47.5,521.48,8139.49,8.4672,394,38.84,23.1872
AC-089,160,-0.0004,-0.0004,100.0,642.59,1593.75,1414.31,553.52,2388.12,9059.15,47.56,521.26,8133.55,8.4591,393,38.67,23.2932
AC-089,161,0.0013,0.0,100.0,642.77,1586.75,1409.53,553.98,2388.08,9055.92,47.67,521.29,8133.29,8.4503,393,38.89,23.2603
AC-089,162,-0.0026,0.0,100.0,642.8,1598.31,1409.93,552.82,2388.11,9062.21,47.7,520.74,8139.25,8.4455,393,38.75,23.2356
AC-089,163,-0.0028,0.0002,100.0,642.63,1595.61,1408.92,553.83,2388.1,9060.1,47.76,521.04,8136.72,8.3982,394,38.79,23.3476
AC-089,164,0.0011,-0.0003,100.0,642.64,1595.04,1408.08,553.33,2388.11,9066.23,47.63,521.52,8140.6,8.4378,392,38.63,23.2787
AC-089,165,-0.0011,-0.0005,100.0,643.01,1590.95,1412.88,552.69,2388.14,9056.34,47.45,520.71,8140.85,8.4619,395,38.88,23.3177
AC-089,166,0.002,0.0002,100.0,642.84,1587.42,1416.37,553.45,2388.18,9054.67,47.67,521.54,8135.67,8.4397,394,38.98,23.3298
AC-089,167,-0.0013,-0.0,100.0,642.83,1588.6,1416.69,553.05,2388.12,9056.77,47.62,521.4,8140.89,8.4681,394,38.64,23.2438
AC-089,168,0.0026,0.0002,100.0,642.96,1587.56,1409.55,553.04,2388.11,9061.63,47.56,521.11,8146.35,8.4257,394,38.75,23.3186
AC-089,169,-0.0032,-0.0004,100.0,642.69,1595.49,1412.11,553.06,2388.13,9063.34,47.64,521.06,8139.4,8.4671,392,38.59,23.3207
AC-089,170,-0.0015,0.0,100.0,643.09,1594.1,1408.05,553.16,2388.17,9059.21,47.8,521.23,8133.7,8.4625,393,38.8,23.2694
AC-089,171,0.003,-0.0002,100.0,642.92,1599.61,1415.33,553.84,2388.12,9065.59,47.7,520.99,8138.64,8.4381,394,38.75,23.3343
AC-089,172,0.0007,-0.0,100.0,642.87,1590.45,1413.28,552.27,2388.15,9062.44,47.67,521.13,8145.93,8.4617,394,38.85,23.1722
AC-089,173,0.0002,-0.0001,100.0,642.76,1593.25,1412.62,551.45,2388.11,9056.51,47.6,521.15,8138.55,8.4612,395,38.74,23.2136
AC-089,174,-0.0024,0.0,100.0,643.13,1589.33,1415.61,553.27,2388.14,9061.25,47.64,521.16,8143.58,8.4372,393,38.85,23.2787
AC-089,175,0.0005,0.0002,100.0,642.82,1592.73,1409.28,552.79,2388.17,9060.89,47.58,520.86,8140.63,8.5085,393,38.53,23.1813
AC-089,176,-0.0009,-0.0002,100.0,642.91,1595.34,1418.61,552.54,2388.17,9062.74,47.7,521.75,8137.42,8.4305,394,38.74,23.1298
AC-089,177,0.0027,-0.0001,100.0,643.15,1589.87,1406.56,552.69,2388.13,9065.84,47.68,520.72,8142.76,8.45,394,38.69,23.3096
AC-089,178,-0.0004,-0.0005,100.0,643.48,1593.15,1414.54,552.26,2388.14,9053.77,47.85,520.83,8135.96,8.4597,394,38.75,23.2209
AC-089,179,0.0002,-0.0004,100.0,643.38,1589.92,1411.76,552.86,2388.14,9064.01,47.84,520.9,8141.97,8.4672,393,38.78,23.2532
AC-089,180,-0.002,0.0001,100.0,642.85,1598.1,1413.79,553.33,2388.14,9054.5,47.85,521.36,8139.17,8.4457,394,38.57,23.2553
AC-089,181,-0.0019,-0.0001,100.0,642.9,1588.15,1409.11,552.58,2388.12,9070.16,47.69,520.87,8149.76,8.4799,393,38.55,23.2627
AC-089,182,0.0003,-0.0002,100.0,643.56,1596.13,1418.43,553.15,2388.14,9068.51,47.77,521.08,8142.02,8.4739,394,38.73,23.1997
AC-089,183,0.0046,0.0001,100.0,642.95,1595.04,1413.45,552.69,2388.11,9067.65,47.7,520.04,8140.31,8.4488,394,38.71,23.2242
AC-089,184,0.0007,0.0003,100.0,642.45,1595.17,1411.05,552.15,2388.19,9068.66,47.78,520.6,8139.05,8.468,395,38.64,23.1826
AC-089,185,-0.0,0.0,100.0,642.84,1599.19,1418.51,551.82,2388.22,9060.65,47.83,520.9,8144.0,8.4467,394,38.69,23.1949
AC-089,186,-0.0025,0.0002,100.0,642.9,1596.8,1418.5,553.03,2388.17,9066.37,47.79,520.18,8145.18,8.4606,394,38.79,23.1819
AC-089,187,0.0007,-0.0003,100.0,642.96,1589.55,1420.85,552.3,2388.18,9070.06,47.67,520.8,8144.81,8.476,395,38.55,23.1375
AC-089,188,-0.0026,-0.0003,100.0,643.3,1604.83,1411.74,552.93,2388.13,9062.17,47.92,520.85,8139.95,8.4641,394,38.68,23.1693
AC-089,189,-0.0004,0.0002,100.0,643.1,1584.4,1415.77,552.31,2388.15,9065.05,47.75,520.96,8142.6,8.4689,394,38.68,23.1862
AC-089,190,0.0009,0.0003,100.0,642.89,1594.55,1420.09,552.31,2388.16,9073.85,47.72,520.91,8145.31,8.4662,394,38.59,23.1022
AC-089,191,0.0043,-0.0001,100.0,643.4,1595.43,1412.1,552.49,2388.18,9069.91,47.94,520.36,8150.94,8.4703,393,38.58,23.1726
AC-089,192,-0.0025,-0.0001,100.0,642.84,1597.03,1420.85,552.57,2388.16,9065.61,47.79,520.74,8143.91,8.4762,395,38.79,23.2304
AC-089,193,-0.002,-0.0005,100.0,643.29,1593.05,1416.22,552.76,2388.13,9063.91,47.65,520.78,8140.38,8.4662,394,38.56,23.2332
AC-089,194,0.0012,-0.0001,100.0,643.36,1588.51,1413.85,552.38,2388.18,9073.71,47.82,520.69,8146.13,8.4624,394,38.5,23.0612
AC-089,195,-0.0012,0.0004,100.0,643.12,1600.09,1419.15,552.23,2388.14,9073.76,47.74,520.25,8149.0,8.5063,396,38.52,23.1635
AC-089,196,-0.0021,-0.0,100.0,643.52,1596.3,1421.22,551.61,2388.14,9073.72,47.9,520.0,8145.96,8.4903,394,38.49,23.1272
AC-089,197,-0.0012,0.0004,100.0,643.3,1600.02,1421.18,552.91,2388.17,9070.83,48.01,520.48,8145.73,8.5029,395,38.72,23.1597
AC-089,198,0.0004,0.0,100.0,642.86,1604.79,1424.43,552.95,2388.19,9071.49,47.92,519.58,8140.83,8.5067,395,38.71,23.1306
AC-089,199,-0.0012,-0.0005,100.0,643.36,1600.86,1421.55,552.06,2388.14,9067.11,48.16,520.15,8144.76,8.5341,394,38.51,23.1787
AC-089,200,0.0024,-0.0002,100.0,643.68,1596.87,1430.57,552.48,2388.15,9080.92,47.77,520.6,8141.04,8.4889,395,38.53,23.141
AC-089,201,-0.0064,0.0004,100.0,643.13,1596.76,1419.0,551.71,2388.2,9074.07,47.96,520.45,8146.74,8.487,396,38.46,23.2566
AC-089,202,-0.0017,-0.0003,100.0,643.35,1606.57,1428.24,551.17,2388.25,9074.29,47.94,519.93,8146.33,8.5091,397,38.64,23.1472
AC-089,203,0.0014,-0.0001,100.0,644.08,1600.49,1424.47,551.92,2388.16,9073.21,48.09,519.95,8145.67,8.5512,395,38.58,23.0807
AC-089,204,0.001,-0.0004,100.0,644.18,1601.77,1421.7,552.14,2388.13,9073.44,48.01,520.2,8147.61,8.4965,395,38.48,23.1124
AC-089,205,0.0028,0.0003,100.0,643.08,1591.69,1420.89,551.89,2388.22,9070.03,48.09,520.12,8147.35,8.4739,396,38.45,23.1243
AC-089,206,0.0004,-0.0003,100.0,643.32,1597.98,1421.76,552.3,2388.2,9084.69,48.2,519.95,8147.44,8.5319,397,38.52,23.0154
AC-089,207,-0.0011,-0.0001,100.0,643.46,1606.5,1428.42,551.22,2388.21,9072.4,47.8,520.07,8149.71,8.4962,397,38.32,23.0773
AC-089,208,-0.0019,-0.0002,100.0,643.47,1596.54,1422.41,551.76,2388.18,9077.19,47.98,519.84,8147.84,8.5044,395,38.55,23.0596
AC-089,209,0.002,0.0003,100.0,643.7,1605.06,1430.72,551.78,2388.18,9084.43,48.02,519.84,8152.54,8.5577,395,38.66,23.2052
AC-089,210,0.0023,0.0002,100.0,643.44,1599.78,1430.95,551.88,2388.22,9083.76,48.08,519.71,8146.38,8.5016,395,38.46,23.0903
AC-089,211,0.0017,0.0002,100.0,643.33,1599.81,1429.88,551.31,2388.25,9076.24,48.04,520.36,8144.51,8.5125,396,38.48,23.0963
AC-089,212,0.0003,0.0002,100.0,643.21,1598.68,1432.5,550.91,2388.17,9079.18,47.96,519.66,8150.45,8.4891,396,38.38,23.0103
AC-089,213,0.0001,-0.0003,100.0,643.49,1604.45,1426.52,550.85,2388.21,9085.94,48.16,519.63,8153.07,8.534,397,38.25,23.16
AC-089,214,0.0008,0.0003,100.0,643.24,1596.72,1426.05,551.15,2388.21,9081.74,47.99,519.7,8156.26,8.5041,396,38.54,23.1833
AC-089,215,0.0018,0.0,100.0,643.39,1603.19,1430.73,551.09,2388.2,9085.55,48.18,519.49,8151.41,8.5356,396,38.3,23.0166
AC-089,216,0.0004,0.0001,100.0,643.6,1604.76,1427.66,551.46,2388.26,9074.32,48.02,519.68,8155.37,8.5259,395,38.36,23.0164
AC-089,217,0.006,-0.0002,100.0,643.18,1603.61,1431.32,551.03,2388.17,9081.82,48.39,519.86,8154.8,8.4936,397,38.19,23.09
AC-090,1,-0.0013,-0.0004,100.0,642.34,1584.51,1394.55,553.98,2388.08,9056.25,47.06,521.98,8139.65,8.4261,392,39.07,23.4068
AC-090,2,0.0002,-0.0004,100.0,642.33,1589.07,1402.94,555.05,2387.98,9062.04,47.21,522.44,8138.44,8.4105,391,39.22,23.3356
AC-090,3,0.0019,0.0002,100.0,641.72,1587.88,1393.65,554.24,2388.01,9059.19,47.13,522.62,8141.14,8.4002,393,39.01,23.331
AC-090,4,0.0038,0.0002,100.0,642.22,1585.07,1403.89,554.01,2388.04,9060.47,47.27,522.23,8134.55,8.4205,390,39.09,23.4409
AC-090,5,0.0014,0.0001,100.0,641.79,1584.47,1402.97,554.4,2388.0,9055.69,47.1,522.38,8134.12,8.423,391,39.05,23.4711
AC-090,6,-0.0008,0.0002,100.0,642.57,1587.95,1395.4,554.28,2387.96,9053.33,47.24,522.11,8140.13,8.4162,392,38.95,23.409
AC-090,7,0.0013,0.0005,100.0,642.48,1581.21,1400.42,553.48,2387.99,9060.81,47.25,521.87,8136.43,8.3672,392,38.94,23.2898
AC-090,8,-0.0015,0.0,100.0,642.85,1587.27,1402.67,554.79,2387.99,9054.87,47.29,522.3,8140.14,8.4237,392,39.0,23.4335
AC-090,9,0.0047,0.0001,100.0,642.14,1580.05,1399.4,554.27,2388.02,9048.2,47.21,522.86,8136.46,8.419,391,39.16,23.4813
AC-090,10,0.0003,0.0005,100.0,642.21,1584.76,1391.16,553.88,2388.0,9060.54,47.08,522.19,8144.05,8.3768,391,38.96,23.3228
AC-090,11,0.0015,-0.0004,100.0,642.11,1579.96,1395.12,554.86,2388.03,9054.53,47.34,522.04,8137.13,8.4079,392,39.04,23.447
AC-090,12,-0.0044,0.0005,100.0,642.02,1586.89,1400.67,553.66,2388.04,9063.23,47.16,522.32,8138.4,8.405,393,39.12,23.5339
AC-090,13,-0.0005,-0.0003,100.0,642.74,1586.99,1407.15,554.17,2388.01,9046.46,47.4,522.12,8138.22,8.3769,391,39.11,23.3122
AC-090,14,-0.0019,-0.0002,100.0,642.28,1585.37,1400.2,554.28,2387.97,9053.03,47.26,522.01,8135.57,8.3701,391,39.11,23.4165
AC-090,15,-0.0004,0.0002,100.0,642.13,1588.19,1392.74,554.09,2388.07,9051.9,47.12,522.32,8139.85,8.3911,392,39.18,23.527
AC-090,16,-0.0058,-0.0002,100.0,642.35,1582.18,1403.28,554.19,2388.04,9041.77,47.09,522.5,8140.01,8.4098,391,39.18,23.3494
AC-090,17,0.0015,0.0005,100.0,642.5,1584.17,1395.63,554.45,2388.03,9055.67,47.11,522.11,8137.73,8.4297,390,39.11,23.4676
AC-090,18,0.0004,0.0001,100.0,642.65,1581.42,1400.43,554.28,2387.98,9064.46,47.3,521.83,8136.26,8.4011,393,39.12,23.4023
AC-090,19,0.0,-0.0002,100.0,642.34,1585.95,1402.02,554.34,2388.02,9058.31,47.25,522.21,8132.38,8.3823,391,39.03,23.3526
AC-090,20,-0.0025,-0.0003,100.0,641.92,1589.11,1401.89,554.68,2388.04,9057.33,47.11,522.7,8140.26,8.4376,392,38.98,23.334
AC-090,21,-0.0032,0.0001,100.0,642.09,1589.21,1397.19,553.98,2388.03,9049.64,47.13,522.34,8134.03,8.4033,392,38.98,23.4314
AC-090,22,-0.002,-0.0,100.0,642.42,1585.78,1396.95,554.28,2388.03,9056.1,47.56,522.38,8136.66,8.3858,392,38.92,23.4472
AC-090,23,0.0022,0.0,100.0,641.95,1586.65,1400.84,553.96,2388.06,9050.37,47.23,522.72,8138.83,8.3966,392,39.05,23.3468
AC-090,24,-0.0024,0.0003,100.0,642.45,1587.39,1399.11,554.89,2388.07,9051.17,47.22,522.53,8137.93,8.4304,391,38.84,23.4508
AC-090,25,0.0017,-0.0001,100.0,641.94,1584.47,1401.39,554.7,2388.01,9056.21,47.23,522.27,8144.74,8.3865,391,39.06,23.4091
AC-090,26,0.0062,0.0002,100.0,642.08,1593.52,1397.96,554.08,2388.01,9056.99,47.35,522.05,8138.6,8.4308,390,39.0,23.4212
AC-090,27,0.0028,0.0001,100.0,641.84,1584.55,1393.48,554.86,2387.98,9048.7,47.11,522.79,8139.31,8.3742,392,38.93,23.5081
AC-090,28,-0.0023,0.0006,100.0,642.91,1593.32,1395.81,555.02,2388.04,9057.35,47.23,522.45,8146.55,8.4442,392,39.17,23.4003
AC-090,29,0.0048,0.0002,100.0,642.22,1591.19,1396.49,554.36,2388.03,9056.36,47.17,521.97,8133.57,8.4096,391,39.04,23.4463
AC-090,30,-0.0016,0.0005,100.0,642.73,1584.91,1397.01,554.05,2388.08,9050.43,47.39,522.19,8136.7,8.415,392,38.9,23.4607
AC-090,31,-0.0035,0.0001,100.0,642.61,1589.73,1396.23,553.6,2388.02,9055.07,47.1,522.48,8137.21,8.4006,390,39.11,23.4237
AC-090,32,-0.0011,0.0001,100.0,641.62,1588.54,1397.03,554.8,2388.02,9053.34,47.3,522.42,8138.4,8.4365,392,38.98,23.3424
AC-090,33,0.0024,-0.0004,100.0,642.45,1585.96,1406.16,553.72,2388.06,9050.51,47.15,522.93,8136.01,8.4001,391,38.97,23.3694
AC-090,34,-0.0019,-0.0002,100.0,642.2,1578.13,1398.67,554.32,2388.08,9051.32,47.11,522.55,8138.02,8.4001,392,39.02,23.4476
AC-090,35,0.0017,-0.0,100.0,641.99,1579.63,1398.09,554.97,2387.96,9062.27,47.19,521.97,8137.2,8.4177,391,39.02,23.4238
AC-090,36,-0.0027,-0.0,100.0,642.5,1588.42,1396.82,554.72,2388.0,9053.41,47.35,521.73,8138.5,8.3984,390,38.99,23.5126
AC-090,37,0.0021,0.0001,100.0,642.45,1584.62,1402.89,554.55,2388.02,9055.07,47.15,522.11,8143.41,8.4377,391,39.05,23.3743
AC-090,38,-0.0017,-0.0002,100.0,642.55,1578.62,1403.54,555.25,2388.02,9057.56,47.16,521.92,8139.67,8.3889,392,38.97,23.2776
AC-090,39,-0.001,0.0003,100.0,642.57,1581.14,1396.09,553.56,2387.99,9058.54,47.09,522.17,8134.78,8.4072,392,38.94,23.4075
AC-090,40,-0.0033,0.0001,100.0,642.06,1582.11,1397.58,553.88,2388.04,9049.73,47.09,521.99,8129.77,8.438,391,38.93,23.4258
AC-090,41,-0.0027,0.0,100.0,642.91,1590.05,1402.55,553.61,2388.03,9061.69,47.36,522.2,8136.4,8.4406,392,39.1,23.4689
AC-090,42,-0.0005,0.0,100.0,642.24,1575.78,1402.82,553.98,2387.99,9058.11,47.23,521.85,8138.78,8.4106,392,39.03,23.4685
AC-090,43,0.0016,0.0,100.0,641.98,1592.87,1394.86,554.79,2388.0,9051.5,47.36,522.3,8137.91,8.374,390,38.93,23.4957
AC-090,44,-0.0023,0.0001,100.0,642.06,1584.53,1401.08,553.85,2387.97,9055.7,47.44,522.08,8144.06,8.3676,389,39.05,23.3729
AC-090,45,0.0012,0.0001,100.0,642.1,1588.57,1395.36,553.19,2388.03,9054.57,47.23,521.95,8133.53,8.4314,391,39.01,23.3888
AC-090,46,0.0006,-0.0001,100.0,642.19,1587.09,1397.52,554.17,2388.02,9061.61,47.23,522.44,8135.26,8.393,392,39.03,23.292
AC-090,47,0.0002,0.0005,100.0,642.42,1580.04,1404.73,554.5,2388.05,9059.06,47.15,522.17,8141.76,8.3911,391,38.95,23.3812
AC-090,48,-0.0008,-0.0,100.0,641.56,1581.43,1392.44,554.34,2388.02,9056.14,47.41,522.45,8136.24,8.4207,393,38.84,23.389
AC-090,49,0.0001,-0.0002,100.0,642.87,1587.54,1396.81,554.33,2388.02,9059.3,47.27,522.58,8137.21,8.4252,394,39.1,23.3458
AC-090,50,-0.0006,-0.0001,100.0,642.12,1579.53,1391.38,554.5,2388.01,9054.52,47.33,522.53,8139.9,8.4089,392,38.87,23.3707
AC-090,51,0.0002,0.0005,100.0,642.32,1589.24,1398.27,554.84,2388.03,9054.49,47.24,521.92,8139.23,8.4259,391,38.83,23.3767
AC-090,52,-0.0025,0.0001,100.0,641.9,1581.26,1398.37,554.3,2388.03,9059.26,47.42,522.2,8136.73,8.3871,394,38.84,23.3401
AC-090,53,-0.0012,0.0001,100.0,642.34,1587.55,1400.21,554.67,2388.06,9059.34,47.3,522.49,8137.22,8.4298,393,39.1,23.4033
AC-090,54,-0.0009,0.0002,100.0,642.54,1589.29,1399.51,554.05,2387.99,9049.19,47.32,522.75,8138.39,8.3984,392,38.89,23.52
AC-090,55,0.0018,-0.0004,100.0,642.26,1584.84,1403.95,554.43,2388.04,9060.21,47.08,522.34,8136.65,8.4026,393,39.07,23.2984
AC-090,56,0.0015,-0.0001,100.0,642.29,1583.17,1400.04,553.93,2388.05,9059.44,46.97,522.69,8135.76,8.4231,392,38.92,23.3727
AC-090,57,-0.0012,0.0002,100.0,642.31,1583.16,1398.22,554.27,2388.07,9054.3,47.52,521.9,8137.19,8.4275,393,38.88,23.3663
AC-090,58,0.0006,-0.0003,100.0,641.91,1585.95,1402.0,553.75,2388.02,9057.95,47.22,522.53,8137.65,8.3932,391,39.01,23.2882
AC-090,59,0.0006,0.0,100.0,642.32,1588.81,1408.35,554.22,2388.06,9056.49,47.39,521.86,8133.05,8.4272,392,38.93,23.4814
AC-090,60,0.0013,-0.0001,100.0,642.18,1581.87,1408.81,554.09,2388.05,9052.23,47.53,522.18,8131.3,8.3908,392,38.88,23.3925
AC-090,61,0.0041,0.0005,100.0,641.82,1581.87,1400.28,553.69,2388.09,9055.79,47.42,521.97,8135.56,8.4081,392,39.02,23.3566
AC-090,62,-0.0008,-0.0004,100.0,642.26,1582.67,1393.41,554.24,2388.11,9049.0,47.24,521.93,8140.6,8.3879,392,38.95,23.2114
AC-090,63,-0.0018,0.0004,100.0,641.93,1585.6,1401.01,553.88,2388.03,9058.54,47.28,522.22,8137.68,8.3914,391,38.77,23.3943
AC-090,64,-0.0024,-0.0003,100.0,642.08,1585.06,1403.93,553.77,2388.09,9052.99,47.34,522.31,8134.52,8.42,393,38.88,23.294
AC-090,65,0.0043,0.0,100.0,642.49,1591.68,1398.09,554.58,2387.98,9054.81,47.12,522.07,8133.78,8.4029,394,38.98,23.2972
AC-090,66,-0.0041,-0.0002,100.0,642.34,1585.77,1401.15,553.51,2388.08,9052.4,47.4,521.92,8132.5,8.4455,391,38.9,23.2617
AC-090,67,-0.003,-0.0001,100.0,642.12,1586.23,1401.71,553.87,2388.08,9059.68,47.24,522.12,8136.38,8.4055,393,38.94,23.3027
AC-090,68,-0.0006,0.0003,100.0,641.65,1587.27,1399.15,554.51,2388.04,9056.49,47.43,522.09,8132.4,8.4262,392,38.96,23.2553
AC-090,69,-0.0035,-0.0003,100.0,642.03,1587.55,1396.75,554.51,2388.02,9054.06,47.33,522.51,8132.39,8.4148,393,38.93,23.3169
AC-090,70,0.0012,-0.0002,100.0,642.07,1588.61,1404.4,554.95,2388.06,9055.95,47.43,522.2,8132.54,8.374,393,38.94,23.2229
AC-090,71,0.0022,0.0002,100.0,642.34,1587.84,1409.67,553.83,2388.06,9062.97,47.43,522.43,8141.54,8.415,390,38.92,23.3725
AC-090,72,-0.0046,0.0005,100.0,642.65,1587.7,1400.69,554.27,2388.09,9057.62,47.38,521.65,8138.17,8.3957,391,38.97,23.4598
AC-090,73,0.0002,0.0005,100.0,642.38,1585.0,1401.65,553.68,2388.08,9052.79,47.19,522.09,8136.45,8.3993,392,38.86,23.2507
AC-090,74,-0.0,-0.0003,100.0,642.33,1577.86,1405.37,554.54,2388.05,9046.52,47.34,521.66,8135.43,8.3894,392,38.72,23.3282
AC-090,75,0.0037,0.0,100.0,642.78,1579.95,1395.81,554.13,2388.1,9052.68,47.22,522.29,8140.98,8.425,392,38.86,23.4041
AC-090,76,-0.0024,0.0001,100.0,642.64,1590.95,1401.33,553.73,2388.0,9049.52,47.41,522.1,8136.73,8.358,393,38.95,23.3867
AC-090,77,0.0014,-0.0002,100.0,642.68,1580.45,1399.25,553.5,2388.11,9043.13,47.35,521.51,8133.08,8.4376,392,38.87,23.4124
AC-090,78,-0.0001,-0.0003,100.0,641.94,1579.86,1412.64,553.94,2388.07,9050.33,47.41,522.1,8139.46,8.4569,392,39.01,23.413
AC-090,79,-0.0,0.0004,100.0,641.8,1589.81,1399.43,553.62,2388.05,9050.15,47.31,522.05,8131.05,8.4318,392,38.89,23.3669
AC-090,80,-0.0011,0.0005,100.0,642.49,1590.17,1403.35,553.79,2388.06,9059.07,47.41,521.71,8132.26,8.4198,392,39.0,23.3803
AC-090,81,-0.0008,0.0002,100.0,642.37,1581.69,1398.67,553.74,2388.06,9059.96,47.29,522.05,8135.51,8.4024,392,39.0,23.2425
AC-090,82,-0.0016,-0.0001,100.0,642.0,1587.16,1404.25,553.9,2388.09,9058.65,47.32,521.6,8134.39,8.4319,393,39.08,23.2806
AC-090,83,-0.0009,0.0003,100.0,642.37,1583.99,1405.97,553.18,2388.05,9054.1,47.6,522.01,8134.84,8.4117,393,38.9,23.3462
AC-090,84,-0.0006,-0.0004,100.0,642.35,1585.39,1399.4,553.98,2388.12,9054.57,47.39,521.42,8134.93,8.4064,391,38.92,23.2095
AC-090,85,0.0026,-0.0,100.0,642.55,1585.62,1400.34,553.58,2388.05,9043.82,47.53,521.82,8133.35,8.3947,391,39.01,23.2779
AC-090,86,-0.0049,0.0003,100.0,642.97,1588.35,1404.39,553.98,2388.07,9067.24,47.45,521.5,8133.51,8.3852,392,39.02,23.2249
AC-090,87,0.0024,0.0005,100.0,642.2,1585.73,1404.79,554.28,2388.07,9048.9,47.62,522.52,8132.45,8.4576,392,38.75,23.3476
AC-090,88,-0.0002,-0.0001,100.0,643.13,1592.57,1404.56,553.56,2388.1,9056.12,47.46,521.98,8136.57,8.4175,394,38.78,23.4285
AC-090,89,-0.0039,-0.0004,100.0,642.57,1593.21,1404.5,553.92,2388.02,9057.47,47.3,522.26,8133.09,8.4552,393,38.75,23.3383
AC-090,90,-0.0008,0.0001,100.0,642.8,1586.35,1403.46,554.08,2388.08,9050.18,47.29,521.97,8131.46,8.3917,393,38.85,23.4111
AC-090,91,-0.005,0.0002,100.0,642.54,1584.08,1399.36,554.03,2388.07,9052.02,47.51,521.94,8129.6,8.4408,392,38.86,23.3728
AC-090,92,0.0007,0.0002,100.0,642.46,1585.07,1403.68,552.95,2388.06,9051.69,47.39,521.33,8139.82,8.3943,392,38.92,23.2634
AC-090,93,-0.0024,-0.0004,100.0,642.76,1585.17,1408.8,554.22,2388.16,9052.48,47.56,521.63,8130.45,8.4061,391,38.82,23.3508
AC-090,94,0.0013,0.0005,100.0,642.55,1583.31,1415.2,554.13,2388.08,9057.25,47.33,521.79,8136.08,8.41,391,38.71,23.3492
AC-090,95,0.0007,0.0003,100.0,642.11,1595.76,1407.07,552.82,2388.1,9060.79,47.33,521.5,8134.65,8.45,393,38.92,23.2792
AC-090,96,0.0002,-0.0004,100.0,642.49,1587.71,1407.53,553.59,2388.11,9059.59,47.58,521.27,8131.88,8.4128,394,39.01,23.3206
AC-090,97,0.0013,0.0006,100.0,641.96,1591.06,1414.76,553.99,2388.09,9056.88,47.4,521.79,8130.78,8.4247,392,38.89,23.3764
AC-090,98,-0.0009,-0.0,100.0,642.21,1582.66,1408.32,554.35,2388.08,9052.85,47.57,522.46,8135.16,8.4487,394,38.73,23.3106
AC-090,99,0.0005,0.0005,100.0,642.76,1585.87,1397.45,553.8,2388.08,9044.64,47.39,521.83,8131.94,8.4219,393,39.02,23.3959
AC-090,100,0.0053,0.0,100.0,642.25,1591.09,1400.81,553.99,2388.07,9053.44,47.44,521.79,8132.09,8.4266,392,38.89,23.2809
AC-090,101,0.0014,0.0005,100.0,642.53,1588.48,1405.43,553.7,2388.09,9055.24,47.52,521.21,8132.82,8.4326,393,38.86,23.2612
AC-090,102,0.0014,-0.0002,100.0,642.6,1589.53,1406.13,553.32,2388.1,9050.13,47.5,521.44,8132.06,8.4374,394,38.83,23.4159
AC-090,103,-0.0012,-0.0001,100.0,642.12,1589.92,1404.3,553.1,2388.11,9046.42,47.18,521.44,8135.96,8.4545,393,38.74,23.2361
AC-090,104,0.0026,0.0002,100.0,642.2,1583.49,1406.61,553.37,2388.03,9054.37,47.48,521.32,8138.19,8.4399,394,38.72,23.3941
AC-090,105,0.0015,-0.0001,100.0,642.58,1587.01,1405.73,552.96,2388.05,9051.69,47.47,521.16,8134.74,8.4222,393,38.91,23.31
AC-090,106,-0.003,-0.0002,100.0,642.3,1582.62,1415.06,553.49,2388.09,9051.41,47.59,521.13,8137.62,8.4311,394,38.83,23.2623
AC-090,107,0.0003,0.0005,100.0,641.99,1596.56,1406.53,553.36,2388.13,9048.76,47.51,521.59,8131.23,8.4319,392,38.72,23.2547
AC-090,108,-0.0004,0.0002,100.0,642.51,1586.34,1409.45,553.53,2388.08,9050.73,47.49,521.75,8130.2,8.4464,394,38.85,23.2631
AC-090,109,-0.0004,0.0001,100.0,642.65,1582.95,1406.44,553.59,2388.12,9044.89,47.5,521.02,8131.04,8.451,393,38.91,23.4541
AC-090,110,0.0018,0.0002,100.0,643.06,1585.43,1411.78,554.28,2388.14,9056.83,47.57,520.75,8124.81,8.4318,394,38.76,23.2692
AC-090,111,-0.002,-0.0002,100.0,642.49,1584.94,1401.74,553.38,2388.16,9052.68,47.45,521.61,8131.6,8.4647,392,38.96,23.2853
AC-090,112,0.0001,0.0006,100.0,642.8,1593.94,1405.98,552.94,2388.1,9056.33,47.52,521.01,8136.97,8.4622,395,38.77,23.2492
AC-090,113,-0.0003,-0.0003,100.0,642.59,1591.1,1407.6,553.57,2388.06,9053.73,47.52,521.86,8129.48,8.4438,392,38.9,23.2765
AC-090,114,0.0015,-0.0001,100.0,643.25,1591.16,1407.1,553.14,2388.13,9050.01,47.64,521.29,8128.76,8.4594,393,38.7,23.2862
AC-090,115,0.0016,0.0,100.0,642.85,1582.97,1413.08,553.76,2388.13,9044.5,47.56,521.45,8126.44,8.4443,393,38.78,23.3268
AC-090,116,-0.0005,-0.0002,100.0,642.68,1590.98,1403.74,552.82,2388.11,9054.78,47.7,521.0,8129.61,8.4557,392,38.77,23.2287
AC-090,117,0.0047,-0.0003,100.0,642.6,1598.13,1408.12,554.02,2388.15,9054.15,47.58,521.51,8131.52,8.4777,392,38.93,23.2715
AC-090,118,-0.0007,0.0002,100.0,642.46,1592.9,1409.57,553.58,2388.12,9042.39,47.4,520.99,8128.83,8.4669,394,38.78,23.2855
AC-090,119,-0.0008,-0.0002,100.0,642.75,1591.07,1406.44,552.8,2388.16,9046.09,47.67,521.41,8127.93,8.4786,393,38.83,23.2515
AC-090,120,-0.0035,-0.0001,100.0,643.56,1591.64,1417.51,553.19,2388.13,9047.97,47.65,521.68,8126.75,8.439,393,38.86,23.3218
AC-090,121,0.0056,0.0004,100.0,642.33,1593.26,1410.16,553.77,2388.16,9051.85,47.48,521.58,8121.04,8.4522,394,38.78,23.2137
AC-090,122,0.0033,0.0004,100.0,642.57,1597.06,1411.62,553.14,2388.13,9053.83,47.54,521.5,8132.55,8.4617,394,38.65,23.3402
AC-090,123,-0.0043,-0.0003,100.0,642.45,1592.91,1411.66,552.79,2388.11,9051.17,47.51,520.84,8131.69,8.4221,393,38.77,23.203
AC-090,124,0.0025,0.0006,100.0,642.51,1593.37,1411.91,552.21,2388.13,9043.21,47.8,520.84,8129.72,8.4538,393,38.8,23.2979
AC-090,125,0.0037,0.0005,100.0,642.93,1588.73,1411.49,552.48,2388.14,9048.11,47.66,521.23,8129.92,8.4446,393,38.76,23.1758
AC-090,126,0.0006,0.0,100.0,643.28,1592.31,1410.46,552.61,2388.14,9044.67,47.65,521.41,8125.22,8.4516,394,38.85,23.1828
AC-090,127,-0.001,0.0003,100.0,642.82,1589.29,1411.92,553.45,2388.16,9053.16,47.7,521.52,8122.81,8.4608,395,38.87,23.2754
AC-090,128,-0.001,0.0001,100.0,643.28,1591.68,1410.35,552.6,2388.16,9049.49,47.72,520.4,8125.37,8.4913,392,38.68,23.2754
AC-090,129,-0.0002,0.0006,100.0,642.78,1589.55,1414.24,552.07,2388.16,9044.15,47.78,520.56,8124.69,8.5086,393,38.89,23.3033
AC-090,130,-0.0006,-0.0,100.0,643.3,1591.33,1415.28,552.59,2388.16,9045.56,47.89,521.13,8122.64,8.4506,394,38.7,23.1657
AC-090,131,0.0003,0.0001,100.0,643.2,1592.49,1415.12,552.8,2388.19,9044.29,47.81,521.35,8124.27,8.4329,395,38.74,23.2359
AC-090,132,0.0006,0.0004,100.0,642.98,1598.45,1408.18,553.0,2388.23,9047.8,47.75,520.44,8127.13,8.4751,394,38.55,23.1293
AC-090,133,0.0002,0.0004,100.0,642.87,1599.03,1408.64,551.96,2388.2,9046.04,47.72,520.55,8124.93,8.4902,394,38.66,23.2031
AC-090,134,-0.0008,0.0004,100.0,643.57,1596.94,1416.61,552.4,2388.2,9051.81,47.93,520.53,8122.43,8.52,394,38.62,23.1819
AC-090,135,0.0024,0.0003,100.0,643.18,1596.82,1421.16,552.47,2388.18,9051.61,47.74,520.71,8120.88,8.4828,394,38.65,23.2876
AC-090,136,0.0001,-0.0001,100.0,642.67,1593.41,1420.16,552.26,2388.21,9050.05,47.94,520.19,8117.47,8.5022,394,38.74,23.2477
AC-090,137,0.0023,-0.0001,100.0,643.24,1598.25,1416.45,552.18,2388.2,9044.15,47.71,520.6,8115.81,8.4928,395,38.77,23.2155
AC-090,138,-0.0001,0.0002,100.0,643.0,1594.14,1413.53,552.33,2388.23,9045.81,47.82,520.5,8118.03,8.4638,393,38.57,23.1419
AC-090,139,0.0008,0.0001,100.0,643.37,1591.83,1422.74,552.2,2388.27,9044.32,47.96,520.45,8121.7,8.474,394,38.52,23.0225
AC-090,140,-0.0031,-0.0004,100.0,642.9,1596.24,1416.95,552.91,2388.25,9045.94,47.89,520.55,8115.52,8.4654,394,38.61,23.0919
AC-090,141,-0.0011,0.0005,100.0,643.79,1594.18,1417.43,551.64,2388.23,9042.52,48.05,520.67,8120.13,8.479,394,38.64,23.2223
AC-090,142,-0.0027,0.0001,100.0,643.16,1601.23,1422.81,551.58,2388.22,9039.18,48.03,520.13,8113.21,8.4693,395,38.7,23.1361
AC-090,143,0.0023,-0.0004,100.0,644.01,1597.86,1421.25,551.8,2388.23,9038.96,47.88,520.24,8117.63,8.4907,395,38.54,23.1976
AC-090,144,0.0018,0.0004,100.0,643.35,1592.96,1413.4,552.22,2388.21,9039.33,47.93,520.2,8121.79,8.4807,396,38.75,23.1841
AC-090,145,-0.0001,-0.0003,100.0,643.45,1598.26,1419.19,552.2,2388.21,9040.38,47.94,520.41,8116.91,8.4987,396,38.49,23.0567
AC-090,146,-0.0012,0.0003,100.0,643.35,1601.97,1419.16,552.49,2388.25,9041.72,48.06,519.87,8116.64,8.5034,395,38.79,23.1561
AC-090,147,0.0014,-0.0004,100.0,643.61,1599.66,1419.91,551.76,2388.32,9035.42,48.02,519.72,8117.75,8.4767,396,38.64,23.142
AC-090,148,-0.0003,-0.0002,100.0,643.24,1595.13,1421.9,551.9,2388.23,9036.56,48.05,520.3,8112.84,8.5025,394,38.6,23.1667
AC-090,149,0.0007,-0.0003,100.0,643.12,1596.89,1425.79,550.95,2388.26,9038.68,48.02,520.32,8115.22,8.5015,395,38.52,23.1019
AC-090,150,0.003,-0.0001,100.0,643.6,1600.75,1420.57,551.07,2388.27,9037.76,48.11,519.95,8104.46,8.4861,395,38.36,23.1885
AC-090,151,0.0019,0.0001,100.0,643.64,1594.85,1426.44,550.62,2388.24,9035.23,47.8,520.31,8106.06,8.4937,397,38.59,23.0981
AC-090,152,-0.0005,0.0,100.0,644.0,1602.68,1422.35,551.75,2388.32,9033.32,48.09,519.35,8113.55,8.5124,395,38.4,23.0969
AC-090,153,0.0023,0.0002,100.0,643.44,1609.33,1429.5,551.24,2388.3,9041.11,48.26,519.73,8113.53,8.549,396,38.32,22.9678
AC-090,154,-0.001,-0.0002,100.0,643.6,1598.79,1434.02,550.77,2388.32,9032.34,48.4,519.31,8110.86,8.5637,395,38.44,23.0727
AC-092,1,-0.0065,-0.0003,100.0,642.22,1591.86,1401.89,553.48,2388.1,9057.74,47.44,521.81,8136.55,8.3948,392,38.87,23.4047
AC-092,2,0.0005,-0.0001,100.0,642.47,1574.26,1394.91,553.95,2388.01,9052.5,47.35,521.46,8135.54,8.3753,393,38.86,23.3022
AC-092,3,0.0002,-0.0001,100.0,642.59,1587.48,1408.34,554.54,2388.02,9054.54,47.3,522.72,8137.39,8.3695,393,38.75,23.3307
AC-092,4,0.0,-0.0001,100.0,642.46,1579.68,1406.09,554.19,2388.05,9052.43,47.46,521.8,8135.96,8.4237,392,38.88,23.4558
AC-092,5,0.002,0.0002,100.0,641.86,1583.83,1406.2,554.65,2388.05,9057.69,47.5,522.47,8138.76,8.4283,391,38.91,23.2863
AC-092,6,0.0016,0.0001,100.0,642.41,1586.57,1410.85,554.01,2388.02,9055.37,47.32,521.83,8132.81,8.3991,394,38.98,23.4858
AC-092,7,0.001,-0.0004,100.0,642.53,1586.81,1402.28,554.69,2387.99,9054.37,47.39,521.46,8132.69,8.4068,393,38.86,23.3233
AC-092,8,-0.0029,0.0,100.0,642.47,1589.95,1399.74,554.52,2388.07,9056.13,47.31,522.43,8136.02,8.4451,392,38.95,23.3773
AC-092,9,-0.0047,0.0001,100.0,642.56,1587.89,1401.61,554.09,2388.02,9059.93,47.23,522.2,8141.35,8.4149,392,39.05,23.4278
AC-092,10,0.0007,0.0004,100.0,642.01,1583.57,1405.64,554.55,2388.12,9049.06,47.16,522.06,8139.29,8.4174,392,38.91,23.4279
AC-092,11,-0.002,-0.0001,100.0,642.29,1588.19,1401.86,553.73,2388.02,9057.85,47.24,521.91,8137.74,8.4027,391,39.03,23.357
AC-092,12,-0.0027,-0.0003,100.0,642.17,1582.46,1403.46,553.86,2388.03,9059.18,47.41,522.27,8139.02,8.4135,391,39.01,23.2859
AC-092,13,-0.0018,0.0004,100.0,641.98,1586.12,1401.89,553.47,2388.02,9058.62,47.45,521.75,8138.59,8.4141,391,39.0,23.3892
AC-092,14,-0.0008,0.0,100.0,641.88,1583.3,1404.06,554.48,2388.09,9058.8,47.36,522.04,8134.96,8.4563,392,39.07,23.4336
AC-092,15,-0.0015,-0.0002,100.0,642.53,1583.04,1406.82,554.67,2388.13,9049.89,47.41,522.2,8139.18,8.4059,393,38.95,23.4128
AC-092,16,-0.0009,0.0004,100.0,642.62,1581.02,1404.36,554.46,2388.02,9051.78,47.26,522.05,8132.58,8.4214,392,38.92,23.2979
AC-092,17,-0.0007,0.0003,100.0,642.26,1583.97,1402.97,554.32,2388.03,9051.95,47.18,521.74,8139.26,8.4102,392,39.02,23.3179
AC-092,18,0.0014,0.0001,100.0,642.24,1587.47,1404.64,553.47,2388.04,9047.66,47.31,522.37,8139.54,8.4357,391,38.84,23.3386
AC-092,19,0.001,-0.0003,100.0,642.55,1581.12,1396.34,554.59,2388.09,9053.33,47.29,522.33,8133.07,8.3907,391,39.0,23.3678
AC-092,20,0.0035,0.0002,100.0,641.83,1587.57,1406.74,553.98,2388.06,9051.59,47.3,522.28,8141.9,8.4245,390,39.04,23.4178
AC-092,21,0.0029,-0.0,100.0,642.75,1591.17,1402.92,554.35,2387.98,9048.04,47.44,521.62,8137.01,8.4352,392,39.02,23.3464
AC-092,22,0.0027,-0.0002,100.0,642.19,1593.1,1399.67,553.28,2388.07,9054.72,47.23,521.95,8132.3,8.393,392,38.81,23.2988
AC-092,23,-0.0011,0.0003,100.0,642.38,1585.85,1403.87,553.75,2388.07,9055.89,47.35,521.51,8137.73,8.4139,391,38.88,23.4195
AC-092,24,0.0009,-0.0001,100.0,642.28,1594.5,1401.45,553.81,2388.06,9049.57,47.31,522.03,8136.14,8.4117,392,39.02,23.4684
AC-092,25,0.0014,0.0004,100.0,642.1,1588.83,1405.56,554.15,2388.08,9055.63,47.4,521.93,8136.66,8.408,392,38.89,23.4189
AC-092,26,-0.0002,-0.0001,100.0,642.37,1583.53,1409.94,554.18,2388.08,9055.47,46.99,522.37,8139.05,8.3621,393,38.92,23.3657
AC-092,27,-0.0016,-0.0002,100.0,642.39,1578.47,1409.17,553.99,2388.05,9057.92,47.34,522.17,8131.38,8.4346,390,38.88,23.3295
AC-092,28,-0.0012,0.0001,100.0,642.39,1589.61,1406.98,554.7,2388.04,9049.96,47.45,521.85,8132.54,8.3962,392,38.66,23.4373
AC-092,29,0.0001,-0.0003,100.0,642.46,1587.3,1398.55,554.36,2388.07,9049.14,47.24,522.3,8137.51,8.4046,390,39.13,23.4096
AC-092,30,-0.0005,0.0,100.0,642.24,1585.87,1400.49,553.76,2388.06,9059.54,47.36,522.18,8137.18,8.3755,394,39.12,23.4305
AC-092,31,0.0022,-0.0002,100.0,642.15,1590.49,1401.56,553.52,2388.05,9055.97,47.38,521.51,8135.67,8.4032,391,39.04,23.3824
AC-092,32,-0.0024,0.0005,100.0,642.4,1593.82,1400.43,554.18,2388.05,9056.9,47.35,522.24,8135.78,8.3967,395,38.95,23.2434
AC-092,33,-0.0023,0.0001,100.0,642.03,1575.52,1405.36,553.67,2388.07,9053.77,47.37,522.2,8135.9,8.4298,392,38.82,23.4074
AC-092,34,-0.0027,0.0004,100.0,641.86,1587.08,1404.28,554.39,2388.05,9062.59,47.35,522.11,8132.62,8.4067,392,39.04,23.3163
AC-092,35,0.0025,0.0001,100.0,642.3,1583.79,1404.96,553.55,2388.1,9055.07,47.06,521.79,8134.38,8.4097,391,38.86,23.3444
AC-092,36,-0.0003,0.0004,100.0,642.22,1588.96,1398.75,554.43,2388.02,9054.76,47.47,521.97,8139.97,8.4258,393,39.0,23.4078
AC-092,37,-0.0003,-0.0003,100.0,642.44,1592.49,1406.02,554.41,2388.1,9053.59,47.35,522.08,8136.78,8.4267,391,38.8,23.3089
AC-092,38,0.0002,0.0005,100.0,642.26,1585.66,1403.44,553.68,2388.06,9049.55,47.41,522.04,8137.15,8.4209,393,38.92,23.3347
AC-092,39,-0.0017,0.0006,100.0,642.58,1584.65,1405.68,553.86,2388.04,9051.49,47.46,521.94,8135.98,8.4379,392,39.0,23.407
AC-092,40,0.002,0.0002,100.0,642.57,1587.86,1407.95,553.81,2388.08,9049.61,47.36,521.98,8135.3,8.4058,392,38.95,23.4313
AC-092,41,0.0029,-0.0001,100.0,642.18,1579.04,1400.26,553.11,2388.04,9055.54,47.15,522.48,8132.62,8.4038,393,38.96,23.3017
AC-092,42,0.0014,0.0005,100.0,642.99,1589.37,1396.71,553.47,2388.07,9053.85,47.42,522.17,8130.79,8.4162,393,38.92,23.4293
AC-092,43,0.0027,-0.0003,100.0,642.65,1589.07,1408.18,554.16,2388.04,9053.58,47.26,521.67,8131.47,8.4391,394,38.93,23.447
AC-092,44,-0.0027,-0.0002,100.0,642.4,1583.66,1401.7,553.99,2388.16,9054.16,47.19,522.23,8135.36,8.4193,392,38.8,23.3891
AC-092,45,-0.0006,0.0004,100.0,641.89,1582.95,1405.86,553.73,2388.08,9058.77,47.37,523.0,8138.68,8.3974,393,38.84,23.4192
AC-092,46,0.0027,-0.0001,100.0,642.6,1580.43,1399.62,553.53,2388.07,9055.19,47.5,522.07,8138.18,8.4035,391,38.99,23.387
AC-092,47,0.0025,0.0004,100.0,642.61,1586.89,1405.3,553.81,2388.09,9051.35,47.36,521.78,8135.48,8.4298,392,38.97,23.3957
AC-092,48,0.0002,-0.0004,100.0,642.04,1583.9,1409.98,554.6,2388.09,9058.41,47.21,522.03,8134.91,8.4085,392,38.81,23.2036
AC-092,49,0.0022,0.0005,100.0,642.06,1588.85,1406.93,553.98,2388.01,9057.85,47.48,522.2,8138.3,8.4058,392,38.92,23.381
AC-092,50,-0.0036,-0.0003,100.0,642.64,1582.99,1398.75,554.65,2388.09,9050.1,47.39,521.95,8143.99,8.3974,393,39.09,23.3867
AC-092,51,0.0054,0.0002,100.0,642.08,1592.05,1402.54,554.01,2388.13,9053.92,47.35,521.32,8133.09,8.4238,392,38.87,23.2955
AC-092,52,0.005,0.0005,100.0,642.18,1581.25,1396.02,553.07,2388.07,9054.43,47.37,521.8,8137.41,8.4181,392,38.84,23.306
AC-092,53,-0.0026,0.0001,100.0,642.89,1580.12,1402.29,554.03,2388.03,9064.13,47.49,521.99,8139.97,8.4115,393,38.81,23.212
AC-092,54,0.002,0.0003,100.0,642.84,1579.56,1403.6,553.76,2388.05,9050.21,47.26,521.65,8135.67,8.413,393,39.02,23.4938
AC-092,55,-0.0003,0.0005,100.0,642.66,1582.76,1403.66,553.89,2388.06,9049.52,47.28,522.13,8134.95,8.4207,392,38.94,23.3001
AC-092,56,-0.0031,0.0004,100.0,642.85,1588.71,1399.05,554.57,2388.08,9058.88,47.37,521.86,8137.26,8.3989,390,39.09,23.3552
AC-092,57,-0.0018,0.0002,100.0,642.03,1579.35,1402.84,553.21,2388.07,9059.75,47.38,521.88,8131.83,8.4033,393,38.95,23.4467
AC-092,58,0.0005,-0.0004,100.0,642.08,1587.71,1401.77,554.3,2388.06,9050.38,47.33,522.22,8142.48,8.3951,392,38.85,23.3011
AC-092,59,-0.0081,0.0004,100.0,642.72,1584.59,1403.56,554.27,2388.07,9059.23,47.54,521.56,8138.02,8.4044,392,38.77,23.2625
AC-092,60,-0.0034,0.0004,100.0,641.96,1589.3,1403.47,554.25,2388.07,9053.2,47.42,521.2,8131.35,8.3931,391,38.82,23.3751
AC-092,61,-0.0021,-0.0001,100.0,642.64,1584.43,1400.86,553.48,2388.09,9057.55,47.23,522.25,8143.92,8.4528,392,38.92,23.3088
AC-092,62,0.002,0.0003,100.0,642.22,1585.2,1399.36,554.32,2388.05,9058.23,47.24,521.97,8138.89,8.4263,393,38.77,23.3701
AC-092,63,-0.0009,0.0005,100.0,642.12,1586.63,1401.87,553.52,2388.03,9056.08,47.2,521.91,8137.77,8.407,391,39.0,23.2848
AC-092,64,-0.0019,0.0004,100.0,642.31,1588.9,1408.18,554.01,2388.03,9053.15,47.48,521.91,8137.0,8.4055,391,38.85,23.3307
AC-092,65,-0.0019,0.0004,100.0,642.67,1593.98,1395.89,554.57,2388.03,9049.29,47.49,521.85,8135.35,8.4265,392,38.93,23.342
AC-092,66,-0.0038,0.0004,100.0,642.36,1590.6,1404.1,553.92,2388.07,9056.12,47.16,521.87,8134.31,8.4116,392,38.96,23.2726
AC-092,67,-0.0011,-0.0,100.0,642.64,1586.0,1402.49,554.57,2388.09,9057.15,47.36,522.33,8139.02,8.4431,393,38.95,23.5021
AC-092,68,0.0015,0.0001,100.0,642.26,1583.46,1399.45,553.96,2388.04,9056.37,47.2,521.75,8136.79,8.427,390,39.07,23.3185
AC-092,69,0.0016,0.0002,100.0,642.48,1580.12,1396.33,553.87,2388.11,9057.18,47.36,522.21,8137.49,8.4605,393,39.01,23.4044
AC-092,70,0.0024,0.0004,100.0,642.8,1593.82,1398.82,553.6,2388.03,9050.86,47.24,522.28,8146.14,8.4054,391,38.92,23.3203
AC-092,71,0.0003,0.0001,100.0,642.41,1579.73,1406.31,553.7,2388.05,9057.23,47.28,521.96,8136.0,8.4169,392,38.98,23.3491
AC-092,72,-0.0001,0.0005,100.0,642.67,1587.8,1399.5,554.34,2388.05,9049.63,47.39,521.64,8133.52,8.3925,392,39.01,23.3373
AC-092,73,0.0038,0.0001,100.0,642.0,1586.93,1408.25,554.58,2388.07,9055.69,47.53,521.85,8135.35,8.4128,394,38.83,23.4417
AC-092,74,-0.0017,0.0004,100.0,642.66,1577.89,1403.31,553.68,2388.08,9057.11,47.34,522.15,8142.46,8.3784,393,38.89,23.4006
AC-092,75,-0.0026,-0.0004,100.0,642.19,1585.31,1400.12,554.53,2388.03,9055.06,47.21,521.97,8139.44,8.3833,393,38.93,23.4145
AC-092,76,0.0035,0.0005,100.0,642.35,1592.59,1407.18,553.26,2388.06,9055.12,47.29,522.05,8136.58,8.4272,391,39.04,23.4256
AC-092,77,-0.0007,-0.0002,100.0,641.97,1585.48,1407.09,554.3,2388.03,9062.87,47.25,521.69,8133.85,8.4205,394,38.96,23.353
AC-092,78,-0.0011,-0.0002,100.0,642.58,1583.33,1394.65,554.07,2388.04,9054.79,47.38,522.4,8141.76,8.401,392,38.94,23.3582
AC-092,79,0.0023,-0.0004,100.0,642.71,1584.84,1398.13,553.61,2388.09,9060.37,47.3,522.36,8136.59,8.4521,393,38.75,23.2607
AC-092,80,0.0009,0.0005,100.0,642.12,1592.92,1409.29,554.17,2388.02,9058.89,47.34,522.03,8140.23,8.4061,391,38.92,23.3131
AC-092,81,-0.0009,0.0003,100.0,641.99,1592.38,1397.46,554.02,2388.07,9049.98,47.43,522.57,8140.9,8.446,391,38.99,23.3495
AC-092,82,0.0004,0.0004,100.0,642.2,1582.61,1409.01,554.52,2388.03,9057.42,47.21,521.94,8133.74,8.3946,392,38.93,23.405
AC-092,83,-0.0001,0.0005,100.0,642.1,1590.5,1403.3,554.23,2388.0,9056.41,47.55,521.8,8142.27,8.3709,392,38.73,23.3795
AC-092,84,0.0011,-0.0001,100.0,642.41,1589.13,1399.42,554.72,2388.05,9045.77,47.45,521.7,8139.31,8.4461,393,38.85,23.3692
AC-092,85,-0.0054,-0.0003,100.0,642.76,1586.64,1403.75,553.62,2388.05,9058.77,47.45,522.23,8125.32,8.3713,392,38.95,23.3127
AC-092,86,0.0015,0.0005,100.0,642.53,1585.07,1402.98,553.6,2388.02,9052.2,47.32,521.88,8136.64,8.4091,392,38.9,23.4116
AC-092,87,-0.0001,0.0001,100.0,642.49,1580.65,1401.81,553.99,2388.04,9062.16,47.27,521.89,8138.24,8.4312,392,39.01,23.3632
AC-092,88,-0.0014,0.0003,100.0,642.81,1587.19,1399.18,553.64,2388.04,9059.68,47.46,521.6,8135.66,8.4414,391,38.87,23.424
AC-092,89,0.0008,0.0004,100.0,642.02,1587.91,1398.83,553.94,2388.04,9052.18,47.4,522.0,8138.81,8.437,391,38.71,23.3583
AC-092,90,-0.0004,-0.0003,100.0,642.29,1589.08,1404.32,553.78,2388.04,9053.93,47.42,522.18,8141.74,8.4238,393,38.87,23.3229
AC-092,91,0.0039,-0.0004,100.0,642.33,1588.32,1402.8,553.89,2388.02,9062.08,47.13,521.54,8140.25,8.4184,392,38.88,23.2857
AC-092,92,0.0025,-0.0004,100.0,642.27,1593.85,1404.41,553.8,2388.04,9056.48,47.39,521.61,8138.6,8.4243,391,38.82,23.3625
AC-092,93,-0.0015,-0.0,100.0,641.95,1587.13,1402.4,554.09,2388.1,9064.27,47.48,521.87,8134.59,8.4303,392,38.99,23.4205
AC-092,94,0.0042,0.0002,100.0,642.74,1581.4,1404.18,554.28,2388.04,9054.54,47.29,521.79,8137.57,8.454,392,38.91,23.3789
AC-092,95,-0.0033,-0.0001,100.0,642.08,1583.79,1402.19,554.06,2388.06,9055.07,47.4,522.11,8138.89,8.4212,392,39.07,23.3361
AC-092,96,-0.0023,0.0004,100.0,642.63,1586.71,1403.18,553.59,2388.06,9057.19,47.59,521.72,8133.13,8.3912,393,38.99,23.3254
AC-092,97,-0.0008,0.0002,100.0,642.65,1591.87,1395.75,554.14,2388.1,9060.37,47.37,521.75,8139.46,8.4207,393,39.05,23.3799
AC-092,98,0.0047,-0.0001,100.0,642.32,1584.44,1410.48,554.29,2388.06,9050.56,47.41,521.9,8135.37,8.428,392,38.91,23.2805
AC-092,99,0.0026,0.0001,100.0,642.7,1579.86,1398.16,553.89,2388.07,9055.99,47.24,521.75,8135.2,8.3969,393,38.95,23.3102
AC-092,100,0.0022,-0.0003,100.0,642.66,1583.79,1402.36,554.19,2388.06,9056.49,47.6,522.0,8136.85,8.4274,390,38.88,23.4224
AC-092,101,0.0017,0.0005,100.0,642.41,1582.32,1406.5,553.4,2388.06,9060.01,47.32,521.66,8136.96,8.4033,392,38.91,23.3855
AC-092,102,0.0023,0.0002,100.0,642.33,1584.89,1404.1,553.73,2388.13,9056.62,47.5,521.94,8138.47,8.4018,393,38.98,23.3323
AC-092,103,-0.0009,-0.0004,100.0,642.27,1591.58,1399.17,553.33,2388.07,9061.17,47.5,521.72,8140.93,8.4137,393,38.88,23.324
AC-092,104,0.0038,0.0001,100.0,642.72,1594.07,1409.37,553.8,2388.07,9049.77,47.32,521.98,8138.68,8.4023,394,39.01,23.4795
AC-092,105,-0.0038,0.0004,100.0,642.75,1585.84,1401.93,552.99,2388.03,9050.33,47.52,521.53,8138.81,8.4319,393,38.81,23.3373
AC-092,106,0.0022,-0.0003,100.0,641.8,1578.55,1400.6,553.95,2388.06,9055.75,47.35,522.01,8135.96,8.436,393,38.81,23.3496
AC-092,107,0.0016,-0.0004,100.0,642.32,1586.95,1403.31,553.59,2388.07,9053.21,47.28,521.86,8135.35,8.45,393,38.83,23.2343
AC-092,108,-0.0037,-0.0001,100.0,642.49,1589.72,1406.16,553.3,2388.03,9054.89,47.34,521.98,8136.25,8.422,392,38.96,23.3638
AC-092,109,0.0008,0.0003,100.0,642.55,1574.86,1405.23,554.5,2388.08,9057.16,47.51,521.93,8134.65,8.4445,394,38.81,23.461
AC-092,110,-0.0008,-0.0003,100.0,642.73,1574.58,1398.92,553.9,2388.06,9055.03,47.31,521.89,8135.06,8.4061,394,39.08,23.4057
AC-092,111,-0.0017,-0.0,100.0,642.56,1587.06,1411.23,553.88,2388.01,9059.56,47.47,522.02,8137.19,8.4116,391,38.84,23.3873
AC-092,112,0.002,0.0001,100.0,642.21,1583.19,1407.36,554.18,2388.03,9058.25,47.31,521.75,8141.16,8.4427,393,38.97,23.239
AC-092,113,-0.0005,0.0006,100.0,642.68,1585.25,1398.48,553.99,2388.05,9064.35,47.44,522.0,8133.58,8.424,391,38.84,23.3821
AC-092,114,-0.0055,-0.0003,100.0,642.19,1587.0,1401.35,553.58,2388.05,9051.5,47.39,521.65,8135.94,8.4191,392,38.82,23.4194
AC-092,115,-0.0014,0.0001,100.0,642.31,1590.35,1406.12,554.55,2388.08,9055.56,47.23,521.36,8135.66,8.439,392,38.97,23.3515
AC-092,116,-0.0003,0.0005,100.0,642.73,1593.43,1403.79,554.05,2388.09,9049.53,47.53,521.77,8142.17,8.4558,391,38.98,23.3741
AC-092,117,0.0018,0.0002,100.0,642.16,1587.87,1407.27,553.62,2388.06,9060.92,47.36,521.65,8134.14,8.4002,390,39.0,23.2819
AC-092,118,0.0015,-0.0002,100.0,642.6,1587.68,1412.04,553.21,2388.06,9061.59,47.35,521.65,8141.94,8.4456,392,38.82,23.3956
AC-092,119,0.0031,-0.0002,100.0,642.74,1584.8,1395.12,554.41,2388.06,9058.12,47.37,521.98,8135.61,8.4183,393,38.83,23.39
AC-092,120,-0.0063,-0.0004,100.0,641.98,1588.36,1404.91,552.94,2388.05,9049.23,47.13,521.87,8142.05,8.4189,393,38.92,23.3996
AC-092,121,0.0015,-0.0002,100.0,642.95,1590.41,1400.67,553.96,2388.05,9064.58,47.41,521.18,8137.71,8.4009,393,38.81,23.3338
AC-092,122,0.0014,-0.0004,100.0,641.87,1582.92,1403.23,554.21,2388.07,9058.99,47.29,521.98,8139.55,8.4178,392,38.96,23.3386
AC-092,123,-0.0018,-0.0001,100.0,642.56,1590.62,1406.11,553.25,2388.02,9062.76,47.39,521.6,8141.06,8.4161,392,39.01,23.3215
AC-092,124,0.0002,-0.0002,100.0,642.82,1584.71,1403.57,554.83,2388.06,9060.45,47.46,521.72,8138.34,8.3983,392,38.79,23.4233
AC-092,125,0.0,0.0002,100.0,642.82,1584.12,1405.1,553.37,2388.05,9056.66,47.34,521.37,8137.62,8.459,395,39.1,23.364
AC-092,126,-0.0018,-0.0001,100.0,642.17,1589.4,1405.61,554.7,2388.05,9053.29,47.35,521.49,8134.56,8.4421,392,39.1,23.3371
AC-092,127,0.0011,-0.0002,100.0,642.39,1592.98,1405.9,554.54,2388.08,9054.69,47.33,521.71,8141.17,8.4663,392,38.92,23.3053
AC-092,128,0.0005,-0.0002,100.0,642.67,1586.53,1400.19,553.9,2388.07,9059.52,47.45,521.68,8133.89,8.4171,392,38.78,23.3676
AC-092,129,0.0019,0.0006,100.0,642.44,1590.68,1404.16,554.36,2388.04,9064.63,47.46,521.59,8138.55,8.3972,392,38.9,23.4004
AC-092,130,0.0028,0.0003,100.0,642.89,1584.71,1401.79,553.5,2388.02,9054.91,47.15,521.27,8140.77,8.4292,393,38.92,23.3677
AC-092,131,-0.0042,-0.0002,100.0,642.28,1589.03,1408.38,554.51,2388.08,9058.02,47.4,521.05,8139.69,8.411,392,38.87,23.2141
AC-092,132,-0.0015,-0.0003,100.0,642.6,1586.53,1402.05,553.67,2388.07,9055.48,47.32,522.27,8140.36,8.4306,395,39.1,23.2822
AC-092,133,0.001,0.0002,100.0,642.82,1594.97,1400.6,553.74,2388.08,9062.31,47.53,521.52,8142.65,8.4268,395,38.89,23.4712
AC-092,134,0.0014,0.0004,100.0,641.92,1590.75,1411.04,553.65,2388.06,9060.03,47.37,521.35,8139.82,8.4253,392,38.85,23.3838
AC-092,135,-0.0015,-0.0,100.0,642.26,1587.53,1398.06,553.36,2388.03,9064.3,47.36,521.76,8142.07,8.4433,392,38.8,23.3656
AC-092,136,-0.0005,-0.0003,100.0,642.24,1587.47,1409.23,554.19,2388.02,9063.15,47.38,521.84,8136.63,8.4121,394,38.83,23.2976
AC-092,137,-0.0018,-0.0002,100.0,642.6,1586.84,1404.47,553.78,2388.07,9061.68,47.2,521.24,8146.92,8.4225,391,38.87,23.3859
AC-092,138,-0.0019,-0.0002,100.0,642.49,1587.57,1395.62,554.49,2388.04,9058.52,47.37,522.09,8141.46,8.3902,392,38.99,23.3848
AC-092,139,0.0025,0.0004,100.0,642.29,1588.71,1407.45,553.7,2388.06,9056.26,47.23,521.62,8140.97,8.4165,392,38.76,23.2584
AC-092,140,-0.0009,-0.0001,100.0,642.14,1585.73,1409.56,553.58,2388.08,9056.7,47.48,521.73,8137.27,8.4298,394,38.76,23.3848
AC-092,141,0.0004,0.0005,100.0,642.77,1585.3,1405.4,553.51,2388.05,9060.08,47.33,521.96,8141.14,8.4339,393,38.92,23.4597
AC-092,142,-0.0009,0.0005,100.0,642.12,1595.92,1409.43,553.39,2388.02,9057.53,47.54,522.07,8136.03,8.4035,392,39.06,23.3265
AC-092,143,-0.0014,-0.0004,100.0,642.28,1586.38,1398.52,553.46,2388.08,9067.93,47.33,521.71,8135.81,8.4007,392,38.81,23.3807
AC-092,144,-0.0001,-0.0003,100.0,642.16,1595.23,1395.89,553.64,2388.06,9063.16,47.44,521.63,8140.65,8.4138,393,38.92,23.2852
AC-092,145,0.0025,0.0,100.0,642.89,1581.92,1410.49,554.22,2388.06,9060.81,47.45,521.89,8138.97,8.4184,392,38.86,23.2775
AC-092,146,-0.0029,0.0004,100.0,642.79,1585.48,1402.75,553.15,2388.05,9059.27,47.39,521.99,8137.83,8.414,391,39.0,23.3796
AC-092,147,0.0019,-0.0002,100.0,642.5,1593.86,1401.2,553.85,2388.08,9064.69,47.52,521.55,8141.03,8.4225,392,38.91,23.2841
AC-092,148,-0.0021,-0.0004,100.0,642.22,1594.18,1400.14,553.11,2388.09,9061.12,47.41,521.37,8140.35,8.4305,394,38.93,23.3481
AC-092,149,0.0016,0.0,100.0,642.49,1582.88,1407.02,553.12,2388.1,9064.04,47.51,521.79,8141.79,8.3937,392,38.87,23.303
AC-092,150,0.0002,0.0002,100.0,642.66,1589.43,1407.43,554.27,2388.03,9055.68,47.4,521.65,8141.37,8.4423,392,38.97,23.3531
AC-092,151,0.0008,0.0004,100.0,642.68,1590.71,1399.49,553.54,2388.1,9064.7,47.37,521.65,8143.5,8.4657,392,38.82,23.2828
AC-092,152,-0.0006,-0.0001,100.0,642.83,1583.64,1398.71,554.87,2388.07,9064.35,47.46,521.41,8140.88,8.4236,391,38.98,23.2829
AC-092,153,0.0008,0.0002,100.0,642.94,1590.98,1403.02,553.6,2388.02,9056.05,47.42,522.3,8137.81,8.4575,392,38.79,23.4108
AC-092,154,-0.0013,-0.0003,100.0,642.6,1587.38,1405.22,553.98,2388.05,9064.62,47.35,521.62,8136.51,8.4074,393,38.77,23.2856
AC-092,155,0.002,-0.0003,100.0,642.62,1587.56,1408.59,554.58,2388.05,9063.75,47.35,521.74,8139.36,8.4441,392,38.93,23.2578
AC-092,156,0.002,0.0,100.0,642.41,1588.41,1402.93,553.68,2388.03,9061.58,47.39,521.8,8140.33,8.4051,393,38.92,23.3447
AC-092,157,0.0014,0.0004,100.0,642.09,1590.38,1403.98,553.84,2388.06,9068.17,47.29,522.17,8145.02,8.4108,392,38.8,23.337
AC-092,158,-0.0026,-0.0,100.0,642.24,1584.61,1397.37,554.5,2388.11,9061.41,47.46,522.18,8144.5,8.41,393,38.97,23.4023
AC-092,159,0.0022,-0.0004,100.0,642.53,1589.33,1405.28,553.7,2388.03,9061.83,47.3,521.15,8141.03,8.423,391,38.83,23.3465
AC-092,160,0.0011,0.0001,100.0,642.85,1590.18,1398.33,553.74,2388.08,9064.04,47.43,521.74,8143.6,8.4418,394,38.91,23.2321
AC-092,161,0.0023,-0.0,100.0,642.38,1586.48,1406.49,553.74,2388.13,9065.22,47.45,521.68,8140.53,8.4125,394,38.81,23.4587
AC-092,162,-0.0003,-0.0002,100.0,642.57,1591.51,1405.06,553.64,2388.08,9063.44,47.51,522.28,8135.82,8.4319,393,38.81,23.3266
AC-092,163,-0.0004,0.0002,100.0,642.78,1587.89,1406.37,553.82,2388.12,9061.05,47.36,521.26,8142.84,8.4058,392,38.79,23.3621
AC-092,164,-0.0009,0.0004,100.0,642.76,1587.32,1401.98,553.96,2388.06,9067.6,47.43,521.46,8140.66,8.4286,394,38.78,23.3944
AC-092,165,-0.0055,-0.0003,100.0,642.54,1584.1,1408.37,553.43,2388.03,9058.63,47.52,521.6,8141.21,8.428,393,38.94,23.347
AC-092,166,0.0007,0.0003,100.0,642.42,1592.83,1404.92,553.93,2388.05,9062.62,47.33,521.51,8146.68,8.4458,393,38.94,23.2989
AC-092,167,-0.0041,-0.0004,100.0,642.74,1590.84,1408.3,553.63,2388.07,9062.92,47.52,521.59,8142.81,8.4666,392,38.87,23.2468
AC-092,168,0.0019,0.0002,100.0,642.41,1583.04,1408.48,553.6,2388.04,9062.51,47.43,522.11,8140.97,8.4158,393,38.83,23.2763
AC-092,169,-0.0035,0.0004,100.0,642.27,1583.65,1410.08,553.75,2388.09,9062.43,47.43,521.9,8148.55,8.4034,394,38.78,23.3387
AC-092,170,0.0009,-0.0,100.0,642.33,1581.87,1395.95,553.47,2388.01,9058.67,47.38,521.72,8142.65,8.4102,392,38.77,23.2924
AC-092,171,0.0011,0.0004,100.0,642.46,1587.81,1410.21,553.38,2388.1,9059.59,47.37,521.71,8139.42,8.4316,392,38.99,23.357
AC-092,172,0.0005,-0.0004,100.0,642.32,1591.8,1397.15,553.63,2388.09,9062.33,47.54,521.72,8142.29,8.4053,392,38.95,23.2169
AC-092,173,0.0008,0.0002,100.0,642.53,1584.69,1407.95,553.37,2388.01,9060.37,47.41,521.77,8143.27,8.4331,392,38.86,23.2531
AC-092,174,-0.0013,0.0005,100.0,642.3,1590.66,1400.62,553.8,2388.12,9057.33,47.38,521.28,8141.7,8.4087,392,39.12,23.3024
AC-092,175,-0.0,-0.0002,100.0,642.67,1590.64,1402.07,553.74,2388.09,9065.19,47.29,522.01,8138.26,8.4339,395,38.95,23.3568
AC-092,176,-0.0028,0.0002,100.0,642.01,1585.51,1404.65,554.26,2388.07,9056.11,47.5,521.31,8140.76,8.4194,392,38.87,23.2981
AC-092,177,-0.0011,0.0004,100.0,642.14,1587.06,1401.86,553.11,2388.04,9060.0,47.52,521.66,8140.95,8.4261,392,38.89,23.3623
AC-092,178,0.0002,0.0005,100.0,642.35,1596.41,1408.66,554.21,2388.11,9059.47,47.47,521.83,8143.49,8.4413,392,38.76,23.3265
AC-092,179,0.0006,-0.0,100.0,642.44,1588.56,1406.24,553.77,2388.08,9069.76,47.16,522.4,8143.66,8.4518,394,38.72,23.3774
AC-092,180,-0.0005,0.0005,100.0,642.84,1575.45,1407.29,553.58,2388.04,9065.22,47.47,522.16,8138.34,8.4647,394,38.91,23.4037
AC-092,181,-0.0019,-0.0004,100.0,642.62,1587.35,1401.35,553.21,2388.08,9064.21,47.58,521.69,8139.98,8.4072,393,38.86,23.2682
AC-092,182,0.002,0.0004,100.0,642.47,1587.51,1404.39,554.0,2388.05,9064.05,47.32,521.91,8140.57,8.4934,393,38.86,23.3623
AC-092,183,0.0015,-0.0001,100.0,642.6,1590.59,1404.23,553.85,2388.1,9066.79,47.63,520.99,8140.56,8.4268,393,38.81,23.3302
AC-092,184,0.0031,-0.0,100.0,642.66,1592.94,1412.79,553.72,2388.08,9059.53,47.37,521.2,8141.79,8.3923,393,38.79,23.2366
AC-092,185,0.0021,-0.0004,100.0,642.93,1593.05,1405.61,553.49,2388.06,9063.45,47.43,521.57,8139.86,8.4313,394,38.97,23.3019
AC-092,186,-0.0004,0.0003,100.0,642.33,1592.9,1411.25,553.57,2388.05,9066.08,47.48,521.81,8135.35,8.4312,390,38.88,23.2382
AC-092,187,-0.002,0.0004,100.0,642.21,1583.82,1405.42,554.06,2388.09,9066.64,47.29,521.55,8141.22,8.4278,391,38.9,23.4229
AC-092,188,0.0049,-0.0004,100.0,642.18,1594.46,1401.63,554.04,2388.09,9064.44,47.42,521.58,8143.6,8.4325,393,38.89,23.3051
AC-092,189,0.0028,0.0002,100.0,642.84,1581.9,1408.87,553.07,2388.12,9059.19,47.38,521.05,8146.81,8.4267,393,38.93,23.2414
AC-092,190,0.0001,-0.0003,100.0,642.74,1587.68,1406.89,553.43,2388.08,9071.27,47.76,521.39,8142.9,8.3796,393,38.97,23.3499
AC-092,191,0.001,0.0,100.0,642.36,1585.69,1400.0,553.48,2388.09,9072.43,47.44,521.97,8145.44,8.4085,395,38.68,23.3259
AC-092,192,-0.0015,-0.0004,100.0,642.04,1582.18,1410.08,553.89,2388.08,9066.17,47.47,522.51,8138.18,8.4149,392,38.89,23.3776
AC-092,193,0.0,0.0003,100.0,642.95,1590.41,1408.46,553.54,2388.06,9066.87,47.53,521.38,8142.49,8.4226,394,38.6,23.3283
AC-092,194,-0.0009,-0.0003,100.0,642.3,1588.61,1403.67,553.9,2388.1,9065.53,47.49,521.21,8145.13,8.4273,393,38.86,23.3814
AC-092,195,0.0011,0.0004,100.0,643.06,1588.61,1407.03,554.77,2388.13,9067.86,47.44,521.72,8143.96,8.4597,392,38.79,23.1667
AC-092,196,-0.0019,0.0,100.0,643.07,1581.48,1405.43,553.88,2388.07,9065.02,47.73,521.51,8142.98,8.469,393,38.81,23.3152
AC-092,197,-0.0018,-0.0,100.0,642.62,1588.51,1406.32,553.2,2388.14,9067.96,47.6,521.58,8144.93,8.4442,392,38.88,23.3102
AC-092,198,-0.0005,0.0005,100.0,642.66,1588.15,1402.24,553.23,2388.09,9068.88,47.48,521.18,8140.9,8.4374,394,39.04,23.3313
AC-092,199,-0.0043,0.0002,100.0,643.01,1585.46,1407.81,553.42,2388.08,9066.32,47.55,521.48,8147.51,8.3875,394,38.91,23.3936
AC-092,200,-0.0001,-0.0003,100.0,642.62,1593.28,1395.65,554.31,2388.09,9067.5,47.54,521.41,8149.22,8.4345,394,38.79,23.3903
AC-092,201,-0.0002,0.0003,100.0,642.53,1591.94,1405.37,553.62,2388.04,9068.14,47.66,521.95,8148.34,8.4139,391,38.74,23.3214
AC-092,202,0.0012,-0.0001,100.0,642.71,1585.67,1405.98,553.27,2388.08,9063.25,47.48,522.01,8149.73,8.4473,393,38.91,23.3289
AC-092,203,-0.0012,0.0003,100.0,642.18,1593.42,1404.78,553.39,2388.12,9069.02,47.49,521.43,8143.87,8.4521,393,38.81,23.3854
AC-092,204,-0.0032,0.0003,100.0,642.48,1589.14,1409.04,553.95,2388.05,9069.38,47.63,521.76,8147.71,8.4029,393,38.98,23.288
AC-092,205,0.0014,0.0001,100.0,642.92,1595.85,1402.89,553.18,2388.03,9068.28,47.63,521.58,8151.32,8.4313,393,38.79,23.24
AC-092,206,-0.0021,-0.0,100.0,643.32,1590.82,1409.96,553.21,2388.03,9070.58,47.41,521.58,8143.98,8.4261,394,38.72,23.2385
AC-092,207,0.0025,0.0005,100.0,642.27,1590.14,1409.8,553.93,2388.08,9067.56,47.4,521.13,8145.77,8.4338,393,38.76,23.3421
AC-092,208,0.0017,-0.0002,100.0,643.0,1587.89,1407.41,553.69,2388.07,9078.28,47.36,521.6,8143.12,8.4413,393,38.93,23.2318
AC-092,209,-0.0006,0.0001,100.0,643.19,1583.71,1400.97,553.3,2388.1,9072.1,47.3,521.5,8143.32,8.4623,392,38.92,23.3381
AC-092,210,0.0002,0.0002,100.0,642.84,1588.38,1410.07,553.8,2388.11,9066.15,47.33,522.01,8145.22,8.4655,392,38.77,23.2677
AC-092,211,-0.0005,-0.0002,100.0,642.47,1591.27,1401.84,553.99,2388.09,9068.84,47.33,521.42,8146.62,8.4225,392,38.86,23.315
AC-092,212,0.0006,0.0,100.0,642.58,1598.03,1404.45,553.29,2388.1,9070.93,47.38,521.2,8143.12,8.4374,393,39.0,23.3545
AC-092,213,0.002,0.0,100.0,642.45,1594.39,1413.61,553.76,2388.08,9070.08,47.44,521.42,8141.93,8.4133,394,38.85,23.284
AC-092,214,-0.0003,-0.0001,100.0,642.77,1591.78,1406.81,553.0,2388.1,9064.96,47.53,521.18,8150.58,8.4134,394,38.91,23.294
AC-092,215,-0.0039,-0.0003,100.0,642.18,1591.26,1405.43,553.1,2388.06,9067.63,47.54,521.72,8152.26,8.4426,395,38.83,23.3714
AC-092,216,-0.0009,-0.0002,100.0,642.78,1595.38,1404.66,553.52,2388.03,9065.83,47.55,521.47,8147.12,8.4272,393,38.78,23.2625
AC-092,217,0.004,-0.0004,100.0,642.34,1589.0,1406.74,553.33,2388.11,9071.46,47.49,521.42,8147.43,8.4537,395,38.66,23.2047
AC-092,218,-0.002,-0.0002,100.0,642.98,1588.43,1411.71,553.32,2388.16,9064.96,47.54,521.84,8150.34,8.3851,394,38.88,23.2561
AC-092,219,0.0009,-0.0001,100.0,642.47,1589.13,1410.11,553.52,2388.08,9066.97,47.56,521.52,8147.19,8.4382,394,38.73,23.2123
AC-092,220,0.0026,-0.0002,100.0,642.5,1586.91,1405.2,553.66,2388.08,9066.89,47.52,521.02,8147.19,8.4307,392,38.85,23.3068
AC-092,221,-0.0007,0.0004,100.0,642.78,1594.12,1409.11,552.98,2388.09,9074.5,47.59,520.65,8146.18,8.4468,393,38.98,23.4026
AC-092,222,-0.0005,0.0002,100.0,642.66,1589.6,1407.42,552.77,2388.09,9067.41,47.4,521.34,8145.36,8.422,394,38.74,23.3862
AC-092,223,0.0029,0.0004,100.0,642.92,1589.49,1409.25,553.63,2388.04,9077.17,47.64,521.4,8151.58,8.4014,393,38.69,23.4035
AC-092,224,0.0002,-0.0002,100.0,642.97,1590.64,1413.07,553.8,2388.14,9068.17,47.58,521.6,8148.85,8.4465,394,38.9,23.2317
AC-092,225,-0.0041,-0.0002,100.0,642.05,1595.68,1413.75,552.99,2388.11,9070.23,47.62,521.29,8148.33,8.4437,393,38.82,23.3694
AC-092,226,-0.0013,0.0002,100.0,643.09,1585.68,1407.64,553.06,2388.08,9076.75,47.47,521.19,8140.63,8.4375,394,38.73,23.2811
AC-092,227,-0.0016,-0.0003,100.0,642.43,1587.34,1412.44,553.48,2388.06,9068.24,47.49,521.5,8145.27,8.4354,394,38.68,23.2388
AC-092,228,0.0012,-0.0,100.0,642.87,1584.75,1410.51,553.2,2388.07,9067.25,47.63,521.01,8148.14,8.462,394,38.78,23.272
AC-092,229,0.0,-0.0,100.0,642.83,1586.25,1413.75,553.3,2388.07,9071.83,47.56,521.1,8154.25,8.4615,394,38.85,23.2746
AC-092,230,0.001,0.0002,100.0,642.7,1586.48,1402.85,552.9,2388.07,9072.7,47.5,521.71,8144.5,8.4439,394,38.73,23.2596
AC-092,231,-0.0002,0.0002,100.0,642.19,1592.54,1412.91,553.72,2388.14,9073.61,47.41,521.79,8144.51,8.4453,394,38.78,23.1573
AC-092,232,-0.0019,0.0004,100.0,642.51,1590.97,1411.53,553.41,2388.05,9074.22,47.47,521.58,8152.88,8.4209,394,38.87,23.2504
AC-092,233,-0.001,-0.0003,100.0,642.95,1592.55,1414.95,553.12,2388.05,9072.74,47.57,520.98,8154.26,8.4712,394,38.81,23.229
AC-092,234,0.0026,0.0001,100.0,642.83,1595.99,1414.43,553.51,2388.06,9074.15,47.44,521.73,8151.86,8.4912,394,38.86,23.265
AC-092,235,0.0003,0.0001,100.0,642.47,1591.39,1411.78,553.27,2388.1,9072.65,47.37,521.51,8152.95,8.4141,394,38.79,23.2996
AC-092,236,-0.0008,-0.0001,100.0,642.69,1592.68,1409.8,553.69,2388.06,9069.84,47.74,521.02,8153.92,8.4774,394,38.89,23.2392
AC-092,237,0.0027,0.0003,100.0,642.27,1592.41,1410.54,553.0,2388.14,9067.2,47.72,521.52,8148.54,8.4649,391,38.8,23.2287
AC-092,238,-0.0018,-0.0,100.0,642.85,1596.18,1412.99,552.98,2388.09,9072.02,47.47,521.22,8155.46,8.4578,395,38.8,23.2427
AC-092,239,0.0041,0.0002,100.0,642.42,1582.77,1408.36,552.81,2388.07,9073.46,47.62,521.21,8149.27,8.4749,393,38.89,23.301
AC-092,240,0.0013,-0.0004,100.0,642.66,1586.19,1407.24,554.07,2388.09,9074.2,47.59,521.83,8156.67,8.4466,394,38.78,23.2025
AC-092,241,0.0019,-0.0,100.0,642.94,1598.79,1408.42,552.84,2388.06,9076.75,47.53,521.19,8150.45,8.4132,393,38.86,23.3438
AC-092,242,-0.0018,-0.0001,100.0,642.42,1586.69,1406.68,552.55,2388.14,9080.13,47.45,521.42,8154.31,8.4386,392,38.71,23.1898
AC-092,243,0.0043,0.0001,100.0,642.74,1585.52,1416.73,552.82,2388.07,9076.4,47.53,521.64,8144.0,8.4419,394,38.92,23.1934
AC-092,244,-0.0001,-0.0004,100.0,642.97,1591.36,1411.18,553.85,2388.09,9071.12,47.57,520.67,8147.13,8.4617,393,38.74,23.2855
AC-092,245,-0.0023,0.0005,100.0,643.0,1592.92,1409.73,553.45,2388.08,9080.3,47.53,520.77,8152.32,8.4808,394,38.76,23.2771
AC-092,246,0.0019,-0.0003,100.0,642.77,1594.08,1409.33,552.79,2388.06,9075.93,47.69,521.02,8157.58,8.4629,394,38.72,23.2158
AC-092,247,0.0035,-0.0004,100.0,643.11,1590.85,1406.88,553.14,2388.07,9077.4,47.6,520.68,8154.04,8.428,394,38.58,23.2277
AC-092,248,-0.0015,-0.0001,100.0,642.69,1588.22,1412.96,553.23,2388.07,9074.57,47.64,521.48,8148.1,8.4821,395,38.79,23.3383
AC-092,249,-0.0033,-0.0004,100.0,642.82,1587.28,1414.4,554.21,2388.05,9078.74,47.54,521.04,8151.91,8.4467,394,38.75,23.2087
AC-092,250,0.0006,0.0003,100.0,642.65,1593.92,1409.65,552.88,2388.11,9074.59,47.77,520.65,8147.06,8.4028,393,38.82,23.2235
AC-092,251,-0.0002,-0.0002,100.0,642.25,1589.92,1416.45,553.29,2388.12,9074.69,47.67,521.22,8153.92,8.4596,393,38.61,23.3122
AC-092,252,0.0031,-0.0004,100.0,642.66,1592.54,1411.54,552.77,2388.08,9072.64,47.82,521.55,8156.05,8.4226,393,38.89,23.3495
AC-092,253,-0.0033,-0.0,100.0,642.76,1590.05,1417.94,553.07,2388.09,9076.51,47.61,521.42,8155.27,8.4282,393,38.77,23.3309
AC-092,254,-0.0012,-0.0001,100.0,643.24,1589.98,1411.86,553.54,2388.08,9082.26,47.61,521.1,8159.27,8.4426,394,38.57,23.2425
AC-092,255,0.006,-0.0003,100.0,642.97,1585.92,1414.77,553.36,2388.08,9081.37,47.62,520.86,8156.96,8.4289,394,38.81,23.2267
AC-092,256,0.0004,-0.0002,100.0,642.56,1590.31,1403.29,552.5,2388.11,9086.88,47.56,521.46,8150.84,8.4396,393,38.81,23.1964
AC-092,257,-0.0004,-0.0004,100.0,642.49,1591.75,1413.94,553.22,2388.08,9090.55,47.45,521.14,8153.84,8.4692,394,38.75,23.3371
AC-092,258,-0.0019,0.0003,100.0,642.41,1588.08,1410.89,552.7,2388.12,9079.78,47.58,521.07,8157.76,8.4606,393,38.82,23.2673
AC-092,259,0.0062,-0.0,100.0,642.93,1592.05,1415.56,553.18,2388.12,9072.27,47.85,521.23,8156.04,8.4554,394,38.67,23.2779
AC-092,260,0.0039,0.0005,100.0,643.16,1594.36,1420.25,553.32,2388.11,9078.64,47.71,521.19,8157.61,8.4565,394,38.66,23.2264
AC-092,261,0.0013,-0.0003,100.0,642.98,1599.23,1410.72,553.03,2388.07,9087.35,47.77,521.06,8162.23,8.4358,392,38.83,23.2338
AC-092,262,0.0013,0.0,100.0,642.97,1586.77,1412.68,552.73,2388.09,9083.12,47.45,520.71,8156.4,8.4481,394,38.9,23.3101
AC-092,263,-0.0025,-0.0,100.0,642.89,1600.39,1415.16,552.84,2388.1,9072.75,47.47,521.21,8158.79,8.4716,394,38.77,23.1702
AC-092,264,0.0028,0.0002,100.0,642.59,1597.61,1410.79,553.59,2388.12,9084.18,47.58,521.45,8157.75,8.4459,394,38.7,23.246
AC-092,265,-0.0008,0.0003,100.0,643.57,1590.06,1407.39,552.75,2388.06,9090.12,47.6,520.97,8159.23,8.4453,394,38.82,23.1808
AC-092,266,0.0002,0.0003,100.0,642.67,1590.78,1416.92,552.79,2388.1,9094.7,47.51,521.2,8160.11,8.4541,395,38.65,23.2242
AC-092,267,-0.0004,0.0003,100.0,642.94,1598.32,1409.49,552.4,2388.11,9078.34,47.85,521.06,8153.47,8.4658,394,38.88,23.3332
AC-092,268,0.0037,-0.0004,100.0,642.75,1593.61,1415.36,553.2,2388.09,9085.0,47.66,521.31,8153.75,8.4707,394,38.63,23.2119
AC-092,269,0.0032,-0.0004,100.0,642.47,1595.36,1415.98,552.78,2388.07,9087.28,47.61,520.95,8154.41,8.5006,394,38.62,23.1916
AC-092,270,0.0006,0.0005,100.0,642.92,1593.92,1408.27,552.51,2388.11,9091.49,47.84,521.17,8156.42,8.4426,393,38.7,23.1064
AC-092,271,-0.0046,0.0005,100.0,642.92,1596.76,1420.07,553.23,2388.14,9080.76,47.65,521.34,8164.83,8.4487,395,38.67,23.135
AC-092,272,-0.0017,0.0005,100.0,643.09,1592.2,1409.2,552.54,2388.14,9083.44,47.8,521.0,8161.03,8.4581,394,38.81,23.2708
AC-092,273,0.0004,0.0005,100.0,642.9,1591.45,1416.04,552.81,2388.11,9085.3,47.61,520.81,8160.25,8.4509,393,38.94,23.2799
AC-092,274,-0.0005,0.0005,100.0,643.27,1588.49,1414.61,553.0,2388.13,9084.17,47.92,520.83,8160.06,8.4889,394,38.71,23.2562
AC-092,275,-0.0022,-0.0,100.0,642.93,1591.77,1420.78,552.3,2388.11,9089.65,47.57,520.97,8163.62,8.4748,394,38.75,23.2142
AC-092,276,0.0006,0.0002,100.0,642.61,1599.47,1414.35,552.82,2388.05,9090.61,47.74,520.94,8161.77,8.4517,393,38.6,23.2003
AC-092,277,0.0011,-0.0004,100.0,642.56,1594.3,1419.78,552.52,2388.1,9091.74,47.83,520.92,8166.99,8.4999,395,38.48,23.1618
AC-092,278,0.0002,-0.0002,100.0,643.23,1589.24,1413.45,552.41,2388.13,9093.36,47.7,520.96,8160.46,8.4608,396,38.68,23.2041
AC-092,279,0.0004,0.0001,100.0,643.23,1595.95,1413.31,552.65,2388.12,9088.26,47.7,520.99,8166.49,8.461,394,38.63,23.1976
AC-092,280,-0.0056,0.0004,100.0,642.71,1593.5,1413.24,552.8,2388.1,9091.47,47.73,520.89,8162.94,8.4648,395,38.54,23.2942
AC-092,281,-0.0038,0.0003,100.0,642.33,1588.57,1419.04,553.0,2388.09,9084.0,47.77,521.06,8168.16,8.4863,394,38.75,23.2518
AC-092,282,-0.0006,0.0001,100.0,642.72,1586.44,1415.42,553.0,2388.13,9090.37,47.64,521.2,8161.74,8.4805,395,38.83,23.2668
AC-092,283,-0.0017,0.0004,100.0,643.13,1590.69,1421.77,552.38,2388.09,9088.23,47.7,521.28,8166.8,8.4825,394,38.76,23.0683
AC-092,284,-0.0005,0.0001,100.0,643.02,1599.5,1416.22,553.1,2388.1,9092.13,47.78,520.75,8161.56,8.4498,394,38.61,23.1949
AC-092,285,0.0011,-0.0003,100.0,643.59,1599.79,1415.23,552.98,2388.09,9085.5,47.75,520.99,8166.61,8.4556,395,38.66,23.1489
AC-092,286,0.0028,0.0001,100.0,642.8,1597.89,1420.96,553.1,2388.09,9090.47,47.71,521.04,8162.02,8.5003,394,38.58,23.191
AC-092,287,-0.0004,-0.0004,100.0,643.21,1594.19,1421.07,552.62,2388.16,9093.83,47.77,520.6,8165.22,8.4395,396,38.65,23.1964
AC-092,288,-0.0022,-0.0004,100.0,643.33,1601.71,1418.43,551.51,2388.12,9096.52,47.62,520.16,8170.06,8.4768,395,38.76,23.1445
AC-092,289,-0.0011,-0.0003,100.0,642.78,1595.91,1412.36,552.79,2388.1,9086.68,47.77,520.7,8164.43,8.4778,395,38.63,23.0169
AC-092,290,-0.0016,0.0003,100.0,643.37,1595.51,1417.22,552.25,2388.16,9095.79,47.83,520.74,8172.32,8.4889,394,38.54,23.1215
AC-092,291,0.004,0.0005,100.0,643.18,1591.64,1417.04,552.33,2388.13,9093.06,47.7,520.88,8166.5,8.4993,395,38.6,23.2049
AC-092,292,0.0024,0.0005,100.0,642.66,1594.36,1415.32,552.92,2388.06,9102.99,47.94,520.75,8168.18,8.4727,394,38.73,23.1946
AC-092,293,-0.0035,-0.0004,100.0,642.32,1599.58,1419.51,552.87,2388.18,9095.75,47.64,520.89,8167.14,8.4873,395,38.44,23.1963
AC-092,294,-0.0002,0.0003,100.0,643.29,1600.48,1414.81,552.86,2388.12,9091.86,47.84,520.62,8170.47,8.4579,394,38.75,23.1642
AC-092,295,-0.003,0.0002,100.0,643.09,1598.78,1412.62,552.68,2388.11,9102.53,47.6,520.08,8167.99,8.4549,393,38.47,23.1419
AC-092,296,0.0018,0.0001,100.0,642.94,1605.58,1415.17,552.65,2388.18,9098.21,47.82,520.5,8168.23,8.4713,393,38.68,23.1079
AC-092,297,0.0017,-0.0003,100.0,643.22,1594.91,1419.0,552.32,2388.19,9103.15,47.75,521.09,8168.53,8.4824,396,38.36,23.3614
AC-092,298,0.0001,0.0003,100.0,643.04,1601.88,1413.8,552.7,2388.11,9101.34,47.75,520.96,8164.28,8.4791,395,38.51,23.1106
AC-092,299,-0.0032,-0.0004,100.0,643.73,1596.23,1411.51,552.47,2388.13,9103.62,48.04,520.58,8166.98,8.4885,395,38.75,23.1063
AC-092,300,0.0032,-0.0003,100.0,642.75,1600.03,1420.71,552.72,2388.15,9102.49,47.78,520.47,8172.82,8.4628,394,38.86,23.1132
AC-092,301,0.0002,-0.0002,100.0,643.15,1595.44,1421.31,552.09,2388.09,9100.19,47.84,520.53,8177.59,8.4486,394,38.79,23.2632
AC-092,302,-0.0001,0.0001,100.0,643.28,1598.07,1419.8,552.23,2388.11,9102.9,47.8,520.3,8168.49,8.478,394,38.7,23.1241
AC-092,303,0.0002,-0.0003,100.0,643.32,1593.51,1425.88,552.49,2388.15,9105.25,47.86,521.06,8171.35,8.4892,394,38.71,23.1187
AC-092,304,0.002,0.0003,100.0,642.78,1591.33,1422.26,552.26,2388.19,9099.26,47.89,520.83,8173.96,8.4889,396,38.73,23.1806
AC-092,305,-0.0043,-0.0004,100.0,642.71,1593.94,1420.49,552.76,2388.13,9103.63,47.81,520.42,8176.09,8.5114,395,38.54,23.2503
AC-092,306,0.0014,-0.0002,100.0,643.23,1606.12,1419.36,552.01,2388.12,9107.82,47.72,520.6,8174.17,8.5017,395,38.66,23.1907
AC-092,307,-0.0002,0.0004,100.0,643.83,1594.67,1421.64,552.55,2388.12,9112.34,47.95,520.51,8180.51,8.4833,397,38.39,23.1031
AC-092,308,0.0009,0.0004,100.0,643.09,1601.18,1418.86,552.12,2388.15,9106.79,47.85,521.23,8174.09,8.4984,395,38.58,23.1867
AC-092,309,-0.0029,0.0004,100.0,642.95,1602.0,1420.04,551.69,2388.19,9112.75,47.89,520.84,8177.66,8.4896,395,38.66,23.0973
AC-092,310,-0.0002,0.0005,100.0,642.65,1605.66,1419.89,551.86,2388.14,9108.57,47.89,520.8,8181.51,8.5012,395,38.66,23.1339
AC-092,311,0.0009,-0.0001,100.0,643.11,1595.81,1427.3,552.97,2388.1,9111.76,47.91,520.37,8184.0,8.5269,396,38.57,23.1529
AC-092,312,-0.0035,0.0005,100.0,643.27,1602.2,1417.35,552.41,2388.13,9107.62,47.92,520.4,8180.7,8.5152,396,38.45,23.172
AC-092,313,-0.0024,0.0003,100.0,643.05,1602.0,1417.89,552.16,2388.1,9112.27,47.92,520.62,8178.06,8.502,395,38.5,23.1811
AC-092,314,0.002,0.0,100.0,643.02,1598.97,1418.0,552.08,2388.09,9103.52,47.97,520.36,8182.35,8.5025,396,38.63,23.2225
AC-092,315,-0.0036,-0.0004,100.0,642.85,1596.03,1416.63,552.46,2388.14,9107.07,47.96,520.63,8186.69,8.4351,395,38.74,23.2207
AC-092,316,-0.0017,0.0002,100.0,643.22,1599.9,1420.43,552.14,2388.13,9121.01,48.15,520.52,8180.85,8.4998,395,38.35,23.1849
AC-092,317,-0.0,-0.0002,100.0,643.39,1603.81,1429.09,552.6,2388.19,9114.45,48.04,521.07,8184.83,8.4945,395,38.73,23.2265
AC-092,318,0.0014,-0.0002,100.0,643.61,1599.34,1424.57,552.22,2388.16,9115.23,48.02,520.6,8184.48,8.498,395,38.5,23.0729
AC-092,319,-0.0027,0.0003,100.0,643.56,1601.69,1425.07,551.9,2388.2,9118.05,48.06,520.07,8181.54,8.507,395,38.51,23.2103
AC-092,320,0.0015,0.0002,100.0,643.31,1603.5,1421.89,552.59,2388.2,9116.34,48.14,520.05,8190.09,8.4957,397,38.5,23.0251
AC-092,321,0.0015,0.0006,100.0,643.73,1601.23,1425.6,551.73,2388.14,9118.02,48.03,520.48,8186.66,8.5099,397,38.26,23.1353
AC-092,322,-0.0047,-0.0,100.0,643.1,1595.79,1421.88,551.86,2388.17,9120.49,47.94,520.36,8185.9,8.5144,396,38.53,23.1435
AC-092,323,0.0024,0.0001,100.0,643.07,1605.0,1426.18,552.27,2388.23,9123.43,47.93,520.62,8191.07,8.4639,395,38.4,23.1423
AC-092,324,-0.0021,-0.0003,100.0,643.56,1600.14,1427.26,552.4,2388.18,9122.33,48.03,520.15,8188.6,8.5145,396,38.6,23.0718
AC-092,325,0.0023,0.0005,100.0,643.59,1609.03,1423.87,552.34,2388.13,9116.02,48.03,520.39,8187.56,8.5088,395,38.56,23.1559
AC-092,326,-0.0016,-0.0,100.0,643.29,1603.05,1429.19,552.14,2388.18,9120.87,47.78,520.85,8187.75,8.4913,395,38.43,23.037
AC-092,327,0.0008,0.0001,100.0,643.58,1602.9,1421.33,552.34,2388.15,9124.57,48.06,520.9,8195.07,8.508,396,38.45,23.1708
AC-092,328,-0.0018,0.0002,100.0,643.2,1604.25,1431.74,552.38,2388.17,9115.64,47.91,520.27,8186.57,8.5542,395,38.36,22.9785
AC-092,329,0.0023,0.0003,100.0,643.22,1602.52,1422.71,552.12,2388.16,9125.68,47.99,519.78,8196.62,8.4922,396,38.62,23.0517
AC-092,330,0.0029,0.0004,100.0,642.98,1597.48,1423.83,552.1,2388.15,9124.28,47.86,519.83,8188.9,8.501,394,38.46,23.2033
AC-092,331,0.0016,0.0005,100.0,643.33,1595.79,1419.96,551.84,2388.16,9125.7,47.94,519.66,8193.52,8.5141,396,38.48,23.0692
AC-092,332,-0.0044,-0.0003,100.0,643.23,1600.19,1429.95,551.56,2388.17,9131.55,48.03,519.75,8193.39,8.4952,394,38.49,23.0253
AC-092,333,-0.0025,0.0004,100.0,643.78,1600.8,1426.34,552.05,2388.21,9127.29,48.0,520.01,8192.24,8.5241,397,38.79,23.1304
AC-092,334,0.0003,0.0002,100.0,643.4,1604.03,1425.17,551.5,2388.13,9130.87,47.85,520.14,8194.6,8.5228,397,38.45,23.0678
AC-092,335,-0.0002,0.0004,100.0,643.66,1601.83,1432.0,551.35,2388.15,9130.7,48.07,520.04,8197.77,8.4789,396,38.36,23.0794
AC-092,336,-0.0035,0.0001,100.0,643.86,1601.27,1434.22,551.52,2388.17,9132.52,48.09,520.59,8201.25,8.5192,397,38.47,23.0699
AC-092,337,0.0027,-0.0,100.0,643.51,1600.95,1426.48,551.58,2388.17,9132.81,48.16,519.98,8194.88,8.4973,396,38.52,23.1537
AC-092,338,-0.002,0.0004,100.0,644.17,1600.59,1425.63,551.42,2388.14,9128.64,48.08,519.7,8201.61,8.5028,396,38.35,23.0181
AC-092,339,-0.0026,0.0003,100.0,643.41,1605.22,1428.24,551.18,2388.2,9137.65,48.19,519.92,8202.93,8.5063,395,38.4,23.0027
AC-092,340,0.0016,0.0005,100.0,644.02,1599.06,1429.58,550.77,2388.24,9138.69,48.14,519.66,8197.97,8.5268,396,38.56,23.0422
AC-092,341,-0.0,-0.0004,100.0,644.04,1607.05,1428.06,551.34,2388.23,9143.56,48.01,519.83,8201.66,8.5403,397,38.26,23.0719
AC-095,1,0.0007,-0.0003,100.0,641.95,1581.56,1387.38,555.01,2387.92,9074.19,47.2,522.74,8153.89,8.3884,393,38.98,23.4483
AC-095,2,-0.0007,0.0003,100.0,642.29,1585.51,1392.61,554.25,2388.01,9066.35,47.23,522.2,8151.85,8.3981,392,38.92,23.37
AC-095,3,-0.0012,-0.0002,100.0,642.7,1583.77,1394.14,554.72,2388.01,9069.28,46.85,522.69,8148.79,8.4014,394,38.9,23.4003
AC-095,4,-0.0019,0.0002,100.0,642.1,1581.29,1392.84,554.7,2388.05,9068.55,46.99,523.0,8148.08,8.3993,393,39.08,23.3178
AC-095,5,-0.0,0.0004,100.0,641.84,1587.07,1397.4,554.65,2388.02,9070.32,47.05,522.51,8144.88,8.4031,392,39.0,23.336
AC-095,6,0.0,-0.0001,100.0,641.96,1585.35,1391.89,554.8,2387.92,9062.02,47.2,522.62,8153.83,8.4136,392,39.05,23.4131
AC-095,7,-0.0022,-0.0001,100.0,642.18,1577.41,1399.15,555.03,2387.98,9073.2,47.09,522.41,8154.59,8.4035,392,38.98,23.4846
AC-095,8,0.0002,0.0002,100.0,642.05,1584.03,1392.44,554.46,2388.05,9071.82,47.28,522.26,8155.55,8.4043,390,38.94,23.3263
AC-095,9,-0.001,0.0,100.0,642.3,1589.42,1403.23,554.94,2387.99,9075.66,47.17,522.65,8151.13,8.406,391,38.99,23.5571
AC-095,10,0.004,-0.0004,100.0,641.97,1580.85,1392.92,554.64,2387.95,9079.37,47.05,522.32,8150.62,8.3772,392,39.07,23.435
AC-095,11,-0.0039,0.0004,100.0,642.17,1580.17,1391.9,554.23,2388.0,9065.5,47.13,522.61,8154.61,8.3855,391,39.19,23.4258
AC-095,12,-0.0006,0.0002,100.0,642.77,1581.11,1394.96,554.24,2387.99,9069.42,47.09,522.35,8149.33,8.4267,393,38.71,23.4034
AC-095,13,0.0006,0.0003,100.0,641.96,1579.14,1397.16,554.69,2388.0,9073.49,47.22,521.83,8150.0,8.3812,392,39.09,23.4318
AC-095,14,-0.0017,-0.0003,100.0,641.89,1582.89,1393.8,554.9,2387.91,9074.5,47.05,523.01,8151.47,8.3516,391,39.13,23.4343
AC-095,15,-0.0019,0.0002,100.0,641.3,1586.3,1393.76,554.55,2387.98,9069.95,47.18,522.58,8153.94,8.4019,392,39.12,23.4835
AC-095,16,0.0014,0.0003,100.0,642.32,1592.95,1400.76,554.73,2388.04,9068.86,47.07,521.95,8153.42,8.376,390,39.02,23.2972
AC-095,17,0.0023,-0.0003,100.0,642.08,1580.6,1397.17,554.14,2388.0,9069.57,47.07,522.41,8153.9,8.4093,391,39.11,23.3484
AC-095,18,0.0054,-0.0004,100.0,642.07,1577.97,1399.9,555.15,2388.0,9067.77,47.08,522.89,8147.51,8.4382,390,39.04,23.4898
AC-095,19,0.0037,-0.0002,100.0,642.0,1588.23,1388.48,554.69,2387.99,9063.33,47.11,522.89,8150.46,8.4159,392,38.89,23.4366
AC-095,20,0.0028,0.0002,100.0,642.45,1583.3,1395.34,554.3,2388.03,9065.74,47.19,522.57,8149.99,8.4166,391,39.17,23.3666
AC-095,21,0.0004,0.0002,100.0,642.12,1593.38,1392.33,554.81,2388.03,9064.57,47.21,521.96,8148.1,8.3511,391,39.06,23.4729
AC-095,22,0.005,-0.0001,100.0,641.84,1582.17,1391.81,554.55,2387.99,9069.16,47.1,522.83,8153.38,8.3757,392,39.03,23.4455
AC-095,23,-0.0021,0.0001,100.0,641.8,1575.04,1397.13,554.6,2387.93,9070.08,47.29,522.05,8154.35,8.4104,391,38.95,23.3788
AC-095,24,0.0035,0.0002,100.0,641.98,1585.72,1398.31,555.3,2387.97,9071.23,47.25,522.45,8147.34,8.3732,391,39.06,23.407
AC-095,25,-0.0048,0.0004,100.0,642.4,1583.59,1397.7,554.58,2387.95,9063.76,47.1,522.42,8149.76,8.3871,392,39.05,23.4489
AC-095,26,-0.0043,-0.0003,100.0,642.23,1586.48,1396.63,554.23,2388.01,9074.65,47.28,522.54,8149.77,8.4473,392,39.09,23.4367
AC-095,27,0.0019,0.0003,100.0,642.31,1582.21,1394.01,554.42,2388.06,9061.31,47.06,522.1,8148.16,8.3927,390,39.07,23.3856
AC-095,28,-0.0005,-0.0001,100.0,642.37,1585.04,1391.76,554.49,2388.02,9075.88,47.29,522.26,8153.57,8.3959,392,39.03,23.4403
AC-095,29,-0.0007,0.0,100.0,642.09,1583.66,1398.05,554.89,2387.94,9079.77,47.21,522.36,8149.55,8.3957,392,39.02,23.4545
AC-095,30,0.0034,-0.0004,100.0,641.85,1585.64,1394.45,554.54,2388.0,9066.67,47.34,521.93,8150.57,8.423,391,39.07,23.3813
AC-095,31,-0.0018,0.0003,100.0,642.3,1590.52,1399.81,554.52,2388.0,9067.08,47.22,522.17,8155.56,8.3745,390,38.98,23.3721
AC-095,32,-0.0039,0.0001,100.0,641.72,1582.27,1402.71,554.54,2387.95,9065.37,47.18,522.4,8144.59,8.4311,390,38.91,23.3865
AC-095,33,0.0016,-0.0004,100.0,641.55,1590.63,1399.09,554.1,2388.03,9068.15,47.12,521.71,8153.95,8.4021,393,39.11,23.4466
AC-095,34,-0.0015,-0.0,100.0,641.92,1589.0,1402.82,554.68,2388.02,9072.29,47.32,522.57,8152.62,8.379,391,38.97,23.3428
AC-095,35,0.0015,0.0005,100.0,642.4,1584.73,1401.7,555.07,2388.02,9067.48,47.13,522.01,8146.68,8.4079,392,39.05,23.432
AC-095,36,-0.0031,-0.0004,100.0,642.04,1590.03,1398.98,554.94,2388.05,9068.37,47.24,522.24,8147.0,8.3863,392,38.94,23.4308
AC-095,37,-0.0025,0.0002,100.0,641.96,1583.28,1402.33,554.59,2388.03,9069.38,47.25,522.19,8151.14,8.4193,391,38.94,23.3415
AC-095,38,0.0007,-0.0005,100.0,641.75,1589.11,1393.12,555.13,2388.0,9066.51,47.28,521.99,8151.73,8.3805,391,39.05,23.4627
AC-095,39,-0.0025,-0.0004,100.0,641.95,1581.66,1397.86,554.1,2388.02,9067.91,47.04,522.68,8151.08,8.3849,391,39.13,23.5627
AC-095,40,0.0024,-0.0002,100.0,642.58,1579.72,1397.73,553.96,2387.98,9065.43,47.18,522.31,8146.93,8.4018,393,39.06,23.5442
AC-095,41,0.002,-0.0003,100.0,641.59,1585.47,1404.29,554.02,2387.99,9061.27,47.46,522.49,8152.52,8.3802,391,39.03,23.3525
AC-095,42,-0.0016,-0.0001,100.0,642.33,1590.25,1397.99,553.98,2388.01,9072.0,47.15,522.81,8146.74,8.3495,392,38.89,23.4256
AC-095,43,-0.0007,-0.0004,100.0,642.03,1584.33,1399.94,554.81,2388.0,9066.59,47.36,523.03,8150.08,8.4152,391,38.96,23.5188
AC-095,44,-0.0005,-0.0004,100.0,641.96,1587.69,1397.5,553.63,2387.99,9065.16,47.11,522.76,8156.42,8.3756,391,39.03,23.4025
AC-095,45,0.0014,0.0003,100.0,642.3,1583.86,1398.33,554.78,2387.99,9072.27,47.13,522.71,8150.23,8.4047,392,38.99,23.4181
AC-095,46,-0.0013,0.0001,100.0,642.02,1577.92,1399.47,554.95,2388.02,9068.4,47.15,522.48,8148.79,8.3992,391,39.03,23.3803
AC-095,47,-0.002,-0.0003,100.0,642.4,1577.55,1399.76,554.41,2387.93,9064.74,47.23,522.58,8153.78,8.3903,391,38.92,23.391
AC-095,48,0.0006,0.0002,100.0,642.22,1583.56,1404.86,554.71,2387.95,9073.24,47.28,522.04,8149.93,8.4048,391,38.87,23.4361
AC-095,49,0.0028,-0.0002,100.0,641.98,1586.83,1398.0,554.45,2387.97,9061.2,47.33,522.05,8146.96,8.4161,394,38.85,23.2893
AC-095,50,0.0004,-0.0005,100.0,642.12,1593.21,1391.86,554.0,2388.0,9060.98,47.34,522.52,8152.89,8.3792,392,38.99,23.4067
AC-095,51,0.0022,-0.0004,100.0,642.23,1587.91,1397.38,555.12,2387.95,9068.2,46.97,522.43,8148.36,8.4209,390,38.95,23.5191
AC-095,52,-0.0036,-0.0002,100.0,642.4,1588.23,1401.23,554.1,2387.99,9069.15,47.31,522.55,8150.83,8.3787,392,39.06,23.4409
AC-095,53,0.0037,-0.0003,100.0,642.17,1588.17,1398.24,554.53,2388.03,9067.52,47.23,522.42,8155.36,8.3964,393,38.99,23.3749
AC-095,54,-0.0044,0.0003,100.0,641.46,1587.17,1399.17,554.39,2388.01,9063.54,47.13,522.2,8154.17,8.4254,391,38.97,23.4667
AC-095,55,0.0012,-0.0005,100.0,641.83,1589.14,1393.55,554.54,2388.01,9062.98,47.22,522.06,8144.55,8.3883,391,38.95,23.3812
AC-095,56,0.002,0.0001,100.0,642.33,1579.24,1399.08,554.16,2388.0,9068.7,47.12,522.53,8150.06,8.3919,390,39.2,23.3888
AC-095,57,0.0017,0.0003,100.0,641.91,1579.12,1396.6,554.66,2388.0,9071.14,47.07,522.06,8148.6,8.37,391,39.01,23.3966
AC-095,58,-0.001,0.0003,100.0,642.12,1589.09,1385.19,554.38,2387.96,9067.64,47.14,522.13,8150.29,8.4145,390,39.0,23.5333
AC-095,59,0.0034,0.0,100.0,641.78,1583.73,1393.7,554.01,2387.96,9073.22,47.23,522.68,8151.55,8.3946,390,39.07,23.4327
AC-095,60,0.0001,-0.0003,100.0,642.04,1587.87,1394.6,554.39,2387.96,9075.08,47.18,522.53,8150.32,8.4098,391,39.15,23.4324
AC-095,61,-0.0024,-0.0003,100.0,642.24,1587.45,1402.6,554.27,2388.07,9074.84,47.31,522.22,8146.3,8.4165,391,38.97,23.4084
AC-095,62,-0.0042,0.0002,100.0,641.78,1576.36,1399.9,554.1,2388.05,9066.72,47.23,522.7,8148.08,8.4068,392,38.88,23.2807
AC-095,63,-0.0027,-0.0002,100.0,642.33,1576.15,1399.66,554.42,2388.0,9073.46,47.14,522.56,8150.25,8.4254,391,39.02,23.3505
AC-095,64,-0.0013,0.0,100.0,642.11,1585.01,1392.21,555.06,2387.97,9077.08,47.08,522.29,8155.2,8.3834,391,39.05,23.456
AC-095,65,0.0032,-0.0005,100.0,642.36,1582.01,1400.4,555.64,2387.96,9068.88,47.33,522.45,8151.86,8.3818,393,38.92,23.3155
AC-095,66,-0.0024,0.0002,100.0,641.99,1579.36,1399.82,555.01,2387.98,9065.63,47.11,522.16,8150.91,8.3968,392,38.85,23.3596
AC-095,67,-0.002,0.0004,100.0,642.18,1585.97,1394.71,554.25,2387.97,9075.63,47.24,522.17,8146.59,8.3907,392,38.9,23.4372
AC-095,68,-0.0013,-0.0002,100.0,641.75,1579.66,1403.48,554.44,2388.01,9067.73,47.21,521.9,8147.63,8.3917,393,39.07,23.4962
AC-095,69,0.0028,-0.0001,100.0,642.49,1581.55,1397.54,554.43,2388.0,9069.3,47.19,521.99,8146.72,8.3908,393,39.06,23.3071
AC-095,70,0.0022,0.0002,100.0,642.31,1584.75,1395.67,554.99,2387.99,9065.54,47.43,522.33,8154.0,8.4136,392,38.98,23.3647
AC-095,71,-0.0024,-0.0,100.0,641.82,1588.7,1397.86,554.85,2388.02,9065.18,47.03,521.92,8149.46,8.4022,391,39.06,23.4485
AC-095,72,-0.0006,0.0001,100.0,641.76,1582.8,1399.66,554.38,2388.05,9065.97,47.27,521.84,8148.06,8.416,392,39.12,23.3942
AC-095,73,0.0014,0.0002,100.0,641.89,1591.38,1397.57,553.84,2388.01,9064.99,47.19,522.58,8152.57,8.3979,392,38.92,23.3184
AC-095,74,0.0023,-0.0002,100.0,641.71,1583.15,1401.99,553.85,2388.01,9064.72,47.24,522.74,8146.07,8.414,391,38.93,23.4971
AC-095,75,0.0016,0.0003,100.0,641.61,1581.14,1400.82,554.06,2387.99,9070.46,47.18,522.43,8148.99,8.4092,393,39.0,23.3081
AC-095,76,-0.0006,-0.0001,100.0,641.91,1584.51,1392.36,554.5,2388.04,9072.52,47.29,522.13,8153.8,8.3879,391,39.07,23.4344
AC-095,77,0.0043,0.0001,100.0,642.8,1578.35,1398.83,554.46,2388.0,9070.43,47.21,521.97,8156.51,8.3708,391,39.15,23.3313
AC-095,78,0.003,-0.0003,100.0,642.55,1585.96,1392.8,554.29,2387.96,9063.02,47.11,522.39,8149.53,8.3958,392,39.22,23.4162
AC-095,79,0.0024,0.0,100.0,642.15,1586.93,1397.07,553.84,2388.0,9068.29,47.23,522.22,8155.0,8.3822,391,39.15,23.3262
AC-095,80,-0.0013,0.0003,100.0,641.96,1583.86,1392.35,553.8,2388.03,9067.9,47.3,522.18,8145.71,8.373,390,39.02,23.4595
AC-095,81,-0.0017,0.0002,100.0,642.04,1584.35,1394.84,554.74,2388.01,9077.45,47.43,522.08,8152.0,8.3921,391,39.02,23.4055
AC-095,82,-0.0024,-0.0003,100.0,641.74,1584.75,1394.62,553.72,2388.01,9066.38,47.08,521.88,8149.11,8.3956,390,38.93,23.4541
AC-095,83,-0.0004,0.0004,100.0,642.28,1583.52,1408.22,554.99,2388.04,9074.54,47.27,522.57,8151.64,8.4035,392,39.09,23.3536
AC-095,84,0.0004,0.0003,100.0,642.58,1591.9,1397.98,554.66,2388.0,9065.7,47.23,522.51,8155.01,8.3802,391,39.11,23.4007
AC-095,85,-0.0019,0.0003,100.0,641.91,1581.22,1400.16,554.8,2388.0,9067.21,47.18,522.46,8150.84,8.4153,390,39.04,23.3966
AC-095,86,0.0005,-0.0001,100.0,642.34,1580.64,1397.34,554.18,2387.96,9071.99,47.45,521.9,8149.49,8.3923,393,39.01,23.5311
AC-095,87,0.0031,-0.0001,100.0,642.26,1591.11,1397.78,554.02,2387.98,9060.76,47.16,522.48,8150.17,8.3855,392,39.04,23.5197
AC-095,88,0.0005,-0.0003,100.0,642.1,1580.42,1398.26,554.11,2387.97,9069.27,47.11,521.8,8149.45,8.4405,392,38.96,23.3708
AC-095,89,0.0026,-0.0001,100.0,642.06,1587.62,1393.99,553.6,2387.99,9071.33,47.4,521.92,8152.78,8.4024,391,39.05,23.3651
AC-095,90,0.0003,0.0004,100.0,642.28,1588.46,1406.19,554.23,2388.01,9062.57,47.09,522.45,8146.93,8.392,392,38.92,23.4211
AC-095,91,-0.0015,0.0003,100.0,642.07,1583.01,1394.44,554.71,2387.99,9068.74,47.28,522.81,8151.77,8.4039,391,38.99,23.3145
AC-095,92,-0.0045,0.0001,100.0,642.51,1582.87,1397.31,553.39,2387.97,9069.2,47.12,522.24,8151.22,8.3978,393,38.88,23.3029
AC-095,93,0.0008,0.0003,100.0,642.13,1589.76,1407.41,554.41,2388.01,9077.07,47.1,522.37,8148.3,8.3799,389,39.08,23.432
AC-095,94,-0.0016,0.0001,100.0,641.33,1581.77,1396.4,553.69,2388.01,9071.65,47.08,522.24,8152.75,8.3808,391,38.97,23.3824
AC-095,95,-0.0013,0.0002,100.0,642.36,1592.95,1395.68,554.49,2388.01,9078.51,47.13,522.64,8157.82,8.4018,392,38.83,23.4057
AC-095,96,0.0,-0.0002,100.0,642.34,1591.09,1404.42,554.32,2388.0,9069.33,47.16,522.4,8152.24,8.3689,394,39.0,23.4466
AC-095,97,-0.0014,-0.0003,100.0,642.18,1590.79,1392.48,554.74,2388.0,9069.59,47.14,522.21,8146.5,8.4375,392,39.09,23.333
AC-095,98,-0.0013,0.0005,100.0,642.08,1583.36,1400.98,554.37,2388.03,9075.3,47.24,522.59,8150.06,8.4211,391,39.04,23.313
AC-095,99,0.0015,0.0004,100.0,642.38,1580.28,1404.26,553.76,2387.98,9065.33,47.2,522.61,8148.45,8.4175,393,38.99,23.5004
AC-095,100,0.0008,0.0001,100.0,642.54,1589.45,1402.46,554.59,2388.01,9069.05,47.11,522.45,8154.65,8.4363,392,38.92,23.3356
AC-095,101,-0.0039,0.0,100.0,641.79,1585.48,1397.83,554.3,2387.96,9066.38,47.32,522.28,8155.53,8.4474,392,38.88,23.4572
AC-095,102,0.0014,-0.0005,100.0,642.33,1587.3,1392.28,554.15,2388.02,9070.74,47.33,522.52,8151.32,8.3973,391,39.02,23.38
AC-095,103,-0.0013,-0.0002,100.0,641.56,1592.15,1399.89,554.19,2388.02,9072.13,47.23,522.11,8152.97,8.3962,392,39.01,23.4325
AC-095,104,0.0025,0.0004,100.0,642.55,1593.81,1403.41,554.25,2388.03,9069.96,47.28,522.34,8153.52,8.4069,392,39.14,23.3588
AC-095,105,-0.0013,0.0002,100.0,642.34,1588.83,1404.64,554.26,2387.99,9065.28,47.18,521.76,8149.55,8.3617,393,39.07,23.4055
AC-095,106,-0.0006,0.0005,100.0,641.81,1580.34,1401.84,554.74,2388.03,9062.61,47.2,522.26,8151.57,8.4111,392,38.98,23.5379
AC-095,107,0.0003,0.0004,100.0,641.8,1587.09,1403.51,554.42,2388.03,9077.5,47.33,522.1,8148.3,8.4281,392,39.03,23.3986
AC-095,108,0.0004,0.0005,100.0,642.13,1587.76,1397.98,554.02,2388.0,9067.8,47.33,522.49,8155.49,8.3961,392,39.04,23.451
AC-095,109,-0.0008,0.0003,100.0,642.24,1595.25,1403.28,554.66,2388.02,9070.75,47.13,522.22,8152.11,8.3982,390,39.08,23.4312
AC-095,110,0.0013,-0.0004,100.0,642.46,1582.91,1405.19,554.41,2387.95,9066.11,47.27,522.27,8144.87,8.4525,392,38.78,23.3485
AC-095,111,0.0028,-0.0,100.0,642.12,1578.68,1403.06,554.26,2388.01,9073.19,47.31,522.56,8153.99,8.3703,393,39.06,23.3337
AC-095,112,-0.0007,0.0001,100.0,642.4,1591.13,1397.0,553.28,2387.97,9076.87,47.19,521.98,8154.62,8.4013,391,38.86,23.4631
AC-095,113,-0.0009,0.0001,100.0,642.41,1591.1,1400.5,553.68,2388.0,9068.47,47.17,522.17,8153.25,8.3958,391,38.93,23.4026
AC-095,114,-0.0019,0.0002,100.0,641.97,1581.33,1397.52,554.46,2387.96,9075.74,47.37,522.63,8158.13,8.4055,392,39.01,23.3446
AC-095,115,-0.0006,-0.0004,100.0,642.52,1591.47,1401.33,554.06,2388.0,9069.48,47.34,522.19,8150.67,8.3913,391,39.07,23.4132
AC-095,116,-0.003,0.0002,100.0,641.85,1582.95,1400.42,554.46,2388.04,9071.59,47.03,522.21,8155.0,8.4088,392,39.13,23.3432
AC-095,117,-0.001,0.0001,100.0,642.63,1581.96,1392.27,554.38,2387.97,9072.45,47.1,522.3,8149.85,8.399,391,38.89,23.4329
AC-095,118,0.0013,-0.0005,100.0,642.59,1583.32,1392.45,554.26,2387.97,9066.59,47.2,522.2,8150.12,8.4147,390,39.1,23.4153
AC-095,119,-0.0017,-0.0,100.0,642.71,1588.53,1399.35,554.72,2387.98,9074.87,47.18,522.09,8150.12,8.4344,392,38.9,23.3867
AC-095,120,-0.003,-0.0002,100.0,642.11,1576.77,1399.03,554.43,2388.04,9066.56,47.04,522.29,8148.63,8.4085,391,38.92,23.3877
AC-095,121,-0.0017,-0.0002,100.0,642.41,1584.43,1405.4,553.66,2388.0,9075.52,47.27,522.25,8152.32,8.4346,393,39.01,23.3196
AC-095,122,0.0057,-0.0005,100.0,642.28,1586.48,1395.38,553.84,2388.03,9076.06,47.23,522.69,8151.69,8.4041,391,39.01,23.3606
AC-095,123,-0.0001,0.0001,100.0,642.05,1584.43,1403.02,554.86,2388.03,9076.81,47.2,522.42,8158.06,8.3878,391,38.94,23.3338
AC-095,124,-0.0003,0.0002,100.0,642.28,1584.2,1396.44,554.11,2388.01,9067.29,47.27,522.45,8149.14,8.4035,391,39.06,23.3633
AC-095,125,0.0017,0.0001,100.0,641.85,1584.78,1401.17,554.22,2388.01,9073.39,47.22,522.04,8151.12,8.4315,391,38.96,23.4351
AC-095,126,0.0018,0.0003,100.0,642.43,1588.4,1397.39,553.87,2388.01,9064.51,47.25,522.68,8150.02,8.4064,392,39.02,23.4135
AC-095,127,0.0023,0.0003,100.0,642.77,1588.68,1398.64,553.94,2387.96,9067.16,47.22,522.19,8158.17,8.3856,393,39.12,23.392
AC-095,128,0.0012,0.0001,100.0,642.12,1588.53,1405.04,554.3,2388.05,9064.85,47.36,522.15,8152.31,8.4027,391,39.02,23.3738
AC-095,129,-0.0033,0.0001,100.0,642.74,1590.89,1398.99,553.73,2387.95,9074.2,47.36,521.93,8154.89,8.4176,393,38.99,23.2857
AC-095,130,0.0019,0.0002,100.0,642.51,1579.22,1396.7,554.31,2387.98,9068.78,47.2,522.13,8148.32,8.3894,392,38.95,23.2674
AC-095,131,-0.0036,-0.0004,100.0,642.82,1581.63,1397.16,553.82,2388.03,9079.23,47.28,522.19,8156.33,8.3985,391,38.9,23.3979
AC-095,132,0.0015,0.0002,100.0,642.03,1587.62,1400.74,554.47,2388.05,9067.97,47.29,522.87,8151.92,8.4033,392,38.91,23.3719
AC-095,133,0.0004,-0.0001,100.0,642.43,1588.11,1397.39,554.08,2387.99,9077.36,47.28,522.41,8156.64,8.404,390,39.1,23.3421
AC-095,134,0.0022,-0.0003,100.0,642.54,1590.29,1399.8,554.67,2388.01,9072.7,47.32,521.28,8153.46,8.4506,392,38.93,23.3081
AC-095,135,-0.0009,0.0,100.0,642.11,1586.87,1400.93,554.82,2388.0,9079.33,47.3,521.69,8157.59,8.4129,392,39.16,23.3882
AC-095,136,0.006,0.0001,100.0,641.94,1587.8,1403.51,553.95,2388.02,9072.33,47.38,521.96,8151.48,8.4359,393,38.93,23.237
AC-095,137,-0.002,0.0001,100.0,641.83,1587.74,1400.25,554.29,2388.03,9070.15,47.34,522.16,8146.51,8.4162,392,39.01,23.445
AC-095,138,0.0046,0.0004,100.0,642.56,1590.99,1405.51,554.24,2388.0,9072.56,47.42,522.22,8153.39,8.4243,392,38.95,23.367
AC-095,139,-0.0011,-0.0003,100.0,642.87,1581.36,1395.12,553.95,2387.99,9074.08,47.38,521.78,8151.23,8.4018,393,38.76,23.4701
AC-095,140,-0.0023,0.0005,100.0,642.39,1592.17,1399.15,553.52,2388.02,9075.4,47.28,522.45,8151.36,8.4115,393,38.91,23.4167
AC-095,141,-0.0021,0.0005,100.0,642.59,1590.99,1400.57,553.63,2388.02,9076.59,47.23,522.4,8151.05,8.409,392,39.15,23.3256
AC-095,142,-0.0011,-0.0003,100.0,642.73,1582.42,1408.5,554.74,2388.01,9075.65,47.22,521.69,8155.1,8.3956,393,38.96,23.4092
AC-095,143,0.0014,0.0002,100.0,641.78,1587.17,1399.26,554.05,2388.04,9072.95,47.27,521.77,8151.48,8.4383,392,38.95,23.3957
AC-095,144,0.0004,0.0004,100.0,642.28,1584.55,1400.7,553.98,2388.04,9077.21,47.38,522.55,8158.38,8.4145,392,38.84,23.4767
AC-095,145,-0.0042,-0.0002,100.0,642.32,1583.14,1399.38,553.96,2388.09,9068.38,47.31,521.85,8157.48,8.4153,391,38.86,23.3159
AC-095,146,-0.0027,-0.0003,100.0,641.89,1590.89,1396.8,554.39,2388.02,9072.44,47.31,521.56,8152.83,8.4049,394,38.94,23.4033
AC-095,147,-0.0024,-0.0002,100.0,642.34,1584.97,1399.64,553.96,2388.07,9077.03,47.33,522.15,8151.56,8.3504,392,38.9,23.3908
AC-095,148,0.0022,-0.0,100.0,642.03,1584.78,1407.54,554.27,2387.99,9073.2,47.35,522.22,8153.59,8.387,393,39.1,23.3138
AC-095,149,-0.0024,-0.0003,100.0,641.98,1592.61,1405.6,553.77,2388.04,9070.98,47.25,522.73,8152.62,8.4123,393,38.94,23.3638
AC-095,150,0.0005,-0.0002,100.0,642.39,1585.21,1409.2,553.65,2388.01,9068.11,47.44,522.28,8156.36,8.4127,393,39.13,23.4728
AC-095,151,0.0012,0.0002,100.0,642.24,1581.38,1402.65,554.49,2388.0,9069.42,47.24,522.18,8149.05,8.4186,393,39.0,23.2735
AC-095,152,0.001,-0.0002,100.0,641.91,1590.39,1399.01,554.8,2388.03,9072.97,47.32,522.57,8146.42,8.4122,392,38.93,23.467
AC-095,153,-0.0055,-0.0003,100.0,642.91,1590.99,1398.15,553.82,2388.04,9077.08,47.26,521.88,8156.14,8.413,391,39.0,23.4206
AC-095,154,0.0012,0.0001,100.0,641.82,1589.22,1400.55,553.28,2388.01,9072.53,47.4,522.14,8152.0,8.3719,391,38.93,23.3483
AC-095,155,0.0017,-0.0003,100.0,641.82,1584.81,1399.21,554.19,2388.01,9074.59,47.29,522.54,8155.37,8.4199,391,38.95,23.2489
AC-095,156,0.0024,0.0,100.0,642.9,1579.08,1398.26,554.04,2388.05,9078.91,47.29,521.64,8155.47,8.4317,393,38.8,23.3931
AC-095,157,0.0021,0.0002,100.0,642.49,1585.71,1408.04,553.8,2388.03,9074.32,47.18,521.3,8160.11,8.4111,393,38.87,23.2966
AC-095,158,0.0025,0.0003,100.0,642.06,1584.05,1401.99,553.99,2388.0,9078.64,47.44,521.87,8154.57,8.4353,392,38.88,23.4948
AC-095,159,0.0044,0.0003,100.0,642.27,1580.42,1393.35,553.72,2388.0,9076.53,47.46,522.02,8153.86,8.3846,394,38.81,23.4131
AC-095,160,-0.0008,-0.0,100.0,643.02,1591.79,1401.55,553.86,2388.14,9077.23,47.43,521.77,8151.77,8.3719,392,38.92,23.3938
AC-095,161,-0.0015,0.0004,100.0,642.53,1585.48,1405.04,553.79,2388.06,9077.64,47.33,521.97,8156.32,8.4415,391,38.94,23.2145
AC-095,162,-0.0014,0.0,100.0,642.61,1583.17,1400.5,553.76,2388.03,9078.51,47.4,521.83,8156.3,8.3958,392,39.05,23.3126
AC-095,163,-0.0019,0.0003,100.0,642.37,1586.48,1405.83,553.86,2388.02,9077.46,47.35,521.7,8156.02,8.3691,392,39.0,23.2776
AC-095,164,0.0028,0.0001,100.0,641.79,1590.34,1412.12,553.75,2388.01,9070.99,47.35,522.28,8161.02,8.3877,393,39.0,23.381
AC-095,165,0.0014,-0.0004,100.0,642.18,1587.17,1403.68,554.24,2388.02,9069.13,47.2,522.05,8154.15,8.4267,393,38.87,23.3095
AC-095,166,0.0052,0.0001,100.0,642.74,1588.49,1399.51,554.56,2387.98,9080.4,47.33,521.51,8155.09,8.4175,393,39.06,23.4982
AC-095,167,-0.0012,-0.0003,100.0,642.5,1585.29,1411.22,553.82,2388.01,9078.42,47.47,522.2,8156.52,8.4283,391,39.0,23.3513
AC-095,168,0.0009,-0.0004,100.0,642.38,1586.19,1395.87,553.64,2388.01,9078.55,47.44,521.72,8159.1,8.4354,393,38.9,23.2932
AC-095,169,-0.0,-0.0005,100.0,642.53,1585.09,1403.81,554.87,2388.02,9080.36,47.28,522.1,8160.45,8.4001,393,38.99,23.2581
AC-095,170,0.0016,-0.0003,100.0,641.9,1590.12,1401.84,553.88,2388.06,9074.09,47.26,521.87,8155.02,8.4337,392,38.9,23.3517
AC-095,171,0.0004,-0.0001,100.0,641.99,1579.98,1405.06,553.43,2388.01,9074.24,47.33,522.1,8149.76,8.4248,393,39.05,23.4166
AC-095,172,0.0027,0.0004,100.0,642.22,1586.2,1395.96,553.54,2388.01,9078.67,47.49,521.87,8150.58,8.4182,392,38.91,23.3969
AC-095,173,-0.0042,0.0001,100.0,642.08,1592.64,1400.55,553.53,2388.03,9078.97,47.35,522.06,8152.55,8.4155,393,38.9,23.4406
AC-095,174,-0.0,-0.0005,100.0,642.43,1585.27,1403.68,554.57,2388.03,9077.69,47.52,521.88,8154.86,8.4061,392,38.94,23.2876
AC-095,175,0.0014,-0.0,100.0,642.47,1584.35,1399.68,553.93,2388.03,9080.31,47.31,522.16,8155.27,8.4165,392,38.88,23.2629
AC-095,176,-0.0007,-0.0004,100.0,642.37,1587.69,1408.49,554.58,2388.06,9071.81,47.3,521.42,8151.52,8.4247,393,39.09,23.3448
AC-095,177,-0.0033,-0.0001,100.0,642.31,1594.42,1392.6,553.65,2388.02,9077.13,47.48,522.22,8153.06,8.4138,392,39.06,23.384
AC-095,178,0.0031,-0.0001,100.0,641.97,1587.07,1401.88,553.4,2388.04,9082.41,47.35,521.86,8160.05,8.4246,393,38.91,23.3981
AC-095,179,0.0031,0.0002,100.0,642.61,1587.74,1403.9,553.5,2388.03,9077.23,47.41,521.43,8161.33,8.4601,393,38.82,23.372
AC-095,180,-0.0007,-0.0,100.0,642.02,1582.67,1401.78,553.67,2388.01,9080.85,47.43,521.62,8160.5,8.425,392,38.84,23.2953
AC-095,181,0.0039,-0.0001,100.0,642.71,1588.76,1404.52,553.92,2388.07,9080.77,47.23,521.89,8155.95,8.4407,391,38.75,23.325
AC-095,182,0.0034,-0.0003,100.0,642.09,1588.55,1404.45,553.2,2388.07,9074.9,47.41,521.65,8153.35,8.4415,393,38.94,23.2994
AC-095,183,0.0007,0.0004,100.0,642.29,1585.09,1399.66,553.69,2388.04,9068.98,47.41,521.85,8156.57,8.4162,393,38.96,23.3933
AC-095,184,0.0009,-0.0004,100.0,642.58,1587.84,1407.53,554.13,2388.02,9079.87,47.46,521.87,8155.43,8.4641,393,38.84,23.2227
AC-095,185,-0.0017,0.0003,100.0,643.08,1592.45,1407.79,554.27,2388.06,9080.77,47.28,521.05,8156.42,8.4388,393,38.76,23.3264
AC-095,186,0.0019,-0.0002,100.0,643.16,1592.0,1412.64,553.41,2388.04,9076.71,47.26,521.2,8156.79,8.4326,393,38.95,23.1849
AC-095,187,-0.0029,-0.0,100.0,642.74,1587.24,1401.49,553.53,2388.05,9078.4,47.46,521.85,8151.65,8.4545,392,38.86,23.3067
AC-095,188,-0.0028,0.0002,100.0,642.16,1588.01,1410.54,552.5,2388.08,9082.81,47.37,521.79,8157.0,8.4442,392,38.96,23.3167
AC-095,189,0.003,0.0002,100.0,643.02,1590.43,1408.82,553.66,2388.06,9084.41,47.53,522.19,8155.87,8.3769,392,38.79,23.3154
AC-095,190,0.0008,-0.0002,100.0,642.54,1590.8,1406.08,553.9,2388.09,9084.04,47.43,521.08,8149.55,8.4189,394,39.0,23.256
AC-095,191,0.001,-0.0001,100.0,642.69,1583.4,1405.29,553.42,2388.05,9082.56,47.34,520.96,8159.18,8.4268,394,38.99,23.3554
AC-095,192,-0.0041,0.0002,100.0,642.55,1586.0,1400.74,554.33,2388.02,9079.42,47.43,521.44,8156.21,8.3995,393,38.93,23.3611
AC-095,193,-0.0009,0.0003,100.0,642.43,1584.59,1403.75,553.64,2388.06,9077.81,47.5,521.95,8159.97,8.4242,394,38.7,23.4737
AC-095,194,0.0044,-0.0,100.0,642.44,1599.01,1401.81,553.18,2388.05,9081.54,47.35,522.04,8159.3,8.4459,393,38.96,23.3818
AC-095,195,-0.0009,0.0001,100.0,642.54,1588.55,1411.99,553.48,2388.06,9082.55,47.47,521.36,8152.74,8.4484,392,38.73,23.3213
AC-095,196,-0.001,-0.0004,100.0,642.47,1588.04,1409.74,553.0,2388.12,9073.66,47.39,521.71,8149.73,8.4228,391,39.02,23.4345
AC-095,197,0.0011,0.0001,100.0,643.02,1589.01,1402.16,553.63,2388.08,9078.29,47.66,521.72,8156.08,8.4606,393,38.96,23.3095
AC-095,198,0.0013,-0.0001,100.0,642.28,1590.39,1409.82,553.39,2388.08,9070.99,47.67,521.33,8159.97,8.4566,395,38.83,23.3629
AC-095,199,0.0007,-0.0003,100.0,642.59,1592.07,1408.87,554.19,2388.06,9077.04,47.57,522.23,8160.43,8.449,394,38.74,23.3208
AC-095,200,0.0001,0.0004,100.0,642.26,1588.46,1410.83,554.15,2388.09,9078.18,47.35,521.46,8158.19,8.4382,392,38.82,23.2417
AC-095,201,0.002,-0.0005,100.0,643.18,1592.75,1408.54,553.8,2388.11,9089.03,47.42,521.82,8155.25,8.4441,394,38.93,23.3059
AC-095,202,-0.0019,0.0003,100.0,642.94,1586.51,1408.2,553.52,2388.08,9086.98,47.56,521.51,8158.79,8.4391,393,38.86,23.2139
AC-095,203,-0.0025,0.0001,100.0,642.41,1586.44,1409.74,553.79,2388.03,9082.55,47.55,521.94,8154.5,8.4316,394,38.86,23.3468
AC-095,204,-0.0035,0.0001,100.0,642.57,1592.87,1410.59,553.55,2388.08,9092.37,47.39,521.5,8163.76,8.4315,393,38.88,23.4003
AC-095,205,0.0029,0.0004,100.0,642.81,1594.49,1411.49,553.49,2388.06,9077.51,47.57,521.29,8157.92,8.4657,394,38.91,23.4012
AC-095,206,-0.0019,-0.0002,100.0,642.36,1587.01,1406.57,553.06,2388.11,9089.8,47.43,521.57,8159.97,8.4716,393,38.98,23.2798
AC-095,207,0.0012,0.0001,100.0,642.42,1590.51,1412.31,553.97,2388.07,9075.8,47.54,521.06,8157.73,8.4649,394,38.94,23.3592
AC-095,208,0.0025,0.0003,100.0,642.92,1593.0,1403.58,553.46,2388.07,9081.94,47.49,522.04,8158.82,8.4313,391,38.81,23.2553
AC-095,209,0.0006,0.0002,100.0,642.51,1595.87,1404.78,553.29,2388.05,9082.52,47.66,521.34,8155.3,8.4352,393,38.85,23.4043
AC-095,210,-0.0017,0.0,100.0,643.0,1586.67,1409.24,553.39,2388.05,9084.26,47.49,521.13,8158.8,8.4083,392,38.68,23.3064
AC-095,211,0.0008,-0.0002,100.0,642.67,1593.03,1404.44,553.27,2388.07,9082.59,47.66,521.67,8164.41,8.4779,393,38.92,23.2911
AC-095,212,0.0015,-0.0003,100.0,642.85,1592.81,1411.26,553.47,2388.09,9080.32,47.34,520.61,8159.35,8.4445,393,38.74,23.1327
AC-095,213,0.0015,0.0005,100.0,643.14,1590.59,1415.19,553.36,2388.08,9092.1,47.64,521.48,8161.84,8.4234,392,38.72,23.2328
AC-095,214,0.0016,-0.0003,100.0,642.06,1587.7,1409.15,553.91,2388.04,9076.22,47.49,521.63,8158.03,8.445,394,38.75,23.291
AC-095,215,0.0027,-0.0005,100.0,642.37,1592.25,1410.6,553.38,2388.06,9082.72,47.65,520.93,8160.0,8.4598,393,38.55,23.3309
AC-095,216,0.0017,-0.0003,100.0,642.64,1594.5,1405.95,554.0,2388.12,9086.86,47.47,521.78,8159.55,8.4392,393,38.91,23.358
AC-095,217,0.0012,0.0002,100.0,642.5,1591.88,1407.93,552.73,2388.08,9082.1,47.65,521.81,8161.27,8.4275,392,38.85,23.1949
AC-095,218,-0.0041,-0.0003,100.0,642.36,1593.46,1413.2,553.01,2388.05,9091.58,47.68,521.53,8164.96,8.4614,394,38.66,23.329
AC-095,219,-0.0042,0.0004,100.0,642.54,1588.5,1413.89,553.03,2388.01,9086.62,47.5,521.37,8164.37,8.452,393,38.87,23.3002
AC-095,220,-0.0,0.0004,100.0,642.59,1591.11,1410.51,553.5,2388.08,9087.78,47.53,520.99,8166.16,8.429,393,38.86,23.1862
AC-095,221,0.0022,0.0,100.0,642.79,1593.47,1407.35,553.82,2388.13,9080.7,47.53,521.24,8161.25,8.4959,394,38.68,23.3632
AC-095,222,-0.0028,0.0003,100.0,643.17,1587.47,1412.71,552.94,2388.11,9089.71,47.6,521.12,8161.34,8.4396,395,38.7,23.275
AC-095,223,0.0041,0.0003,100.0,643.01,1594.59,1417.29,553.67,2388.06,9086.41,47.6,521.38,8162.64,8.4695,393,38.76,23.2584
AC-095,224,-0.0017,-0.0,100.0,643.32,1593.76,1413.4,553.37,2388.08,9088.61,47.36,521.75,8163.54,8.4646,394,38.69,23.2738
AC-095,225,-0.0002,0.0002,100.0,642.83,1589.24,1412.13,553.22,2388.1,9083.77,47.55,521.91,8165.7,8.4687,392,38.75,23.1903
AC-095,226,-0.0033,-0.0001,100.0,642.63,1595.26,1413.93,553.31,2388.1,9091.97,47.61,520.79,8158.08,8.4554,394,38.81,23.3485
AC-095,227,0.0008,-0.0001,100.0,642.98,1590.97,1410.36,553.26,2388.01,9095.71,47.52,521.44,8158.27,8.4726,393,38.85,23.3497
AC-095,228,-0.001,0.0001,100.0,643.41,1593.95,1409.01,552.83,2388.11,9086.8,47.56,521.51,8169.51,8.4403,393,38.62,23.2262
AC-095,229,0.0012,0.0003,100.0,642.69,1595.2,1403.5,553.44,2388.1,9084.68,47.66,521.25,8163.34,8.4796,393,38.77,23.2904
AC-095,230,-0.0016,0.0003,100.0,642.45,1588.33,1419.72,553.2,2388.16,9086.83,47.71,521.33,8163.36,8.4618,393,38.77,23.1725
AC-095,231,0.0018,-0.0001,100.0,642.62,1588.75,1413.11,552.38,2388.03,9083.0,47.63,521.34,8163.01,8.4697,395,38.66,23.1973
AC-095,232,0.0,-0.0002,100.0,643.04,1597.96,1425.23,552.74,2388.08,9082.75,47.47,520.48,8164.96,8.4545,394,38.65,23.2602
AC-095,233,0.0005,-0.0004,100.0,643.23,1584.05,1416.52,553.18,2388.11,9092.11,47.78,521.56,8165.77,8.4943,392,38.71,23.2971
AC-095,234,0.0015,-0.0001,100.0,642.69,1592.35,1416.54,552.93,2388.1,9092.3,47.57,520.77,8162.47,8.4626,395,38.81,23.214
AC-095,235,0.0004,-0.0,100.0,642.78,1583.39,1413.07,552.51,2388.11,9089.11,47.61,521.25,8161.97,8.4374,394,38.67,23.2588
AC-095,236,-0.0008,0.0004,100.0,642.92,1587.95,1420.27,553.52,2388.08,9100.9,47.7,521.31,8169.56,8.4865,395,38.7,23.204
AC-095,237,-0.0021,-0.0002,100.0,643.27,1596.17,1411.07,552.12,2388.11,9095.51,47.73,520.96,8163.19,8.4452,393,38.69,23.2732
AC-095,238,-0.0033,0.0005,100.0,643.34,1592.91,1411.04,551.96,2388.1,9085.08,47.87,520.87,8167.99,8.4479,391,38.6,23.3056
AC-095,239,-0.0033,-0.0,100.0,643.05,1597.28,1421.15,552.59,2388.09,9094.44,47.88,521.09,8169.4,8.4521,394,38.9,23.1602
AC-095,240,0.0005,0.0003,100.0,642.84,1592.3,1416.72,552.67,2388.13,9090.11,47.71,521.23,8167.43,8.4917,393,38.61,23.2902
AC-095,241,0.0019,-0.0003,100.0,643.14,1594.93,1417.09,553.17,2388.11,9086.96,47.73,520.99,8171.33,8.485,395,38.76,23.306
AC-095,242,0.0001,-0.0001,100.0,642.8,1597.89,1414.26,552.82,2388.1,9092.96,47.71,521.39,8170.38,8.4742,395,38.63,23.14
AC-095,243,0.003,-0.0005,100.0,642.83,1594.59,1414.52,552.93,2388.09,9093.85,47.67,521.22,8167.93,8.4672,394,38.54,23.1678
AC-095,244,-0.0014,-0.0003,100.0,643.7,1591.34,1412.59,553.92,2388.08,9093.27,47.68,520.85,8163.49,8.4792,397,38.73,23.1629
AC-095,245,0.0046,0.0004,100.0,642.93,1591.21,1414.35,553.12,2388.11,9097.44,47.72,520.66,8162.63,8.4425,395,38.51,23.1956
AC-095,246,-0.0012,-0.0002,100.0,643.3,1600.9,1413.57,552.54,2388.13,9101.05,47.69,521.21,8167.64,8.4612,394,38.67,23.1091
AC-095,247,-0.0012,-0.0004,100.0,642.69,1589.24,1416.05,552.78,2388.14,9094.57,47.72,520.97,8170.87,8.4449,395,38.59,23.153
AC-095,248,-0.0036,-0.0,100.0,642.61,1588.43,1414.16,552.59,2388.09,9085.61,47.79,521.04,8175.37,8.4849,396,38.71,23.2199
AC-095,249,-0.002,-0.0003,100.0,643.36,1599.08,1413.06,552.87,2388.08,9104.58,47.92,520.7,8174.83,8.4523,394,38.84,23.1392
AC-095,250,-0.0049,-0.0003,100.0,643.47,1601.42,1418.2,552.0,2388.12,9098.81,47.68,521.04,8172.31,8.4801,396,38.62,23.2511
AC-095,251,-0.005,0.0004,100.0,643.73,1594.94,1413.76,552.88,2388.13,9094.54,47.74,521.33,8171.58,8.471,396,38.74,23.255
AC-095,252,0.0019,-0.0,100.0,643.16,1598.05,1418.2,552.4,2388.11,9099.3,47.72,520.94,8170.6,8.4655,394,38.81,23.2585
AC-095,253,-0.0005,-0.0,100.0,642.91,1595.74,1420.01,552.84,2388.15,9099.64,47.76,520.39,8173.2,8.4801,395,38.87,23.1829
AC-095,254,0.0017,-0.0002,100.0,642.92,1597.45,1422.15,552.1,2388.11,9098.19,47.89,520.31,8173.95,8.4923,394,38.47,23.2208
AC-095,255,-0.003,0.0001,100.0,642.96,1592.55,1419.6,552.73,2388.15,9098.15,47.71,520.69,8167.08,8.4587,395,38.59,23.2747
AC-095,256,-0.001,0.0002,100.0,643.08,1599.25,1425.68,552.41,2388.13,9095.15,47.83,521.08,8170.38,8.494,395,38.71,23.1661
AC-095,257,-0.0019,-0.0001,100.0,642.82,1597.63,1417.8,552.49,2388.12,9107.8,47.89,520.82,8176.33,8.4869,396,38.75,23.2454
AC-095,258,0.0015,0.0005,100.0,643.99,1604.87,1425.25,552.84,2388.15,9102.97,48.02,520.28,8174.26,8.4497,395,38.67,23.1568
AC-095,259,-0.0001,0.0005,100.0,642.85,1594.0,1419.68,552.53,2388.12,9104.12,47.66,520.58,8170.71,8.4669,393,38.54,23.2435
AC-095,260,0.0004,-0.0,100.0,642.91,1601.4,1427.34,553.22,2388.15,9102.15,47.83,521.07,8175.91,8.4943,395,38.46,23.242
AC-095,261,0.0027,-0.0003,100.0,642.9,1598.91,1418.11,552.32,2388.13,9099.09,47.69,520.62,8176.45,8.4854,394,38.56,23.0962
AC-095,262,0.0018,-0.0002,100.0,643.15,1588.37,1422.01,552.56,2388.13,9106.96,47.91,520.1,8170.82,8.4885,396,38.53,23.284
AC-095,263,0.002,-0.0004,100.0,643.38,1597.08,1416.45,551.99,2388.17,9097.76,48.05,520.3,8176.27,8.4758,395,38.67,23.2573
AC-095,264,0.0039,0.0005,100.0,643.66,1602.89,1422.97,552.19,2388.14,9098.64,47.97,520.6,8172.12,8.5087,396,38.61,23.1596
AC-095,265,-0.0009,-0.0,100.0,643.06,1596.39,1420.26,552.86,2388.14,9114.24,48.09,520.46,8172.24,8.4915,396,38.56,23.176
AC-095,266,-0.0026,-0.0003,100.0,643.19,1604.41,1421.42,552.75,2388.11,9117.21,47.97,520.48,8175.16,8.4722,396,38.73,23.138
AC-095,267,-0.0014,0.0003,100.0,643.56,1598.53,1425.34,552.41,2388.18,9100.21,47.92,520.7,8170.79,8.5353,395,38.47,23.1151
AC-095,268,0.0021,-0.0003,100.0,643.33,1605.54,1422.62,552.41,2388.11,9102.96,47.92,520.45,8177.93,8.5002,396,38.59,23.1617
AC-095,269,-0.0035,0.0004,100.0,643.71,1600.34,1419.24,552.13,2388.15,9104.44,48.05,520.38,8178.59,8.4875,396,38.57,23.1263
AC-095,270,-0.0019,0.0001,100.0,643.37,1602.32,1426.52,551.81,2388.2,9107.2,48.16,520.29,8182.31,8.5218,397,38.52,23.23
AC-095,271,-0.0,-0.0001,100.0,643.69,1603.01,1423.72,552.11,2388.18,9109.48,48.07,519.8,8176.11,8.5333,396,38.62,23.091
AC-095,272,-0.0001,-0.0003,100.0,643.56,1603.46,1424.87,551.98,2388.15,9106.55,47.99,520.49,8184.15,8.5264,395,38.58,23.1766
AC-095,273,0.0039,0.0005,100.0,643.69,1602.9,1430.41,551.8,2388.14,9109.55,48.08,520.03,8181.4,8.4998,397,38.6,23.1296
AC-095,274,-0.0025,-0.0004,100.0,643.57,1594.78,1429.65,552.63,2388.18,9115.96,47.92,520.35,8186.32,8.5064,396,38.48,23.1083
AC-095,275,0.0031,0.0003,100.0,643.53,1600.52,1433.16,551.49,2388.12,9109.96,48.13,520.0,8175.55,8.509,395,38.37,23.1235
AC-095,276,0.0013,0.0,100.0,643.63,1599.1,1417.99,551.55,2388.21,9107.69,48.17,519.5,8188.61,8.4701,397,38.41,23.2082
AC-095,277,-0.0004,-0.0002,100.0,643.12,1596.97,1429.86,551.96,2388.12,9115.48,48.01,520.27,8182.8,8.4956,395,38.55,23.1698
AC-095,278,-0.0022,-0.0004,100.0,644.0,1592.75,1434.45,551.61,2388.19,9115.71,48.16,519.97,8181.55,8.5212,395,38.37,23.0713
AC-095,279,-0.0008,0.0,100.0,643.57,1603.69,1435.36,551.09,2388.16,9120.0,48.05,520.1,8179.43,8.518,395,38.46,23.1727
AC-095,280,-0.0011,-0.0004,100.0,643.46,1604.45,1433.15,551.13,2388.13,9116.78,48.17,520.27,8189.1,8.5225,396,38.44,23.1157
AC-095,281,0.0026,0.0001,100.0,644.21,1595.63,1430.88,552.64,2388.19,9117.06,48.15,519.91,8187.88,8.5007,395,38.65,23.1434
AC-095,282,-0.0007,-0.0004,100.0,643.65,1609.32,1422.01,551.18,2388.13,9119.64,48.34,520.54,8191.18,8.5332,395,38.45,23.0771
AC-095,283,0.0019,0.0003,100.0,643.43,1609.16,1430.97,551.48,2388.21,9120.46,48.16,519.27,8183.58,8.5648,396,38.37,23.1041
AC-097,1,-0.0038,0.0003,100.0,642.01,1581.83,1395.4,554.31,2388.04,9044.3,47.21,522.34,8130.81,8.4027,391,38.94,23.3732
AC-097,2,-0.0018,-0.0001,100.0,641.99,1582.99,1402.05,554.67,2388.03,9049.88,47.2,522.06,8131.43,8.4072,392,39.14,23.3984
AC-097,3,-0.0045,-0.0002,100.0,641.9,1586.14,1403.8,554.1,2388.07,9047.9,47.35,522.66,8129.52,8.418,392,38.97,23.4038
AC-097,4,0.0022,0.0006,100.0,642.59,1594.96,1406.16,554.06,2388.03,9042.72,47.31,522.45,8131.14,8.4305,393,39.02,23.3398
AC-097,5,-0.0028,-0.0002,100.0,641.89,1587.52,1406.07,553.72,2388.03,9047.37,47.38,521.56,8130.03,8.4265,393,38.92,23.418
AC-097,6,-0.0002,-0.0002,100.0,642.32,1590.17,1401.05,553.86,2387.98,9047.21,47.43,522.39,8130.17,8.3876,392,39.01,23.3886
AC-097,7,-0.0007,-0.0001,100.0,642.54,1583.02,1398.34,553.77,2388.12,9053.04,47.39,521.82,8126.5,8.4383,392,38.77,23.3925
AC-097,8,0.0003,0.0002,100.0,642.73,1579.57,1401.22,554.02,2388.09,9045.21,47.41,522.2,8132.09,8.4099,393,39.03,23.3544
AC-097,9,0.0022,-0.0001,100.0,641.96,1582.75,1398.52,554.53,2388.08,9045.33,47.32,522.35,8125.16,8.4161,393,38.97,23.2468
AC-097,10,-0.0023,-0.0002,100.0,641.93,1598.1,1403.44,553.97,2388.01,9048.87,47.35,522.16,8125.38,8.4523,392,38.94,23.3577
AC-097,11,0.0005,0.0005,100.0,641.95,1584.54,1405.54,553.65,2388.1,9047.44,47.38,521.95,8128.82,8.3942,391,38.99,23.4374
AC-097,12,-0.0011,0.0005,100.0,641.5,1580.53,1401.88,553.84,2388.07,9040.75,47.14,521.87,8129.84,8.4069,392,38.89,23.4323
AC-097,13,0.0009,0.0002,100.0,642.7,1586.64,1403.52,554.05,2388.08,9045.79,47.22,522.11,8127.41,8.4081,392,39.04,23.3943
AC-097,14,-0.0039,-0.0004,100.0,642.07,1588.87,1398.31,553.41,2388.03,9040.54,47.48,521.63,8129.64,8.4053,392,39.02,23.3606
AC-097,15,-0.0012,-0.0003,100.0,642.34,1588.75,1397.36,554.5,2388.0,9042.57,47.27,522.08,8135.82,8.407,392,38.93,23.3041
AC-097,16,0.0021,0.0,100.0,642.67,1589.57,1404.74,553.76,2388.11,9044.35,47.28,522.21,8133.47,8.3861,394,39.13,23.2773
AC-097,17,0.003,0.0004,100.0,642.0,1588.51,1403.5,554.61,2388.03,9051.77,47.27,522.19,8137.81,8.4161,393,38.77,23.3928
AC-097,18,0.0012,0.0004,100.0,641.96,1586.29,1402.01,554.29,2388.03,9042.52,47.47,521.85,8126.33,8.4214,391,38.95,23.3779
AC-097,19,0.0023,-0.0003,100.0,642.51,1583.71,1402.82,554.33,2388.01,9049.23,47.24,521.94,8128.35,8.418,393,39.16,23.4388
AC-097,20,-0.0041,-0.0003,100.0,642.15,1586.86,1397.18,554.42,2388.02,9048.79,47.23,521.31,8137.16,8.4143,391,39.22,23.3733
AC-097,21,0.0022,-0.0004,100.0,642.23,1591.1,1399.15,553.79,2388.03,9044.82,47.32,521.73,8126.9,8.438,392,38.93,23.4223
AC-097,22,-0.0021,0.0002,100.0,642.24,1584.77,1395.62,553.72,2388.04,9054.45,47.25,521.58,8127.75,8.412,393,38.85,23.4
AC-097,23,0.0005,-0.0004,100.0,642.21,1585.04,1403.2,553.99,2388.07,9047.1,47.13,521.87,8122.81,8.4514,392,39.12,23.3667
AC-097,24,0.0002,-0.0002,100.0,642.81,1583.14,1399.74,554.44,2388.08,9045.83,47.32,522.15,8130.05,8.4141,391,38.95,23.424
AC-097,25,0.002,-0.0003,100.0,642.03,1580.93,1402.24,554.3,2388.05,9044.3,47.25,522.48,8124.86,8.4084,392,38.79,23.3311
AC-097,26,-0.0011,-0.0003,100.0,642.49,1584.89,1404.0,554.02,2388.04,9038.27,47.2,521.87,8133.82,8.4194,392,38.96,23.3251
AC-097,27,-0.002,0.0004,100.0,642.15,1580.98,1399.17,554.33,2388.03,9049.64,47.22,522.31,8130.49,8.3952,393,38.98,23.5181
AC-097,28,0.0026,0.0003,100.0,641.94,1583.61,1406.67,554.32,2388.02,9041.86,47.25,522.17,8128.05,8.3974,392,38.96,23.3177
AC-097,29,0.0015,0.0001,100.0,642.19,1589.25,1397.31,555.2,2388.09,9042.58,47.42,522.29,8130.18,8.4158,392,39.18,23.4996
AC-097,30,-0.0015,-0.0,100.0,642.38,1584.91,1407.18,555.03,2388.01,9050.18,47.29,521.99,8127.14,8.3824,392,39.0,23.4894
AC-097,31,-0.0035,-0.0001,100.0,642.41,1587.34,1405.34,554.09,2388.11,9049.52,47.09,522.08,8123.35,8.4016,391,38.77,23.315
AC-097,32,0.0015,0.0005,100.0,642.25,1593.23,1406.82,554.28,2388.04,9050.09,47.35,521.56,8130.84,8.4012,392,38.94,23.4219
AC-097,33,-0.0005,0.0005,100.0,642.01,1585.29,1397.19,554.53,2388.07,9044.49,47.35,521.75,8132.36,8.4226,392,38.88,23.3013
AC-097,34,-0.0036,0.0002,100.0,642.0,1584.95,1400.29,553.79,2388.03,9048.93,47.22,521.83,8129.39,8.3981,391,39.09,23.4554
AC-097,35,0.0007,0.0004,100.0,642.42,1582.36,1405.29,554.54,2387.99,9043.95,47.47,521.58,8129.52,8.4067,393,38.99,23.32
AC-097,36,0.002,-0.0,100.0,642.29,1588.49,1408.13,554.22,2388.01,9052.21,47.34,522.07,8135.13,8.4167,391,39.05,23.378
AC-097,37,-0.0007,0.0003,100.0,641.94,1588.34,1404.86,554.47,2388.02,9057.06,47.29,521.82,8135.17,8.4392,392,38.8,23.3781
AC-097,38,-0.0,-0.0004,100.0,642.82,1585.17,1408.19,554.34,2388.07,9053.34,47.42,521.44,8127.9,8.3936,390,38.9,23.3656
AC-097,39,-0.0048,-0.0001,100.0,641.8,1582.74,1399.69,554.38,2388.07,9045.76,47.34,522.43,8129.21,8.4017,392,38.98,23.4573
AC-097,40,0.0007,0.0005,100.0,642.75,1584.8,1396.84,554.32,2388.09,9048.98,47.32,521.91,8130.32,8.4295,393,38.95,23.3379
AC-097,41,-0.0028,-0.0002,100.0,642.61,1590.25,1406.45,553.76,2388.07,9051.37,47.14,522.01,8134.97,8.3899,392,39.0,23.4015
AC-097,42,0.0017,-0.0002,100.0,642.09,1593.45,1404.81,554.17,2388.08,9047.65,47.32,522.13,8130.09,8.3834,394,39.05,23.2371
AC-097,43,-0.001,0.0,100.0,642.9,1587.97,1403.69,553.98,2388.07,9054.43,47.34,522.02,8125.06,8.3997,391,39.1,23.3835
AC-097,44,-0.0016,-0.0004,100.0,642.45,1579.14,1409.76,554.05,2388.06,9056.49,47.34,522.04,8131.43,8.4136,391,38.94,23.4058
AC-097,45,-0.0025,-0.0002,100.0,642.21,1585.89,1399.21,553.6,2388.05,9045.62,47.27,522.52,8124.8,8.4303,391,39.0,23.3748
AC-097,46,-0.0054,-0.0003,100.0,642.15,1583.8,1398.53,554.39,2388.06,9052.19,47.38,521.89,8132.04,8.4111,391,39.06,23.3967
AC-097,47,-0.0032,0.0002,100.0,642.07,1591.58,1399.73,554.14,2388.04,9046.83,47.18,522.14,8138.88,8.404,391,38.9,23.4626
AC-097,48,-0.0005,0.0004,100.0,642.23,1581.88,1397.82,553.84,2388.04,9051.03,47.49,521.92,8132.54,8.4291,391,39.08,23.4227
AC-097,49,0.0007,-0.0001,100.0,642.29,1581.82,1403.62,553.84,2388.05,9041.73,47.19,522.0,8130.98,8.4077,391,38.92,23.486
AC-097,50,0.0009,-0.0003,100.0,642.51,1588.78,1400.66,553.34,2388.08,9046.53,47.18,522.48,8134.94,8.4472,391,39.03,23.3477
AC-097,51,-0.0033,0.0001,100.0,642.53,1585.08,1399.72,554.24,2388.09,9044.05,47.34,522.23,8132.62,8.4341,392,39.05,23.3803
AC-097,52,-0.0001,0.0002,100.0,641.9,1587.38,1403.16,554.44,2388.03,9049.29,47.29,522.29,8136.87,8.3891,392,39.06,23.3708
AC-097,53,0.0008,-0.0002,100.0,642.28,1583.19,1394.92,553.99,2388.01,9049.33,47.46,521.72,8135.19,8.3721,393,38.81,23.3661
AC-097,54,0.0002,-0.0,100.0,642.42,1589.91,1399.54,553.61,2388.02,9044.85,47.3,521.69,8125.94,8.4142,392,38.99,23.4068
AC-097,55,-0.0018,-0.0001,100.0,642.36,1583.0,1397.37,553.81,2388.01,9046.5,47.58,522.29,8130.81,8.3872,393,38.94,23.3061
AC-097,56,0.0,0.0002,100.0,643.09,1582.79,1399.37,553.47,2388.07,9045.44,47.41,521.78,8132.97,8.4313,392,38.93,23.347
AC-097,57,-0.0009,0.0001,100.0,642.39,1587.59,1400.69,554.19,2388.04,9054.99,47.06,521.91,8134.27,8.4364,393,39.17,23.371
AC-097,58,-0.0005,0.0004,100.0,642.33,1587.49,1388.06,554.88,2387.99,9049.11,47.18,522.09,8125.76,8.4268,392,38.97,23.411
AC-097,59,-0.0028,0.0004,100.0,642.41,1590.0,1399.24,554.29,2388.1,9048.84,47.44,521.97,8128.3,8.4099,391,38.91,23.3623
AC-097,60,0.003,0.0005,100.0,642.02,1584.5,1395.96,554.46,2388.02,9048.43,47.42,522.28,8131.11,8.416,392,39.0,23.3572
AC-097,61,0.001,0.0003,100.0,642.29,1584.35,1399.47,553.98,2388.07,9056.87,47.36,522.22,8134.13,8.3933,391,39.04,23.3751
AC-097,62,-0.0003,0.0,100.0,642.36,1580.77,1405.27,554.48,2388.06,9050.25,47.48,522.28,8132.78,8.4185,393,38.91,23.389
AC-097,63,0.0022,-0.0002,100.0,642.13,1582.1,1403.19,554.48,2388.01,9050.28,47.32,521.77,8138.39,8.3869,391,38.88,23.4148
AC-097,64,0.0023,0.0005,100.0,642.79,1589.27,1407.02,553.76,2388.03,9055.89,47.55,521.74,8130.93,8.3974,393,39.14,23.4789
AC-097,65,0.001,0.0003,100.0,642.33,1589.93,1401.49,553.76,2388.06,9052.97,47.25,522.25,8130.7,8.3973,391,39.11,23.3553
AC-097,66,0.0006,-0.0002,100.0,642.36,1586.09,1398.94,554.81,2387.98,9055.43,47.28,521.94,8134.6,8.3912,391,38.96,23.3096
AC-097,67,-0.0012,0.0002,100.0,641.84,1587.48,1399.75,554.09,2388.07,9045.36,47.3,522.27,8135.61,8.4088,392,39.02,23.3317
AC-097,68,-0.0001,-0.0003,100.0,642.8,1586.3,1410.08,554.53,2388.02,9051.89,47.26,521.63,8132.53,8.4296,392,38.88,23.322
AC-097,69,0.0001,-0.0001,100.0,642.08,1588.54,1403.75,553.73,2388.09,9046.68,47.37,521.56,8133.05,8.4384,392,38.92,23.4121
AC-097,70,0.0043,0.0004,100.0,642.82,1592.36,1405.12,554.22,2388.02,9047.99,47.31,521.51,8133.67,8.3962,393,38.65,23.3209
AC-097,71,0.0007,0.0002,100.0,642.54,1581.77,1399.57,553.52,2388.1,9051.84,47.18,522.05,8138.31,8.4194,391,39.13,23.3154
AC-097,72,-0.0041,0.0003,100.0,642.54,1583.8,1398.84,553.82,2388.07,9046.93,47.31,522.15,8134.35,8.4215,392,38.92,23.3605
AC-097,73,0.0011,-0.0001,100.0,642.63,1589.65,1396.99,553.8,2388.06,9057.04,47.16,521.75,8135.52,8.4474,391,39.01,23.2935
AC-097,74,0.0015,0.0001,100.0,642.72,1585.51,1405.09,553.49,2388.05,9047.51,47.25,521.79,8133.17,8.4083,393,39.0,23.4709
AC-097,75,-0.0,0.0003,100.0,641.75,1583.07,1394.1,554.18,2388.02,9053.6,47.36,521.71,8136.41,8.4248,392,39.04,23.4469
AC-097,76,-0.0015,0.0003,100.0,642.55,1594.18,1397.69,553.79,2388.07,9051.56,47.3,521.64,8135.86,8.3807,391,38.88,23.3753
AC-097,77,0.0014,0.0003,100.0,641.99,1589.68,1397.96,553.72,2388.08,9055.44,47.33,521.85,8136.2,8.3881,391,39.13,23.4601
AC-097,78,0.002,0.0002,100.0,642.71,1586.59,1395.52,553.78,2388.12,9049.21,47.39,521.78,8140.49,8.4215,391,38.99,23.3327
AC-097,79,-0.0006,0.0004,100.0,642.69,1585.42,1403.55,554.21,2388.11,9050.39,47.41,521.61,8130.53,8.3962,391,38.93,23.3538
AC-097,80,0.0013,0.0005,100.0,642.14,1593.81,1403.63,553.95,2388.11,9057.98,47.35,522.42,8133.7,8.4392,393,39.0,23.4231
AC-097,81,-0.0022,0.0001,100.0,642.03,1582.72,1406.88,554.47,2388.1,9051.08,47.34,521.7,8137.23,8.4118,394,39.0,23.358
AC-097,82,-0.0,-0.0003,100.0,642.17,1587.36,1405.01,553.62,2388.04,9051.34,47.31,521.9,8136.02,8.3993,392,38.86,23.3195
AC-097,83,0.0004,0.0005,100.0,641.8,1586.4,1401.99,554.63,2388.07,9049.75,47.34,521.68,8139.25,8.3983,392,38.88,23.4053
AC-097,84,-0.003,-0.0,100.0,642.32,1588.41,1398.78,553.48,2387.98,9047.51,47.46,521.83,8132.8,8.4156,392,39.0,23.3418
AC-097,85,-0.0016,0.0002,100.0,641.72,1585.21,1404.34,554.28,2388.08,9054.65,47.47,522.26,8136.62,8.4191,392,38.95,23.3684
AC-097,86,0.0034,0.0004,100.0,642.88,1588.18,1409.81,553.52,2388.11,9063.68,47.35,521.69,8136.09,8.4322,392,38.78,23.4272
AC-097,87,0.0011,0.0002,100.0,642.0,1583.72,1404.24,553.92,2388.03,9049.81,47.18,522.21,8137.73,8.3785,391,38.95,23.4476
AC-097,88,0.0006,-0.0004,100.0,642.12,1594.19,1400.61,554.01,2388.1,9054.78,47.3,522.84,8132.2,8.4289,390,38.95,23.3203
AC-097,89,0.0034,-0.0001,100.0,642.61,1587.81,1402.91,553.28,2388.06,9047.27,47.1,522.24,8133.95,8.4098,393,38.99,23.4547
AC-097,90,-0.0019,0.0,100.0,642.13,1584.2,1404.87,554.34,2388.09,9054.53,47.3,521.8,8136.47,8.4064,393,38.84,23.3341
AC-097,91,0.0011,0.0005,100.0,642.28,1585.09,1408.85,554.3,2388.04,9044.66,47.48,522.06,8131.78,8.4211,393,38.85,23.3086
AC-097,92,0.002,-0.0001,100.0,642.38,1585.62,1394.79,554.16,2388.04,9057.93,47.16,522.25,8138.23,8.4269,393,38.91,23.2869
AC-097,93,0.0006,-0.0004,100.0,642.22,1591.29,1402.35,554.48,2388.03,9057.8,47.47,521.7,8134.03,8.3951,392,39.01,23.4255
AC-097,94,0.0004,0.0005,100.0,641.7,1586.5,1403.53,554.04,2388.06,9055.3,47.69,522.02,8136.27,8.4126,393,38.86,23.3617
AC-097,95,-0.0013,0.0004,100.0,642.7,1581.04,1399.25,554.54,2388.09,9046.3,47.45,521.1,8134.96,8.3851,392,39.06,23.3327
AC-097,96,-0.0009,0.0003,100.0,642.54,1585.88,1403.22,553.66,2388.04,9054.08,47.32,521.93,8134.95,8.4238,393,38.88,23.3649
AC-097,97,0.0038,0.0003,100.0,642.24,1586.75,1402.21,553.7,2388.08,9055.0,47.27,522.12,8134.76,8.4386,392,39.02,23.2875
AC-097,98,0.0021,-0.0003,100.0,642.24,1586.13,1405.32,553.83,2388.06,9052.47,47.44,521.7,8138.88,8.4352,391,38.81,23.3165
AC-097,99,-0.0013,0.0004,100.0,642.04,1574.3,1401.13,554.32,2388.0,9058.68,47.32,521.94,8140.64,8.3914,393,39.12,23.4611
AC-097,100,0.0011,0.0003,100.0,642.19,1590.0,1405.37,553.79,2388.11,9058.91,47.15,522.11,8137.96,8.4063,393,38.97,23.3153
AC-097,101,-0.0004,0.0002,100.0,642.71,1585.48,1401.39,554.69,2388.04,9058.32,47.43,521.99,8135.31,8.4303,393,38.96,23.3541
AC-097,102,0.0028,0.0003,100.0,642.02,1586.86,1406.44,553.57,2388.08,9054.96,47.43,521.92,8136.56,8.4017,392,38.76,23.3354
AC-097,103,0.0007,-0.0002,100.0,641.93,1591.69,1404.09,553.74,2388.1,9048.79,47.39,521.88,8138.92,8.3981,393,38.85,23.3627
AC-097,104,0.0034,0.0,100.0,642.7,1581.9,1403.14,554.26,2388.1,9059.95,47.46,522.16,8141.2,8.4292,393,38.92,23.3675
AC-097,105,0.0015,-0.0002,100.0,642.44,1591.96,1406.25,553.8,2388.07,9058.14,47.38,522.32,8138.74,8.4197,392,38.91,23.376
AC-097,106,-0.0012,-0.0004,100.0,641.91,1586.61,1397.57,554.03,2388.06,9056.6,47.51,521.44,8143.01,8.4164,393,38.96,23.39
AC-097,107,0.0021,0.0003,100.0,642.39,1587.12,1405.15,554.02,2388.02,9063.82,47.19,521.84,8143.98,8.4061,393,38.95,23.4635
AC-097,108,-0.0006,-0.0002,100.0,642.28,1589.41,1410.42,553.71,2388.08,9052.67,47.54,522.62,8139.08,8.4366,393,38.76,23.2805
AC-097,109,0.0012,-0.0003,100.0,642.21,1584.99,1401.27,553.68,2388.03,9058.68,47.42,522.2,8144.9,8.403,391,39.02,23.324
AC-097,110,-0.0001,0.0001,100.0,642.61,1590.5,1404.53,554.15,2388.04,9066.21,47.43,522.33,8142.39,8.4179,391,38.97,23.3539
AC-097,111,-0.0,0.0002,100.0,641.84,1597.77,1406.92,553.26,2388.06,9066.27,47.24,521.57,8142.74,8.3646,390,38.96,23.3389
AC-097,112,0.001,-0.0004,100.0,642.35,1583.96,1400.14,554.05,2388.06,9057.3,47.31,521.45,8138.89,8.4129,391,38.92,23.3114
AC-097,113,-0.0006,0.0004,100.0,642.54,1588.47,1406.98,553.62,2388.08,9061.4,47.44,521.99,8142.16,8.4423,393,38.9,23.4075
AC-097,114,0.0018,0.0005,100.0,642.44,1585.02,1404.26,553.54,2388.03,9066.51,47.45,522.03,8142.02,8.4047,393,38.86,23.4109
AC-097,115,-0.0025,-0.0001,100.0,642.87,1583.48,1399.96,554.22,2388.07,9060.21,47.15,522.5,8147.7,8.3855,392,38.84,23.3053
AC-097,116,-0.0003,0.0,100.0,642.73,1592.5,1410.1,554.34,2388.05,9060.1,47.28,522.05,8142.81,8.408,393,38.83,23.3556
AC-097,117,-0.0025,-0.0003,100.0,642.38,1586.87,1403.23,553.96,2388.06,9058.06,47.4,521.93,8148.14,8.4019,392,39.01,23.2551
AC-097,118,0.0018,-0.0001,100.0,642.25,1596.87,1406.9,553.8,2388.08,9070.41,47.28,521.46,8149.23,8.4305,392,38.63,23.3734
AC-097,119,0.001,0.0001,100.0,642.34,1582.77,1408.95,554.58,2388.03,9059.98,47.52,521.82,8145.24,8.4444,392,38.95,23.3934
AC-097,120,0.0011,-0.0003,100.0,642.37,1588.57,1399.66,553.4,2388.03,9072.8,47.37,521.69,8143.04,8.4255,392,39.01,23.3424
AC-097,121,0.0039,-0.0002,100.0,642.41,1585.87,1402.02,554.26,2388.09,9068.59,47.29,521.79,8142.66,8.4234,392,38.96,23.3153
AC-097,122,0.001,0.0001,100.0,642.32,1584.35,1411.14,554.26,2388.01,9067.16,47.41,522.02,8145.48,8.4052,393,38.81,23.3141
AC-097,123,-0.0018,-0.0002,100.0,642.31,1589.61,1404.06,552.88,2388.1,9064.39,47.42,522.1,8148.59,8.4322,394,38.89,23.3834
AC-097,124,0.0027,0.0001,100.0,642.13,1591.88,1408.59,554.54,2388.0,9066.57,47.19,521.74,8144.46,8.3948,392,38.81,23.3129
AC-097,125,0.003,-0.0003,100.0,641.97,1593.24,1399.56,553.57,2388.02,9059.38,47.34,521.6,8148.09,8.4256,392,38.74,23.337
AC-097,126,-0.0041,-0.0003,100.0,642.23,1583.87,1408.98,553.55,2388.03,9067.91,47.49,521.4,8143.7,8.3766,393,38.91,23.3942
AC-097,127,0.0016,-0.0001,100.0,642.34,1587.38,1407.0,554.09,2387.99,9067.13,47.45,521.28,8143.81,8.4363,393,38.98,23.3601
AC-097,128,-0.0008,-0.0002,100.0,642.77,1592.39,1407.05,553.64,2388.07,9066.12,47.5,521.06,8149.03,8.3941,394,39.1,23.3364
AC-097,129,-0.0019,0.0003,100.0,642.43,1589.98,1396.83,553.6,2388.05,9068.05,47.38,521.89,8144.86,8.4128,393,39.1,23.3002
AC-097,130,-0.0041,-0.0002,100.0,642.53,1591.38,1409.07,554.1,2388.09,9074.11,47.46,521.82,8148.43,8.4327,393,38.83,23.3932
AC-097,131,-0.0002,-0.0001,100.0,642.49,1586.56,1399.82,554.35,2388.07,9067.4,47.37,521.75,8149.79,8.4171,391,38.83,23.3915
AC-097,132,-0.0001,0.0005,100.0,642.2,1590.2,1399.28,553.45,2387.99,9066.27,47.4,521.7,8154.16,8.4312,393,38.96,23.2969
AC-097,133,-0.0053,0.0,100.0,642.64,1592.58,1406.97,554.43,2388.04,9075.21,47.4,521.86,8153.51,8.4148,394,38.96,23.3992
AC-097,134,0.0011,0.0001,100.0,642.3,1590.57,1398.86,554.65,2388.04,9070.82,47.28,521.84,8144.17,8.4483,391,39.0,23.2589
AC-097,135,0.0005,0.0003,100.0,642.39,1591.8,1410.76,554.08,2388.02,9071.98,47.5,521.31,8151.02,8.4,392,38.79,23.3075
AC-097,136,0.005,-0.0003,100.0,642.5,1593.8,1403.15,553.99,2387.97,9075.38,47.43,521.68,8151.4,8.4257,393,38.87,23.2712
AC-097,137,-0.0001,-0.0003,100.0,642.7,1595.48,1402.07,553.83,2388.04,9069.96,47.31,521.22,8152.08,8.4091,393,38.82,23.3199
AC-097,138,0.0008,-0.0003,100.0,642.67,1597.5,1395.95,553.73,2388.06,9077.23,47.57,521.43,8150.96,8.4277,392,39.05,23.3614
AC-097,139,0.0027,0.0005,100.0,642.61,1581.16,1409.94,553.5,2388.05,9070.39,47.36,521.89,8155.76,8.4242,393,38.89,23.3694
AC-097,140,-0.0047,0.0001,100.0,643.06,1588.75,1406.59,554.05,2388.02,9082.18,47.41,521.67,8158.4,8.4464,391,38.97,23.3372
AC-097,141,0.0001,0.0003,100.0,642.76,1589.77,1407.95,553.2,2387.99,9077.6,47.42,522.2,8149.82,8.4371,393,39.21,23.3666
AC-097,142,-0.0012,-0.0001,100.0,642.58,1583.62,1401.27,553.85,2388.01,9083.57,47.37,522.08,8155.2,8.4184,393,39.15,23.2565
AC-097,143,-0.0002,-0.0004,100.0,642.45,1588.4,1404.27,553.92,2388.05,9076.34,47.67,521.81,8152.43,8.4423,393,39.0,23.2505
AC-097,144,-0.0024,0.0002,100.0,642.21,1579.62,1406.0,553.59,2388.06,9088.08,47.53,521.91,8161.36,8.4363,393,38.85,23.3785
AC-097,145,0.0024,0.0006,100.0,642.56,1589.04,1403.34,553.33,2388.06,9081.5,47.49,521.11,8157.72,8.4467,393,38.78,23.3485
AC-097,146,0.0029,0.0005,100.0,643.16,1589.14,1412.2,553.63,2388.05,9087.56,47.46,521.79,8161.99,8.4143,394,38.97,23.3617
AC-097,147,-0.0019,-0.0004,100.0,643.25,1601.61,1408.87,554.25,2388.01,9079.34,47.33,521.71,8158.2,8.4192,393,38.8,23.3153
AC-097,148,0.0001,-0.0002,100.0,642.97,1590.12,1402.66,552.33,2388.07,9087.41,47.36,521.47,8160.21,8.4347,394,38.82,23.3077
AC-097,149,-0.0017,0.0003,100.0,643.11,1594.9,1407.39,553.84,2388.01,9084.06,47.34,521.39,8160.59,8.4413,394,38.92,23.3856
AC-097,150,0.0008,-0.0003,100.0,642.4,1589.15,1405.32,553.52,2388.08,9082.85,47.4,521.54,8163.27,8.4189,393,38.73,23.3138
AC-097,151,0.0006,-0.0004,100.0,642.28,1590.25,1402.93,554.11,2388.09,9091.25,47.5,521.58,8168.51,8.4507,394,38.78,23.3427
AC-097,152,0.0019,-0.0001,100.0,642.88,1586.87,1405.1,553.87,2388.01,9082.11,47.45,521.7,8162.31,8.451,393,38.69,23.3105
AC-097,153,0.002,0.0003,100.0,642.29,1598.69,1405.53,553.69,2388.08,9091.33,47.42,522.41,8170.11,8.4163,393,38.69,23.3315
AC-097,154,-0.0035,0.0004,100.0,642.22,1594.3,1407.36,552.53,2388.04,9095.88,47.62,521.89,8161.56,8.4363,393,38.73,23.2671
AC-097,155,-0.001,0.0004,100.0,642.21,1591.51,1404.23,553.46,2388.02,9091.9,47.4,521.45,8167.97,8.4647,393,38.79,23.2749
AC-097,156,0.0015,0.0003,100.0,642.73,1582.09,1411.85,553.52,2388.07,9089.94,47.38,522.33,8167.48,8.4717,392,38.85,23.3267
AC-097,157,-0.0036,0.0005,100.0,642.26,1587.91,1407.48,553.6,2388.09,9097.29,47.56,521.42,8168.7,8.4454,392,38.85,23.2509
AC-097,158,0.0002,0.0001,100.0,642.31,1589.18,1407.83,552.95,2388.05,9095.63,47.57,520.9,8164.48,8.4529,393,38.95,23.186
AC-097,159,-0.0016,-0.0,100.0,642.91,1587.64,1412.29,553.55,2387.99,9095.4,47.33,521.8,8178.21,8.4701,393,38.7,23.3503
AC-097,160,-0.0016,0.0003,100.0,643.05,1599.21,1404.12,552.98,2388.01,9099.41,47.6,521.33,8181.41,8.5181,393,38.76,23.2069
AC-097,161,0.0042,0.0004,100.0,643.2,1592.12,1410.13,552.87,2388.05,9099.49,47.57,521.72,8175.65,8.4452,392,38.97,23.3667
AC-097,162,0.0015,0.0002,100.0,642.89,1588.04,1412.89,553.38,2388.12,9104.22,47.5,520.99,8173.21,8.4398,393,38.77,23.2728
AC-097,163,0.002,0.0005,100.0,642.97,1593.13,1407.04,553.12,2388.05,9097.66,47.37,520.81,8175.32,8.4652,394,38.65,23.2613
AC-097,164,0.002,-0.0003,100.0,642.94,1596.24,1406.49,553.16,2388.09,9106.17,47.52,521.38,8182.81,8.465,394,38.84,23.266
AC-097,165,-0.0027,-0.0004,100.0,642.95,1591.79,1407.37,553.1,2388.09,9107.6,47.58,521.43,8182.14,8.444,392,38.82,23.3257
AC-097,166,0.0001,0.0004,100.0,642.68,1592.24,1406.03,553.48,2388.05,9105.42,47.48,521.81,8175.76,8.4545,394,38.77,23.2744
AC-097,167,0.0006,-0.0002,100.0,642.27,1587.48,1406.84,553.5,2388.08,9101.66,47.58,521.53,8179.84,8.446,393,38.75,23.2199
AC-097,168,0.0005,-0.0002,100.0,642.8,1593.34,1412.53,553.08,2388.04,9107.16,47.61,521.51,8182.79,8.4557,393,38.66,23.3045
AC-097,169,-0.0011,0.0005,100.0,642.95,1595.77,1401.8,553.75,2388.06,9118.78,47.62,521.73,8182.86,8.4399,394,38.94,23.2459
AC-097,170,-0.0034,0.0001,100.0,642.49,1587.41,1411.55,553.22,2388.05,9119.45,47.56,521.41,8182.08,8.4458,395,38.67,23.1897
AC-097,171,-0.0037,0.0004,100.0,642.46,1595.14,1406.76,553.22,2388.02,9111.79,47.58,521.6,8195.64,8.4538,395,38.66,23.2896
AC-097,172,-0.0008,0.0003,100.0,643.1,1593.56,1411.27,553.89,2388.06,9120.21,47.74,521.38,8182.51,8.4492,395,38.64,23.2998
AC-097,173,0.0003,0.0005,100.0,642.33,1593.36,1415.43,552.62,2388.07,9118.13,47.7,521.79,8186.99,8.4839,394,38.61,23.2418
AC-097,174,-0.0014,0.0,100.0,642.97,1592.52,1418.99,552.87,2388.07,9117.33,47.57,521.31,8198.04,8.4307,394,39.08,23.2683
AC-097,175,0.0011,0.0005,100.0,642.58,1599.64,1414.21,553.59,2388.11,9115.17,47.68,521.6,8191.69,8.4412,395,38.82,23.2674
AC-097,176,0.0016,0.0003,100.0,643.67,1588.89,1413.01,552.28,2387.98,9126.09,47.81,521.61,8199.71,8.4401,394,38.6,23.2005
AC-097,177,-0.0002,-0.0001,100.0,643.35,1598.21,1408.17,553.18,2388.06,9133.73,47.52,521.18,8196.46,8.465,395,38.82,23.1064
AC-097,178,-0.0004,-0.0,100.0,643.14,1598.57,1420.07,552.87,2388.03,9127.92,47.73,521.13,8198.58,8.4816,395,38.7,23.1568
AC-097,179,-0.0009,0.0003,100.0,643.12,1595.39,1412.22,553.5,2388.07,9132.34,47.78,520.82,8204.68,8.447,397,38.73,23.2766
AC-097,180,-0.0017,0.0,100.0,643.73,1594.84,1418.51,552.62,2388.1,9144.39,47.84,521.54,8204.09,8.4693,393,38.78,23.0957
AC-097,181,0.0022,-0.0001,100.0,643.09,1589.77,1413.01,552.63,2388.11,9137.39,47.6,521.19,8206.13,8.4637,394,38.82,23.2579
AC-097,182,-0.0006,0.0001,100.0,642.89,1596.81,1414.53,552.78,2388.03,9148.6,47.61,521.1,8207.94,8.4568,394,38.82,23.3202
AC-097,183,0.0043,0.0005,100.0,643.29,1590.71,1418.39,552.64,2388.04,9142.59,47.68,521.01,8213.45,8.4877,397,38.72,23.2412
AC-097,184,0.0034,0.0004,100.0,643.89,1593.07,1414.26,552.59,2388.06,9152.46,47.86,521.04,8213.26,8.4611,397,38.79,23.1632
AC-097,185,0.0015,-0.0002,100.0,642.58,1591.57,1417.87,552.95,2388.13,9143.42,47.89,520.71,8220.18,8.4756,395,38.63,23.1792
AC-097,186,-0.0035,0.0003,100.0,643.37,1601.66,1421.33,552.6,2388.06,9150.47,47.79,520.82,8215.76,8.4474,394,38.51,23.1516
AC-097,187,-0.0008,-0.0001,100.0,642.8,1602.2,1420.68,552.31,2388.1,9154.23,47.76,520.61,8225.96,8.4599,394,38.54,23.2791
AC-097,188,-0.0006,0.0004,100.0,643.0,1598.61,1420.2,552.67,2388.12,9160.03,47.72,520.8,8220.11,8.4927,395,38.47,23.2203
AC-097,189,-0.0011,0.0,100.0,643.38,1600.39,1426.13,552.45,2388.07,9149.75,47.8,521.07,8229.61,8.5041,396,38.73,23.1423
AC-097,190,-0.0002,0.0002,100.0,643.49,1596.78,1415.18,552.7,2388.15,9163.63,47.81,520.18,8225.24,8.4779,397,38.54,23.1952
AC-097,191,0.0024,0.0003,100.0,643.05,1596.91,1423.38,551.78,2388.13,9170.87,47.86,520.97,8232.57,8.5344,396,38.49,23.1782
AC-097,192,0.0021,-0.0001,100.0,643.54,1610.06,1421.38,552.03,2388.11,9171.51,47.97,521.33,8228.95,8.5013,395,38.44,23.086
AC-097,193,-0.0001,-0.0,100.0,643.11,1596.09,1418.23,552.47,2388.19,9173.21,47.75,520.29,8238.18,8.4864,396,38.6,23.0863
AC-097,194,-0.003,0.0001,100.0,643.35,1607.58,1420.27,552.42,2388.1,9178.98,47.85,520.78,8240.75,8.4759,395,38.53,23.1768
AC-097,195,0.0029,0.0004,100.0,643.96,1599.16,1424.68,552.66,2388.16,9179.63,47.82,520.35,8247.82,8.5138,395,38.57,23.0651
AC-097,196,-0.0001,0.0,100.0,643.19,1597.51,1429.74,552.69,2388.11,9187.06,47.87,520.83,8240.08,8.4874,395,38.51,23.1614
AC-097,197,-0.0008,0.0003,100.0,643.48,1604.51,1427.37,552.38,2388.17,9189.58,47.97,520.26,8250.71,8.5596,396,38.67,23.1556
AC-097,198,-0.0008,-0.0002,100.0,643.52,1605.46,1426.47,553.18,2388.15,9197.35,48.16,520.41,8255.95,8.5132,397,38.38,22.9548
AC-097,199,0.0019,-0.0002,100.0,643.97,1605.94,1429.9,551.84,2388.16,9201.83,48.07,520.13,8258.58,8.4981,400,38.59,23.0657
AC-097,200,-0.0035,0.0005,100.0,643.2,1601.34,1429.4,552.04,2388.12,9203.16,48.04,519.98,8257.38,8.5402,396,38.39,23.0501
AC-097,201,-0.0026,-0.0001,100.0,643.46,1606.9,1430.66,552.19,2388.19,9207.74,48.18,520.06,8270.91,8.5514,397,38.44,23.1451
AC-097,202,0.0014,0.0001,100.0,643.79,1610.66,1427.41,551.55,2388.15,9208.02,47.94,519.91,8263.63,8.5277,397,38.29,23.1184
